id,catchment_point_id,date_time_medition,pulses,total,total_diff,total_today_diff,days_not_conection,is_error,created,last_valid_total,last_valid_date,action
2930630,1,2026-05-14 03:55:00,0,,0,0,0,False,2026-05-14 03:55:11,710846,2026-05-14 03:54:00,CORRECT_TO_710846
2930635,1,2026-05-14 03:59:00,0,,0,0,0,False,2026-05-14 03:59:10,710846,2026-05-14 03:54:00,CORRECT_TO_710846
2941138,1,2026-05-15 18:46:00,0,,0,0,0,False,2026-05-15 18:46:09,710846,2026-05-15 18:37:00,CORRECT_TO_710846
2941139,1,2026-05-15 18:47:00,0,,0,0,0,False,2026-05-15 18:47:08,710846,2026-05-15 18:37:00,CORRECT_TO_710846
2941140,1,2026-05-15 18:48:00,0,,0,0,0,False,2026-05-15 18:48:08,710846,2026-05-15 18:37:00,CORRECT_TO_710846
2941141,1,2026-05-15 18:49:00,0,,0,0,0,False,2026-05-15 18:49:10,710846,2026-05-15 18:37:00,CORRECT_TO_710846
2941143,1,2026-05-15 18:56:00,0,,0,0,0,False,2026-05-15 18:56:28,710846,2026-05-15 18:37:00,CORRECT_TO_710846
2941153,1,2026-05-15 18:57:00,0,,0,0,0,False,2026-05-15 18:57:09,710846,2026-05-15 18:37:00,CORRECT_TO_710846
2941155,1,2026-05-15 18:58:00,0,,0,0,0,False,2026-05-15 18:58:09,710846,2026-05-15 18:37:00,CORRECT_TO_710846
2941156,1,2026-05-15 18:59:00,0,,0,0,0,False,2026-05-15 18:59:09,710846,2026-05-15 18:37:00,CORRECT_TO_710846
2941161,1,2026-05-15 19:00:00,0,,0,0,0,False,2026-05-15 19:00:23,710846,2026-05-15 18:37:00,CORRECT_TO_710846
2941218,1,2026-05-15 19:01:00,0,,0,0,0,False,2026-05-15 19:01:08,710846,2026-05-15 18:37:00,CORRECT_TO_710846
2941263,1,2026-05-15 19:02:00,0,,0,0,0,False,2026-05-15 19:02:09,710846,2026-05-15 18:37:00,CORRECT_TO_710846
2941270,1,2026-05-15 19:03:00,0,,0,0,0,False,2026-05-15 19:03:09,710846,2026-05-15 18:37:00,CORRECT_TO_710846
2941278,1,2026-05-15 19:04:00,0,,0,0,0,False,2026-05-15 19:04:09,710846,2026-05-15 18:37:00,CORRECT_TO_710846
2941285,1,2026-05-15 19:05:00,0,,0,0,0,False,2026-05-15 19:05:11,710846,2026-05-15 18:37:00,CORRECT_TO_710846
2941298,1,2026-05-15 19:06:00,0,,0,0,0,False,2026-05-15 19:06:08,710846,2026-05-15 18:37:00,CORRECT_TO_710846
2941305,1,2026-05-15 19:07:00,0,,0,0,0,False,2026-05-15 19:07:08,710846,2026-05-15 18:37:00,CORRECT_TO_710846
2941309,1,2026-05-15 19:08:00,0,,0,0,0,False,2026-05-15 19:08:08,710846,2026-05-15 18:37:00,CORRECT_TO_710846
2941310,1,2026-05-15 19:09:00,0,,0,0,0,False,2026-05-15 19:09:08,710846,2026-05-15 18:37:00,CORRECT_TO_710846
2941313,1,2026-05-15 19:10:00,0,,0,0,0,False,2026-05-15 19:10:12,710846,2026-05-15 18:37:00,CORRECT_TO_710846
2941320,1,2026-05-15 19:11:00,0,,0,0,0,False,2026-05-15 19:11:09,710846,2026-05-15 18:37:00,CORRECT_TO_710846
2941321,1,2026-05-15 19:12:00,0,,0,0,0,False,2026-05-15 19:12:09,710846,2026-05-15 18:37:00,CORRECT_TO_710846
2941322,1,2026-05-15 19:13:00,0,,0,0,0,False,2026-05-15 19:13:09,710846,2026-05-15 18:37:00,CORRECT_TO_710846
2941323,1,2026-05-15 19:14:00,0,,0,0,0,False,2026-05-15 19:14:09,710846,2026-05-15 18:37:00,CORRECT_TO_710846
2941324,1,2026-05-15 19:15:00,0,,0,0,0,False,2026-05-15 19:15:16,710846,2026-05-15 18:37:00,CORRECT_TO_710846
2941330,1,2026-05-15 19:16:00,0,,0,0,0,False,2026-05-15 19:16:08,710846,2026-05-15 18:37:00,CORRECT_TO_710846
2941331,1,2026-05-15 19:17:00,0,,0,0,0,False,2026-05-15 19:17:08,710846,2026-05-15 18:37:00,CORRECT_TO_710846
2941332,1,2026-05-15 19:18:00,0,,0,0,0,False,2026-05-15 19:18:09,710846,2026-05-15 18:37:00,CORRECT_TO_710846
2941333,1,2026-05-15 19:19:00,0,,0,0,0,False,2026-05-15 19:19:09,710846,2026-05-15 18:37:00,CORRECT_TO_710846
2941335,1,2026-05-15 19:20:00,0,,0,0,0,False,2026-05-15 19:20:12,710846,2026-05-15 18:37:00,CORRECT_TO_710846
2941343,1,2026-05-15 19:21:00,0,,0,0,0,False,2026-05-15 19:21:08,710846,2026-05-15 18:37:00,CORRECT_TO_710846
2941344,1,2026-05-15 19:22:00,0,,0,0,0,False,2026-05-15 19:22:09,710846,2026-05-15 18:37:00,CORRECT_TO_710846
2941345,1,2026-05-15 19:23:00,0,,0,0,0,False,2026-05-15 19:23:09,710846,2026-05-15 18:37:00,CORRECT_TO_710846
2941346,1,2026-05-15 19:24:00,0,,0,0,0,False,2026-05-15 19:24:09,710846,2026-05-15 18:37:00,CORRECT_TO_710846
2941347,1,2026-05-15 19:25:00,0,,0,0,0,False,2026-05-15 19:25:11,710846,2026-05-15 18:37:00,CORRECT_TO_710846
2941353,1,2026-05-15 19:26:00,0,,0,0,0,False,2026-05-15 19:26:08,710846,2026-05-15 18:37:00,CORRECT_TO_710846
2941354,1,2026-05-15 19:27:00,0,,0,0,0,False,2026-05-15 19:27:09,710846,2026-05-15 18:37:00,CORRECT_TO_710846
2941355,1,2026-05-15 19:28:00,0,,0,0,0,False,2026-05-15 19:28:08,710846,2026-05-15 18:37:00,CORRECT_TO_710846
2941356,1,2026-05-15 19:29:00,0,,0,0,0,False,2026-05-15 19:29:08,710846,2026-05-15 18:37:00,CORRECT_TO_710846
2941358,1,2026-05-15 19:30:00,0,,0,0,0,False,2026-05-15 19:30:19,710846,2026-05-15 18:37:00,CORRECT_TO_710846
2941366,1,2026-05-15 19:31:00,0,,0,0,0,False,2026-05-15 19:31:08,710846,2026-05-15 18:37:00,CORRECT_TO_710846
2941367,1,2026-05-15 19:32:00,0,,0,0,0,False,2026-05-15 19:32:08,710846,2026-05-15 18:37:00,CORRECT_TO_710846
2941368,1,2026-05-15 19:33:00,0,,0,0,0,False,2026-05-15 19:33:08,710846,2026-05-15 18:37:00,CORRECT_TO_710846
2941369,1,2026-05-15 19:34:00,0,,0,0,0,False,2026-05-15 19:34:09,710846,2026-05-15 18:37:00,CORRECT_TO_710846
2941370,1,2026-05-15 19:35:00,0,,0,0,0,False,2026-05-15 19:35:11,710846,2026-05-15 18:37:00,CORRECT_TO_710846
2941376,1,2026-05-15 19:36:00,0,,0,0,0,False,2026-05-15 19:36:09,710846,2026-05-15 18:37:00,CORRECT_TO_710846
2941377,1,2026-05-15 19:37:00,0,,0,0,0,False,2026-05-15 19:37:09,710846,2026-05-15 18:37:00,CORRECT_TO_710846
2941378,1,2026-05-15 19:38:00,0,,0,0,0,False,2026-05-15 19:38:09,710846,2026-05-15 18:37:00,CORRECT_TO_710846
2941379,1,2026-05-15 19:39:00,0,,0,0,0,False,2026-05-15 19:39:09,710846,2026-05-15 18:37:00,CORRECT_TO_710846
2941381,1,2026-05-15 19:40:00,0,,0,0,0,False,2026-05-15 19:40:13,710846,2026-05-15 18:37:00,CORRECT_TO_710846
2941389,1,2026-05-15 19:41:00,0,,0,0,0,False,2026-05-15 19:41:08,710846,2026-05-15 18:37:00,CORRECT_TO_710846
2941390,1,2026-05-15 19:42:00,0,,0,0,0,False,2026-05-15 19:42:09,710846,2026-05-15 18:37:00,CORRECT_TO_710846
2941391,1,2026-05-15 19:43:00,0,,0,0,0,False,2026-05-15 19:43:09,710846,2026-05-15 18:37:00,CORRECT_TO_710846
2941392,1,2026-05-15 19:44:00,0,,0,0,0,False,2026-05-15 19:44:09,710846,2026-05-15 18:37:00,CORRECT_TO_710846
2941393,1,2026-05-15 19:45:00,0,,0,0,0,False,2026-05-15 19:45:16,710846,2026-05-15 18:37:00,CORRECT_TO_710846
2941399,1,2026-05-15 19:46:00,0,,0,0,0,False,2026-05-15 19:46:08,710846,2026-05-15 18:37:00,CORRECT_TO_710846
2941400,1,2026-05-15 19:47:00,0,,0,0,0,False,2026-05-15 19:47:09,710846,2026-05-15 18:37:00,CORRECT_TO_710846
2941401,1,2026-05-15 19:48:00,0,,0,0,0,False,2026-05-15 19:48:09,710846,2026-05-15 18:37:00,CORRECT_TO_710846
2941402,1,2026-05-15 19:49:00,0,,0,0,0,False,2026-05-15 19:49:09,710846,2026-05-15 18:37:00,CORRECT_TO_710846
2941404,1,2026-05-15 19:50:00,0,,0,0,0,False,2026-05-15 19:50:13,710846,2026-05-15 18:37:00,CORRECT_TO_710846
2941412,1,2026-05-15 19:51:00,0,,0,0,0,False,2026-05-15 19:51:08,710846,2026-05-15 18:37:00,CORRECT_TO_710846
2941413,1,2026-05-15 19:52:00,0,,0,0,0,False,2026-05-15 19:52:08,710846,2026-05-15 18:37:00,CORRECT_TO_710846
2941414,1,2026-05-15 19:53:00,0,,0,0,0,False,2026-05-15 19:53:08,710846,2026-05-15 18:37:00,CORRECT_TO_710846
2941415,1,2026-05-15 19:54:00,0,,0,0,0,False,2026-05-15 19:54:08,710846,2026-05-15 18:37:00,CORRECT_TO_710846
2941416,1,2026-05-15 19:55:00,0,,0,0,0,False,2026-05-15 19:55:10,710846,2026-05-15 18:37:00,CORRECT_TO_710846
2941422,1,2026-05-15 19:56:00,0,,0,0,0,False,2026-05-15 19:56:08,710846,2026-05-15 18:37:00,CORRECT_TO_710846
2941423,1,2026-05-15 19:57:00,0,,0,0,0,False,2026-05-15 19:57:08,710846,2026-05-15 18:37:00,CORRECT_TO_710846
2941424,1,2026-05-15 19:58:00,0,,0,0,0,False,2026-05-15 19:58:08,710846,2026-05-15 18:37:00,CORRECT_TO_710846
2941425,1,2026-05-15 19:59:00,0,,0,0,0,False,2026-05-15 19:59:08,710846,2026-05-15 18:37:00,CORRECT_TO_710846
2941435,1,2026-05-15 20:00:00,0,,0,0,0,False,2026-05-15 20:00:23,710846,2026-05-15 18:37:00,CORRECT_TO_710846
2941509,1,2026-05-15 20:01:00,0,,0,0,0,False,2026-05-15 20:01:09,710846,2026-05-15 18:37:00,CORRECT_TO_710846
2941532,1,2026-05-15 20:02:00,0,,0,0,0,False,2026-05-15 20:02:08,710846,2026-05-15 18:37:00,CORRECT_TO_710846
2941539,1,2026-05-15 20:03:00,0,,0,0,0,False,2026-05-15 20:03:08,710846,2026-05-15 18:37:00,CORRECT_TO_710846
2941547,1,2026-05-15 20:04:00,0,,0,0,0,False,2026-05-15 20:04:08,710846,2026-05-15 18:37:00,CORRECT_TO_710846
2941555,1,2026-05-15 20:05:00,0,,0,0,0,False,2026-05-15 20:05:11,710846,2026-05-15 18:37:00,CORRECT_TO_710846
2941567,1,2026-05-15 20:06:00,0,,0,0,0,False,2026-05-15 20:06:09,710846,2026-05-15 18:37:00,CORRECT_TO_710846
2941575,1,2026-05-15 20:07:00,0,,0,0,0,False,2026-05-15 20:07:09,710846,2026-05-15 18:37:00,CORRECT_TO_710846
2941578,1,2026-05-15 20:08:00,0,,0,0,0,False,2026-05-15 20:08:08,710846,2026-05-15 18:37:00,CORRECT_TO_710846
2941579,1,2026-05-15 20:09:00,0,,0,0,0,False,2026-05-15 20:09:09,710846,2026-05-15 18:37:00,CORRECT_TO_710846
2941581,1,2026-05-15 20:10:00,0,,0,0,0,False,2026-05-15 20:10:13,710846,2026-05-15 18:37:00,CORRECT_TO_710846
2941589,1,2026-05-15 20:11:00,0,,0,0,0,False,2026-05-15 20:11:09,710846,2026-05-15 18:37:00,CORRECT_TO_710846
2941590,1,2026-05-15 20:12:00,0,,0,0,0,False,2026-05-15 20:12:09,710846,2026-05-15 18:37:00,CORRECT_TO_710846
2941591,1,2026-05-15 20:13:00,0,,0,0,0,False,2026-05-15 20:13:09,710846,2026-05-15 18:37:00,CORRECT_TO_710846
2941592,1,2026-05-15 20:14:00,0,,0,0,0,False,2026-05-15 20:14:09,710846,2026-05-15 18:37:00,CORRECT_TO_710846
2941593,1,2026-05-15 20:15:00,0,,0,0,0,False,2026-05-15 20:15:16,710846,2026-05-15 18:37:00,CORRECT_TO_710846
2941599,1,2026-05-15 20:16:00,0,,0,0,0,False,2026-05-15 20:16:08,710846,2026-05-15 18:37:00,CORRECT_TO_710846
2941600,1,2026-05-15 20:17:00,0,,0,0,0,False,2026-05-15 20:17:08,710846,2026-05-15 18:37:00,CORRECT_TO_710846
2941601,1,2026-05-15 20:18:00,0,,0,0,0,False,2026-05-15 20:18:09,710846,2026-05-15 18:37:00,CORRECT_TO_710846
2941602,1,2026-05-15 20:19:00,0,,0,0,0,False,2026-05-15 20:19:09,710846,2026-05-15 18:37:00,CORRECT_TO_710846
2941605,1,2026-05-15 20:20:00,0,,0,0,0,False,2026-05-15 20:20:12,710846,2026-05-15 18:37:00,CORRECT_TO_710846
2941612,1,2026-05-15 20:21:00,0,,0,0,0,False,2026-05-15 20:21:09,710846,2026-05-15 18:37:00,CORRECT_TO_710846
2941613,1,2026-05-15 20:22:00,0,,0,0,0,False,2026-05-15 20:22:09,710846,2026-05-15 18:37:00,CORRECT_TO_710846
2941614,1,2026-05-15 20:23:00,0,,0,0,0,False,2026-05-15 20:23:08,710846,2026-05-15 18:37:00,CORRECT_TO_710846
2941615,1,2026-05-15 20:24:00,0,,0,0,0,False,2026-05-15 20:24:08,710846,2026-05-15 18:37:00,CORRECT_TO_710846
2941616,1,2026-05-15 20:25:00,0,,0,0,0,False,2026-05-15 20:25:10,710846,2026-05-15 18:37:00,CORRECT_TO_710846
2941622,1,2026-05-15 20:26:00,0,,0,0,0,False,2026-05-15 20:26:09,710846,2026-05-15 18:37:00,CORRECT_TO_710846
2941623,1,2026-05-15 20:27:00,0,,0,0,0,False,2026-05-15 20:27:08,710846,2026-05-15 18:37:00,CORRECT_TO_710846
2941624,1,2026-05-15 20:28:00,0,,0,0,0,False,2026-05-15 20:28:08,710846,2026-05-15 18:37:00,CORRECT_TO_710846
2941625,1,2026-05-15 20:29:00,0,,0,0,0,False,2026-05-15 20:29:08,710846,2026-05-15 18:37:00,CORRECT_TO_710846
2941627,1,2026-05-15 20:30:00,0,,0,0,0,False,2026-05-15 20:30:19,710846,2026-05-15 18:37:00,CORRECT_TO_710846
2941635,1,2026-05-15 20:31:00,0,,0,0,0,False,2026-05-15 20:31:08,710846,2026-05-15 18:37:00,CORRECT_TO_710846
2941636,1,2026-05-15 20:32:00,0,,0,0,0,False,2026-05-15 20:32:08,710846,2026-05-15 18:37:00,CORRECT_TO_710846
2941637,1,2026-05-15 20:33:00,0,,0,0,0,False,2026-05-15 20:33:08,710846,2026-05-15 18:37:00,CORRECT_TO_710846
2941638,1,2026-05-15 20:34:00,0,,0,0,0,False,2026-05-15 20:34:08,710846,2026-05-15 18:37:00,CORRECT_TO_710846
2941639,1,2026-05-15 20:35:00,0,,0,0,0,False,2026-05-15 20:35:11,710846,2026-05-15 18:37:00,CORRECT_TO_710846
2941645,1,2026-05-15 20:36:00,0,,0,0,0,False,2026-05-15 20:36:09,710846,2026-05-15 18:37:00,CORRECT_TO_710846
2941646,1,2026-05-15 20:37:00,0,,0,0,0,False,2026-05-15 20:37:09,710846,2026-05-15 18:37:00,CORRECT_TO_710846
2941647,1,2026-05-15 20:38:00,0,,0,0,0,False,2026-05-15 20:38:08,710846,2026-05-15 18:37:00,CORRECT_TO_710846
2941648,1,2026-05-15 20:39:00,0,,0,0,0,False,2026-05-15 20:39:09,710846,2026-05-15 18:37:00,CORRECT_TO_710846
2941650,1,2026-05-15 20:40:00,0,,0,0,0,False,2026-05-15 20:40:12,710846,2026-05-15 18:37:00,CORRECT_TO_710846
2941658,1,2026-05-15 20:41:00,0,,0,0,0,False,2026-05-15 20:41:09,710846,2026-05-15 18:37:00,CORRECT_TO_710846
2941659,1,2026-05-15 20:42:00,0,,0,0,0,False,2026-05-15 20:42:09,710846,2026-05-15 18:37:00,CORRECT_TO_710846
2941660,1,2026-05-15 20:43:00,0,,0,0,0,False,2026-05-15 20:43:09,710846,2026-05-15 18:37:00,CORRECT_TO_710846
2941661,1,2026-05-15 20:44:00,0,,0,0,0,False,2026-05-15 20:44:09,710846,2026-05-15 18:37:00,CORRECT_TO_710846
2941662,1,2026-05-15 20:45:00,0,,0,0,0,False,2026-05-15 20:45:16,710846,2026-05-15 18:37:00,CORRECT_TO_710846
2941668,1,2026-05-15 20:46:00,0,,0,0,0,False,2026-05-15 20:46:09,710846,2026-05-15 18:37:00,CORRECT_TO_710846
2941669,1,2026-05-15 20:47:00,0,,0,0,0,False,2026-05-15 20:47:09,710846,2026-05-15 18:37:00,CORRECT_TO_710846
2941670,1,2026-05-15 20:48:00,0,,0,0,0,False,2026-05-15 20:48:09,710846,2026-05-15 18:37:00,CORRECT_TO_710846
2941671,1,2026-05-15 20:49:00,0,,0,0,0,False,2026-05-15 20:49:09,710846,2026-05-15 18:37:00,CORRECT_TO_710846
2941673,1,2026-05-15 20:50:00,0,,0,0,0,False,2026-05-15 20:50:13,710846,2026-05-15 18:37:00,CORRECT_TO_710846
2941681,1,2026-05-15 20:51:00,0,,0,0,0,False,2026-05-15 20:51:09,710846,2026-05-15 18:37:00,CORRECT_TO_710846
2941682,1,2026-05-15 20:52:00,0,,0,0,0,False,2026-05-15 20:52:08,710846,2026-05-15 18:37:00,CORRECT_TO_710846
2941683,1,2026-05-15 20:53:00,0,,0,0,0,False,2026-05-15 20:53:08,710846,2026-05-15 18:37:00,CORRECT_TO_710846
2941684,1,2026-05-15 20:54:00,0,,0,0,0,False,2026-05-15 20:54:08,710846,2026-05-15 18:37:00,CORRECT_TO_710846
2941685,1,2026-05-15 20:55:00,0,,0,0,0,False,2026-05-15 20:55:11,710846,2026-05-15 18:37:00,CORRECT_TO_710846
2941691,1,2026-05-15 20:56:00,0,,0,0,0,False,2026-05-15 20:56:08,710846,2026-05-15 18:37:00,CORRECT_TO_710846
2941692,1,2026-05-15 20:57:00,0,,0,0,0,False,2026-05-15 20:57:08,710846,2026-05-15 18:37:00,CORRECT_TO_710846
2941693,1,2026-05-15 20:58:00,0,,0,0,0,False,2026-05-15 20:58:08,710846,2026-05-15 18:37:00,CORRECT_TO_710846
2941694,1,2026-05-15 20:59:00,0,,0,0,0,False,2026-05-15 20:59:09,710846,2026-05-15 18:37:00,CORRECT_TO_710846
2941699,1,2026-05-15 21:00:00,0,,0,0,0,False,2026-05-15 21:00:23,710846,2026-05-15 18:37:00,CORRECT_TO_710846
2941753,1,2026-05-15 21:01:00,0,,0,0,0,False,2026-05-15 21:01:09,710846,2026-05-15 18:37:00,CORRECT_TO_710846
2941799,1,2026-05-15 21:02:00,0,,0,0,0,False,2026-05-15 21:02:09,710846,2026-05-15 18:37:00,CORRECT_TO_710846
2941809,1,2026-05-15 21:03:00,0,,0,0,0,False,2026-05-15 21:03:08,710846,2026-05-15 18:37:00,CORRECT_TO_710846
2941816,1,2026-05-15 21:04:00,0,,0,0,0,False,2026-05-15 21:04:08,710846,2026-05-15 18:37:00,CORRECT_TO_710846
2941824,1,2026-05-15 21:05:00,0,,0,0,0,False,2026-05-15 21:05:11,710846,2026-05-15 18:37:00,CORRECT_TO_710846
2941836,1,2026-05-15 21:06:00,0,,0,0,0,False,2026-05-15 21:06:09,710846,2026-05-15 18:37:00,CORRECT_TO_710846
2941844,1,2026-05-15 21:07:00,0,,0,0,0,False,2026-05-15 21:07:09,710846,2026-05-15 18:37:00,CORRECT_TO_710846
2941847,1,2026-05-15 21:08:00,0,,0,0,0,False,2026-05-15 21:08:08,710846,2026-05-15 18:37:00,CORRECT_TO_710846
2941848,1,2026-05-15 21:09:00,0,,0,0,0,False,2026-05-15 21:09:09,710846,2026-05-15 18:37:00,CORRECT_TO_710846
2941850,1,2026-05-15 21:10:00,0,,0,0,0,False,2026-05-15 21:10:12,710846,2026-05-15 18:37:00,CORRECT_TO_710846
2941858,1,2026-05-15 21:11:00,0,,0,0,0,False,2026-05-15 21:11:09,710846,2026-05-15 18:37:00,CORRECT_TO_710846
2941859,1,2026-05-15 21:12:00,0,,0,0,0,False,2026-05-15 21:12:09,710846,2026-05-15 18:37:00,CORRECT_TO_710846
2941860,1,2026-05-15 21:13:00,0,,0,0,0,False,2026-05-15 21:13:09,710846,2026-05-15 18:37:00,CORRECT_TO_710846
2941861,1,2026-05-15 21:14:00,0,,0,0,0,False,2026-05-15 21:14:08,710846,2026-05-15 18:37:00,CORRECT_TO_710846
2941862,1,2026-05-15 21:15:00,0,,0,0,0,False,2026-05-15 21:15:15,710846,2026-05-15 18:37:00,CORRECT_TO_710846
2941868,1,2026-05-15 21:16:00,0,,0,0,0,False,2026-05-15 21:16:09,710846,2026-05-15 18:37:00,CORRECT_TO_710846
2941869,1,2026-05-15 21:17:00,0,,0,0,0,False,2026-05-15 21:17:08,710846,2026-05-15 18:37:00,CORRECT_TO_710846
2941870,1,2026-05-15 21:18:00,0,,0,0,0,False,2026-05-15 21:18:08,710846,2026-05-15 18:37:00,CORRECT_TO_710846
2941871,1,2026-05-15 21:19:00,0,,0,0,0,False,2026-05-15 21:19:09,710846,2026-05-15 18:37:00,CORRECT_TO_710846
2941873,1,2026-05-15 21:20:00,0,,0,0,0,False,2026-05-15 21:20:13,710846,2026-05-15 18:37:00,CORRECT_TO_710846
2941881,1,2026-05-15 21:21:00,0,,0,0,0,False,2026-05-15 21:21:09,710846,2026-05-15 18:37:00,CORRECT_TO_710846
2941882,1,2026-05-15 21:22:00,0,,0,0,0,False,2026-05-15 21:22:09,710846,2026-05-15 18:37:00,CORRECT_TO_710846
2941883,1,2026-05-15 21:23:00,0,,0,0,0,False,2026-05-15 21:23:09,710846,2026-05-15 18:37:00,CORRECT_TO_710846
2941884,1,2026-05-15 21:24:00,0,,0,0,0,False,2026-05-15 21:24:08,710846,2026-05-15 18:37:00,CORRECT_TO_710846
2941885,1,2026-05-15 21:25:00,0,,0,0,0,False,2026-05-15 21:25:10,710846,2026-05-15 18:37:00,CORRECT_TO_710846
2941891,1,2026-05-15 21:26:00,0,,0,0,0,False,2026-05-15 21:26:09,710846,2026-05-15 18:37:00,CORRECT_TO_710846
2941892,1,2026-05-15 21:27:00,0,,0,0,0,False,2026-05-15 21:27:09,710846,2026-05-15 18:37:00,CORRECT_TO_710846
2941893,1,2026-05-15 21:28:00,0,,0,0,0,False,2026-05-15 21:28:08,710846,2026-05-15 18:37:00,CORRECT_TO_710846
2941894,1,2026-05-15 21:29:00,0,,0,0,0,False,2026-05-15 21:29:08,710846,2026-05-15 18:37:00,CORRECT_TO_710846
2941897,1,2026-05-15 21:30:00,0,,0,0,0,False,2026-05-15 21:30:19,710846,2026-05-15 18:37:00,CORRECT_TO_710846
2941904,1,2026-05-15 21:31:00,0,,0,0,0,False,2026-05-15 21:31:08,710846,2026-05-15 18:37:00,CORRECT_TO_710846
2941905,1,2026-05-15 21:32:00,0,,0,0,0,False,2026-05-15 21:32:08,710846,2026-05-15 18:37:00,CORRECT_TO_710846
2941906,1,2026-05-15 21:33:00,0,,0,0,0,False,2026-05-15 21:33:09,710846,2026-05-15 18:37:00,CORRECT_TO_710846
2941907,1,2026-05-15 21:34:00,0,,0,0,0,False,2026-05-15 21:34:09,710846,2026-05-15 18:37:00,CORRECT_TO_710846
2941908,1,2026-05-15 21:35:00,0,,0,0,0,False,2026-05-15 21:35:11,710846,2026-05-15 18:37:00,CORRECT_TO_710846
2941914,1,2026-05-15 21:36:00,0,,0,0,0,False,2026-05-15 21:36:09,710846,2026-05-15 18:37:00,CORRECT_TO_710846
2941915,1,2026-05-15 21:37:00,0,,0,0,0,False,2026-05-15 21:37:09,710846,2026-05-15 18:37:00,CORRECT_TO_710846
2941916,1,2026-05-15 21:38:00,0,,0,0,0,False,2026-05-15 21:38:08,710846,2026-05-15 18:37:00,CORRECT_TO_710846
2941917,1,2026-05-15 21:39:00,0,,0,0,0,False,2026-05-15 21:39:08,710846,2026-05-15 18:37:00,CORRECT_TO_710846
2941920,1,2026-05-15 21:40:00,0,,0,0,0,False,2026-05-15 21:40:12,710846,2026-05-15 18:37:00,CORRECT_TO_710846
2941927,1,2026-05-15 21:41:00,0,,0,0,0,False,2026-05-15 21:41:07,710846,2026-05-15 18:37:00,CORRECT_TO_710846
2941928,1,2026-05-15 21:42:00,0,,0,0,0,False,2026-05-15 21:42:08,710846,2026-05-15 18:37:00,CORRECT_TO_710846
2941929,1,2026-05-15 21:43:00,0,,0,0,0,False,2026-05-15 21:43:08,710846,2026-05-15 18:37:00,CORRECT_TO_710846
2941930,1,2026-05-15 21:44:00,0,,0,0,0,False,2026-05-15 21:44:08,710846,2026-05-15 18:37:00,CORRECT_TO_710846
2941931,1,2026-05-15 21:45:00,0,,0,0,0,False,2026-05-15 21:45:15,710846,2026-05-15 18:37:00,CORRECT_TO_710846
2941937,1,2026-05-15 21:46:00,0,,0,0,0,False,2026-05-15 21:46:08,710846,2026-05-15 18:37:00,CORRECT_TO_710846
2941938,1,2026-05-15 21:47:00,0,,0,0,0,False,2026-05-15 21:47:09,710846,2026-05-15 18:37:00,CORRECT_TO_710846
2941939,1,2026-05-15 21:48:00,0,,0,0,0,False,2026-05-15 21:48:09,710846,2026-05-15 18:37:00,CORRECT_TO_710846
2941940,1,2026-05-15 21:49:00,0,,0,0,0,False,2026-05-15 21:49:09,710846,2026-05-15 18:37:00,CORRECT_TO_710846
2941942,1,2026-05-15 21:50:00,0,,0,0,0,False,2026-05-15 21:50:12,710846,2026-05-15 18:37:00,CORRECT_TO_710846
2941950,1,2026-05-15 21:51:00,0,,0,0,0,False,2026-05-15 21:51:09,710846,2026-05-15 18:37:00,CORRECT_TO_710846
2941951,1,2026-05-15 21:52:00,0,,0,0,0,False,2026-05-15 21:52:09,710846,2026-05-15 18:37:00,CORRECT_TO_710846
2941952,1,2026-05-15 21:53:00,0,,0,0,0,False,2026-05-15 21:53:08,710846,2026-05-15 18:37:00,CORRECT_TO_710846
2941953,1,2026-05-15 21:54:00,0,,0,0,0,False,2026-05-15 21:54:09,710846,2026-05-15 18:37:00,CORRECT_TO_710846
2941954,1,2026-05-15 21:55:00,0,,0,0,0,False,2026-05-15 21:55:10,710846,2026-05-15 18:37:00,CORRECT_TO_710846
2941960,1,2026-05-15 21:56:00,0,,0,0,0,False,2026-05-15 21:56:08,710846,2026-05-15 18:37:00,CORRECT_TO_710846
2941961,1,2026-05-15 21:57:00,0,,0,0,0,False,2026-05-15 21:57:08,710846,2026-05-15 18:37:00,CORRECT_TO_710846
2941962,1,2026-05-15 21:58:00,0,,0,0,0,False,2026-05-15 21:58:08,710846,2026-05-15 18:37:00,CORRECT_TO_710846
2941963,1,2026-05-15 21:59:00,0,,0,0,0,False,2026-05-15 21:59:09,710846,2026-05-15 18:37:00,CORRECT_TO_710846
2941972,1,2026-05-15 22:00:00,0,,0,0,0,False,2026-05-15 22:00:19,710846,2026-05-15 18:37:00,CORRECT_TO_710846
2942051,1,2026-05-15 22:01:00,0,,0,0,0,False,2026-05-15 22:01:09,710846,2026-05-15 18:37:00,CORRECT_TO_710846
2942070,1,2026-05-15 22:02:00,0,,0,0,0,False,2026-05-15 22:02:09,710846,2026-05-15 18:37:00,CORRECT_TO_710846
2942078,1,2026-05-15 22:03:00,0,,0,0,0,False,2026-05-15 22:03:08,710846,2026-05-15 18:37:00,CORRECT_TO_710846
2942085,1,2026-05-15 22:04:00,0,,0,0,0,False,2026-05-15 22:04:08,710846,2026-05-15 18:37:00,CORRECT_TO_710846
2942093,1,2026-05-15 22:05:00,0,,0,0,0,False,2026-05-15 22:05:10,710846,2026-05-15 18:37:00,CORRECT_TO_710846
2942106,1,2026-05-15 22:06:00,0,,0,0,0,False,2026-05-15 22:06:09,710846,2026-05-15 18:37:00,CORRECT_TO_710846
2942113,1,2026-05-15 22:07:00,0,,0,0,0,False,2026-05-15 22:07:09,710846,2026-05-15 18:37:00,CORRECT_TO_710846
2942116,1,2026-05-15 22:08:00,0,,0,0,0,False,2026-05-15 22:08:08,710846,2026-05-15 18:37:00,CORRECT_TO_710846
2942117,1,2026-05-15 22:09:00,0,,0,0,0,False,2026-05-15 22:09:09,710846,2026-05-15 18:37:00,CORRECT_TO_710846
2942120,1,2026-05-15 22:10:00,0,,0,0,0,False,2026-05-15 22:10:13,710846,2026-05-15 18:37:00,CORRECT_TO_710846
2942127,1,2026-05-15 22:11:00,0,,0,0,0,False,2026-05-15 22:11:08,710846,2026-05-15 18:37:00,CORRECT_TO_710846
2942128,1,2026-05-15 22:12:00,0,,0,0,0,False,2026-05-15 22:12:08,710846,2026-05-15 18:37:00,CORRECT_TO_710846
2942129,1,2026-05-15 22:13:00,0,,0,0,0,False,2026-05-15 22:13:08,710846,2026-05-15 18:37:00,CORRECT_TO_710846
2942130,1,2026-05-15 22:14:00,0,,0,0,0,False,2026-05-15 22:14:09,710846,2026-05-15 18:37:00,CORRECT_TO_710846
2942131,1,2026-05-15 22:15:00,0,,0,0,0,False,2026-05-15 22:15:14,710846,2026-05-15 18:37:00,CORRECT_TO_710846
2942137,1,2026-05-15 22:16:00,0,,0,0,0,False,2026-05-15 22:16:08,710846,2026-05-15 18:37:00,CORRECT_TO_710846
2942138,1,2026-05-15 22:17:00,0,,0,0,0,False,2026-05-15 22:17:09,710846,2026-05-15 18:37:00,CORRECT_TO_710846
2942139,1,2026-05-15 22:18:00,0,,0,0,0,False,2026-05-15 22:18:09,710846,2026-05-15 18:37:00,CORRECT_TO_710846
2942140,1,2026-05-15 22:19:00,0,,0,0,0,False,2026-05-15 22:19:09,710846,2026-05-15 18:37:00,CORRECT_TO_710846
2942143,1,2026-05-15 22:20:00,0,,0,0,0,False,2026-05-15 22:20:13,710846,2026-05-15 18:37:00,CORRECT_TO_710846
2942150,1,2026-05-15 22:21:00,0,,0,0,0,False,2026-05-15 22:21:08,710846,2026-05-15 18:37:00,CORRECT_TO_710846
2942151,1,2026-05-15 22:22:00,0,,0,0,0,False,2026-05-15 22:22:08,710846,2026-05-15 18:37:00,CORRECT_TO_710846
2942152,1,2026-05-15 22:23:00,0,,0,0,0,False,2026-05-15 22:23:08,710846,2026-05-15 18:37:00,CORRECT_TO_710846
2942153,1,2026-05-15 22:24:00,0,,0,0,0,False,2026-05-15 22:24:08,710846,2026-05-15 18:37:00,CORRECT_TO_710846
2942154,1,2026-05-15 22:25:00,0,,0,0,0,False,2026-05-15 22:25:10,710846,2026-05-15 18:37:00,CORRECT_TO_710846
2942160,1,2026-05-15 22:26:00,0,,0,0,0,False,2026-05-15 22:26:07,710846,2026-05-15 18:37:00,CORRECT_TO_710846
2942161,1,2026-05-15 22:27:00,0,,0,0,0,False,2026-05-15 22:27:08,710846,2026-05-15 18:37:00,CORRECT_TO_710846
2942162,1,2026-05-15 22:28:00,0,,0,0,0,False,2026-05-15 22:28:08,710846,2026-05-15 18:37:00,CORRECT_TO_710846
2942163,1,2026-05-15 22:29:00,0,,0,0,0,False,2026-05-15 22:29:08,710846,2026-05-15 18:37:00,CORRECT_TO_710846
2942165,1,2026-05-15 22:30:00,0,,0,0,0,False,2026-05-15 22:30:20,710846,2026-05-15 18:37:00,CORRECT_TO_710846
2942173,1,2026-05-15 22:31:00,0,,0,0,0,False,2026-05-15 22:31:10,710846,2026-05-15 18:37:00,CORRECT_TO_710846
2942174,1,2026-05-15 22:32:00,0,,0,0,0,False,2026-05-15 22:32:09,710846,2026-05-15 18:37:00,CORRECT_TO_710846
2942175,1,2026-05-15 22:33:00,0,,0,0,0,False,2026-05-15 22:33:09,710846,2026-05-15 18:37:00,CORRECT_TO_710846
2942176,1,2026-05-15 22:34:00,0,,0,0,0,False,2026-05-15 22:34:08,710846,2026-05-15 18:37:00,CORRECT_TO_710846
2942177,1,2026-05-15 22:35:00,0,,0,0,0,False,2026-05-15 22:35:11,710846,2026-05-15 18:37:00,CORRECT_TO_710846
2942183,1,2026-05-15 22:36:00,0,,0,0,0,False,2026-05-15 22:36:09,710846,2026-05-15 18:37:00,CORRECT_TO_710846
2942184,1,2026-05-15 22:37:00,0,,0,0,0,False,2026-05-15 22:37:09,710846,2026-05-15 18:37:00,CORRECT_TO_710846
2942185,1,2026-05-15 22:38:00,0,,0,0,0,False,2026-05-15 22:38:09,710846,2026-05-15 18:37:00,CORRECT_TO_710846
2942186,1,2026-05-15 22:39:00,0,,0,0,0,False,2026-05-15 22:39:09,710846,2026-05-15 18:37:00,CORRECT_TO_710846
2942188,1,2026-05-15 22:40:00,0,,0,0,0,False,2026-05-15 22:40:12,710846,2026-05-15 18:37:00,CORRECT_TO_710846
2942196,1,2026-05-15 22:41:00,0,,0,0,0,False,2026-05-15 22:41:07,710846,2026-05-15 18:37:00,CORRECT_TO_710846
2942197,1,2026-05-15 22:42:00,0,,0,0,0,False,2026-05-15 22:42:09,710846,2026-05-15 18:37:00,CORRECT_TO_710846
2942198,1,2026-05-15 22:43:00,0,,0,0,0,False,2026-05-15 22:43:08,710846,2026-05-15 18:37:00,CORRECT_TO_710846
2942199,1,2026-05-15 22:44:00,0,,0,0,0,False,2026-05-15 22:44:08,710846,2026-05-15 18:37:00,CORRECT_TO_710846
2942200,1,2026-05-15 22:45:00,0,,0,0,0,False,2026-05-15 22:45:16,710846,2026-05-15 18:37:00,CORRECT_TO_710846
2942206,1,2026-05-15 22:46:00,0,,0,0,0,False,2026-05-15 22:46:09,710846,2026-05-15 18:37:00,CORRECT_TO_710846
2942207,1,2026-05-15 22:47:00,0,,0,0,0,False,2026-05-15 22:47:08,710846,2026-05-15 18:37:00,CORRECT_TO_710846
2942208,1,2026-05-15 22:48:00,0,,0,0,0,False,2026-05-15 22:48:09,710846,2026-05-15 18:37:00,CORRECT_TO_710846
2942209,1,2026-05-15 22:49:00,0,,0,0,0,False,2026-05-15 22:49:09,710846,2026-05-15 18:37:00,CORRECT_TO_710846
2942212,1,2026-05-15 22:50:00,0,,0,0,0,False,2026-05-15 22:50:12,710846,2026-05-15 18:37:00,CORRECT_TO_710846
2942219,1,2026-05-15 22:51:00,0,,0,0,0,False,2026-05-15 22:51:08,710846,2026-05-15 18:37:00,CORRECT_TO_710846
2942220,1,2026-05-15 22:52:00,0,,0,0,0,False,2026-05-15 22:52:08,710846,2026-05-15 18:37:00,CORRECT_TO_710846
2942221,1,2026-05-15 22:53:00,0,,0,0,0,False,2026-05-15 22:53:09,710846,2026-05-15 18:37:00,CORRECT_TO_710846
2942222,1,2026-05-15 22:54:00,0,,0,0,0,False,2026-05-15 22:54:09,710846,2026-05-15 18:37:00,CORRECT_TO_710846
2942223,1,2026-05-15 22:55:00,0,,0,0,0,False,2026-05-15 22:55:10,710846,2026-05-15 18:37:00,CORRECT_TO_710846
2942229,1,2026-05-15 22:56:00,0,,0,0,0,False,2026-05-15 22:56:09,710846,2026-05-15 18:37:00,CORRECT_TO_710846
2942230,1,2026-05-15 22:57:00,0,,0,0,0,False,2026-05-15 22:57:09,710846,2026-05-15 18:37:00,CORRECT_TO_710846
2942231,1,2026-05-15 22:58:00,0,,0,0,0,False,2026-05-15 22:58:08,710846,2026-05-15 18:37:00,CORRECT_TO_710846
2942232,1,2026-05-15 22:59:00,0,,0,0,0,False,2026-05-15 22:59:08,710846,2026-05-15 18:37:00,CORRECT_TO_710846
2942241,1,2026-05-15 23:00:00,0,,0,0,0,False,2026-05-15 23:00:23,710846,2026-05-15 18:37:00,CORRECT_TO_710846
2942316,1,2026-05-15 23:01:00,0,,0,0,0,False,2026-05-15 23:01:09,710846,2026-05-15 18:37:00,CORRECT_TO_710846
2942339,1,2026-05-15 23:02:00,0,,0,0,0,False,2026-05-15 23:02:08,710846,2026-05-15 18:37:00,CORRECT_TO_710846
2942346,1,2026-05-15 23:03:00,0,,0,0,0,False,2026-05-15 23:03:08,710846,2026-05-15 18:37:00,CORRECT_TO_710846
2942354,1,2026-05-15 23:04:00,0,,0,0,0,False,2026-05-15 23:04:09,710846,2026-05-15 18:37:00,CORRECT_TO_710846
2942362,1,2026-05-15 23:05:00,0,,0,0,0,False,2026-05-15 23:05:11,710846,2026-05-15 18:37:00,CORRECT_TO_710846
2942374,1,2026-05-15 23:06:00,0,,0,0,0,False,2026-05-15 23:06:08,710846,2026-05-15 18:37:00,CORRECT_TO_710846
2942382,1,2026-05-15 23:07:00,0,,0,0,0,False,2026-05-15 23:07:08,710846,2026-05-15 18:37:00,CORRECT_TO_710846
2942385,1,2026-05-15 23:08:00,0,,0,0,0,False,2026-05-15 23:08:08,710846,2026-05-15 18:37:00,CORRECT_TO_710846
2942386,1,2026-05-15 23:09:00,0,,0,0,0,False,2026-05-15 23:09:08,710846,2026-05-15 18:37:00,CORRECT_TO_710846
2942388,1,2026-05-15 23:10:00,0,,0,0,0,False,2026-05-15 23:10:11,710846,2026-05-15 18:37:00,CORRECT_TO_710846
2942396,1,2026-05-15 23:11:00,0,,0,0,0,False,2026-05-15 23:11:09,710846,2026-05-15 18:37:00,CORRECT_TO_710846
2942397,1,2026-05-15 23:12:00,0,,0,0,0,False,2026-05-15 23:12:08,710846,2026-05-15 18:37:00,CORRECT_TO_710846
2942398,1,2026-05-15 23:13:00,0,,0,0,0,False,2026-05-15 23:13:08,710846,2026-05-15 18:37:00,CORRECT_TO_710846
2942399,1,2026-05-15 23:14:00,0,,0,0,0,False,2026-05-15 23:14:08,710846,2026-05-15 18:37:00,CORRECT_TO_710846
2942400,1,2026-05-15 23:15:00,0,,0,0,0,False,2026-05-15 23:15:15,710846,2026-05-15 18:37:00,CORRECT_TO_710846
2942406,1,2026-05-15 23:16:00,0,,0,0,0,False,2026-05-15 23:16:08,710846,2026-05-15 18:37:00,CORRECT_TO_710846
2942407,1,2026-05-15 23:17:00,0,,0,0,0,False,2026-05-15 23:17:08,710846,2026-05-15 18:37:00,CORRECT_TO_710846
2942408,1,2026-05-15 23:18:00,0,,0,0,0,False,2026-05-15 23:18:08,710846,2026-05-15 18:37:00,CORRECT_TO_710846
2942409,1,2026-05-15 23:19:00,0,,0,0,0,False,2026-05-15 23:19:08,710846,2026-05-15 18:37:00,CORRECT_TO_710846
2942411,1,2026-05-15 23:20:00,0,,0,0,0,False,2026-05-15 23:20:12,710846,2026-05-15 18:37:00,CORRECT_TO_710846
2942419,1,2026-05-15 23:21:00,0,,0,0,0,False,2026-05-15 23:21:08,710846,2026-05-15 18:37:00,CORRECT_TO_710846
2942420,1,2026-05-15 23:22:00,0,,0,0,0,False,2026-05-15 23:22:08,710846,2026-05-15 18:37:00,CORRECT_TO_710846
2942421,1,2026-05-15 23:23:00,0,,0,0,0,False,2026-05-15 23:23:09,710846,2026-05-15 18:37:00,CORRECT_TO_710846
2942422,1,2026-05-15 23:24:00,0,,0,0,0,False,2026-05-15 23:24:09,710846,2026-05-15 18:37:00,CORRECT_TO_710846
2942423,1,2026-05-15 23:25:00,0,,0,0,0,False,2026-05-15 23:25:10,710846,2026-05-15 18:37:00,CORRECT_TO_710846
2942429,1,2026-05-15 23:26:00,0,,0,0,0,False,2026-05-15 23:26:09,710846,2026-05-15 18:37:00,CORRECT_TO_710846
2942430,1,2026-05-15 23:27:00,0,,0,0,0,False,2026-05-15 23:27:08,710846,2026-05-15 18:37:00,CORRECT_TO_710846
2942431,1,2026-05-15 23:28:00,0,,0,0,0,False,2026-05-15 23:28:08,710846,2026-05-15 18:37:00,CORRECT_TO_710846
2942432,1,2026-05-15 23:29:00,0,,0,0,0,False,2026-05-15 23:29:08,710846,2026-05-15 18:37:00,CORRECT_TO_710846
2942435,1,2026-05-15 23:30:00,0,,0,0,0,False,2026-05-15 23:30:19,710846,2026-05-15 18:37:00,CORRECT_TO_710846
2942442,1,2026-05-15 23:31:00,0,,0,0,0,False,2026-05-15 23:31:08,710846,2026-05-15 18:37:00,CORRECT_TO_710846
2942443,1,2026-05-15 23:32:00,0,,0,0,0,False,2026-05-15 23:32:08,710846,2026-05-15 18:37:00,CORRECT_TO_710846
2942444,1,2026-05-15 23:33:00,0,,0,0,0,False,2026-05-15 23:33:09,710846,2026-05-15 18:37:00,CORRECT_TO_710846
2942445,1,2026-05-15 23:34:00,0,,0,0,0,False,2026-05-15 23:34:09,710846,2026-05-15 18:37:00,CORRECT_TO_710846
2942446,1,2026-05-15 23:35:00,0,,0,0,0,False,2026-05-15 23:35:10,710846,2026-05-15 18:37:00,CORRECT_TO_710846
2942452,1,2026-05-15 23:36:00,0,,0,0,0,False,2026-05-15 23:36:08,710846,2026-05-15 18:37:00,CORRECT_TO_710846
2942453,1,2026-05-15 23:37:00,0,,0,0,0,False,2026-05-15 23:37:08,710846,2026-05-15 18:37:00,CORRECT_TO_710846
2942454,1,2026-05-15 23:38:00,0,,0,0,0,False,2026-05-15 23:38:09,710846,2026-05-15 18:37:00,CORRECT_TO_710846
2942455,1,2026-05-15 23:39:00,0,,0,0,0,False,2026-05-15 23:39:09,710846,2026-05-15 18:37:00,CORRECT_TO_710846
2942457,1,2026-05-15 23:40:00,0,,0,0,0,False,2026-05-15 23:40:12,710846,2026-05-15 18:37:00,CORRECT_TO_710846
2942465,1,2026-05-15 23:41:00,0,,0,0,0,False,2026-05-15 23:41:09,710846,2026-05-15 18:37:00,CORRECT_TO_710846
2942466,1,2026-05-15 23:42:00,0,,0,0,0,False,2026-05-15 23:42:08,710846,2026-05-15 18:37:00,CORRECT_TO_710846
2942467,1,2026-05-15 23:43:00,0,,0,0,0,False,2026-05-15 23:43:08,710846,2026-05-15 18:37:00,CORRECT_TO_710846
2942468,1,2026-05-15 23:44:00,0,,0,0,0,False,2026-05-15 23:44:08,710846,2026-05-15 18:37:00,CORRECT_TO_710846
2942469,1,2026-05-15 23:45:00,0,,0,0,0,False,2026-05-15 23:45:15,710846,2026-05-15 18:37:00,CORRECT_TO_710846
2942475,1,2026-05-15 23:46:00,0,,0,0,0,False,2026-05-15 23:46:08,710846,2026-05-15 18:37:00,CORRECT_TO_710846
2942476,1,2026-05-15 23:47:00,0,,0,0,0,False,2026-05-15 23:47:08,710846,2026-05-15 18:37:00,CORRECT_TO_710846
2942477,1,2026-05-15 23:48:00,0,,0,0,0,False,2026-05-15 23:48:09,710846,2026-05-15 18:37:00,CORRECT_TO_710846
2942478,1,2026-05-15 23:49:00,0,,0,0,0,False,2026-05-15 23:49:09,710846,2026-05-15 18:37:00,CORRECT_TO_710846
2942480,1,2026-05-15 23:50:00,0,,0,0,0,False,2026-05-15 23:50:13,710846,2026-05-15 18:37:00,CORRECT_TO_710846
2942488,1,2026-05-15 23:51:00,0,,0,0,0,False,2026-05-15 23:51:08,710846,2026-05-15 18:37:00,CORRECT_TO_710846
2942489,1,2026-05-15 23:52:00,0,,0,0,0,False,2026-05-15 23:52:08,710846,2026-05-15 18:37:00,CORRECT_TO_710846
2942490,1,2026-05-15 23:53:00,0,,0,0,0,False,2026-05-15 23:53:08,710846,2026-05-15 18:37:00,CORRECT_TO_710846
2942491,1,2026-05-15 23:54:00,0,,0,0,0,False,2026-05-15 23:54:08,710846,2026-05-15 18:37:00,CORRECT_TO_710846
2942492,1,2026-05-15 23:55:00,0,,0,0,0,False,2026-05-15 23:55:10,710846,2026-05-15 18:37:00,CORRECT_TO_710846
2942498,1,2026-05-15 23:56:00,0,,0,0,0,False,2026-05-15 23:56:08,710846,2026-05-15 18:37:00,CORRECT_TO_710846
2942499,1,2026-05-15 23:57:00,0,,0,0,0,False,2026-05-15 23:57:08,710846,2026-05-15 18:37:00,CORRECT_TO_710846
2942500,1,2026-05-15 23:58:00,0,,0,0,0,False,2026-05-15 23:58:08,710846,2026-05-15 18:37:00,CORRECT_TO_710846
2942501,1,2026-05-15 23:59:00,0,,0,0,0,False,2026-05-15 23:59:09,710846,2026-05-15 18:37:00,CORRECT_TO_710846
2942507,1,2026-05-16 00:00:00,0,,0,0,0,False,2026-05-16 00:00:31,710846,2026-05-15 18:37:00,CORRECT_TO_710846
2942557,1,2026-05-16 00:01:00,0,,0,0,0,False,2026-05-16 00:01:09,710846,2026-05-15 18:37:00,CORRECT_TO_710846
2942600,1,2026-05-16 00:02:00,0,,0,0,0,False,2026-05-16 00:02:08,710846,2026-05-15 18:37:00,CORRECT_TO_710846
2942615,1,2026-05-16 00:03:00,0,,0,0,0,False,2026-05-16 00:03:09,710846,2026-05-15 18:37:00,CORRECT_TO_710846
2942622,1,2026-05-16 00:04:00,0,,0,0,0,False,2026-05-16 00:04:09,710846,2026-05-15 18:37:00,CORRECT_TO_710846
2942630,1,2026-05-16 00:05:00,0,,0,0,0,False,2026-05-16 00:05:12,710846,2026-05-15 18:37:00,CORRECT_TO_710846
2942642,1,2026-05-16 00:06:00,0,,0,0,0,False,2026-05-16 00:06:09,710846,2026-05-15 18:37:00,CORRECT_TO_710846
2942650,1,2026-05-16 00:07:00,0,,0,0,0,False,2026-05-16 00:07:09,710846,2026-05-15 18:37:00,CORRECT_TO_710846
2942654,1,2026-05-16 00:08:00,0,,0,0,0,False,2026-05-16 00:08:08,710846,2026-05-15 18:37:00,CORRECT_TO_710846
2942655,1,2026-05-16 00:09:00,0,,0,0,0,False,2026-05-16 00:09:08,710846,2026-05-15 18:37:00,CORRECT_TO_710846
2942657,1,2026-05-16 00:10:00,0,,0,0,0,False,2026-05-16 00:10:12,710846,2026-05-15 18:37:00,CORRECT_TO_710846
2942665,1,2026-05-16 00:11:00,0,,0,0,0,False,2026-05-16 00:11:09,710846,2026-05-15 18:37:00,CORRECT_TO_710846
2942666,1,2026-05-16 00:12:00,0,,0,0,0,False,2026-05-16 00:12:09,710846,2026-05-15 18:37:00,CORRECT_TO_710846
2942667,1,2026-05-16 00:13:00,0,,0,0,0,False,2026-05-16 00:13:09,710846,2026-05-15 18:37:00,CORRECT_TO_710846
2942668,1,2026-05-16 00:14:00,0,,0,0,0,False,2026-05-16 00:14:08,710846,2026-05-15 18:37:00,CORRECT_TO_710846
2942669,1,2026-05-16 00:15:00,0,,0,0,0,False,2026-05-16 00:15:15,710846,2026-05-15 18:37:00,CORRECT_TO_710846
2942675,1,2026-05-16 00:16:00,0,,0,0,0,False,2026-05-16 00:16:08,710846,2026-05-15 18:37:00,CORRECT_TO_710846
2942676,1,2026-05-16 00:17:00,0,,0,0,0,False,2026-05-16 00:17:08,710846,2026-05-15 18:37:00,CORRECT_TO_710846
2942677,1,2026-05-16 00:18:00,0,,0,0,0,False,2026-05-16 00:18:09,710846,2026-05-15 18:37:00,CORRECT_TO_710846
2942678,1,2026-05-16 00:19:00,0,,0,0,0,False,2026-05-16 00:19:08,710846,2026-05-15 18:37:00,CORRECT_TO_710846
2942681,1,2026-05-16 00:20:00,0,,0,0,0,False,2026-05-16 00:20:13,710846,2026-05-15 18:37:00,CORRECT_TO_710846
2942688,1,2026-05-16 00:21:00,0,,0,0,0,False,2026-05-16 00:21:08,710846,2026-05-15 18:37:00,CORRECT_TO_710846
2942689,1,2026-05-16 00:22:00,0,,0,0,0,False,2026-05-16 00:22:08,710846,2026-05-15 18:37:00,CORRECT_TO_710846
2942690,1,2026-05-16 00:23:00,0,,0,0,0,False,2026-05-16 00:23:08,710846,2026-05-15 18:37:00,CORRECT_TO_710846
2942691,1,2026-05-16 00:24:00,0,,0,0,0,False,2026-05-16 00:24:09,710846,2026-05-15 18:37:00,CORRECT_TO_710846
2942692,1,2026-05-16 00:25:00,0,,0,0,0,False,2026-05-16 00:25:10,710846,2026-05-15 18:37:00,CORRECT_TO_710846
2942698,1,2026-05-16 00:26:00,0,,0,0,0,False,2026-05-16 00:26:09,710846,2026-05-15 18:37:00,CORRECT_TO_710846
2942699,1,2026-05-16 00:27:00,0,,0,0,0,False,2026-05-16 00:27:08,710846,2026-05-15 18:37:00,CORRECT_TO_710846
2942700,1,2026-05-16 00:28:00,0,,0,0,0,False,2026-05-16 00:28:08,710846,2026-05-15 18:37:00,CORRECT_TO_710846
2942701,1,2026-05-16 00:29:00,0,,0,0,0,False,2026-05-16 00:29:08,710846,2026-05-15 18:37:00,CORRECT_TO_710846
2942704,1,2026-05-16 00:30:00,0,,0,0,0,False,2026-05-16 00:30:20,710846,2026-05-15 18:37:00,CORRECT_TO_710846
2942711,1,2026-05-16 00:31:00,0,,0,0,0,False,2026-05-16 00:31:09,710846,2026-05-15 18:37:00,CORRECT_TO_710846
2942712,1,2026-05-16 00:32:00,0,,0,0,0,False,2026-05-16 00:32:09,710846,2026-05-15 18:37:00,CORRECT_TO_710846
2942713,1,2026-05-16 00:33:00,0,,0,0,0,False,2026-05-16 00:33:09,710846,2026-05-15 18:37:00,CORRECT_TO_710846
2942714,1,2026-05-16 00:34:00,0,,0,0,0,False,2026-05-16 00:34:08,710846,2026-05-15 18:37:00,CORRECT_TO_710846
2942715,1,2026-05-16 00:35:00,0,,0,0,0,False,2026-05-16 00:35:10,710846,2026-05-15 18:37:00,CORRECT_TO_710846
2942721,1,2026-05-16 00:36:00,0,,0,0,0,False,2026-05-16 00:36:09,710846,2026-05-15 18:37:00,CORRECT_TO_710846
2942722,1,2026-05-16 00:37:00,0,,0,0,0,False,2026-05-16 00:37:09,710846,2026-05-15 18:37:00,CORRECT_TO_710846
2942723,1,2026-05-16 00:38:00,0,,0,0,0,False,2026-05-16 00:38:09,710846,2026-05-15 18:37:00,CORRECT_TO_710846
2942724,1,2026-05-16 00:39:00,0,,0,0,0,False,2026-05-16 00:39:09,710846,2026-05-15 18:37:00,CORRECT_TO_710846
2942726,1,2026-05-16 00:40:00,0,,0,0,0,False,2026-05-16 00:40:12,710846,2026-05-15 18:37:00,CORRECT_TO_710846
2942734,1,2026-05-16 00:41:00,0,,0,0,0,False,2026-05-16 00:41:09,710846,2026-05-15 18:37:00,CORRECT_TO_710846
2942735,1,2026-05-16 00:42:00,0,,0,0,0,False,2026-05-16 00:42:08,710846,2026-05-15 18:37:00,CORRECT_TO_710846
2942736,1,2026-05-16 00:43:00,0,,0,0,0,False,2026-05-16 00:43:08,710846,2026-05-15 18:37:00,CORRECT_TO_710846
2942737,1,2026-05-16 00:44:00,0,,0,0,0,False,2026-05-16 00:44:08,710846,2026-05-15 18:37:00,CORRECT_TO_710846
2942738,1,2026-05-16 00:45:00,0,,0,0,0,False,2026-05-16 00:45:15,710846,2026-05-15 18:37:00,CORRECT_TO_710846
2942744,1,2026-05-16 00:46:00,0,,0,0,0,False,2026-05-16 00:46:08,710846,2026-05-15 18:37:00,CORRECT_TO_710846
2942745,1,2026-05-16 00:47:00,0,,0,0,0,False,2026-05-16 00:47:08,710846,2026-05-15 18:37:00,CORRECT_TO_710846
2942746,1,2026-05-16 00:48:00,0,,0,0,0,False,2026-05-16 00:48:09,710846,2026-05-15 18:37:00,CORRECT_TO_710846
2942747,1,2026-05-16 00:49:00,0,,0,0,0,False,2026-05-16 00:49:08,710846,2026-05-15 18:37:00,CORRECT_TO_710846
2942749,1,2026-05-16 00:50:00,0,,0,0,0,False,2026-05-16 00:50:12,710846,2026-05-15 18:37:00,CORRECT_TO_710846
2942757,1,2026-05-16 00:51:00,0,,0,0,0,False,2026-05-16 00:51:09,710846,2026-05-15 18:37:00,CORRECT_TO_710846
2942758,1,2026-05-16 00:52:00,0,,0,0,0,False,2026-05-16 00:52:09,710846,2026-05-15 18:37:00,CORRECT_TO_710846
2942759,1,2026-05-16 00:53:00,0,,0,0,0,False,2026-05-16 00:53:08,710846,2026-05-15 18:37:00,CORRECT_TO_710846
2942760,1,2026-05-16 00:54:00,0,,0,0,0,False,2026-05-16 00:54:08,710846,2026-05-15 18:37:00,CORRECT_TO_710846
2942761,1,2026-05-16 00:55:00,0,,0,0,0,False,2026-05-16 00:55:10,710846,2026-05-15 18:37:00,CORRECT_TO_710846
2942767,1,2026-05-16 00:56:00,0,,0,0,0,False,2026-05-16 00:56:09,710846,2026-05-15 18:37:00,CORRECT_TO_710846
2942768,1,2026-05-16 00:57:00,0,,0,0,0,False,2026-05-16 00:57:09,710846,2026-05-15 18:37:00,CORRECT_TO_710846
2942769,1,2026-05-16 00:58:00,0,,0,0,0,False,2026-05-16 00:58:08,710846,2026-05-15 18:37:00,CORRECT_TO_710846
2942770,1,2026-05-16 00:59:00,0,,0,0,0,False,2026-05-16 00:59:08,710846,2026-05-15 18:37:00,CORRECT_TO_710846
2942775,1,2026-05-16 01:00:00,0,,0,0,0,False,2026-05-16 01:00:24,710846,2026-05-15 18:37:00,CORRECT_TO_710846
2942825,1,2026-05-16 01:01:00,0,,0,0,0,False,2026-05-16 01:01:09,710846,2026-05-15 18:37:00,CORRECT_TO_710846
2942855,1,2026-05-16 01:02:00,0,,0,0,0,False,2026-05-16 01:02:09,710846,2026-05-15 18:37:00,CORRECT_TO_710846
2942865,1,2026-05-16 01:03:00,0,,0,0,0,False,2026-05-16 01:03:09,710846,2026-05-15 18:37:00,CORRECT_TO_710846
2942892,1,2026-05-16 01:04:00,0,,0,0,0,False,2026-05-16 01:04:09,710846,2026-05-15 18:37:00,CORRECT_TO_710846
2942900,1,2026-05-16 01:05:00,0,,0,0,0,False,2026-05-16 01:05:11,710846,2026-05-15 18:37:00,CORRECT_TO_710846
2942912,1,2026-05-16 01:06:00,0,,0,0,0,False,2026-05-16 01:06:09,710846,2026-05-15 18:37:00,CORRECT_TO_710846
2942920,1,2026-05-16 01:07:00,0,,0,0,0,False,2026-05-16 01:07:09,710846,2026-05-15 18:37:00,CORRECT_TO_710846
2942923,1,2026-05-16 01:08:00,0,,0,0,0,False,2026-05-16 01:08:09,710846,2026-05-15 18:37:00,CORRECT_TO_710846
2942924,1,2026-05-16 01:09:00,0,,0,0,0,False,2026-05-16 01:09:09,710846,2026-05-15 18:37:00,CORRECT_TO_710846
2942926,1,2026-05-16 01:10:00,0,,0,0,0,False,2026-05-16 01:10:12,710846,2026-05-15 18:37:00,CORRECT_TO_710846
2942934,1,2026-05-16 01:11:00,0,,0,0,0,False,2026-05-16 01:11:09,710846,2026-05-15 18:37:00,CORRECT_TO_710846
2942935,1,2026-05-16 01:12:00,0,,0,0,0,False,2026-05-16 01:12:09,710846,2026-05-15 18:37:00,CORRECT_TO_710846
2942936,1,2026-05-16 01:13:00,0,,0,0,0,False,2026-05-16 01:13:09,710846,2026-05-15 18:37:00,CORRECT_TO_710846
2942937,1,2026-05-16 01:14:00,0,,0,0,0,False,2026-05-16 01:14:08,710846,2026-05-15 18:37:00,CORRECT_TO_710846
2942938,1,2026-05-16 01:15:00,0,,0,0,0,False,2026-05-16 01:15:14,710846,2026-05-15 18:37:00,CORRECT_TO_710846
2942944,1,2026-05-16 01:16:00,0,,0,0,0,False,2026-05-16 01:16:09,710846,2026-05-15 18:37:00,CORRECT_TO_710846
2942945,1,2026-05-16 01:17:00,0,,0,0,0,False,2026-05-16 01:17:09,710846,2026-05-15 18:37:00,CORRECT_TO_710846
2942946,1,2026-05-16 01:18:00,0,,0,0,0,False,2026-05-16 01:18:08,710846,2026-05-15 18:37:00,CORRECT_TO_710846
2942947,1,2026-05-16 01:19:00,0,,0,0,0,False,2026-05-16 01:19:08,710846,2026-05-15 18:37:00,CORRECT_TO_710846
2942950,1,2026-05-16 01:20:00,0,,0,0,0,False,2026-05-16 01:20:12,710846,2026-05-15 18:37:00,CORRECT_TO_710846
2942957,1,2026-05-16 01:21:00,0,,0,0,0,False,2026-05-16 01:21:08,710846,2026-05-15 18:37:00,CORRECT_TO_710846
2942958,1,2026-05-16 01:22:00,0,,0,0,0,False,2026-05-16 01:22:08,710846,2026-05-15 18:37:00,CORRECT_TO_710846
2942959,1,2026-05-16 01:23:00,0,,0,0,0,False,2026-05-16 01:23:08,710846,2026-05-15 18:37:00,CORRECT_TO_710846
2942960,1,2026-05-16 01:24:00,0,,0,0,0,False,2026-05-16 01:24:09,710846,2026-05-15 18:37:00,CORRECT_TO_710846
2942961,1,2026-05-16 01:25:00,0,,0,0,0,False,2026-05-16 01:25:10,710846,2026-05-15 18:37:00,CORRECT_TO_710846
2942967,1,2026-05-16 01:26:00,0,,0,0,0,False,2026-05-16 01:26:08,710846,2026-05-15 18:37:00,CORRECT_TO_710846
2942968,1,2026-05-16 01:27:00,0,,0,0,0,False,2026-05-16 01:27:08,710846,2026-05-15 18:37:00,CORRECT_TO_710846
2942969,1,2026-05-16 01:28:00,0,,0,0,0,False,2026-05-16 01:28:09,710846,2026-05-15 18:37:00,CORRECT_TO_710846
2942970,1,2026-05-16 01:29:00,0,,0,0,0,False,2026-05-16 01:29:09,710846,2026-05-15 18:37:00,CORRECT_TO_710846
2942972,1,2026-05-16 01:30:00,0,,0,0,0,False,2026-05-16 01:30:19,710846,2026-05-15 18:37:00,CORRECT_TO_710846
2942980,1,2026-05-16 01:31:00,0,,0,0,0,False,2026-05-16 01:31:09,710846,2026-05-15 18:37:00,CORRECT_TO_710846
2942981,1,2026-05-16 01:32:00,0,,0,0,0,False,2026-05-16 01:32:08,710846,2026-05-15 18:37:00,CORRECT_TO_710846
2942982,1,2026-05-16 01:33:00,0,,0,0,0,False,2026-05-16 01:33:09,710846,2026-05-15 18:37:00,CORRECT_TO_710846
2942983,1,2026-05-16 01:34:00,0,,0,0,0,False,2026-05-16 01:34:09,710846,2026-05-15 18:37:00,CORRECT_TO_710846
2942984,1,2026-05-16 01:35:00,0,,0,0,0,False,2026-05-16 01:35:10,710846,2026-05-15 18:37:00,CORRECT_TO_710846
2942990,1,2026-05-16 01:36:00,0,,0,0,0,False,2026-05-16 01:36:09,710846,2026-05-15 18:37:00,CORRECT_TO_710846
2942991,1,2026-05-16 01:37:00,0,,0,0,0,False,2026-05-16 01:37:09,710846,2026-05-15 18:37:00,CORRECT_TO_710846
2942992,1,2026-05-16 01:38:00,0,,0,0,0,False,2026-05-16 01:38:08,710846,2026-05-15 18:37:00,CORRECT_TO_710846
2942993,1,2026-05-16 01:39:00,0,,0,0,0,False,2026-05-16 01:39:09,710846,2026-05-15 18:37:00,CORRECT_TO_710846
2942995,1,2026-05-16 01:40:00,0,,0,0,0,False,2026-05-16 01:40:13,710846,2026-05-15 18:37:00,CORRECT_TO_710846
2943003,1,2026-05-16 01:41:00,0,,0,0,0,False,2026-05-16 01:41:09,710846,2026-05-15 18:37:00,CORRECT_TO_710846
2943004,1,2026-05-16 01:42:00,0,,0,0,0,False,2026-05-16 01:42:08,710846,2026-05-15 18:37:00,CORRECT_TO_710846
2943005,1,2026-05-16 01:43:00,0,,0,0,0,False,2026-05-16 01:43:08,710846,2026-05-15 18:37:00,CORRECT_TO_710846
2943006,1,2026-05-16 01:44:00,0,,0,0,0,False,2026-05-16 01:44:08,710846,2026-05-15 18:37:00,CORRECT_TO_710846
2943007,1,2026-05-16 01:45:00,0,,0,0,0,False,2026-05-16 01:45:16,710846,2026-05-15 18:37:00,CORRECT_TO_710846
2943013,1,2026-05-16 01:46:00,0,,0,0,0,False,2026-05-16 01:46:08,710846,2026-05-15 18:37:00,CORRECT_TO_710846
2943014,1,2026-05-16 01:47:00,0,,0,0,0,False,2026-05-16 01:47:08,710846,2026-05-15 18:37:00,CORRECT_TO_710846
2943015,1,2026-05-16 01:48:00,0,,0,0,0,False,2026-05-16 01:48:09,710846,2026-05-15 18:37:00,CORRECT_TO_710846
2943016,1,2026-05-16 01:49:00,0,,0,0,0,False,2026-05-16 01:49:09,710846,2026-05-15 18:37:00,CORRECT_TO_710846
2943018,1,2026-05-16 01:50:00,0,,0,0,0,False,2026-05-16 01:50:12,710846,2026-05-15 18:37:00,CORRECT_TO_710846
2943026,1,2026-05-16 01:51:00,0,,0,0,0,False,2026-05-16 01:51:08,710846,2026-05-15 18:37:00,CORRECT_TO_710846
2943027,1,2026-05-16 01:52:00,0,,0,0,0,False,2026-05-16 01:52:09,710846,2026-05-15 18:37:00,CORRECT_TO_710846
2943028,1,2026-05-16 01:53:00,0,,0,0,0,False,2026-05-16 01:53:08,710846,2026-05-15 18:37:00,CORRECT_TO_710846
2943029,1,2026-05-16 01:54:00,0,,0,0,0,False,2026-05-16 01:54:09,710846,2026-05-15 18:37:00,CORRECT_TO_710846
2943030,1,2026-05-16 01:55:00,0,,0,0,0,False,2026-05-16 01:55:10,710846,2026-05-15 18:37:00,CORRECT_TO_710846
2943036,1,2026-05-16 01:56:00,0,,0,0,0,False,2026-05-16 01:56:08,710846,2026-05-15 18:37:00,CORRECT_TO_710846
2943037,1,2026-05-16 01:57:00,0,,0,0,0,False,2026-05-16 01:57:09,710846,2026-05-15 18:37:00,CORRECT_TO_710846
2943038,1,2026-05-16 01:58:00,0,,0,0,0,False,2026-05-16 01:58:08,710846,2026-05-15 18:37:00,CORRECT_TO_710846
2943039,1,2026-05-16 01:59:00,0,,0,0,0,False,2026-05-16 01:59:08,710846,2026-05-15 18:37:00,CORRECT_TO_710846
2943047,1,2026-05-16 02:00:00,0,,0,0,0,False,2026-05-16 02:00:25,710846,2026-05-15 18:37:00,CORRECT_TO_710846
2943125,1,2026-05-16 02:01:00,0,,0,0,0,False,2026-05-16 02:01:08,710846,2026-05-15 18:37:00,CORRECT_TO_710846
2943146,1,2026-05-16 02:02:00,0,,0,0,0,False,2026-05-16 02:02:08,710846,2026-05-15 18:37:00,CORRECT_TO_710846
2943153,1,2026-05-16 02:03:00,0,,0,0,0,False,2026-05-16 02:03:08,710846,2026-05-15 18:37:00,CORRECT_TO_710846
2943161,1,2026-05-16 02:04:00,0,,0,0,0,False,2026-05-16 02:04:09,710846,2026-05-15 18:37:00,CORRECT_TO_710846
2943169,1,2026-05-16 02:05:00,0,,0,0,0,False,2026-05-16 02:05:12,710846,2026-05-15 18:37:00,CORRECT_TO_710846
2943181,1,2026-05-16 02:06:00,0,,0,0,0,False,2026-05-16 02:06:09,710846,2026-05-15 18:37:00,CORRECT_TO_710846
2943189,1,2026-05-16 02:07:00,0,,0,0,0,False,2026-05-16 02:07:08,710846,2026-05-15 18:37:00,CORRECT_TO_710846
2943192,1,2026-05-16 02:08:00,0,,0,0,0,False,2026-05-16 02:08:09,710846,2026-05-15 18:37:00,CORRECT_TO_710846
2943193,1,2026-05-16 02:09:00,0,,0,0,0,False,2026-05-16 02:09:09,710846,2026-05-15 18:37:00,CORRECT_TO_710846
2943195,1,2026-05-16 02:10:00,0,,0,0,0,False,2026-05-16 02:10:12,710846,2026-05-15 18:37:00,CORRECT_TO_710846
2943203,1,2026-05-16 02:11:00,0,,0,0,0,False,2026-05-16 02:11:08,710846,2026-05-15 18:37:00,CORRECT_TO_710846
2943204,1,2026-05-16 02:12:00,0,,0,0,0,False,2026-05-16 02:12:08,710846,2026-05-15 18:37:00,CORRECT_TO_710846
2943205,1,2026-05-16 02:13:00,0,,0,0,0,False,2026-05-16 02:13:08,710846,2026-05-15 18:37:00,CORRECT_TO_710846
2943206,1,2026-05-16 02:14:00,0,,0,0,0,False,2026-05-16 02:14:08,710846,2026-05-15 18:37:00,CORRECT_TO_710846
2943207,1,2026-05-16 02:15:00,0,,0,0,0,False,2026-05-16 02:15:18,710846,2026-05-15 18:37:00,CORRECT_TO_710846
2943213,1,2026-05-16 02:16:00,0,,0,0,0,False,2026-05-16 02:16:09,710846,2026-05-15 18:37:00,CORRECT_TO_710846
2943214,1,2026-05-16 02:17:00,0,,0,0,0,False,2026-05-16 02:17:09,710846,2026-05-15 18:37:00,CORRECT_TO_710846
2943215,1,2026-05-16 02:18:00,0,,0,0,0,False,2026-05-16 02:18:10,710846,2026-05-15 18:37:00,CORRECT_TO_710846
2943216,1,2026-05-16 02:19:00,0,,0,0,0,False,2026-05-16 02:19:08,710846,2026-05-15 18:37:00,CORRECT_TO_710846
2943218,1,2026-05-16 02:20:00,0,,0,0,0,False,2026-05-16 02:20:18,710846,2026-05-15 18:37:00,CORRECT_TO_710846
2943226,1,2026-05-16 02:21:00,0,,0,0,0,False,2026-05-16 02:21:10,710846,2026-05-15 18:37:00,CORRECT_TO_710846
2943227,1,2026-05-16 02:22:00,0,,0,0,0,False,2026-05-16 02:22:09,710846,2026-05-15 18:37:00,CORRECT_TO_710846
2943228,1,2026-05-16 02:23:00,0,,0,0,0,False,2026-05-16 02:23:09,710846,2026-05-15 18:37:00,CORRECT_TO_710846
2943229,1,2026-05-16 02:24:00,0,,0,0,0,False,2026-05-16 02:24:09,710846,2026-05-15 18:37:00,CORRECT_TO_710846
2943230,1,2026-05-16 02:25:00,0,,0,0,0,False,2026-05-16 02:25:11,710846,2026-05-15 18:37:00,CORRECT_TO_710846
2943236,1,2026-05-16 02:26:00,0,,0,0,0,False,2026-05-16 02:26:09,710846,2026-05-15 18:37:00,CORRECT_TO_710846
2943237,1,2026-05-16 02:27:00,0,,0,0,0,False,2026-05-16 02:27:09,710846,2026-05-15 18:37:00,CORRECT_TO_710846
2943238,1,2026-05-16 02:28:00,0,,0,0,0,False,2026-05-16 02:28:09,710846,2026-05-15 18:37:00,CORRECT_TO_710846
2943239,1,2026-05-16 02:29:00,0,,0,0,0,False,2026-05-16 02:29:09,710846,2026-05-15 18:37:00,CORRECT_TO_710846
2943241,1,2026-05-16 02:30:00,0,,0,0,0,False,2026-05-16 02:30:23,710846,2026-05-15 18:37:00,CORRECT_TO_710846
2943249,1,2026-05-16 02:31:00,0,,0,0,0,False,2026-05-16 02:31:08,710846,2026-05-15 18:37:00,CORRECT_TO_710846
2943250,1,2026-05-16 02:32:00,0,,0,0,0,False,2026-05-16 02:32:09,710846,2026-05-15 18:37:00,CORRECT_TO_710846
2943260,1,2026-05-16 02:38:00,0,,0,0,0,False,2026-05-16 02:38:09,716576,2026-05-16 02:36:00,CORRECT_TO_716576
2943261,1,2026-05-16 02:39:00,0,,0,0,0,False,2026-05-16 02:39:09,716576,2026-05-16 02:36:00,CORRECT_TO_716576
2943264,1,2026-05-16 02:40:00,0,,0,0,0,False,2026-05-16 02:40:13,716576,2026-05-16 02:36:00,CORRECT_TO_716576
2943271,1,2026-05-16 02:41:00,0,,0,0,0,False,2026-05-16 02:41:08,716576,2026-05-16 02:36:00,CORRECT_TO_716576
2943272,1,2026-05-16 02:42:00,0,,0,0,0,False,2026-05-16 02:42:09,716576,2026-05-16 02:36:00,CORRECT_TO_716576
2943273,1,2026-05-16 02:43:00,0,,0,0,0,False,2026-05-16 02:43:08,716576,2026-05-16 02:36:00,CORRECT_TO_716576
2941296,2,2026-05-15 19:00:00,0,465997,0,1583,0,False,2026-05-15 19:05:59,465997,2026-05-15 18:00:00,SKIP_ALREADY_OK
2941564,2,2026-05-15 20:00:00,0,0,0,0,0,False,2026-05-15 20:05:51,465997,2026-05-15 18:00:00,CORRECT_TO_465997
2941833,2,2026-05-15 21:00:00,0,0,0,0,0,False,2026-05-15 21:05:51,465997,2026-05-15 18:00:00,CORRECT_TO_465997
2942102,2,2026-05-15 22:00:00,0,0,0,0,0,False,2026-05-15 22:05:48,465997,2026-05-15 18:00:00,CORRECT_TO_465997
2942371,2,2026-05-15 23:00:00,0,0,0,0,0,False,2026-05-15 23:05:52,465997,2026-05-15 18:00:00,CORRECT_TO_465997
2942641,2,2026-05-16 00:00:00,0,0,0,0,0,False,2026-05-16 00:06:00,465997,2026-05-15 18:00:00,CORRECT_TO_465997
2942910,2,2026-05-16 01:00:00,0,0,0,0,0,False,2026-05-16 01:05:54,465997,2026-05-15 18:00:00,CORRECT_TO_465997
2943179,2,2026-05-16 02:00:00,0,0,0,0,0,False,2026-05-16 02:05:54,465997,2026-05-15 18:00:00,CORRECT_TO_465997
2863991,3,2026-05-02 23:00:00,0,1524770,0,1660,0,False,2026-05-02 23:00:56,1524770,2026-05-02 22:00:00,SKIP_ALREADY_OK
2900974,3,2026-05-09 14:00:00,0,1540690,0,620,0,False,2026-05-09 14:00:38,1540690,2026-05-09 13:00:00,SKIP_ALREADY_OK
2909598,3,2026-05-10 21:00:00,0,1543960,0,1550,0,False,2026-05-10 21:01:08,1543960,2026-05-10 20:00:00,SKIP_ALREADY_OK
2918982,3,2026-05-12 07:00:00,0,1547200,0,40,0,False,2026-05-12 07:00:51,1547200,2026-05-12 06:00:00,SKIP_ALREADY_OK
2935051,3,2026-05-14 20:00:00,0,1553510,0,1380,0,False,2026-05-14 20:01:17,1553510,2026-05-14 19:00:00,SKIP_ALREADY_OK
2947327,3,2026-05-16 18:00:00,0,1557780,0,960,0,False,2026-05-16 18:00:38,1557780,2026-05-16 17:00:00,SKIP_ALREADY_OK
2941177,4,2026-05-15 19:00:00,0,817376,0,763,0,False,2026-05-15 19:00:37,817376,2026-05-15 18:00:00,SKIP_ALREADY_OK
2941455,4,2026-05-15 20:00:00,0,0,0,0,0,False,2026-05-15 20:00:37,817376,2026-05-15 18:00:00,CORRECT_TO_817376
2941715,4,2026-05-15 21:00:00,0,0,0,0,0,False,2026-05-15 21:00:37,817376,2026-05-15 18:00:00,CORRECT_TO_817376
2941992,4,2026-05-15 22:00:00,0,0,0,0,0,False,2026-05-15 22:00:34,817376,2026-05-15 18:00:00,CORRECT_TO_817376
2942262,4,2026-05-15 23:00:00,0,0,0,0,0,False,2026-05-15 23:00:38,817376,2026-05-15 18:00:00,CORRECT_TO_817376
2942520,4,2026-05-16 00:00:00,0,0,0,0,0,False,2026-05-16 00:00:46,817376,2026-05-15 18:00:00,CORRECT_TO_817376
2942793,4,2026-05-16 01:00:00,0,0,0,0,0,False,2026-05-16 01:00:39,817376,2026-05-15 18:00:00,CORRECT_TO_817376
2943073,4,2026-05-16 02:00:00,0,0,0,0,0,False,2026-05-16 02:00:40,817376,2026-05-15 18:00:00,CORRECT_TO_817376
2941169,5,2026-05-15 19:00:00,0,107731,0,770,0,False,2026-05-15 19:00:28,107731,2026-05-15 18:00:00,SKIP_ALREADY_OK
2941445,5,2026-05-15 20:00:00,0,0,0,0,0,False,2026-05-15 20:00:28,107731,2026-05-15 18:00:00,CORRECT_TO_107731
2941704,5,2026-05-15 21:00:00,0,0,0,0,0,False,2026-05-15 21:00:28,107731,2026-05-15 18:00:00,CORRECT_TO_107731
2941981,5,2026-05-15 22:00:00,0,0,0,0,0,False,2026-05-15 22:00:25,107731,2026-05-15 18:00:00,CORRECT_TO_107731
2942251,5,2026-05-15 23:00:00,0,0,0,0,0,False,2026-05-15 23:00:29,107731,2026-05-15 18:00:00,CORRECT_TO_107731
2942516,5,2026-05-16 00:00:00,0,0,0,0,0,False,2026-05-16 00:00:37,107731,2026-05-15 18:00:00,CORRECT_TO_107731
2942788,5,2026-05-16 01:00:00,0,0,0,0,0,False,2026-05-16 01:00:30,107731,2026-05-15 18:00:00,CORRECT_TO_107731
2943060,5,2026-05-16 02:00:00,0,0,0,0,0,False,2026-05-16 02:00:31,107731,2026-05-15 18:00:00,CORRECT_TO_107731
2941186,6,2026-05-15 19:00:00,0,1189602,0,1153,0,False,2026-05-15 19:00:46,1189602,2026-05-15 18:00:00,SKIP_ALREADY_OK
2941465,6,2026-05-15 20:00:00,0,0,0,0,0,False,2026-05-15 20:00:46,1189602,2026-05-15 18:00:00,CORRECT_TO_1189602
2941723,6,2026-05-15 21:00:00,0,0,0,0,0,False,2026-05-15 21:00:46,1189602,2026-05-15 18:00:00,CORRECT_TO_1189602
2942005,6,2026-05-15 22:00:00,0,0,0,0,0,False,2026-05-15 22:00:43,1189602,2026-05-15 18:00:00,CORRECT_TO_1189602
2942273,6,2026-05-15 23:00:00,0,0,0,0,0,False,2026-05-15 23:00:47,1189602,2026-05-15 18:00:00,CORRECT_TO_1189602
2942532,6,2026-05-16 00:00:00,0,0,0,0,0,False,2026-05-16 00:00:55,1189602,2026-05-15 18:00:00,CORRECT_TO_1189602
2942801,6,2026-05-16 01:00:00,0,0,0,0,0,False,2026-05-16 01:00:48,1189602,2026-05-15 18:00:00,CORRECT_TO_1189602
2943085,6,2026-05-16 02:00:00,0,0,0,0,0,False,2026-05-16 02:00:49,1189602,2026-05-15 18:00:00,CORRECT_TO_1189602
2941228,7,2026-05-15 19:00:00,0,27341,0,457,0,False,2026-05-15 19:01:14,27341,2026-05-15 18:00:00,SKIP_ALREADY_OK
2941512,7,2026-05-15 20:00:00,0,0,0,0,0,False,2026-05-15 20:01:13,27341,2026-05-15 18:00:00,CORRECT_TO_27341
2941760,7,2026-05-15 21:00:00,0,0,0,0,0,False,2026-05-15 21:01:13,27341,2026-05-15 18:00:00,CORRECT_TO_27341
2942053,7,2026-05-15 22:00:00,0,0,0,0,0,False,2026-05-15 22:01:10,27341,2026-05-15 18:00:00,CORRECT_TO_27341
2942319,7,2026-05-15 23:00:00,0,0,0,0,0,False,2026-05-15 23:01:14,27341,2026-05-15 18:00:00,CORRECT_TO_27341
2942572,7,2026-05-16 00:00:00,0,0,0,0,0,False,2026-05-16 00:01:22,27341,2026-05-15 18:00:00,CORRECT_TO_27341
2942828,7,2026-05-16 01:00:00,0,0,0,0,0,False,2026-05-16 01:01:15,27341,2026-05-15 18:00:00,CORRECT_TO_27341
2943130,7,2026-05-16 02:00:00,0,0,0,0,0,False,2026-05-16 02:01:17,27341,2026-05-15 18:00:00,CORRECT_TO_27341
2941207,8,2026-05-15 19:00:00,0,4942,0,0,0,False,2026-05-15 19:01:04,4942,2026-05-15 18:00:00,SKIP_ALREADY_OK
2941504,8,2026-05-15 20:00:00,0,2173,0,0,0,False,2026-05-15 20:01:04,4942,2026-05-15 18:00:00,CORRECT_TO_4942
2941748,8,2026-05-15 21:00:00,0,2173,0,0,0,False,2026-05-15 21:01:04,4942,2026-05-15 18:00:00,CORRECT_TO_4942
2942044,8,2026-05-15 22:00:00,0,2173,0,0,0,False,2026-05-15 22:01:01,4942,2026-05-15 18:00:00,CORRECT_TO_4942
2942311,8,2026-05-15 23:00:00,0,2173,0,0,0,False,2026-05-15 23:01:05,4942,2026-05-15 18:00:00,CORRECT_TO_4942
2942567,8,2026-05-16 00:00:00,0,2173,0,0,0,False,2026-05-16 00:01:13,4942,2026-05-15 18:00:00,CORRECT_TO_4942
2942819,8,2026-05-16 01:00:00,0,2173,0,0,0,False,2026-05-16 01:01:06,4942,2026-05-15 18:00:00,CORRECT_TO_4942
2943124,8,2026-05-16 02:00:00,0,2173,0,0,0,False,2026-05-16 02:01:07,4942,2026-05-15 18:00:00,CORRECT_TO_4942
2948662,8,2026-05-16 23:00:00,0,0,0,0,0,False,2026-05-16 23:01:04,2173,2026-05-16 03:00:00,CORRECT_TO_2173
2854631,9,2026-05-01 04:00:00,0,0,0,0,0,False,2026-05-01 04:00:33,,,SKIP_NO_PRIOR_VALID
2854841,9,2026-05-01 05:00:00,0,0,0,0,0,False,2026-05-01 05:00:32,,,SKIP_NO_PRIOR_VALID
2855067,9,2026-05-01 06:00:00,0,0,0,0,0,False,2026-05-01 06:00:34,,,SKIP_NO_PRIOR_VALID
2855288,9,2026-05-01 07:00:00,0,0,0,0,0,False,2026-05-01 07:00:35,,,SKIP_NO_PRIOR_VALID
2855500,9,2026-05-01 08:00:00,0,0,0,0,0,False,2026-05-01 08:00:34,,,SKIP_NO_PRIOR_VALID
2855716,9,2026-05-01 09:00:00,0,0,0,0,0,False,2026-05-01 09:00:33,,,SKIP_NO_PRIOR_VALID
2855936,9,2026-05-01 10:00:00,0,0,0,0,0,False,2026-05-01 10:00:34,,,SKIP_NO_PRIOR_VALID
2856152,9,2026-05-01 11:00:00,0,0,0,0,0,False,2026-05-01 11:00:34,,,SKIP_NO_PRIOR_VALID
2856365,9,2026-05-01 12:00:00,0,0,0,0,0,False,2026-05-01 12:00:37,,,SKIP_NO_PRIOR_VALID
2856579,9,2026-05-01 13:00:00,0,0,0,0,0,False,2026-05-01 13:00:35,,,SKIP_NO_PRIOR_VALID
2856802,9,2026-05-01 14:00:00,0,0,0,0,0,False,2026-05-01 14:00:34,,,SKIP_NO_PRIOR_VALID
2857019,9,2026-05-01 15:00:00,0,0,0,0,0,False,2026-05-01 15:00:34,,,SKIP_NO_PRIOR_VALID
2857237,9,2026-05-01 16:00:00,0,0,0,0,0,False,2026-05-01 16:00:34,,,SKIP_NO_PRIOR_VALID
2857449,9,2026-05-01 17:00:00,0,0,0,0,0,False,2026-05-01 17:00:33,,,SKIP_NO_PRIOR_VALID
2857666,9,2026-05-01 18:00:00,0,0,0,0,0,False,2026-05-01 18:00:33,,,SKIP_NO_PRIOR_VALID
2857883,9,2026-05-01 19:00:00,0,0,0,0,0,False,2026-05-01 19:00:33,,,SKIP_NO_PRIOR_VALID
2858094,9,2026-05-01 20:00:00,0,0,0,0,0,False,2026-05-01 20:00:33,,,SKIP_NO_PRIOR_VALID
2858320,9,2026-05-01 21:00:00,0,0,0,0,0,False,2026-05-01 21:00:33,,,SKIP_NO_PRIOR_VALID
2858525,9,2026-05-01 22:00:00,0,0,0,0,0,False,2026-05-01 22:00:32,,,SKIP_NO_PRIOR_VALID
2858751,9,2026-05-01 23:00:00,0,0,0,0,0,False,2026-05-01 23:00:32,,,SKIP_NO_PRIOR_VALID
2858971,9,2026-05-02 00:00:00,0,0,0,0,0,False,2026-05-02 00:00:40,,,SKIP_NO_PRIOR_VALID
2859184,9,2026-05-02 01:00:00,0,0,0,0,0,False,2026-05-02 01:00:35,,,SKIP_NO_PRIOR_VALID
2859401,9,2026-05-02 02:00:00,0,0,0,0,0,False,2026-05-02 02:00:33,,,SKIP_NO_PRIOR_VALID
2859614,9,2026-05-02 03:00:00,0,0,0,0,0,False,2026-05-02 03:00:32,,,SKIP_NO_PRIOR_VALID
2859833,9,2026-05-02 04:00:00,0,0,0,0,0,False,2026-05-02 04:00:32,,,SKIP_NO_PRIOR_VALID
2860045,9,2026-05-02 05:00:00,0,0,0,0,0,False,2026-05-02 05:00:31,,,SKIP_NO_PRIOR_VALID
2860268,9,2026-05-02 06:00:00,0,0,0,0,0,False,2026-05-02 06:00:32,,,SKIP_NO_PRIOR_VALID
2860493,9,2026-05-02 07:00:00,0,0,0,0,0,False,2026-05-02 07:00:33,,,SKIP_NO_PRIOR_VALID
2860708,9,2026-05-02 08:00:00,0,0,0,0,0,False,2026-05-02 08:00:33,,,SKIP_NO_PRIOR_VALID
2860920,9,2026-05-02 09:00:00,0,0,0,0,0,False,2026-05-02 09:00:32,,,SKIP_NO_PRIOR_VALID
2861142,9,2026-05-02 10:00:00,0,0,0,0,0,False,2026-05-02 10:00:34,,,SKIP_NO_PRIOR_VALID
2861358,9,2026-05-02 11:00:00,0,0,0,0,0,False,2026-05-02 11:00:34,,,SKIP_NO_PRIOR_VALID
2861573,9,2026-05-02 12:00:00,0,0,0,0,0,False,2026-05-02 12:00:35,,,SKIP_NO_PRIOR_VALID
2861783,9,2026-05-02 13:00:00,0,0,0,0,0,False,2026-05-02 13:00:33,,,SKIP_NO_PRIOR_VALID
2862006,9,2026-05-02 14:00:00,0,0,0,0,0,False,2026-05-02 14:00:33,,,SKIP_NO_PRIOR_VALID
2862225,9,2026-05-02 15:00:00,0,0,0,0,0,False,2026-05-02 15:00:33,,,SKIP_NO_PRIOR_VALID
2862436,9,2026-05-02 16:00:00,0,0,0,0,0,False,2026-05-02 16:00:33,,,SKIP_NO_PRIOR_VALID
2862657,9,2026-05-02 17:00:00,0,0,0,0,0,False,2026-05-02 17:00:33,,,SKIP_NO_PRIOR_VALID
2862876,9,2026-05-02 18:00:00,0,0,0,0,0,False,2026-05-02 18:00:33,,,SKIP_NO_PRIOR_VALID
2863089,9,2026-05-02 19:00:00,0,0,0,0,0,False,2026-05-02 19:00:33,,,SKIP_NO_PRIOR_VALID
2863306,9,2026-05-02 20:00:00,0,0,0,0,0,False,2026-05-02 20:00:32,,,SKIP_NO_PRIOR_VALID
2863527,9,2026-05-02 21:00:00,0,0,0,0,0,False,2026-05-02 21:00:33,,,SKIP_NO_PRIOR_VALID
2863743,9,2026-05-02 22:00:00,0,0,0,0,0,False,2026-05-02 22:00:32,,,SKIP_NO_PRIOR_VALID
2863952,9,2026-05-02 23:00:00,0,0,0,0,0,False,2026-05-02 23:00:32,,,SKIP_NO_PRIOR_VALID
2864185,9,2026-05-03 00:00:00,0,0,0,0,0,False,2026-05-03 00:00:43,,,SKIP_NO_PRIOR_VALID
2864389,9,2026-05-03 01:00:00,0,0,0,0,0,False,2026-05-03 01:00:35,,,SKIP_NO_PRIOR_VALID
2864608,9,2026-05-03 02:00:00,0,0,0,0,0,False,2026-05-03 02:00:33,,,SKIP_NO_PRIOR_VALID
2864823,9,2026-05-03 03:00:00,0,0,0,0,0,False,2026-05-03 03:00:33,,,SKIP_NO_PRIOR_VALID
2865042,9,2026-05-03 04:00:00,0,0,0,0,0,False,2026-05-03 04:00:32,,,SKIP_NO_PRIOR_VALID
2865259,9,2026-05-03 05:00:00,0,0,0,0,0,False,2026-05-03 05:00:32,,,SKIP_NO_PRIOR_VALID
2865480,9,2026-05-03 06:00:00,0,0,0,0,0,False,2026-05-03 06:00:34,,,SKIP_NO_PRIOR_VALID
2865699,9,2026-05-03 07:00:00,0,0,0,0,0,False,2026-05-03 07:00:32,,,SKIP_NO_PRIOR_VALID
2865912,9,2026-05-03 08:00:00,0,0,0,0,0,False,2026-05-03 08:00:33,,,SKIP_NO_PRIOR_VALID
2866130,9,2026-05-03 09:00:00,0,0,0,0,0,False,2026-05-03 09:00:33,,,SKIP_NO_PRIOR_VALID
2866347,9,2026-05-03 10:00:00,0,0,0,0,0,False,2026-05-03 10:00:32,,,SKIP_NO_PRIOR_VALID
2866563,9,2026-05-03 11:00:00,0,0,0,0,0,False,2026-05-03 11:00:33,,,SKIP_NO_PRIOR_VALID
2866780,9,2026-05-03 12:00:00,0,0,0,0,0,False,2026-05-03 12:00:35,,,SKIP_NO_PRIOR_VALID
2866999,9,2026-05-03 13:00:00,0,0,0,0,0,False,2026-05-03 13:00:35,,,SKIP_NO_PRIOR_VALID
2867217,9,2026-05-03 14:00:00,0,0,0,0,0,False,2026-05-03 14:00:33,,,SKIP_NO_PRIOR_VALID
2867432,9,2026-05-03 15:00:00,0,0,0,0,0,False,2026-05-03 15:00:33,,,SKIP_NO_PRIOR_VALID
2867653,9,2026-05-03 16:00:00,0,0,0,0,0,False,2026-05-03 16:00:35,,,SKIP_NO_PRIOR_VALID
2867865,9,2026-05-03 17:00:00,0,0,0,0,0,False,2026-05-03 17:00:35,,,SKIP_NO_PRIOR_VALID
2868078,9,2026-05-03 18:00:00,0,0,0,0,0,False,2026-05-03 18:00:35,,,SKIP_NO_PRIOR_VALID
2868298,9,2026-05-03 19:00:00,0,0,0,0,0,False,2026-05-03 19:00:34,,,SKIP_NO_PRIOR_VALID
2868522,9,2026-05-03 20:00:00,0,0,0,0,0,False,2026-05-03 20:00:35,,,SKIP_NO_PRIOR_VALID
2868734,9,2026-05-03 21:00:00,0,0,0,0,0,False,2026-05-03 21:00:32,,,SKIP_NO_PRIOR_VALID
2868950,9,2026-05-03 22:00:00,0,0,0,0,0,False,2026-05-03 22:00:32,,,SKIP_NO_PRIOR_VALID
2869169,9,2026-05-03 23:00:00,0,0,0,0,0,False,2026-05-03 23:00:33,,,SKIP_NO_PRIOR_VALID
2869395,9,2026-05-04 00:00:00,0,0,0,0,0,False,2026-05-04 00:00:46,,,SKIP_NO_PRIOR_VALID
2869597,9,2026-05-04 01:00:00,0,0,0,0,0,False,2026-05-04 01:00:34,,,SKIP_NO_PRIOR_VALID
2869815,9,2026-05-04 02:00:00,0,0,0,0,0,False,2026-05-04 02:00:33,,,SKIP_NO_PRIOR_VALID
2870032,9,2026-05-04 03:00:00,0,0,0,0,0,False,2026-05-04 03:00:33,,,SKIP_NO_PRIOR_VALID
2870254,9,2026-05-04 04:00:00,0,0,0,0,0,False,2026-05-04 04:00:33,,,SKIP_NO_PRIOR_VALID
2870466,9,2026-05-04 05:00:00,0,0,0,0,0,False,2026-05-04 05:00:32,,,SKIP_NO_PRIOR_VALID
2870686,9,2026-05-04 06:00:00,0,0,0,0,0,False,2026-05-04 06:00:34,,,SKIP_NO_PRIOR_VALID
2870902,9,2026-05-04 07:00:00,0,0,0,0,0,False,2026-05-04 07:00:33,,,SKIP_NO_PRIOR_VALID
2871118,9,2026-05-04 08:00:00,0,0,0,0,0,False,2026-05-04 08:00:31,,,SKIP_NO_PRIOR_VALID
2871338,9,2026-05-04 09:00:00,0,0,0,0,0,False,2026-05-04 09:00:31,,,SKIP_NO_PRIOR_VALID
2871551,9,2026-05-04 10:00:00,0,0,0,0,0,False,2026-05-04 10:00:32,,,SKIP_NO_PRIOR_VALID
2871772,9,2026-05-04 11:00:00,0,0,0,0,0,False,2026-05-04 11:00:32,,,SKIP_NO_PRIOR_VALID
2871990,9,2026-05-04 12:00:00,0,0,0,0,0,False,2026-05-04 12:00:33,,,SKIP_NO_PRIOR_VALID
2872201,9,2026-05-04 13:00:00,0,0,0,0,0,False,2026-05-04 13:00:33,,,SKIP_NO_PRIOR_VALID
2872424,9,2026-05-04 14:00:00,0,0,0,0,0,False,2026-05-04 14:00:33,,,SKIP_NO_PRIOR_VALID
2872636,9,2026-05-04 15:00:00,0,0,0,0,0,False,2026-05-04 15:00:30,,,SKIP_NO_PRIOR_VALID
2872856,9,2026-05-04 16:00:00,0,0,0,0,0,False,2026-05-04 16:00:33,,,SKIP_NO_PRIOR_VALID
2873072,9,2026-05-04 17:00:00,0,0,0,0,0,False,2026-05-04 17:00:32,,,SKIP_NO_PRIOR_VALID
2873289,9,2026-05-04 18:00:00,0,0,0,0,0,False,2026-05-04 18:00:34,,,SKIP_NO_PRIOR_VALID
2873505,9,2026-05-04 19:00:00,0,0,0,0,0,False,2026-05-04 19:00:32,,,SKIP_NO_PRIOR_VALID
2873725,9,2026-05-04 20:00:00,0,0,0,0,0,False,2026-05-04 20:00:33,,,SKIP_NO_PRIOR_VALID
2873940,9,2026-05-04 21:00:00,0,0,0,0,0,False,2026-05-04 21:00:32,,,SKIP_NO_PRIOR_VALID
2874161,9,2026-05-04 22:00:00,0,0,0,0,0,False,2026-05-04 22:00:33,,,SKIP_NO_PRIOR_VALID
2874373,9,2026-05-04 23:00:00,0,0,0,0,0,False,2026-05-04 23:00:31,,,SKIP_NO_PRIOR_VALID
2874596,9,2026-05-05 00:00:00,0,0,0,0,0,False,2026-05-05 00:00:37,,,SKIP_NO_PRIOR_VALID
2874805,9,2026-05-05 01:00:00,0,0,0,0,0,False,2026-05-05 01:00:33,,,SKIP_NO_PRIOR_VALID
2875025,9,2026-05-05 02:00:00,0,0,0,0,0,False,2026-05-05 02:00:32,,,SKIP_NO_PRIOR_VALID
2875241,9,2026-05-05 03:00:00,0,0,0,0,0,False,2026-05-05 03:00:31,,,SKIP_NO_PRIOR_VALID
2875458,9,2026-05-05 04:00:00,0,0,0,0,0,False,2026-05-05 04:00:31,,,SKIP_NO_PRIOR_VALID
2875670,9,2026-05-05 05:00:00,0,0,0,0,0,False,2026-05-05 05:00:30,,,SKIP_NO_PRIOR_VALID
2875893,9,2026-05-05 06:00:00,0,0,0,0,0,False,2026-05-05 06:00:31,,,SKIP_NO_PRIOR_VALID
2876109,9,2026-05-05 07:00:00,0,0,0,0,0,False,2026-05-05 07:00:31,,,SKIP_NO_PRIOR_VALID
2876329,9,2026-05-05 08:00:00,0,0,0,0,0,False,2026-05-05 08:00:32,,,SKIP_NO_PRIOR_VALID
2876549,9,2026-05-05 09:00:00,0,0,0,0,0,False,2026-05-05 09:00:32,,,SKIP_NO_PRIOR_VALID
2876764,9,2026-05-05 10:00:00,0,0,0,0,0,False,2026-05-05 10:00:32,,,SKIP_NO_PRIOR_VALID
2876977,9,2026-05-05 11:00:00,0,0,0,0,0,False,2026-05-05 11:00:31,,,SKIP_NO_PRIOR_VALID
2877193,9,2026-05-05 12:00:00,0,0,0,0,0,False,2026-05-05 12:00:34,,,SKIP_NO_PRIOR_VALID
2877411,9,2026-05-05 13:00:00,0,0,0,0,0,False,2026-05-05 13:00:33,,,SKIP_NO_PRIOR_VALID
2877625,9,2026-05-05 14:00:00,0,0,0,0,0,False,2026-05-05 14:00:34,,,SKIP_NO_PRIOR_VALID
2877846,9,2026-05-05 15:00:00,0,0,0,0,0,False,2026-05-05 15:00:33,,,SKIP_NO_PRIOR_VALID
2878065,9,2026-05-05 16:00:00,0,0,0,0,0,False,2026-05-05 16:00:32,,,SKIP_NO_PRIOR_VALID
2878281,9,2026-05-05 17:00:00,0,0,0,0,0,False,2026-05-05 17:00:33,,,SKIP_NO_PRIOR_VALID
2878498,9,2026-05-05 18:00:00,0,0,0,0,0,False,2026-05-05 18:00:31,,,SKIP_NO_PRIOR_VALID
2878711,9,2026-05-05 19:00:00,0,0,0,0,0,False,2026-05-05 19:00:32,,,SKIP_NO_PRIOR_VALID
2878934,9,2026-05-05 20:00:00,0,0,0,0,0,False,2026-05-05 20:00:33,,,SKIP_NO_PRIOR_VALID
2879148,9,2026-05-05 21:00:00,0,0,0,0,0,False,2026-05-05 21:00:32,,,SKIP_NO_PRIOR_VALID
2879367,9,2026-05-05 22:00:00,0,0,0,0,0,False,2026-05-05 22:00:32,,,SKIP_NO_PRIOR_VALID
2879579,9,2026-05-05 23:00:00,0,0,0,0,0,False,2026-05-05 23:00:30,,,SKIP_NO_PRIOR_VALID
2879802,9,2026-05-06 00:00:00,0,0,0,0,0,False,2026-05-06 00:00:38,,,SKIP_NO_PRIOR_VALID
2880015,9,2026-05-06 01:00:00,0,0,0,0,0,False,2026-05-06 01:00:33,,,SKIP_NO_PRIOR_VALID
2880233,9,2026-05-06 02:00:00,0,0,0,0,0,False,2026-05-06 02:00:32,,,SKIP_NO_PRIOR_VALID
2880446,9,2026-05-06 03:00:00,0,0,0,0,0,False,2026-05-06 03:00:31,,,SKIP_NO_PRIOR_VALID
2880665,9,2026-05-06 04:00:00,0,0,0,0,0,False,2026-05-06 04:00:30,,,SKIP_NO_PRIOR_VALID
2880883,9,2026-05-06 05:00:00,0,0,0,0,0,False,2026-05-06 05:00:30,,,SKIP_NO_PRIOR_VALID
2881100,9,2026-05-06 06:00:00,0,0,0,0,0,False,2026-05-06 06:00:31,,,SKIP_NO_PRIOR_VALID
2881319,9,2026-05-06 07:00:00,0,0,0,0,0,False,2026-05-06 07:00:32,,,SKIP_NO_PRIOR_VALID
2881538,9,2026-05-06 08:00:00,0,0,0,0,0,False,2026-05-06 08:00:32,,,SKIP_NO_PRIOR_VALID
2881755,9,2026-05-06 09:00:00,0,0,0,0,0,False,2026-05-06 09:00:31,,,SKIP_NO_PRIOR_VALID
2881969,9,2026-05-06 10:00:00,0,0,0,0,0,False,2026-05-06 10:00:33,,,SKIP_NO_PRIOR_VALID
2882184,9,2026-05-06 11:00:00,0,0,0,0,0,False,2026-05-06 11:00:30,,,SKIP_NO_PRIOR_VALID
2882404,9,2026-05-06 12:00:00,0,0,0,0,0,False,2026-05-06 12:00:34,,,SKIP_NO_PRIOR_VALID
2882614,9,2026-05-06 13:00:00,0,0,0,0,0,False,2026-05-06 13:00:33,,,SKIP_NO_PRIOR_VALID
2882833,9,2026-05-06 14:00:00,0,0,0,0,0,False,2026-05-06 14:00:33,,,SKIP_NO_PRIOR_VALID
2883055,9,2026-05-06 15:00:00,0,0,0,0,0,False,2026-05-06 15:00:33,,,SKIP_NO_PRIOR_VALID
2883274,9,2026-05-06 16:00:00,0,0,0,0,0,False,2026-05-06 16:00:35,,,SKIP_NO_PRIOR_VALID
2883490,9,2026-05-06 17:00:00,0,0,0,0,0,False,2026-05-06 17:00:32,,,SKIP_NO_PRIOR_VALID
2883705,9,2026-05-06 18:00:00,0,0,0,0,0,False,2026-05-06 18:00:34,,,SKIP_NO_PRIOR_VALID
2883921,9,2026-05-06 19:00:00,0,0,0,0,0,False,2026-05-06 19:00:32,,,SKIP_NO_PRIOR_VALID
2884143,9,2026-05-06 20:00:00,0,0,0,0,0,False,2026-05-06 20:00:33,,,SKIP_NO_PRIOR_VALID
2884354,9,2026-05-06 21:00:00,0,0,0,0,0,False,2026-05-06 21:00:31,,,SKIP_NO_PRIOR_VALID
2884574,9,2026-05-06 22:00:00,0,0,0,0,0,False,2026-05-06 22:00:32,,,SKIP_NO_PRIOR_VALID
2884789,9,2026-05-06 23:00:00,0,0,0,0,0,False,2026-05-06 23:00:32,,,SKIP_NO_PRIOR_VALID
2885013,9,2026-05-07 00:00:00,0,0,0,0,0,False,2026-05-07 00:00:41,,,SKIP_NO_PRIOR_VALID
2885222,9,2026-05-07 01:00:00,0,0,0,0,0,False,2026-05-07 01:00:34,,,SKIP_NO_PRIOR_VALID
2885440,9,2026-05-07 02:00:00,0,0,0,0,0,False,2026-05-07 02:00:32,,,SKIP_NO_PRIOR_VALID
2885658,9,2026-05-07 03:00:00,0,0,0,0,0,False,2026-05-07 03:00:31,,,SKIP_NO_PRIOR_VALID
2885877,9,2026-05-07 04:00:00,0,0,0,0,0,False,2026-05-07 04:00:31,,,SKIP_NO_PRIOR_VALID
2886091,9,2026-05-07 05:00:00,0,0,0,0,0,False,2026-05-07 05:00:31,,,SKIP_NO_PRIOR_VALID
2886309,9,2026-05-07 06:00:00,0,0,0,0,0,False,2026-05-07 06:00:31,,,SKIP_NO_PRIOR_VALID
2886525,9,2026-05-07 07:00:00,0,0,0,0,0,False,2026-05-07 07:00:31,,,SKIP_NO_PRIOR_VALID
2886740,9,2026-05-07 08:00:00,0,0,0,0,0,False,2026-05-07 08:00:32,,,SKIP_NO_PRIOR_VALID
2886958,9,2026-05-07 09:00:00,0,0,0,0,0,False,2026-05-07 09:00:31,,,SKIP_NO_PRIOR_VALID
2887175,9,2026-05-07 10:00:00,0,0,0,0,0,False,2026-05-07 10:00:32,,,SKIP_NO_PRIOR_VALID
2887393,9,2026-05-07 11:00:00,0,0,0,0,0,False,2026-05-07 11:00:31,,,SKIP_NO_PRIOR_VALID
2887607,9,2026-05-07 12:00:00,0,0,0,0,0,False,2026-05-07 12:00:33,,,SKIP_NO_PRIOR_VALID
2887827,9,2026-05-07 13:00:00,0,0,0,0,0,False,2026-05-07 13:00:33,,,SKIP_NO_PRIOR_VALID
2888043,9,2026-05-07 14:00:00,0,0,0,0,0,False,2026-05-07 14:00:35,,,SKIP_NO_PRIOR_VALID
2888260,9,2026-05-07 15:00:00,0,0,0,0,0,False,2026-05-07 15:00:33,,,SKIP_NO_PRIOR_VALID
2888480,9,2026-05-07 16:00:00,0,0,0,0,0,False,2026-05-07 16:00:35,,,SKIP_NO_PRIOR_VALID
2888696,9,2026-05-07 17:00:00,0,0,0,0,0,False,2026-05-07 17:00:33,,,SKIP_NO_PRIOR_VALID
2888914,9,2026-05-07 18:00:00,0,0,0,0,0,False,2026-05-07 18:00:33,,,SKIP_NO_PRIOR_VALID
2889130,9,2026-05-07 19:00:00,0,0,0,0,0,False,2026-05-07 19:00:33,,,SKIP_NO_PRIOR_VALID
2889345,9,2026-05-07 20:00:00,0,0,0,0,0,False,2026-05-07 20:00:33,,,SKIP_NO_PRIOR_VALID
2889615,9,2026-05-07 21:00:00,0,0,0,0,0,False,2026-05-07 21:00:33,,,SKIP_NO_PRIOR_VALID
2889891,9,2026-05-07 22:00:00,0,0,0,0,0,False,2026-05-07 22:00:33,,,SKIP_NO_PRIOR_VALID
2890165,9,2026-05-07 23:00:00,0,0,0,0,0,False,2026-05-07 23:00:33,,,SKIP_NO_PRIOR_VALID
2890446,9,2026-05-08 00:00:00,0,0,0,0,0,False,2026-05-08 00:00:39,,,SKIP_NO_PRIOR_VALID
2890720,9,2026-05-08 01:00:00,0,0,0,0,0,False,2026-05-08 01:00:34,,,SKIP_NO_PRIOR_VALID
2890997,9,2026-05-08 02:00:00,0,0,0,0,0,False,2026-05-08 02:00:34,,,SKIP_NO_PRIOR_VALID
2891276,9,2026-05-08 03:00:00,0,0,0,0,0,False,2026-05-08 03:00:33,,,SKIP_NO_PRIOR_VALID
2891551,9,2026-05-08 04:00:00,0,0,0,0,0,False,2026-05-08 04:00:33,,,SKIP_NO_PRIOR_VALID
2891824,9,2026-05-08 05:00:00,0,0,0,0,0,False,2026-05-08 05:00:32,,,SKIP_NO_PRIOR_VALID
2892103,9,2026-05-08 06:00:00,0,0,0,0,0,False,2026-05-08 06:00:34,,,SKIP_NO_PRIOR_VALID
2892385,9,2026-05-08 07:00:00,0,0,0,0,0,False,2026-05-08 07:00:34,,,SKIP_NO_PRIOR_VALID
2892661,9,2026-05-08 08:00:00,0,0,0,0,0,False,2026-05-08 08:00:33,,,SKIP_NO_PRIOR_VALID
2892937,9,2026-05-08 09:00:00,0,0,0,0,0,False,2026-05-08 09:00:33,,,SKIP_NO_PRIOR_VALID
2893216,9,2026-05-08 10:00:00,0,0,0,0,0,False,2026-05-08 10:00:33,,,SKIP_NO_PRIOR_VALID
2893493,9,2026-05-08 11:00:00,0,0,0,0,0,False,2026-05-08 11:00:31,,,SKIP_NO_PRIOR_VALID
2893768,9,2026-05-08 12:00:00,0,0,0,0,0,False,2026-05-08 12:00:34,,,SKIP_NO_PRIOR_VALID
2894043,9,2026-05-08 13:00:00,0,0,0,0,0,False,2026-05-08 13:00:34,,,SKIP_NO_PRIOR_VALID
2894319,9,2026-05-08 14:00:00,0,0,0,0,0,False,2026-05-08 14:00:34,,,SKIP_NO_PRIOR_VALID
2894600,9,2026-05-08 15:00:00,0,0,0,0,0,False,2026-05-08 15:00:34,,,SKIP_NO_PRIOR_VALID
2894875,9,2026-05-08 16:00:00,0,0,0,0,0,False,2026-05-08 16:00:40,,,SKIP_NO_PRIOR_VALID
2895154,9,2026-05-08 17:00:00,0,0,0,0,0,False,2026-05-08 17:00:34,,,SKIP_NO_PRIOR_VALID
2895431,9,2026-05-08 18:00:00,0,0,0,0,0,False,2026-05-08 18:00:35,,,SKIP_NO_PRIOR_VALID
2895703,9,2026-05-08 19:00:00,0,0,0,0,0,False,2026-05-08 19:00:34,,,SKIP_NO_PRIOR_VALID
2895981,9,2026-05-08 20:00:00,0,0,0,0,0,False,2026-05-08 20:00:33,,,SKIP_NO_PRIOR_VALID
2896258,9,2026-05-08 21:00:00,0,0,0,0,0,False,2026-05-08 21:00:32,,,SKIP_NO_PRIOR_VALID
2896543,9,2026-05-08 22:00:00,0,0,0,0,0,False,2026-05-08 22:00:33,,,SKIP_NO_PRIOR_VALID
2896814,9,2026-05-08 23:00:00,0,0,0,0,0,False,2026-05-08 23:00:40,,,SKIP_NO_PRIOR_VALID
2897098,9,2026-05-09 00:00:00,0,0,0,0,0,False,2026-05-09 00:00:42,,,SKIP_NO_PRIOR_VALID
2897366,9,2026-05-09 01:00:00,0,0,0,0,0,False,2026-05-09 01:00:36,,,SKIP_NO_PRIOR_VALID
2897647,9,2026-05-09 02:00:00,0,0,0,0,0,False,2026-05-09 02:00:33,,,SKIP_NO_PRIOR_VALID
2897928,9,2026-05-09 03:00:00,0,0,0,0,0,False,2026-05-09 03:00:33,,,SKIP_NO_PRIOR_VALID
2898201,9,2026-05-09 04:00:00,0,0,0,0,0,False,2026-05-09 04:00:34,,,SKIP_NO_PRIOR_VALID
2898475,9,2026-05-09 05:00:00,0,0,0,0,0,False,2026-05-09 05:00:35,,,SKIP_NO_PRIOR_VALID
2898753,9,2026-05-09 06:00:00,0,0,0,0,0,False,2026-05-09 06:00:33,,,SKIP_NO_PRIOR_VALID
2899031,9,2026-05-09 07:00:00,0,0,0,0,0,False,2026-05-09 07:00:34,,,SKIP_NO_PRIOR_VALID
2899307,9,2026-05-09 08:00:00,0,0,0,0,0,False,2026-05-09 08:00:32,,,SKIP_NO_PRIOR_VALID
2899585,9,2026-05-09 09:00:00,0,0,0,0,0,False,2026-05-09 09:00:32,,,SKIP_NO_PRIOR_VALID
2899865,9,2026-05-09 10:00:00,0,0,0,0,0,False,2026-05-09 10:00:33,,,SKIP_NO_PRIOR_VALID
2900138,9,2026-05-09 11:00:00,0,0,0,0,0,False,2026-05-09 11:00:32,,,SKIP_NO_PRIOR_VALID
2900410,9,2026-05-09 12:00:00,0,0,0,0,0,False,2026-05-09 12:00:35,,,SKIP_NO_PRIOR_VALID
2900691,9,2026-05-09 13:00:00,0,0,0,0,0,False,2026-05-09 13:00:33,,,SKIP_NO_PRIOR_VALID
2900962,9,2026-05-09 14:00:00,0,0,0,0,0,False,2026-05-09 14:00:32,,,SKIP_NO_PRIOR_VALID
2901247,9,2026-05-09 15:00:00,0,0,0,0,0,False,2026-05-09 15:00:32,,,SKIP_NO_PRIOR_VALID
2901524,9,2026-05-09 16:00:00,0,0,0,0,0,False,2026-05-09 16:00:33,,,SKIP_NO_PRIOR_VALID
2901803,9,2026-05-09 17:00:00,0,0,0,0,0,False,2026-05-09 17:00:33,,,SKIP_NO_PRIOR_VALID
2902082,9,2026-05-09 18:00:00,0,0,0,0,0,False,2026-05-09 18:00:33,,,SKIP_NO_PRIOR_VALID
2902358,9,2026-05-09 19:00:00,0,0,0,0,0,False,2026-05-09 19:00:32,,,SKIP_NO_PRIOR_VALID
2902632,9,2026-05-09 20:00:00,0,0,0,0,0,False,2026-05-09 20:00:31,,,SKIP_NO_PRIOR_VALID
2902910,9,2026-05-09 21:00:00,0,0,0,0,0,False,2026-05-09 21:00:32,,,SKIP_NO_PRIOR_VALID
2903187,9,2026-05-09 22:00:00,0,0,0,0,0,False,2026-05-09 22:00:32,,,SKIP_NO_PRIOR_VALID
2903464,9,2026-05-09 23:00:00,0,0,0,0,0,False,2026-05-09 23:00:33,,,SKIP_NO_PRIOR_VALID
2903752,9,2026-05-10 00:00:00,0,0,0,0,0,False,2026-05-10 00:00:42,,,SKIP_NO_PRIOR_VALID
2904018,9,2026-05-10 01:00:00,0,0,0,0,0,False,2026-05-10 01:00:35,,,SKIP_NO_PRIOR_VALID
2904297,9,2026-05-10 02:00:00,0,0,0,0,0,False,2026-05-10 02:00:32,,,SKIP_NO_PRIOR_VALID
2904568,9,2026-05-10 03:00:00,0,0,0,0,0,False,2026-05-10 03:00:33,,,SKIP_NO_PRIOR_VALID
2904847,9,2026-05-10 04:00:00,0,0,0,0,0,False,2026-05-10 04:00:33,,,SKIP_NO_PRIOR_VALID
2905119,9,2026-05-10 05:00:00,0,0,0,0,0,False,2026-05-10 05:00:32,,,SKIP_NO_PRIOR_VALID
2905404,9,2026-05-10 06:00:00,0,0,0,0,0,False,2026-05-10 06:00:33,,,SKIP_NO_PRIOR_VALID
2905672,9,2026-05-10 07:00:00,0,0,0,0,0,False,2026-05-10 07:00:32,,,SKIP_NO_PRIOR_VALID
2905958,9,2026-05-10 08:00:00,0,0,0,0,0,False,2026-05-10 08:00:34,,,SKIP_NO_PRIOR_VALID
2906234,9,2026-05-10 09:00:00,0,0,0,0,0,False,2026-05-10 09:00:33,,,SKIP_NO_PRIOR_VALID
2906508,9,2026-05-10 10:00:00,0,0,0,0,0,False,2026-05-10 10:00:32,,,SKIP_NO_PRIOR_VALID
2906788,9,2026-05-10 11:00:00,0,0,0,0,0,False,2026-05-10 11:00:31,,,SKIP_NO_PRIOR_VALID
2907062,9,2026-05-10 12:00:00,0,0,0,0,0,False,2026-05-10 12:00:33,,,SKIP_NO_PRIOR_VALID
2907340,9,2026-05-10 13:00:00,0,0,0,0,0,False,2026-05-10 13:00:34,,,SKIP_NO_PRIOR_VALID
2907617,9,2026-05-10 14:00:00,0,0,0,0,0,False,2026-05-10 14:00:31,,,SKIP_NO_PRIOR_VALID
2907896,9,2026-05-10 15:00:00,0,0,0,0,0,False,2026-05-10 15:00:33,,,SKIP_NO_PRIOR_VALID
2908171,9,2026-05-10 16:00:00,0,0,0,0,0,False,2026-05-10 16:00:34,,,SKIP_NO_PRIOR_VALID
2908448,9,2026-05-10 17:00:00,0,0,0,0,0,False,2026-05-10 17:00:34,,,SKIP_NO_PRIOR_VALID
2908724,9,2026-05-10 18:00:00,0,0,0,0,0,False,2026-05-10 18:00:35,,,SKIP_NO_PRIOR_VALID
2908999,9,2026-05-10 19:00:00,0,0,0,0,0,False,2026-05-10 19:00:33,,,SKIP_NO_PRIOR_VALID
2909275,9,2026-05-10 20:00:00,0,0,0,0,0,False,2026-05-10 20:00:32,,,SKIP_NO_PRIOR_VALID
2909550,9,2026-05-10 21:00:00,0,0,0,0,0,False,2026-05-10 21:00:32,,,SKIP_NO_PRIOR_VALID
2909828,9,2026-05-10 22:00:00,0,0,0,0,0,False,2026-05-10 22:00:32,,,SKIP_NO_PRIOR_VALID
2910114,9,2026-05-10 23:00:00,0,0,0,0,0,False,2026-05-10 23:00:32,,,SKIP_NO_PRIOR_VALID
2910393,9,2026-05-11 00:00:00,0,0,0,0,0,False,2026-05-11 00:00:40,,,SKIP_NO_PRIOR_VALID
2910664,9,2026-05-11 01:00:00,0,0,0,0,0,False,2026-05-11 01:00:35,,,SKIP_NO_PRIOR_VALID
2910942,9,2026-05-11 02:00:00,0,0,0,0,0,False,2026-05-11 02:00:32,,,SKIP_NO_PRIOR_VALID
2911222,9,2026-05-11 03:00:00,0,0,0,0,0,False,2026-05-11 03:00:34,,,SKIP_NO_PRIOR_VALID
2911495,9,2026-05-11 04:00:00,0,0,0,0,0,False,2026-05-11 04:00:32,,,SKIP_NO_PRIOR_VALID
2911771,9,2026-05-11 05:00:00,0,0,0,0,0,False,2026-05-11 05:00:33,,,SKIP_NO_PRIOR_VALID
2912049,9,2026-05-11 06:00:00,0,0,0,0,0,False,2026-05-11 06:00:36,,,SKIP_NO_PRIOR_VALID
2912328,9,2026-05-11 07:00:00,0,0,0,0,0,False,2026-05-11 07:00:35,,,SKIP_NO_PRIOR_VALID
2912603,9,2026-05-11 08:00:00,0,0,0,0,0,False,2026-05-11 08:00:35,,,SKIP_NO_PRIOR_VALID
2912883,9,2026-05-11 09:00:00,0,0,0,0,0,False,2026-05-11 09:00:33,,,SKIP_NO_PRIOR_VALID
2913157,9,2026-05-11 10:00:00,0,0,0,0,0,False,2026-05-11 10:00:35,,,SKIP_NO_PRIOR_VALID
2913431,9,2026-05-11 11:00:00,0,0,0,0,0,False,2026-05-11 11:00:32,,,SKIP_NO_PRIOR_VALID
2913711,9,2026-05-11 12:00:00,0,0,0,0,0,False,2026-05-11 12:00:36,,,SKIP_NO_PRIOR_VALID
2913987,9,2026-05-11 13:00:00,0,0,0,0,0,False,2026-05-11 13:00:36,,,SKIP_NO_PRIOR_VALID
2914259,9,2026-05-11 14:00:00,0,0,0,0,0,False,2026-05-11 14:00:35,,,SKIP_NO_PRIOR_VALID
2914543,9,2026-05-11 15:00:00,0,0,0,0,0,False,2026-05-11 15:00:34,,,SKIP_NO_PRIOR_VALID
2914811,9,2026-05-11 16:00:00,0,0,0,0,0,False,2026-05-11 16:00:34,,,SKIP_NO_PRIOR_VALID
2915098,9,2026-05-11 17:00:00,0,0,0,0,0,False,2026-05-11 17:00:35,,,SKIP_NO_PRIOR_VALID
2915373,9,2026-05-11 18:00:00,0,0,0,0,0,False,2026-05-11 18:00:36,,,SKIP_NO_PRIOR_VALID
2915647,9,2026-05-11 19:00:00,0,0,0,0,0,False,2026-05-11 19:00:34,,,SKIP_NO_PRIOR_VALID
2915921,9,2026-05-11 20:00:00,0,0,0,0,0,False,2026-05-11 20:00:33,,,SKIP_NO_PRIOR_VALID
2916201,9,2026-05-11 21:00:00,0,0,0,0,0,False,2026-05-11 21:00:34,,,SKIP_NO_PRIOR_VALID
2916475,9,2026-05-11 22:00:00,0,0,0,0,0,False,2026-05-11 22:00:33,,,SKIP_NO_PRIOR_VALID
2916750,9,2026-05-11 23:00:00,0,0,0,0,0,False,2026-05-11 23:00:31,,,SKIP_NO_PRIOR_VALID
2917031,9,2026-05-12 00:00:00,0,0,0,0,0,False,2026-05-12 00:00:39,,,SKIP_NO_PRIOR_VALID
2917302,9,2026-05-12 01:00:00,0,0,0,0,0,False,2026-05-12 01:00:34,,,SKIP_NO_PRIOR_VALID
2917578,9,2026-05-12 02:00:00,0,0,0,0,0,False,2026-05-12 02:00:33,,,SKIP_NO_PRIOR_VALID
2917856,9,2026-05-12 03:00:00,0,0,0,0,0,False,2026-05-12 03:00:32,,,SKIP_NO_PRIOR_VALID
2918135,9,2026-05-12 04:00:00,0,0,0,0,0,False,2026-05-12 04:00:31,,,SKIP_NO_PRIOR_VALID
2918404,9,2026-05-12 05:00:00,0,0,0,0,0,False,2026-05-12 05:00:33,,,SKIP_NO_PRIOR_VALID
2918680,9,2026-05-12 06:00:00,0,0,0,0,0,False,2026-05-12 06:00:33,,,SKIP_NO_PRIOR_VALID
2918951,9,2026-05-12 07:00:00,0,0,0,0,0,False,2026-05-12 07:00:32,,,SKIP_NO_PRIOR_VALID
2919234,9,2026-05-12 08:00:00,0,0,0,0,0,False,2026-05-12 08:00:33,,,SKIP_NO_PRIOR_VALID
2919508,9,2026-05-12 09:00:00,0,0,0,0,0,False,2026-05-12 09:00:32,,,SKIP_NO_PRIOR_VALID
2919785,9,2026-05-12 10:00:00,0,0,0,0,0,False,2026-05-12 10:00:34,,,SKIP_NO_PRIOR_VALID
2920063,9,2026-05-12 11:00:00,0,0,0,0,0,False,2026-05-12 11:00:33,,,SKIP_NO_PRIOR_VALID
2920338,9,2026-05-12 12:00:00,0,0,0,0,0,False,2026-05-12 12:00:36,,,SKIP_NO_PRIOR_VALID
2920613,9,2026-05-12 13:00:00,0,0,0,0,0,False,2026-05-12 13:00:36,,,SKIP_NO_PRIOR_VALID
2920892,9,2026-05-12 14:00:00,0,0,0,0,0,False,2026-05-12 14:00:34,,,SKIP_NO_PRIOR_VALID
2921165,9,2026-05-12 15:00:00,0,0,0,0,0,False,2026-05-12 15:00:33,,,SKIP_NO_PRIOR_VALID
2921445,9,2026-05-12 16:00:00,0,0,0,0,0,False,2026-05-12 16:00:34,,,SKIP_NO_PRIOR_VALID
2921709,9,2026-05-12 17:00:00,0,0,0,0,0,False,2026-05-12 17:00:34,,,SKIP_NO_PRIOR_VALID
2921983,9,2026-05-12 18:00:00,0,0,0,0,0,False,2026-05-12 18:00:35,,,SKIP_NO_PRIOR_VALID
2923251,9,2026-05-12 19:00:00,0,0,0,0,0,False,2026-05-12 19:00:37,,,SKIP_NO_PRIOR_VALID
2923521,9,2026-05-12 20:00:00,0,0,0,0,0,False,2026-05-12 20:00:34,,,SKIP_NO_PRIOR_VALID
2923794,9,2026-05-12 21:00:00,0,0,0,0,0,False,2026-05-12 21:00:34,,,SKIP_NO_PRIOR_VALID
2924062,9,2026-05-12 22:00:00,0,0,0,0,0,False,2026-05-12 22:00:34,,,SKIP_NO_PRIOR_VALID
2924333,9,2026-05-12 23:00:00,0,0,0,0,0,False,2026-05-12 23:00:34,,,SKIP_NO_PRIOR_VALID
2924607,9,2026-05-13 00:00:00,0,0,0,0,0,False,2026-05-13 00:00:43,,,SKIP_NO_PRIOR_VALID
2924869,9,2026-05-13 01:00:00,0,0,0,0,0,False,2026-05-13 01:00:37,,,SKIP_NO_PRIOR_VALID
2925141,9,2026-05-13 02:00:00,0,0,0,0,0,False,2026-05-13 02:00:33,,,SKIP_NO_PRIOR_VALID
2925410,9,2026-05-13 03:00:00,0,0,0,0,0,False,2026-05-13 03:00:33,,,SKIP_NO_PRIOR_VALID
2925683,9,2026-05-13 04:00:00,0,0,0,0,0,False,2026-05-13 04:00:32,,,SKIP_NO_PRIOR_VALID
2925951,9,2026-05-13 05:00:00,0,0,0,0,0,False,2026-05-13 05:00:33,,,SKIP_NO_PRIOR_VALID
2926222,9,2026-05-13 06:00:00,0,0,0,0,0,False,2026-05-13 06:00:33,,,SKIP_NO_PRIOR_VALID
2926492,9,2026-05-13 07:00:00,0,0,0,0,0,False,2026-05-13 07:00:34,,,SKIP_NO_PRIOR_VALID
2926762,9,2026-05-13 08:00:00,0,0,0,0,0,False,2026-05-13 08:00:33,,,SKIP_NO_PRIOR_VALID
2927033,9,2026-05-13 09:00:00,0,0,0,0,0,False,2026-05-13 09:00:35,,,SKIP_NO_PRIOR_VALID
2927303,9,2026-05-13 10:00:00,0,0,0,0,0,False,2026-05-13 10:00:35,,,SKIP_NO_PRIOR_VALID
2927572,9,2026-05-13 11:00:00,0,0,0,0,0,False,2026-05-13 11:00:33,,,SKIP_NO_PRIOR_VALID
2927841,9,2026-05-13 12:00:00,0,0,0,0,0,False,2026-05-13 12:00:36,,,SKIP_NO_PRIOR_VALID
2928111,9,2026-05-13 13:00:00,0,0,0,0,0,False,2026-05-13 13:00:36,,,SKIP_NO_PRIOR_VALID
2928383,9,2026-05-13 14:00:00,0,0,0,0,0,False,2026-05-13 14:00:36,,,SKIP_NO_PRIOR_VALID
2928653,9,2026-05-13 15:00:00,0,0,0,0,0,False,2026-05-13 15:00:38,,,SKIP_NO_PRIOR_VALID
2928921,9,2026-05-13 16:00:00,0,0,0,0,0,False,2026-05-13 16:00:34,,,SKIP_NO_PRIOR_VALID
2929187,9,2026-05-13 17:00:00,0,0,0,0,0,False,2026-05-13 17:00:34,,,SKIP_NO_PRIOR_VALID
2929454,9,2026-05-13 18:00:00,0,0,0,0,0,False,2026-05-13 18:00:34,,,SKIP_NO_PRIOR_VALID
2929726,9,2026-05-13 19:00:00,0,0,0,0,0,False,2026-05-13 19:00:35,,,SKIP_NO_PRIOR_VALID
2929992,9,2026-05-13 20:00:00,0,0,0,0,0,False,2026-05-13 20:00:35,,,SKIP_NO_PRIOR_VALID
2930254,9,2026-05-13 21:00:00,0,0,0,0,0,False,2026-05-13 21:00:33,,,SKIP_NO_PRIOR_VALID
2930675,9,2026-05-14 04:00:00,0,0,0,0,0,False,2026-05-14 04:01:20,,,SKIP_NO_PRIOR_VALID
2930973,9,2026-05-14 05:00:00,0,0,0,0,0,False,2026-05-14 05:00:34,,,SKIP_NO_PRIOR_VALID
2931241,9,2026-05-14 06:00:00,0,0,0,0,0,False,2026-05-14 06:00:35,,,SKIP_NO_PRIOR_VALID
2931510,9,2026-05-14 07:00:00,0,0,0,0,0,False,2026-05-14 07:00:35,,,SKIP_NO_PRIOR_VALID
2931772,9,2026-05-14 08:00:00,0,0,0,0,0,False,2026-05-14 08:00:36,,,SKIP_NO_PRIOR_VALID
2932046,9,2026-05-14 09:00:00,0,0,0,0,0,False,2026-05-14 09:00:35,,,SKIP_NO_PRIOR_VALID
2932318,9,2026-05-14 10:00:00,0,0,0,0,0,False,2026-05-14 10:00:36,,,SKIP_NO_PRIOR_VALID
2932581,9,2026-05-14 11:00:00,0,0,0,0,0,False,2026-05-14 11:00:34,,,SKIP_NO_PRIOR_VALID
2932854,9,2026-05-14 12:00:00,0,0,0,0,0,False,2026-05-14 12:00:39,,,SKIP_NO_PRIOR_VALID
2933124,9,2026-05-14 13:00:00,0,0,0,0,0,False,2026-05-14 13:00:37,,,SKIP_NO_PRIOR_VALID
2933393,9,2026-05-14 14:00:00,0,0,0,0,0,False,2026-05-14 14:00:37,,,SKIP_NO_PRIOR_VALID
2933659,9,2026-05-14 15:00:00,0,0,0,0,0,False,2026-05-14 15:00:39,,,SKIP_NO_PRIOR_VALID
2933928,9,2026-05-14 16:00:00,0,0,0,0,0,False,2026-05-14 16:00:35,,,SKIP_NO_PRIOR_VALID
2934199,9,2026-05-14 17:00:00,0,0,0,0,0,False,2026-05-14 17:00:37,,,SKIP_NO_PRIOR_VALID
2934467,9,2026-05-14 18:00:00,0,0,0,0,0,False,2026-05-14 18:00:37,,,SKIP_NO_PRIOR_VALID
2934736,9,2026-05-14 19:00:00,0,0,0,0,0,False,2026-05-14 19:00:36,,,SKIP_NO_PRIOR_VALID
2934999,9,2026-05-14 20:00:00,0,0,0,0,0,False,2026-05-14 20:00:36,,,SKIP_NO_PRIOR_VALID
2935272,9,2026-05-14 21:00:00,0,0,0,0,0,False,2026-05-14 21:00:35,,,SKIP_NO_PRIOR_VALID
2935541,9,2026-05-14 22:00:00,0,0,0,0,0,False,2026-05-14 22:00:31,,,SKIP_NO_PRIOR_VALID
2935810,9,2026-05-14 23:00:00,0,0,0,0,0,False,2026-05-14 23:00:31,,,SKIP_NO_PRIOR_VALID
2936080,9,2026-05-15 00:00:00,0,0,0,0,0,False,2026-05-15 00:00:39,,,SKIP_NO_PRIOR_VALID
2936349,9,2026-05-15 01:00:00,0,0,0,0,0,False,2026-05-15 01:00:34,,,SKIP_NO_PRIOR_VALID
2936618,9,2026-05-15 02:00:00,0,0,0,0,0,False,2026-05-15 02:00:32,,,SKIP_NO_PRIOR_VALID
2936881,9,2026-05-15 03:00:00,0,0,0,0,0,False,2026-05-15 03:00:31,,,SKIP_NO_PRIOR_VALID
2937158,9,2026-05-15 04:00:00,0,0,0,0,0,False,2026-05-15 04:00:32,,,SKIP_NO_PRIOR_VALID
2937424,9,2026-05-15 05:00:00,0,0,0,0,0,False,2026-05-15 05:00:32,,,SKIP_NO_PRIOR_VALID
2937695,9,2026-05-15 06:00:00,0,0,0,0,0,False,2026-05-15 06:00:32,,,SKIP_NO_PRIOR_VALID
2937965,9,2026-05-15 07:00:00,0,0,0,0,0,False,2026-05-15 07:00:32,,,SKIP_NO_PRIOR_VALID
2938233,9,2026-05-15 08:00:00,0,0,0,0,0,False,2026-05-15 08:00:30,,,SKIP_NO_PRIOR_VALID
2938503,9,2026-05-15 09:00:00,0,0,0,0,0,False,2026-05-15 09:00:34,,,SKIP_NO_PRIOR_VALID
2938770,9,2026-05-15 10:00:00,0,0,0,0,0,False,2026-05-15 10:00:33,,,SKIP_NO_PRIOR_VALID
2939036,9,2026-05-15 11:00:00,0,0,0,0,0,False,2026-05-15 11:00:30,,,SKIP_NO_PRIOR_VALID
2939308,9,2026-05-15 12:00:00,0,0,0,0,0,False,2026-05-15 12:00:34,,,SKIP_NO_PRIOR_VALID
2939572,9,2026-05-15 13:00:00,0,0,0,0,0,False,2026-05-15 13:00:34,,,SKIP_NO_PRIOR_VALID
2939839,9,2026-05-15 14:00:00,0,0,0,0,0,False,2026-05-15 14:00:37,,,SKIP_NO_PRIOR_VALID
2940117,9,2026-05-15 15:00:00,0,0,0,0,0,False,2026-05-15 15:00:36,,,SKIP_NO_PRIOR_VALID
2940386,9,2026-05-15 16:00:00,0,0,0,0,0,False,2026-05-15 16:00:40,,,SKIP_NO_PRIOR_VALID
2940655,9,2026-05-15 17:00:00,0,0,0,0,0,False,2026-05-15 17:00:40,,,SKIP_NO_PRIOR_VALID
2940924,9,2026-05-15 18:00:00,0,0,0,0,0,False,2026-05-15 18:00:38,,,SKIP_NO_PRIOR_VALID
2941199,9,2026-05-15 19:00:00,0,0,0,0,0,False,2026-05-15 19:00:55,,,SKIP_NO_PRIOR_VALID
2941490,9,2026-05-15 20:00:00,0,0,0,0,0,False,2026-05-15 20:00:55,,,SKIP_NO_PRIOR_VALID
2941735,9,2026-05-15 21:00:00,0,0,0,0,0,False,2026-05-15 21:00:55,,,SKIP_NO_PRIOR_VALID
2942028,9,2026-05-15 22:00:00,0,0,0,0,0,False,2026-05-15 22:00:52,,,SKIP_NO_PRIOR_VALID
2942297,9,2026-05-15 23:00:00,0,0,0,0,0,False,2026-05-15 23:00:56,,,SKIP_NO_PRIOR_VALID
2942544,9,2026-05-16 00:00:00,0,0,0,0,0,False,2026-05-16 00:01:04,,,SKIP_NO_PRIOR_VALID
2942812,9,2026-05-16 01:00:00,0,0,0,0,0,False,2026-05-16 01:00:57,,,SKIP_NO_PRIOR_VALID
2943111,9,2026-05-16 02:00:00,0,0,0,0,0,False,2026-05-16 02:00:58,,,SKIP_NO_PRIOR_VALID
2943335,9,2026-05-16 03:00:00,0,0,0,0,0,False,2026-05-16 03:00:35,,,SKIP_NO_PRIOR_VALID
2943599,9,2026-05-16 04:00:00,0,0,0,0,0,False,2026-05-16 04:00:32,,,SKIP_NO_PRIOR_VALID
2943836,9,2026-05-16 05:00:00,0,0,0,0,0,False,2026-05-16 05:00:33,,,SKIP_NO_PRIOR_VALID
2944104,9,2026-05-16 06:00:00,0,0,0,0,0,False,2026-05-16 06:00:33,,,SKIP_NO_PRIOR_VALID
2944374,9,2026-05-16 07:00:00,0,0,0,0,0,False,2026-05-16 07:00:32,,,SKIP_NO_PRIOR_VALID
2944642,9,2026-05-16 08:00:00,0,0,0,0,0,False,2026-05-16 08:00:32,,,SKIP_NO_PRIOR_VALID
2944912,9,2026-05-16 09:00:00,0,0,0,0,0,False,2026-05-16 09:00:32,,,SKIP_NO_PRIOR_VALID
2945180,9,2026-05-16 10:00:00,0,0,0,0,0,False,2026-05-16 10:00:33,,,SKIP_NO_PRIOR_VALID
2945448,9,2026-05-16 11:00:00,0,0,0,0,0,False,2026-05-16 11:00:31,,,SKIP_NO_PRIOR_VALID
2945717,9,2026-05-16 12:00:00,0,0,0,0,0,False,2026-05-16 12:00:35,,,SKIP_NO_PRIOR_VALID
2945987,9,2026-05-16 13:00:00,0,0,0,0,0,False,2026-05-16 13:00:34,,,SKIP_NO_PRIOR_VALID
2946247,9,2026-05-16 14:00:00,0,0,0,0,0,False,2026-05-16 14:00:33,,,SKIP_NO_PRIOR_VALID
2946528,9,2026-05-16 15:00:00,0,0,0,0,0,False,2026-05-16 15:00:32,,,SKIP_NO_PRIOR_VALID
2946793,9,2026-05-16 16:00:00,0,0,0,0,0,False,2026-05-16 16:00:33,,,SKIP_NO_PRIOR_VALID
2947059,9,2026-05-16 17:00:00,0,0,0,0,0,False,2026-05-16 17:00:32,,,SKIP_NO_PRIOR_VALID
2947324,9,2026-05-16 18:00:00,0,0,0,0,0,False,2026-05-16 18:00:32,,,SKIP_NO_PRIOR_VALID
2947595,9,2026-05-16 19:00:00,0,0,0,0,0,False,2026-05-16 19:00:31,,,SKIP_NO_PRIOR_VALID
2947865,9,2026-05-16 20:00:00,0,0,0,0,0,False,2026-05-16 20:00:32,,,SKIP_NO_PRIOR_VALID
2948134,9,2026-05-16 21:00:00,0,0,0,0,0,False,2026-05-16 21:00:31,,,SKIP_NO_PRIOR_VALID
2948412,9,2026-05-16 22:00:00,0,0,0,0,0,False,2026-05-16 22:00:31,,,SKIP_NO_PRIOR_VALID
2948658,9,2026-05-16 23:00:00,0,0,0,0,0,False,2026-05-16 23:00:55,,,SKIP_NO_PRIOR_VALID
2948894,9,2026-05-17 00:00:00,0,0,0,0,0,False,2026-05-17 00:00:27,,,SKIP_NO_PRIOR_VALID
2949161,9,2026-05-17 01:00:00,0,0,0,0,0,False,2026-05-17 01:00:22,,,SKIP_NO_PRIOR_VALID
2949433,9,2026-05-17 02:00:00,0,0,0,0,0,False,2026-05-17 02:00:20,,,SKIP_NO_PRIOR_VALID
2949704,9,2026-05-17 03:00:00,0,0,0,0,0,False,2026-05-17 03:00:23,,,SKIP_NO_PRIOR_VALID
2949973,9,2026-05-17 04:00:00,0,0,0,0,0,False,2026-05-17 04:00:39,,,SKIP_NO_PRIOR_VALID
2950266,9,2026-05-17 05:00:00,0,0,0,0,0,False,2026-05-17 05:00:41,,,SKIP_NO_PRIOR_VALID
2950677,9,2026-05-17 06:00:00,0,0,0,0,0,False,2026-05-17 06:06:05,,,SKIP_NO_PRIOR_VALID
2950916,9,2026-05-17 07:00:00,0,0,0,0,0,False,2026-05-17 07:06:07,,,SKIP_NO_PRIOR_VALID
2951155,9,2026-05-17 08:00:00,0,0,0,0,0,False,2026-05-17 08:06:07,,,SKIP_NO_PRIOR_VALID
2951394,9,2026-05-17 09:00:00,0,0,0,0,0,False,2026-05-17 09:06:07,,,SKIP_NO_PRIOR_VALID
2951632,9,2026-05-17 10:00:00,0,0,0,0,0,False,2026-05-17 10:06:07,,,SKIP_NO_PRIOR_VALID
2951859,9,2026-05-17 11:00:00,0,0,0,0,0,False,2026-05-17 11:06:07,,,SKIP_NO_PRIOR_VALID
2952087,9,2026-05-17 12:00:00,0,0,0,0,0,False,2026-05-17 12:06:07,,,SKIP_NO_PRIOR_VALID
2952321,9,2026-05-17 13:00:00,0,0,0,0,0,False,2026-05-17 13:06:06,,,SKIP_NO_PRIOR_VALID
2952566,9,2026-05-17 14:00:00,0,0,0,0,0,False,2026-05-17 14:06:07,,,SKIP_NO_PRIOR_VALID
2952828,9,2026-05-17 15:00:00,0,0,0,0,0,False,2026-05-17 15:06:07,,,SKIP_NO_PRIOR_VALID
2953068,9,2026-05-17 16:00:00,0,0,0,0,0,False,2026-05-17 16:06:08,,,SKIP_NO_PRIOR_VALID
2953305,9,2026-05-17 17:00:00,0,0,0,0,0,False,2026-05-17 17:06:06,,,SKIP_NO_PRIOR_VALID
2953544,9,2026-05-17 18:00:00,0,0,0,0,0,False,2026-05-17 18:06:07,,,SKIP_NO_PRIOR_VALID
2953782,9,2026-05-17 19:00:00,0,0,0,0,0,False,2026-05-17 19:06:07,,,SKIP_NO_PRIOR_VALID
2954021,9,2026-05-17 20:00:00,0,0,0,0,0,False,2026-05-17 20:06:07,,,SKIP_NO_PRIOR_VALID
2954260,9,2026-05-17 21:00:00,0,0,0,0,0,False,2026-05-17 21:06:09,,,SKIP_NO_PRIOR_VALID
2954453,9,2026-05-17 22:00:00,0,0,0,0,0,False,2026-05-17 22:06:07,,,SKIP_NO_PRIOR_VALID
2954728,9,2026-05-17 23:00:00,0,0,0,0,0,False,2026-05-17 23:06:12,,,SKIP_NO_PRIOR_VALID
2955003,9,2026-05-18 00:00:00,0,0,0,0,0,False,2026-05-18 00:06:12,,,SKIP_NO_PRIOR_VALID
2955235,9,2026-05-18 01:00:00,0,0,0,0,0,False,2026-05-18 01:06:13,,,SKIP_NO_PRIOR_VALID
2955492,9,2026-05-18 02:00:00,0,0,0,0,0,False,2026-05-18 02:06:07,,,SKIP_NO_PRIOR_VALID
2955732,9,2026-05-18 03:00:00,0,0,0,0,0,False,2026-05-18 03:06:07,,,SKIP_NO_PRIOR_VALID
2955971,9,2026-05-18 04:00:00,0,0,0,0,0,False,2026-05-18 04:06:07,,,SKIP_NO_PRIOR_VALID
2956210,9,2026-05-18 05:00:00,0,0,0,0,0,False,2026-05-18 05:06:07,,,SKIP_NO_PRIOR_VALID
2956449,9,2026-05-18 06:00:00,0,0,0,0,0,False,2026-05-18 06:06:06,,,SKIP_NO_PRIOR_VALID
2956688,9,2026-05-18 07:00:00,0,0,0,0,0,False,2026-05-18 07:06:07,,,SKIP_NO_PRIOR_VALID
2956926,9,2026-05-18 08:00:00,0,0,0,0,0,False,2026-05-18 08:06:06,,,SKIP_NO_PRIOR_VALID
2957166,9,2026-05-18 09:00:00,0,0,0,0,0,False,2026-05-18 09:06:06,,,SKIP_NO_PRIOR_VALID
2957405,9,2026-05-18 10:00:00,0,0,0,0,0,False,2026-05-18 10:06:07,,,SKIP_NO_PRIOR_VALID
2957644,9,2026-05-18 11:00:00,0,0,0,0,0,False,2026-05-18 11:06:07,,,SKIP_NO_PRIOR_VALID
2957883,9,2026-05-18 12:00:00,0,0,0,0,0,False,2026-05-18 12:06:07,,,SKIP_NO_PRIOR_VALID
2958122,9,2026-05-18 13:00:00,0,0,0,0,0,False,2026-05-18 13:06:07,,,SKIP_NO_PRIOR_VALID
2958361,9,2026-05-18 14:00:00,0,0,0,0,0,False,2026-05-18 14:06:07,,,SKIP_NO_PRIOR_VALID
2958603,9,2026-05-18 15:00:00,0,0,0,0,0,False,2026-05-18 15:06:10,,,SKIP_NO_PRIOR_VALID
2914318,12,2026-05-11 14:00:00,0,408425,0,29,0,False,2026-05-11 14:01:34,408425,2026-05-11 13:00:00,SKIP_ALREADY_OK
2935084,12,2026-05-14 20:00:00,0,408639,0,49,0,False,2026-05-14 20:03:12,408639,2026-05-14 19:00:00,SKIP_ALREADY_OK
2947376,12,2026-05-16 18:00:00,0,408714,0,27,0,False,2026-05-16 18:01:51,408714,2026-05-16 17:00:00,SKIP_ALREADY_OK
2935104,14,2026-05-14 20:00:00,0,1447280,0,0,0,False,2026-05-14 20:05:38,1447280,2026-05-14 19:00:00,SKIP_ALREADY_OK
2935110,15,2026-05-14 20:00:00,0,603888,0,0,0,False,2026-05-14 20:06:36,603888,2026-05-14 19:00:00,SKIP_ALREADY_OK
2905779,16,2026-05-10 07:00:00,0,10443,0,0,0,False,2026-05-10 07:03:33,10443,2026-05-10 06:00:00,SKIP_ALREADY_OK
2935109,16,2026-05-14 20:00:00,0,104434,0,0,0,False,2026-05-14 20:06:25,104434,2026-05-14 19:00:00,SKIP_ALREADY_OK
2942864,16,2026-05-16 01:00:00,0,104434,0,0,0,False,2026-05-16 01:03:02,104434,2026-05-16 00:00:00,SKIP_ALREADY_OK
2935111,17,2026-05-14 20:00:00,0,548608,0,1245,0,False,2026-05-14 20:06:44,548608,2026-05-14 19:00:00,SKIP_ALREADY_OK
2905783,18,2026-05-10 07:00:00,0,364196,0,45,0,False,2026-05-10 07:04:20,364196,2026-05-10 06:00:00,SKIP_ALREADY_OK
2935112,18,2026-05-14 20:00:00,0,368758,0,643,0,False,2026-05-14 20:06:52,368758,2026-05-14 19:00:00,SKIP_ALREADY_OK
2935113,19,2026-05-14 20:00:00,0,1187210,0,0,0,False,2026-05-14 20:06:59,1187210,2026-05-14 19:00:00,SKIP_ALREADY_OK
2935108,20,2026-05-14 20:00:00,0,2772,0,16,0,False,2026-05-14 20:06:13,2772,2026-05-14 19:00:00,SKIP_ALREADY_OK
2948693,20,2026-05-16 23:00:00,0,0,0,0,0,False,2026-05-16 23:02:27,2813,2026-05-16 03:00:00,CORRECT_TO_2813
2948920,20,2026-05-17 00:00:00,0,0,0,0,0,False,2026-05-17 00:00:59,2813,2026-05-16 03:00:00,CORRECT_TO_2813
2949189,20,2026-05-17 01:00:00,0,0,0,0,0,False,2026-05-17 01:00:54,2813,2026-05-16 03:00:00,CORRECT_TO_2813
2949479,20,2026-05-17 02:00:00,0,0,0,0,0,False,2026-05-17 02:00:49,2813,2026-05-16 03:00:00,CORRECT_TO_2813
2935093,21,2026-05-14 20:00:00,0,141780,0,173,0,False,2026-05-14 20:04:40,141780,2026-05-14 19:00:00,SKIP_ALREADY_OK
2899970,22,2026-05-09 10:00:00,0,4,0,0,0,False,2026-05-09 10:02:18,4,2026-05-09 09:00:00,SKIP_ALREADY_OK
2935126,22,2026-05-14 20:00:00,0,5,0,0,0,False,2026-05-14 20:09:02,5,2026-05-14 19:00:00,SKIP_ALREADY_OK
2904635,23,2026-05-10 03:00:00,0,4,0,0,0,False,2026-05-10 03:01:58,4,2026-05-10 02:00:00,SKIP_ALREADY_OK
2904889,23,2026-05-10 04:00:00,0,0,0,0,0,False,2026-05-10 04:01:01,4,2026-05-10 02:00:00,CORRECT_TO_4
2905184,23,2026-05-10 05:00:00,0,0,0,0,0,False,2026-05-10 05:01:45,4,2026-05-10 02:00:00,CORRECT_TO_4
2935085,23,2026-05-14 20:00:00,0,4,0,0,0,False,2026-05-14 20:03:24,4,2026-05-14 19:00:00,SKIP_ALREADY_OK
2947913,23,2026-05-16 20:00:00,0,4,0,0,0,False,2026-05-16 20:01:07,4,2026-05-16 19:00:00,SKIP_ALREADY_OK
2909378,24,2026-05-10 20:00:00,0,3499,0,0,44,False,2026-05-10 20:04:54,3499,2026-05-10 19:00:00,SKIP_ALREADY_OK
2935105,24,2026-05-14 20:00:00,0,3499,0,0,0,False,2026-05-14 20:05:50,3499,2026-05-14 19:00:00,SKIP_ALREADY_OK
2892180,25,2026-05-08 06:00:00,0,19213,0,0,0,False,2026-05-08 06:01:49,19213,2026-05-08 05:00:00,SKIP_ALREADY_OK
2935103,25,2026-05-14 20:00:00,0,19213,0,0,0,False,2026-05-14 20:05:26,19213,2026-05-14 19:00:00,SKIP_ALREADY_OK
2948680,25,2026-05-16 23:00:00,0,0,0,0,0,False,2026-05-16 23:01:50,19213,2026-05-16 03:00:00,CORRECT_TO_19213
2948914,25,2026-05-17 00:00:00,0,0,0,0,0,False,2026-05-17 00:00:51,19213,2026-05-16 03:00:00,CORRECT_TO_19213
2949183,25,2026-05-17 01:00:00,0,0,0,0,0,False,2026-05-17 01:00:46,19213,2026-05-16 03:00:00,CORRECT_TO_19213
2949464,25,2026-05-17 02:00:00,0,0,0,0,0,False,2026-05-17 02:00:42,19213,2026-05-16 03:00:00,CORRECT_TO_19213
2901063,26,2026-05-09 14:00:00,0,198161,0,6,0,False,2026-05-09 14:04:17,198161,2026-05-09 13:00:00,SKIP_ALREADY_OK
2935094,26,2026-05-14 20:00:00,0,199719,0,202,0,False,2026-05-14 20:04:51,199719,2026-05-14 19:00:00,SKIP_ALREADY_OK
2935086,27,2026-05-14 20:00:00,0,1447280,0,0,0,False,2026-05-14 20:03:35,1447280,2026-05-14 19:00:00,SKIP_ALREADY_OK
2900745,28,2026-05-09 13:00:00,0,47521,0,0,0,False,2026-05-09 13:01:22,47521,2026-05-09 12:00:00,SKIP_ALREADY_OK
2935087,28,2026-05-14 20:00:00,0,47610,0,31,0,False,2026-05-14 20:03:46,47610,2026-05-14 19:00:00,SKIP_ALREADY_OK
2935095,30,2026-05-14 20:00:00,0,740663,0,0,0,False,2026-05-14 20:05:03,740663,2026-05-14 19:00:00,SKIP_ALREADY_OK
2854628,33,2026-05-01 04:00:00,0,0,0,0,83,False,2026-05-01 04:00:32,,,SKIP_NO_PRIOR_VALID
2854847,33,2026-05-01 05:00:00,0,0,0,0,83,False,2026-05-01 05:00:34,,,SKIP_NO_PRIOR_VALID
2855065,33,2026-05-01 06:00:00,0,0,0,0,84,False,2026-05-01 06:00:34,,,SKIP_NO_PRIOR_VALID
2855280,33,2026-05-01 07:00:00,0,0,0,0,84,False,2026-05-01 07:00:32,,,SKIP_NO_PRIOR_VALID
2855497,33,2026-05-01 08:00:00,0,0,0,0,84,False,2026-05-01 08:00:33,,,SKIP_NO_PRIOR_VALID
2855720,33,2026-05-01 09:00:00,0,0,0,0,84,False,2026-05-01 09:00:35,,,SKIP_NO_PRIOR_VALID
2855928,33,2026-05-01 10:00:00,0,0,0,0,84,False,2026-05-01 10:00:31,,,SKIP_NO_PRIOR_VALID
2856141,33,2026-05-01 11:00:00,0,0,0,0,84,False,2026-05-01 11:00:28,,,SKIP_NO_PRIOR_VALID
2856361,33,2026-05-01 12:00:00,0,0,0,0,84,False,2026-05-01 12:00:35,,,SKIP_NO_PRIOR_VALID
2856578,33,2026-05-01 13:00:00,0,0,0,0,84,False,2026-05-01 13:00:35,,,SKIP_NO_PRIOR_VALID
2856794,33,2026-05-01 14:00:00,0,0,0,0,84,False,2026-05-01 14:00:31,,,SKIP_NO_PRIOR_VALID
2857011,33,2026-05-01 15:00:00,0,0,0,0,84,False,2026-05-01 15:00:30,,,SKIP_NO_PRIOR_VALID
2857226,33,2026-05-01 16:00:00,0,0,0,0,84,False,2026-05-01 16:00:29,,,SKIP_NO_PRIOR_VALID
2857445,33,2026-05-01 17:00:00,0,0,0,0,84,False,2026-05-01 17:00:31,,,SKIP_NO_PRIOR_VALID
2857669,33,2026-05-01 18:00:00,0,0,0,0,84,False,2026-05-01 18:00:34,,,SKIP_NO_PRIOR_VALID
2857887,33,2026-05-01 19:00:00,0,0,0,0,84,False,2026-05-01 19:00:34,,,SKIP_NO_PRIOR_VALID
2858146,33,2026-05-01 20:00:00,0,0,0,0,84,False,2026-05-01 20:01:14,,,SKIP_NO_PRIOR_VALID
2858313,33,2026-05-01 21:00:00,0,0,0,0,84,False,2026-05-01 21:00:30,,,SKIP_NO_PRIOR_VALID
2858580,33,2026-05-01 22:00:00,0,0,0,0,84,False,2026-05-01 22:01:13,,,SKIP_NO_PRIOR_VALID
2858745,33,2026-05-01 23:00:00,0,0,0,0,84,False,2026-05-01 23:00:28,,,SKIP_NO_PRIOR_VALID
2858965,33,2026-05-02 00:00:00,0,0,0,0,84,False,2026-05-02 00:00:37,,,SKIP_NO_PRIOR_VALID
2859181,33,2026-05-02 01:00:00,0,0,0,0,84,False,2026-05-02 01:00:33,,,SKIP_NO_PRIOR_VALID
2859399,33,2026-05-02 02:00:00,0,0,0,0,84,False,2026-05-02 02:00:33,,,SKIP_NO_PRIOR_VALID
2859627,33,2026-05-02 03:00:00,0,0,0,0,84,False,2026-05-02 03:00:37,,,SKIP_NO_PRIOR_VALID
2859832,33,2026-05-02 04:00:00,0,0,0,0,84,False,2026-05-02 04:00:31,,,SKIP_NO_PRIOR_VALID
2860064,33,2026-05-02 05:00:00,0,0,0,0,84,False,2026-05-02 05:00:44,,,SKIP_NO_PRIOR_VALID
2860277,33,2026-05-02 06:00:00,0,0,0,0,85,False,2026-05-02 06:00:36,,,SKIP_NO_PRIOR_VALID
2860481,33,2026-05-02 07:00:00,0,0,0,0,85,False,2026-05-02 07:00:28,,,SKIP_NO_PRIOR_VALID
2860698,33,2026-05-02 08:00:00,0,0,0,0,85,False,2026-05-02 08:00:29,,,SKIP_NO_PRIOR_VALID
2860924,33,2026-05-02 09:00:00,0,0,0,0,85,False,2026-05-02 09:00:33,,,SKIP_NO_PRIOR_VALID
2861133,33,2026-05-02 10:00:00,0,0,0,0,85,False,2026-05-02 10:00:30,,,SKIP_NO_PRIOR_VALID
2861350,33,2026-05-02 11:00:00,0,0,0,0,85,False,2026-05-02 11:00:30,,,SKIP_NO_PRIOR_VALID
2861568,33,2026-05-02 12:00:00,0,0,0,0,85,False,2026-05-02 12:00:33,,,SKIP_NO_PRIOR_VALID
2861797,33,2026-05-02 13:00:00,0,0,0,0,85,False,2026-05-02 13:00:38,,,SKIP_NO_PRIOR_VALID
2862001,33,2026-05-02 14:00:00,0,0,0,0,85,False,2026-05-02 14:00:29,,,SKIP_NO_PRIOR_VALID
2862217,33,2026-05-02 15:00:00,0,0,0,0,85,False,2026-05-02 15:00:27,,,SKIP_NO_PRIOR_VALID
2862448,33,2026-05-02 16:00:00,0,0,0,0,85,False,2026-05-02 16:00:37,,,SKIP_NO_PRIOR_VALID
2862653,33,2026-05-02 17:00:00,0,0,0,0,85,False,2026-05-02 17:00:31,,,SKIP_NO_PRIOR_VALID
2862870,33,2026-05-02 18:00:00,0,0,0,0,85,False,2026-05-02 18:00:31,,,SKIP_NO_PRIOR_VALID
2863091,33,2026-05-02 19:00:00,0,0,0,0,85,False,2026-05-02 19:00:34,,,SKIP_NO_PRIOR_VALID
2863309,33,2026-05-02 20:00:00,0,0,0,0,85,False,2026-05-02 20:00:33,,,SKIP_NO_PRIOR_VALID
2863521,33,2026-05-02 21:00:00,0,0,0,0,85,False,2026-05-02 21:00:30,,,SKIP_NO_PRIOR_VALID
2863739,33,2026-05-02 22:00:00,0,0,0,0,85,False,2026-05-02 22:00:31,,,SKIP_NO_PRIOR_VALID
2864008,33,2026-05-02 23:00:00,0,0,0,0,85,False,2026-05-02 23:01:22,,,SKIP_NO_PRIOR_VALID
2864174,33,2026-05-03 00:00:00,0,0,0,0,85,False,2026-05-03 00:00:39,,,SKIP_NO_PRIOR_VALID
2864401,33,2026-05-03 01:00:00,0,0,0,0,85,False,2026-05-03 01:00:39,,,SKIP_NO_PRIOR_VALID
2864609,33,2026-05-03 02:00:00,0,0,0,0,85,False,2026-05-03 02:00:33,,,SKIP_NO_PRIOR_VALID
2864873,33,2026-05-03 03:00:00,0,0,0,0,85,False,2026-05-03 03:01:11,,,SKIP_NO_PRIOR_VALID
2865043,33,2026-05-03 04:00:00,0,0,0,0,85,False,2026-05-03 04:00:32,,,SKIP_NO_PRIOR_VALID
2865262,33,2026-05-03 05:00:00,0,0,0,0,85,False,2026-05-03 05:00:33,,,SKIP_NO_PRIOR_VALID
2865475,33,2026-05-03 06:00:00,0,0,0,0,86,False,2026-05-03 06:00:32,,,SKIP_NO_PRIOR_VALID
2865696,33,2026-05-03 07:00:00,0,0,0,0,86,False,2026-05-03 07:00:31,,,SKIP_NO_PRIOR_VALID
2865910,33,2026-05-03 08:00:00,0,0,0,0,86,False,2026-05-03 08:00:32,,,SKIP_NO_PRIOR_VALID
2866125,33,2026-05-03 09:00:00,0,0,0,0,86,False,2026-05-03 09:00:31,,,SKIP_NO_PRIOR_VALID
2866345,33,2026-05-03 10:00:00,0,0,0,0,86,False,2026-05-03 10:00:32,,,SKIP_NO_PRIOR_VALID
2866567,33,2026-05-03 11:00:00,0,0,0,0,86,False,2026-05-03 11:00:35,,,SKIP_NO_PRIOR_VALID
2866785,33,2026-05-03 12:00:00,0,0,0,0,86,False,2026-05-03 12:00:37,,,SKIP_NO_PRIOR_VALID
2866991,33,2026-05-03 13:00:00,0,0,0,0,86,False,2026-05-03 13:00:31,,,SKIP_NO_PRIOR_VALID
2867210,33,2026-05-03 14:00:00,0,0,0,0,86,False,2026-05-03 14:00:30,,,SKIP_NO_PRIOR_VALID
2867427,33,2026-05-03 15:00:00,0,0,0,0,86,False,2026-05-03 15:00:30,,,SKIP_NO_PRIOR_VALID
2867641,33,2026-05-03 16:00:00,0,0,0,0,86,False,2026-05-03 16:00:28,,,SKIP_NO_PRIOR_VALID
2867867,33,2026-05-03 17:00:00,0,0,0,0,86,False,2026-05-03 17:00:35,,,SKIP_NO_PRIOR_VALID
2868100,33,2026-05-03 18:00:00,0,0,0,0,86,False,2026-05-03 18:00:48,,,SKIP_NO_PRIOR_VALID
2868300,33,2026-05-03 19:00:00,0,0,0,0,86,False,2026-05-03 19:00:34,,,SKIP_NO_PRIOR_VALID
2868519,33,2026-05-03 20:00:00,0,0,0,0,86,False,2026-05-03 20:00:34,,,SKIP_NO_PRIOR_VALID
2868729,33,2026-05-03 21:00:00,0,0,0,0,86,False,2026-05-03 21:00:30,,,SKIP_NO_PRIOR_VALID
2868952,33,2026-05-03 22:00:00,0,0,0,0,86,False,2026-05-03 22:00:33,,,SKIP_NO_PRIOR_VALID
2869165,33,2026-05-03 23:00:00,0,0,0,0,86,False,2026-05-03 23:00:32,,,SKIP_NO_PRIOR_VALID
2869380,33,2026-05-04 00:00:00,0,0,0,0,86,False,2026-05-04 00:00:39,,,SKIP_NO_PRIOR_VALID
2869609,33,2026-05-04 01:00:00,0,0,0,0,86,False,2026-05-04 01:00:39,,,SKIP_NO_PRIOR_VALID
2869826,33,2026-05-04 02:00:00,0,0,0,0,86,False,2026-05-04 02:00:37,,,SKIP_NO_PRIOR_VALID
2870043,33,2026-05-04 03:00:00,0,0,0,0,86,False,2026-05-04 03:00:39,,,SKIP_NO_PRIOR_VALID
2870248,33,2026-05-04 04:00:00,0,0,0,0,86,False,2026-05-04 04:00:30,,,SKIP_NO_PRIOR_VALID
2870470,33,2026-05-04 05:00:00,0,0,0,0,86,False,2026-05-04 05:00:33,,,SKIP_NO_PRIOR_VALID
2870687,33,2026-05-04 06:00:00,0,0,0,0,87,False,2026-05-04 06:00:34,,,SKIP_NO_PRIOR_VALID
2870906,33,2026-05-04 07:00:00,0,0,0,0,87,False,2026-05-04 07:00:34,,,SKIP_NO_PRIOR_VALID
2871120,33,2026-05-04 08:00:00,0,0,0,0,87,False,2026-05-04 08:00:32,,,SKIP_NO_PRIOR_VALID
2871335,33,2026-05-04 09:00:00,0,0,0,0,87,False,2026-05-04 09:00:31,,,SKIP_NO_PRIOR_VALID
2871550,33,2026-05-04 10:00:00,0,0,0,0,87,False,2026-05-04 10:00:31,,,SKIP_NO_PRIOR_VALID
2871767,33,2026-05-04 11:00:00,0,0,0,0,87,False,2026-05-04 11:00:31,,,SKIP_NO_PRIOR_VALID
2871981,33,2026-05-04 12:00:00,0,0,0,0,87,False,2026-05-04 12:00:27,,,SKIP_NO_PRIOR_VALID
2872202,33,2026-05-04 13:00:00,0,0,0,0,87,False,2026-05-04 13:00:33,,,SKIP_NO_PRIOR_VALID
2872429,33,2026-05-04 14:00:00,0,0,0,0,87,False,2026-05-04 14:00:35,,,SKIP_NO_PRIOR_VALID
2872644,33,2026-05-04 15:00:00,0,0,0,0,87,False,2026-05-04 15:00:33,,,SKIP_NO_PRIOR_VALID
2872861,33,2026-05-04 16:00:00,0,0,0,0,87,False,2026-05-04 16:00:34,,,SKIP_NO_PRIOR_VALID
2873080,33,2026-05-04 17:00:00,0,0,0,0,87,False,2026-05-04 17:00:34,,,SKIP_NO_PRIOR_VALID
2873297,33,2026-05-04 18:00:00,0,0,0,0,87,False,2026-05-04 18:00:37,,,SKIP_NO_PRIOR_VALID
2873509,33,2026-05-04 19:00:00,0,0,0,0,87,False,2026-05-04 19:00:33,,,SKIP_NO_PRIOR_VALID
2873730,33,2026-05-04 20:00:00,0,0,0,0,87,False,2026-05-04 20:00:35,,,SKIP_NO_PRIOR_VALID
2873945,33,2026-05-04 21:00:00,0,0,0,0,87,False,2026-05-04 21:00:33,,,SKIP_NO_PRIOR_VALID
2874165,33,2026-05-04 22:00:00,0,0,0,0,87,False,2026-05-04 22:00:34,,,SKIP_NO_PRIOR_VALID
2874383,33,2026-05-04 23:00:00,0,0,0,0,87,False,2026-05-04 23:00:35,,,SKIP_NO_PRIOR_VALID
2874592,33,2026-05-05 00:00:00,0,0,0,0,87,False,2026-05-05 00:00:36,,,SKIP_NO_PRIOR_VALID
2874816,33,2026-05-05 01:00:00,0,0,0,0,87,False,2026-05-05 01:00:36,,,SKIP_NO_PRIOR_VALID
2875027,33,2026-05-05 02:00:00,0,0,0,0,87,False,2026-05-05 02:00:32,,,SKIP_NO_PRIOR_VALID
2875249,33,2026-05-05 03:00:00,0,0,0,0,87,False,2026-05-05 03:00:34,,,SKIP_NO_PRIOR_VALID
2875468,33,2026-05-05 04:00:00,0,0,0,0,87,False,2026-05-05 04:00:35,,,SKIP_NO_PRIOR_VALID
2875685,33,2026-05-05 05:00:00,0,0,0,0,87,False,2026-05-05 05:00:36,,,SKIP_NO_PRIOR_VALID
2875896,33,2026-05-05 06:00:00,0,0,0,0,88,False,2026-05-05 06:00:32,,,SKIP_NO_PRIOR_VALID
2876119,33,2026-05-05 07:00:00,0,0,0,0,88,False,2026-05-05 07:00:35,,,SKIP_NO_PRIOR_VALID
2876324,33,2026-05-05 08:00:00,0,0,0,0,88,False,2026-05-05 08:00:29,,,SKIP_NO_PRIOR_VALID
2876539,33,2026-05-05 09:00:00,0,0,0,0,88,False,2026-05-05 09:00:28,,,SKIP_NO_PRIOR_VALID
2876756,33,2026-05-05 10:00:00,0,0,0,0,88,False,2026-05-05 10:00:28,,,SKIP_NO_PRIOR_VALID
2876980,33,2026-05-05 11:00:00,0,0,0,0,88,False,2026-05-05 11:00:32,,,SKIP_NO_PRIOR_VALID
2877200,33,2026-05-05 12:00:00,0,0,0,0,88,False,2026-05-05 12:00:35,,,SKIP_NO_PRIOR_VALID
2877416,33,2026-05-05 13:00:00,0,0,0,0,88,False,2026-05-05 13:00:35,,,SKIP_NO_PRIOR_VALID
2877668,33,2026-05-05 14:00:00,0,0,0,0,88,False,2026-05-05 14:00:53,,,SKIP_NO_PRIOR_VALID
2877843,33,2026-05-05 15:00:00,0,0,0,0,88,False,2026-05-05 15:00:30,,,SKIP_NO_PRIOR_VALID
2878060,33,2026-05-05 16:00:00,0,0,0,0,88,False,2026-05-05 16:00:30,,,SKIP_NO_PRIOR_VALID
2878288,33,2026-05-05 17:00:00,0,0,0,0,88,False,2026-05-05 17:00:35,,,SKIP_NO_PRIOR_VALID
2878500,33,2026-05-05 18:00:00,0,0,0,0,88,False,2026-05-05 18:00:31,,,SKIP_NO_PRIOR_VALID
2878723,33,2026-05-05 19:00:00,0,0,0,0,88,False,2026-05-05 19:00:38,,,SKIP_NO_PRIOR_VALID
2878931,33,2026-05-05 20:00:00,0,0,0,0,88,False,2026-05-05 20:00:33,,,SKIP_NO_PRIOR_VALID
2879146,33,2026-05-05 21:00:00,0,0,0,0,88,False,2026-05-05 21:00:31,,,SKIP_NO_PRIOR_VALID
2879366,33,2026-05-05 22:00:00,0,0,0,0,88,False,2026-05-05 22:00:32,,,SKIP_NO_PRIOR_VALID
2879591,33,2026-05-05 23:00:00,0,0,0,0,88,False,2026-05-05 23:00:34,,,SKIP_NO_PRIOR_VALID
2879807,33,2026-05-06 00:00:00,0,0,0,0,88,False,2026-05-06 00:00:40,,,SKIP_NO_PRIOR_VALID
2880024,33,2026-05-06 01:00:00,0,0,0,0,88,False,2026-05-06 01:00:35,,,SKIP_NO_PRIOR_VALID
2880241,33,2026-05-06 02:00:00,0,0,0,0,88,False,2026-05-06 02:00:36,,,SKIP_NO_PRIOR_VALID
2880459,33,2026-05-06 03:00:00,0,0,0,0,88,False,2026-05-06 03:00:36,,,SKIP_NO_PRIOR_VALID
2880667,33,2026-05-06 04:00:00,0,0,0,0,88,False,2026-05-06 04:00:31,,,SKIP_NO_PRIOR_VALID
2880882,33,2026-05-06 05:00:00,0,0,0,0,88,False,2026-05-06 05:00:30,,,SKIP_NO_PRIOR_VALID
2881110,33,2026-05-06 06:00:00,0,0,0,0,89,False,2026-05-06 06:00:35,,,SKIP_NO_PRIOR_VALID
2881322,33,2026-05-06 07:00:00,0,0,0,0,89,False,2026-05-06 07:00:33,,,SKIP_NO_PRIOR_VALID
2881534,33,2026-05-06 08:00:00,0,0,0,0,89,False,2026-05-06 08:00:31,,,SKIP_NO_PRIOR_VALID
2881749,33,2026-05-06 09:00:00,0,0,0,0,89,False,2026-05-06 09:00:29,,,SKIP_NO_PRIOR_VALID
2881977,33,2026-05-06 10:00:00,0,0,0,0,89,False,2026-05-06 10:00:35,,,SKIP_NO_PRIOR_VALID
2882195,33,2026-05-06 11:00:00,0,0,0,0,89,False,2026-05-06 11:00:36,,,SKIP_NO_PRIOR_VALID
2882412,33,2026-05-06 12:00:00,0,0,0,0,89,False,2026-05-06 12:00:38,,,SKIP_NO_PRIOR_VALID
2882631,33,2026-05-06 13:00:00,0,0,0,0,89,False,2026-05-06 13:00:43,,,SKIP_NO_PRIOR_VALID
2882849,33,2026-05-06 14:00:00,0,0,0,0,89,False,2026-05-06 14:00:43,,,SKIP_NO_PRIOR_VALID
2883063,33,2026-05-06 15:00:00,0,0,0,0,89,False,2026-05-06 15:00:38,,,SKIP_NO_PRIOR_VALID
2883279,33,2026-05-06 16:00:00,0,0,0,0,89,False,2026-05-06 16:00:38,,,SKIP_NO_PRIOR_VALID
2883488,33,2026-05-06 17:00:00,0,0,0,0,89,False,2026-05-06 17:00:32,,,SKIP_NO_PRIOR_VALID
2883708,33,2026-05-06 18:00:00,0,0,0,0,89,False,2026-05-06 18:00:34,,,SKIP_NO_PRIOR_VALID
2883930,33,2026-05-06 19:00:00,0,0,0,0,89,False,2026-05-06 19:00:35,,,SKIP_NO_PRIOR_VALID
2884148,33,2026-05-06 20:00:00,0,0,0,0,89,False,2026-05-06 20:00:38,,,SKIP_NO_PRIOR_VALID
2884365,33,2026-05-06 21:00:00,0,0,0,0,89,False,2026-05-06 21:00:37,,,SKIP_NO_PRIOR_VALID
2884581,33,2026-05-06 22:00:00,0,0,0,0,89,False,2026-05-06 22:00:35,,,SKIP_NO_PRIOR_VALID
2884796,33,2026-05-06 23:00:00,0,0,0,0,89,False,2026-05-06 23:00:34,,,SKIP_NO_PRIOR_VALID
2885016,33,2026-05-07 00:00:00,0,0,0,0,89,False,2026-05-07 00:00:44,,,SKIP_NO_PRIOR_VALID
2885233,33,2026-05-07 01:00:00,0,0,0,0,89,False,2026-05-07 01:00:39,,,SKIP_NO_PRIOR_VALID
2885450,33,2026-05-07 02:00:00,0,0,0,0,89,False,2026-05-07 02:00:35,,,SKIP_NO_PRIOR_VALID
2885664,33,2026-05-07 03:00:00,0,0,0,0,89,False,2026-05-07 03:00:33,,,SKIP_NO_PRIOR_VALID
2885872,33,2026-05-07 04:00:00,0,0,0,0,89,False,2026-05-07 04:00:29,,,SKIP_NO_PRIOR_VALID
2886089,33,2026-05-07 05:00:00,0,0,0,0,89,False,2026-05-07 05:00:31,,,SKIP_NO_PRIOR_VALID
2886306,33,2026-05-07 06:00:00,0,0,0,0,90,False,2026-05-07 06:00:30,,,SKIP_NO_PRIOR_VALID
2886535,33,2026-05-07 07:00:00,0,0,0,0,90,False,2026-05-07 07:00:35,,,SKIP_NO_PRIOR_VALID
2886752,33,2026-05-07 08:00:00,0,0,0,0,90,False,2026-05-07 08:00:36,,,SKIP_NO_PRIOR_VALID
2886964,33,2026-05-07 09:00:00,0,0,0,0,90,False,2026-05-07 09:00:33,,,SKIP_NO_PRIOR_VALID
2887187,33,2026-05-07 10:00:00,0,0,0,0,90,False,2026-05-07 10:00:40,,,SKIP_NO_PRIOR_VALID
2887397,33,2026-05-07 11:00:00,0,0,0,0,90,False,2026-05-07 11:00:32,,,SKIP_NO_PRIOR_VALID
2887613,33,2026-05-07 12:00:00,0,0,0,0,90,False,2026-05-07 12:00:35,,,SKIP_NO_PRIOR_VALID
2887825,33,2026-05-07 13:00:00,0,0,0,0,90,False,2026-05-07 13:00:31,,,SKIP_NO_PRIOR_VALID
2888045,33,2026-05-07 14:00:00,0,0,0,0,90,False,2026-05-07 14:00:35,,,SKIP_NO_PRIOR_VALID
2888269,33,2026-05-07 15:00:00,0,0,0,0,90,False,2026-05-07 15:00:36,,,SKIP_NO_PRIOR_VALID
2888476,33,2026-05-07 16:00:00,0,0,0,0,90,False,2026-05-07 16:00:33,,,SKIP_NO_PRIOR_VALID
2888693,33,2026-05-07 17:00:00,0,0,0,0,90,False,2026-05-07 17:00:32,,,SKIP_NO_PRIOR_VALID
2888911,33,2026-05-07 18:00:00,0,0,0,0,90,False,2026-05-07 18:00:33,,,SKIP_NO_PRIOR_VALID
2889129,33,2026-05-07 19:00:00,0,0,0,0,90,False,2026-05-07 19:00:33,,,SKIP_NO_PRIOR_VALID
2889352,33,2026-05-07 20:00:00,0,0,0,0,90,False,2026-05-07 20:00:35,,,SKIP_NO_PRIOR_VALID
2889613,33,2026-05-07 21:00:00,0,0,0,0,90,False,2026-05-07 21:00:32,,,SKIP_NO_PRIOR_VALID
2889897,33,2026-05-07 22:00:00,0,0,0,0,90,False,2026-05-07 22:00:35,,,SKIP_NO_PRIOR_VALID
2890178,33,2026-05-07 23:00:00,0,0,0,0,90,False,2026-05-07 23:00:38,,,SKIP_NO_PRIOR_VALID
2890452,33,2026-05-08 00:00:00,0,0,0,0,90,False,2026-05-08 00:00:40,,,SKIP_NO_PRIOR_VALID
2890729,33,2026-05-08 01:00:00,0,0,0,0,90,False,2026-05-08 01:00:37,,,SKIP_NO_PRIOR_VALID
2891009,33,2026-05-08 02:00:00,0,0,0,0,90,False,2026-05-08 02:00:38,,,SKIP_NO_PRIOR_VALID
2891284,33,2026-05-08 03:00:00,0,0,0,0,90,False,2026-05-08 03:00:35,,,SKIP_NO_PRIOR_VALID
2891553,33,2026-05-08 04:00:00,0,0,0,0,90,False,2026-05-08 04:00:35,,,SKIP_NO_PRIOR_VALID
2891843,33,2026-05-08 05:00:00,0,0,0,0,90,False,2026-05-08 05:00:43,,,SKIP_NO_PRIOR_VALID
2892102,33,2026-05-08 06:00:00,0,0,0,0,91,False,2026-05-08 06:00:34,,,SKIP_NO_PRIOR_VALID
2892386,33,2026-05-08 07:00:00,0,0,0,0,91,False,2026-05-08 07:00:34,,,SKIP_NO_PRIOR_VALID
2892665,33,2026-05-08 08:00:00,0,0,0,0,91,False,2026-05-08 08:00:34,,,SKIP_NO_PRIOR_VALID
2892946,33,2026-05-08 09:00:00,0,0,0,0,91,False,2026-05-08 09:00:35,,,SKIP_NO_PRIOR_VALID
2893217,33,2026-05-08 10:00:00,0,0,0,0,91,False,2026-05-08 10:00:33,,,SKIP_NO_PRIOR_VALID
2893495,33,2026-05-08 11:00:00,0,0,0,0,91,False,2026-05-08 11:00:32,,,SKIP_NO_PRIOR_VALID
2893779,33,2026-05-08 12:00:00,0,0,0,0,91,False,2026-05-08 12:00:39,,,SKIP_NO_PRIOR_VALID
2894056,33,2026-05-08 13:00:00,0,0,0,0,91,False,2026-05-08 13:00:40,,,SKIP_NO_PRIOR_VALID
2894335,33,2026-05-08 14:00:00,0,0,0,0,91,False,2026-05-08 14:00:42,,,SKIP_NO_PRIOR_VALID
2894603,33,2026-05-08 15:00:00,0,0,0,0,91,False,2026-05-08 15:00:36,,,SKIP_NO_PRIOR_VALID
2894881,33,2026-05-08 16:00:00,0,0,0,0,91,False,2026-05-08 16:00:42,,,SKIP_NO_PRIOR_VALID
2895152,33,2026-05-08 17:00:00,0,0,0,0,91,False,2026-05-08 17:00:32,,,SKIP_NO_PRIOR_VALID
2895429,33,2026-05-08 18:00:00,0,0,0,0,91,False,2026-05-08 18:00:33,,,SKIP_NO_PRIOR_VALID
2895719,33,2026-05-08 19:00:00,0,0,0,0,91,False,2026-05-08 19:00:42,,,SKIP_NO_PRIOR_VALID
2896028,33,2026-05-08 20:00:00,0,0,0,0,91,False,2026-05-08 20:00:59,,,SKIP_NO_PRIOR_VALID
2896272,33,2026-05-08 21:00:00,0,0,0,0,91,False,2026-05-08 21:00:35,,,SKIP_NO_PRIOR_VALID
2896537,33,2026-05-08 22:00:00,0,0,0,0,91,False,2026-05-08 22:00:30,,,SKIP_NO_PRIOR_VALID
2896816,33,2026-05-08 23:00:00,0,0,0,0,91,False,2026-05-08 23:00:40,,,SKIP_NO_PRIOR_VALID
2897091,33,2026-05-09 00:00:00,0,0,0,0,91,False,2026-05-09 00:00:39,,,SKIP_NO_PRIOR_VALID
2897380,33,2026-05-09 01:00:00,0,0,0,0,91,False,2026-05-09 01:00:41,,,SKIP_NO_PRIOR_VALID
2897657,33,2026-05-09 02:00:00,0,0,0,0,91,False,2026-05-09 02:00:40,,,SKIP_NO_PRIOR_VALID
2897922,33,2026-05-09 03:00:00,0,0,0,0,91,False,2026-05-09 03:00:31,,,SKIP_NO_PRIOR_VALID
2898211,33,2026-05-09 04:00:00,0,0,0,0,91,False,2026-05-09 04:00:39,,,SKIP_NO_PRIOR_VALID
2898483,33,2026-05-09 05:00:00,0,0,0,0,91,False,2026-05-09 05:00:38,,,SKIP_NO_PRIOR_VALID
2898765,33,2026-05-09 06:00:00,0,0,0,0,92,False,2026-05-09 06:00:37,,,SKIP_NO_PRIOR_VALID
2899036,33,2026-05-09 07:00:00,0,0,0,0,92,False,2026-05-09 07:00:36,,,SKIP_NO_PRIOR_VALID
2899319,33,2026-05-09 08:00:00,0,0,0,0,92,False,2026-05-09 08:00:36,,,SKIP_NO_PRIOR_VALID
2899587,33,2026-05-09 09:00:00,0,0,0,0,92,False,2026-05-09 09:00:32,,,SKIP_NO_PRIOR_VALID
2899861,33,2026-05-09 10:00:00,0,0,0,0,92,False,2026-05-09 10:00:31,,,SKIP_NO_PRIOR_VALID
2900141,33,2026-05-09 11:00:00,0,0,0,0,92,False,2026-05-09 11:00:33,,,SKIP_NO_PRIOR_VALID
2900467,33,2026-05-09 12:00:00,0,0,0,0,92,False,2026-05-09 12:01:17,,,SKIP_NO_PRIOR_VALID
2900755,33,2026-05-09 13:00:00,0,0,0,0,92,False,2026-05-09 13:01:48,,,SKIP_NO_PRIOR_VALID
2901031,33,2026-05-09 14:00:00,0,0,0,0,92,False,2026-05-09 14:01:45,,,SKIP_NO_PRIOR_VALID
2901256,33,2026-05-09 15:00:00,0,0,0,0,92,False,2026-05-09 15:00:35,,,SKIP_NO_PRIOR_VALID
2901532,33,2026-05-09 16:00:00,0,0,0,0,92,False,2026-05-09 16:00:35,,,SKIP_NO_PRIOR_VALID
2901811,33,2026-05-09 17:00:00,0,0,0,0,92,False,2026-05-09 17:00:36,,,SKIP_NO_PRIOR_VALID
2902076,33,2026-05-09 18:00:00,0,0,0,0,92,False,2026-05-09 18:00:29,,,SKIP_NO_PRIOR_VALID
2902354,33,2026-05-09 19:00:00,0,0,0,0,92,False,2026-05-09 19:00:30,,,SKIP_NO_PRIOR_VALID
2902631,33,2026-05-09 20:00:00,0,0,0,0,92,False,2026-05-09 20:00:31,,,SKIP_NO_PRIOR_VALID
2902913,33,2026-05-09 21:00:00,0,0,0,0,92,False,2026-05-09 21:00:33,,,SKIP_NO_PRIOR_VALID
2903185,33,2026-05-09 22:00:00,0,0,0,0,92,False,2026-05-09 22:00:31,,,SKIP_NO_PRIOR_VALID
2903467,33,2026-05-09 23:00:00,0,0,0,0,92,False,2026-05-09 23:00:34,,,SKIP_NO_PRIOR_VALID
2903741,33,2026-05-10 00:00:00,0,0,0,0,92,False,2026-05-10 00:00:39,,,SKIP_NO_PRIOR_VALID
2904028,33,2026-05-10 01:00:00,0,0,0,0,92,False,2026-05-10 01:00:39,,,SKIP_NO_PRIOR_VALID
2904294,33,2026-05-10 02:00:00,0,0,0,0,92,False,2026-05-10 02:00:32,,,SKIP_NO_PRIOR_VALID
2904639,33,2026-05-10 03:00:00,0,0,0,0,92,False,2026-05-10 03:02:01,,,SKIP_NO_PRIOR_VALID
2904900,33,2026-05-10 04:00:00,0,0,0,0,92,False,2026-05-10 04:01:19,,,SKIP_NO_PRIOR_VALID
2905189,33,2026-05-10 05:00:00,0,0,0,0,92,False,2026-05-10 05:01:49,,,SKIP_NO_PRIOR_VALID
2905401,33,2026-05-10 06:00:00,0,0,0,0,93,False,2026-05-10 06:00:30,,,SKIP_NO_PRIOR_VALID
2905752,33,2026-05-10 07:00:00,0,0,0,0,93,False,2026-05-10 07:02:12,,,SKIP_NO_PRIOR_VALID
2905953,33,2026-05-10 08:00:00,0,0,0,0,93,False,2026-05-10 08:00:30,,,SKIP_NO_PRIOR_VALID
2906237,33,2026-05-10 09:00:00,0,0,0,0,93,False,2026-05-10 09:00:34,,,SKIP_NO_PRIOR_VALID
2906521,33,2026-05-10 10:00:00,0,0,0,0,93,False,2026-05-10 10:00:37,,,SKIP_NO_PRIOR_VALID
2906798,33,2026-05-10 11:00:00,0,0,0,0,93,False,2026-05-10 11:00:37,,,SKIP_NO_PRIOR_VALID
2907071,33,2026-05-10 12:00:00,0,0,0,0,93,False,2026-05-10 12:00:36,,,SKIP_NO_PRIOR_VALID
2907342,33,2026-05-10 13:00:00,0,0,0,0,93,False,2026-05-10 13:00:35,,,SKIP_NO_PRIOR_VALID
2907629,33,2026-05-10 14:00:00,0,0,0,0,93,False,2026-05-10 14:00:36,,,SKIP_NO_PRIOR_VALID
2907906,33,2026-05-10 15:00:00,0,0,0,0,93,False,2026-05-10 15:00:38,,,SKIP_NO_PRIOR_VALID
2908184,33,2026-05-10 16:00:00,0,0,0,0,93,False,2026-05-10 16:00:41,,,SKIP_NO_PRIOR_VALID
2908460,33,2026-05-10 17:00:00,0,0,0,0,93,False,2026-05-10 17:00:40,,,SKIP_NO_PRIOR_VALID
2908737,33,2026-05-10 18:00:00,0,0,0,0,93,False,2026-05-10 18:00:39,,,SKIP_NO_PRIOR_VALID
2909021,33,2026-05-10 19:00:00,0,0,0,0,93,False,2026-05-10 19:00:48,,,SKIP_NO_PRIOR_VALID
2909306,33,2026-05-10 20:00:00,0,0,0,0,93,False,2026-05-10 20:00:48,,,SKIP_NO_PRIOR_VALID
2909638,33,2026-05-10 21:00:00,0,0,0,0,93,False,2026-05-10 21:02:56,,,SKIP_NO_PRIOR_VALID
2909865,33,2026-05-10 22:00:00,0,0,0,0,93,False,2026-05-10 22:00:49,,,SKIP_NO_PRIOR_VALID
2910110,33,2026-05-10 23:00:00,0,0,0,0,93,False,2026-05-10 23:00:30,,,SKIP_NO_PRIOR_VALID
2910398,33,2026-05-11 00:00:00,0,0,0,0,93,False,2026-05-11 00:00:42,,,SKIP_NO_PRIOR_VALID
2910665,33,2026-05-11 01:00:00,0,0,0,0,93,False,2026-05-11 01:00:35,,,SKIP_NO_PRIOR_VALID
2910953,33,2026-05-11 02:00:00,0,0,0,0,93,False,2026-05-11 02:00:37,,,SKIP_NO_PRIOR_VALID
2911218,33,2026-05-11 03:00:00,0,0,0,0,93,False,2026-05-11 03:00:33,,,SKIP_NO_PRIOR_VALID
2911509,33,2026-05-11 04:00:00,0,0,0,0,93,False,2026-05-11 04:00:40,,,SKIP_NO_PRIOR_VALID
2911777,33,2026-05-11 05:00:00,0,0,0,0,93,False,2026-05-11 05:00:36,,,SKIP_NO_PRIOR_VALID
2912061,33,2026-05-11 06:00:00,0,0,0,0,94,False,2026-05-11 06:00:40,,,SKIP_NO_PRIOR_VALID
2912335,33,2026-05-11 07:00:00,0,0,0,0,94,False,2026-05-11 07:00:37,,,SKIP_NO_PRIOR_VALID
2912615,33,2026-05-11 08:00:00,0,0,0,0,94,False,2026-05-11 08:00:39,,,SKIP_NO_PRIOR_VALID
2912888,33,2026-05-11 09:00:00,0,0,0,0,94,False,2026-05-11 09:00:34,,,SKIP_NO_PRIOR_VALID
2913169,33,2026-05-11 10:00:00,0,0,0,0,94,False,2026-05-11 10:00:39,,,SKIP_NO_PRIOR_VALID
2913446,33,2026-05-11 11:00:00,0,0,0,0,94,False,2026-05-11 11:00:38,,,SKIP_NO_PRIOR_VALID
2913723,33,2026-05-11 12:00:00,0,0,0,0,94,False,2026-05-11 12:00:40,,,SKIP_NO_PRIOR_VALID
2913991,33,2026-05-11 13:00:00,0,0,0,0,94,False,2026-05-11 13:00:38,,,SKIP_NO_PRIOR_VALID
2914339,33,2026-05-11 14:00:00,0,0,0,0,94,False,2026-05-11 14:02:16,,,SKIP_NO_PRIOR_VALID
2914542,33,2026-05-11 15:00:00,0,0,0,0,94,False,2026-05-11 15:00:34,,,SKIP_NO_PRIOR_VALID
2914875,33,2026-05-11 16:00:00,0,0,0,0,94,False,2026-05-11 16:01:33,,,SKIP_NO_PRIOR_VALID
2915094,33,2026-05-11 17:00:00,0,0,0,0,94,False,2026-05-11 17:00:34,,,SKIP_NO_PRIOR_VALID
2915377,33,2026-05-11 18:00:00,0,0,0,0,94,False,2026-05-11 18:00:37,,,SKIP_NO_PRIOR_VALID
2915653,33,2026-05-11 19:00:00,0,0,0,0,94,False,2026-05-11 19:00:37,,,SKIP_NO_PRIOR_VALID
2915935,33,2026-05-11 20:00:00,0,0,0,0,94,False,2026-05-11 20:00:41,,,SKIP_NO_PRIOR_VALID
2916210,33,2026-05-11 21:00:00,0,0,0,0,94,False,2026-05-11 21:00:39,,,SKIP_NO_PRIOR_VALID
2916474,33,2026-05-11 22:00:00,0,0,0,0,94,False,2026-05-11 22:00:33,,,SKIP_NO_PRIOR_VALID
2916751,33,2026-05-11 23:00:00,0,0,0,0,94,False,2026-05-11 23:00:32,,,SKIP_NO_PRIOR_VALID
2917038,33,2026-05-12 00:00:00,0,0,0,0,94,False,2026-05-12 00:00:43,,,SKIP_NO_PRIOR_VALID
2917312,33,2026-05-12 01:00:00,0,0,0,0,94,False,2026-05-12 01:00:37,,,SKIP_NO_PRIOR_VALID
2917590,33,2026-05-12 02:00:00,0,0,0,0,94,False,2026-05-12 02:00:39,,,SKIP_NO_PRIOR_VALID
2917854,33,2026-05-12 03:00:00,0,0,0,0,94,False,2026-05-12 03:00:31,,,SKIP_NO_PRIOR_VALID
2918129,33,2026-05-12 04:00:00,0,0,0,0,94,False,2026-05-12 04:00:28,,,SKIP_NO_PRIOR_VALID
2918418,33,2026-05-12 05:00:00,0,0,0,0,94,False,2026-05-12 05:00:38,,,SKIP_NO_PRIOR_VALID
2918694,33,2026-05-12 06:00:00,0,0,0,0,95,False,2026-05-12 06:00:39,,,SKIP_NO_PRIOR_VALID
2919023,33,2026-05-12 07:00:00,0,0,0,0,95,False,2026-05-12 07:01:48,,,SKIP_NO_PRIOR_VALID
2919235,33,2026-05-12 08:00:00,0,0,0,0,95,False,2026-05-12 08:00:34,,,SKIP_NO_PRIOR_VALID
2919522,33,2026-05-12 09:00:00,0,0,0,0,95,False,2026-05-12 09:00:39,,,SKIP_NO_PRIOR_VALID
2919792,33,2026-05-12 10:00:00,0,0,0,0,95,False,2026-05-12 10:00:36,,,SKIP_NO_PRIOR_VALID
2920067,33,2026-05-12 11:00:00,0,0,0,0,95,False,2026-05-12 11:00:34,,,SKIP_NO_PRIOR_VALID
2920350,33,2026-05-12 12:00:00,0,0,0,0,95,False,2026-05-12 12:00:42,,,SKIP_NO_PRIOR_VALID
2920620,33,2026-05-12 13:00:00,0,0,0,0,95,False,2026-05-12 13:00:40,,,SKIP_NO_PRIOR_VALID
2920890,33,2026-05-12 14:00:00,0,0,0,0,95,False,2026-05-12 14:00:33,,,SKIP_NO_PRIOR_VALID
2921178,33,2026-05-12 15:00:00,0,0,0,0,95,False,2026-05-12 15:00:38,,,SKIP_NO_PRIOR_VALID
2921449,33,2026-05-12 16:00:00,0,0,0,0,95,False,2026-05-12 16:00:35,,,SKIP_NO_PRIOR_VALID
2921722,33,2026-05-12 17:00:00,0,0,0,0,95,False,2026-05-12 17:00:39,,,SKIP_NO_PRIOR_VALID
2921992,33,2026-05-12 18:00:00,0,0,0,0,95,False,2026-05-12 18:00:38,,,SKIP_NO_PRIOR_VALID
2923256,33,2026-05-12 19:00:00,0,0,0,0,95,False,2026-05-12 19:00:39,,,SKIP_NO_PRIOR_VALID
2923529,33,2026-05-12 20:00:00,0,0,0,0,95,False,2026-05-12 20:00:37,,,SKIP_NO_PRIOR_VALID
2923792,33,2026-05-12 21:00:00,0,0,0,0,95,False,2026-05-12 21:00:32,,,SKIP_NO_PRIOR_VALID
2924063,33,2026-05-12 22:00:00,0,0,0,0,95,False,2026-05-12 22:00:34,,,SKIP_NO_PRIOR_VALID
2924336,33,2026-05-12 23:00:00,0,0,0,0,95,False,2026-05-12 23:00:35,,,SKIP_NO_PRIOR_VALID
2924603,33,2026-05-13 00:00:00,0,0,0,0,95,False,2026-05-13 00:00:41,,,SKIP_NO_PRIOR_VALID
2924883,33,2026-05-13 01:00:00,0,0,0,0,95,False,2026-05-13 01:00:44,,,SKIP_NO_PRIOR_VALID
2925148,33,2026-05-13 02:00:00,0,0,0,0,95,False,2026-05-13 02:00:36,,,SKIP_NO_PRIOR_VALID
2925424,33,2026-05-13 03:00:00,0,0,0,0,95,False,2026-05-13 03:00:38,,,SKIP_NO_PRIOR_VALID
2925688,33,2026-05-13 04:00:00,0,0,0,0,95,False,2026-05-13 04:00:34,,,SKIP_NO_PRIOR_VALID
2925957,33,2026-05-13 05:00:00,0,0,0,0,95,False,2026-05-13 05:00:34,,,SKIP_NO_PRIOR_VALID
2926225,33,2026-05-13 06:00:00,0,0,0,0,96,False,2026-05-13 06:00:34,,,SKIP_NO_PRIOR_VALID
2926494,33,2026-05-13 07:00:00,0,0,0,0,96,False,2026-05-13 07:00:34,,,SKIP_NO_PRIOR_VALID
2926763,33,2026-05-13 08:00:00,0,0,0,0,96,False,2026-05-13 08:00:33,,,SKIP_NO_PRIOR_VALID
2927035,33,2026-05-13 09:00:00,0,0,0,0,96,False,2026-05-13 09:00:35,,,SKIP_NO_PRIOR_VALID
2927304,33,2026-05-13 10:00:00,0,0,0,0,96,False,2026-05-13 10:00:35,,,SKIP_NO_PRIOR_VALID
2927576,33,2026-05-13 11:00:00,0,0,0,0,96,False,2026-05-13 11:00:35,,,SKIP_NO_PRIOR_VALID
2927850,33,2026-05-13 12:00:00,0,0,0,0,96,False,2026-05-13 12:00:40,,,SKIP_NO_PRIOR_VALID
2928113,33,2026-05-13 13:00:00,0,0,0,0,96,False,2026-05-13 13:00:38,,,SKIP_NO_PRIOR_VALID
2928382,33,2026-05-13 14:00:00,0,0,0,0,96,False,2026-05-13 14:00:35,,,SKIP_NO_PRIOR_VALID
2928652,33,2026-05-13 15:00:00,0,0,0,0,96,False,2026-05-13 15:00:38,,,SKIP_NO_PRIOR_VALID
2935088,34,2026-05-14 20:00:00,0,2970,0,1,0,False,2026-05-14 20:03:58,2970,2026-05-14 19:00:00,SKIP_ALREADY_OK
2947926,34,2026-05-16 20:00:00,0,2975,0,1,0,False,2026-05-16 20:01:35,2975,2026-05-16 19:00:00,SKIP_ALREADY_OK
2948216,34,2026-05-16 21:00:00,0,2975,0,1,0,False,2026-05-16 21:01:36,2975,2026-05-16 19:00:00,SKIP_ALREADY_OK
2854637,35,2026-05-01 04:00:00,0,0,0,0,702,False,2026-05-01 04:00:35,,,SKIP_NO_PRIOR_VALID
2854855,35,2026-05-01 05:00:00,0,0,0,0,702,False,2026-05-01 05:00:37,,,SKIP_NO_PRIOR_VALID
2855071,35,2026-05-01 06:00:00,0,0,0,0,702,False,2026-05-01 06:00:37,,,SKIP_NO_PRIOR_VALID
2855287,35,2026-05-01 07:00:00,0,0,0,0,702,False,2026-05-01 07:00:35,,,SKIP_NO_PRIOR_VALID
2855505,35,2026-05-01 08:00:00,0,0,0,0,702,False,2026-05-01 08:00:36,,,SKIP_NO_PRIOR_VALID
2855723,35,2026-05-01 09:00:00,0,0,0,0,702,False,2026-05-01 09:00:37,,,SKIP_NO_PRIOR_VALID
2855939,35,2026-05-01 10:00:00,0,0,0,0,702,False,2026-05-01 10:00:35,,,SKIP_NO_PRIOR_VALID
2856145,35,2026-05-01 11:00:00,0,0,0,0,702,False,2026-05-01 11:00:31,,,SKIP_NO_PRIOR_VALID
2856371,35,2026-05-01 12:00:00,0,0,0,0,702,False,2026-05-01 12:00:38,,,SKIP_NO_PRIOR_VALID
2856586,35,2026-05-01 13:00:00,0,0,0,0,702,False,2026-05-01 13:00:37,,,SKIP_NO_PRIOR_VALID
2856805,35,2026-05-01 14:00:00,0,0,0,0,702,False,2026-05-01 14:00:35,,,SKIP_NO_PRIOR_VALID
2857017,35,2026-05-01 15:00:00,0,0,0,0,702,False,2026-05-01 15:00:34,,,SKIP_NO_PRIOR_VALID
2857230,35,2026-05-01 16:00:00,0,0,0,0,702,False,2026-05-01 16:00:32,,,SKIP_NO_PRIOR_VALID
2857455,35,2026-05-01 17:00:00,0,0,0,0,702,False,2026-05-01 17:00:35,,,SKIP_NO_PRIOR_VALID
2857676,35,2026-05-01 18:00:00,0,0,0,0,702,False,2026-05-01 18:00:37,,,SKIP_NO_PRIOR_VALID
2857893,35,2026-05-01 19:00:00,0,0,0,0,702,False,2026-05-01 19:00:37,,,SKIP_NO_PRIOR_VALID
2858149,35,2026-05-01 20:00:00,0,0,0,0,702,False,2026-05-01 20:01:16,,,SKIP_NO_PRIOR_VALID
2858317,35,2026-05-01 21:00:00,0,0,0,0,702,False,2026-05-01 21:00:32,,,SKIP_NO_PRIOR_VALID
2858583,35,2026-05-01 22:00:00,0,0,0,0,703,False,2026-05-01 22:01:16,,,SKIP_NO_PRIOR_VALID
2858749,35,2026-05-01 23:00:00,0,0,0,0,703,False,2026-05-01 23:00:31,,,SKIP_NO_PRIOR_VALID
2858973,35,2026-05-02 00:00:00,0,0,0,0,703,False,2026-05-02 00:00:40,,,SKIP_NO_PRIOR_VALID
2859191,35,2026-05-02 01:00:00,0,0,0,0,703,False,2026-05-02 01:00:37,,,SKIP_NO_PRIOR_VALID
2859412,35,2026-05-02 02:00:00,0,0,0,0,703,False,2026-05-02 02:00:37,,,SKIP_NO_PRIOR_VALID
2859631,35,2026-05-02 03:00:00,0,0,0,0,703,False,2026-05-02 03:00:41,,,SKIP_NO_PRIOR_VALID
2859840,35,2026-05-02 04:00:00,0,0,0,0,703,False,2026-05-02 04:00:35,,,SKIP_NO_PRIOR_VALID
2860076,35,2026-05-02 05:00:00,0,0,0,0,703,False,2026-05-02 05:00:47,,,SKIP_NO_PRIOR_VALID
2860280,35,2026-05-02 06:00:00,0,0,0,0,703,False,2026-05-02 06:00:39,,,SKIP_NO_PRIOR_VALID
2860485,35,2026-05-02 07:00:00,0,0,0,0,703,False,2026-05-02 07:00:30,,,SKIP_NO_PRIOR_VALID
2860705,35,2026-05-02 08:00:00,0,0,0,0,703,False,2026-05-02 08:00:32,,,SKIP_NO_PRIOR_VALID
2860931,35,2026-05-02 09:00:00,0,0,0,0,703,False,2026-05-02 09:00:36,,,SKIP_NO_PRIOR_VALID
2861139,35,2026-05-02 10:00:00,0,0,0,0,703,False,2026-05-02 10:00:33,,,SKIP_NO_PRIOR_VALID
2861354,35,2026-05-02 11:00:00,0,0,0,0,703,False,2026-05-02 11:00:33,,,SKIP_NO_PRIOR_VALID
2861576,35,2026-05-02 12:00:00,0,0,0,0,703,False,2026-05-02 12:00:36,,,SKIP_NO_PRIOR_VALID
2861801,35,2026-05-02 13:00:00,0,0,0,0,703,False,2026-05-02 13:00:42,,,SKIP_NO_PRIOR_VALID
2862005,35,2026-05-02 14:00:00,0,0,0,0,703,False,2026-05-02 14:00:32,,,SKIP_NO_PRIOR_VALID
2862220,35,2026-05-02 15:00:00,0,0,0,0,703,False,2026-05-02 15:00:29,,,SKIP_NO_PRIOR_VALID
2862451,35,2026-05-02 16:00:00,0,0,0,0,703,False,2026-05-02 16:00:41,,,SKIP_NO_PRIOR_VALID
2862660,35,2026-05-02 17:00:00,0,0,0,0,703,False,2026-05-02 17:00:34,,,SKIP_NO_PRIOR_VALID
2862879,35,2026-05-02 18:00:00,0,0,0,0,703,False,2026-05-02 18:00:34,,,SKIP_NO_PRIOR_VALID
2863098,35,2026-05-02 19:00:00,0,0,0,0,703,False,2026-05-02 19:00:36,,,SKIP_NO_PRIOR_VALID
2863318,35,2026-05-02 20:00:00,0,0,0,0,703,False,2026-05-02 20:00:36,,,SKIP_NO_PRIOR_VALID
2863526,35,2026-05-02 21:00:00,0,0,0,0,703,False,2026-05-02 21:00:33,,,SKIP_NO_PRIOR_VALID
2863750,35,2026-05-02 22:00:00,0,0,0,0,704,False,2026-05-02 22:00:34,,,SKIP_NO_PRIOR_VALID
2864011,35,2026-05-02 23:00:00,0,0,0,0,704,False,2026-05-02 23:01:24,,,SKIP_NO_PRIOR_VALID
2864184,35,2026-05-03 00:00:00,0,0,0,0,704,False,2026-05-03 00:00:42,,,SKIP_NO_PRIOR_VALID
2864404,35,2026-05-03 01:00:00,0,0,0,0,704,False,2026-05-03 01:00:43,,,SKIP_NO_PRIOR_VALID
2864620,35,2026-05-03 02:00:00,0,0,0,0,704,False,2026-05-03 02:00:36,,,SKIP_NO_PRIOR_VALID
2864876,35,2026-05-03 03:00:00,0,0,0,0,704,False,2026-05-03 03:01:15,,,SKIP_NO_PRIOR_VALID
2865054,35,2026-05-03 04:00:00,0,0,0,0,704,False,2026-05-03 04:00:36,,,SKIP_NO_PRIOR_VALID
2865271,35,2026-05-03 05:00:00,0,0,0,0,704,False,2026-05-03 05:00:36,,,SKIP_NO_PRIOR_VALID
2865484,35,2026-05-03 06:00:00,0,0,0,0,704,False,2026-05-03 06:00:35,,,SKIP_NO_PRIOR_VALID
2865704,35,2026-05-03 07:00:00,0,0,0,0,704,False,2026-05-03 07:00:35,,,SKIP_NO_PRIOR_VALID
2865920,35,2026-05-03 08:00:00,0,0,0,0,704,False,2026-05-03 08:00:35,,,SKIP_NO_PRIOR_VALID
2866131,35,2026-05-03 09:00:00,0,0,0,0,704,False,2026-05-03 09:00:34,,,SKIP_NO_PRIOR_VALID
2866355,35,2026-05-03 10:00:00,0,0,0,0,704,False,2026-05-03 10:00:34,,,SKIP_NO_PRIOR_VALID
2866573,35,2026-05-03 11:00:00,0,0,0,0,704,False,2026-05-03 11:00:39,,,SKIP_NO_PRIOR_VALID
2866790,35,2026-05-03 12:00:00,0,0,0,0,704,False,2026-05-03 12:00:41,,,SKIP_NO_PRIOR_VALID
2866995,35,2026-05-03 13:00:00,0,0,0,0,704,False,2026-05-03 13:00:33,,,SKIP_NO_PRIOR_VALID
2867214,35,2026-05-03 14:00:00,0,0,0,0,704,False,2026-05-03 14:00:33,,,SKIP_NO_PRIOR_VALID
2867431,35,2026-05-03 15:00:00,0,0,0,0,704,False,2026-05-03 15:00:33,,,SKIP_NO_PRIOR_VALID
2867644,35,2026-05-03 16:00:00,0,0,0,0,704,False,2026-05-03 16:00:30,,,SKIP_NO_PRIOR_VALID
2867874,35,2026-05-03 17:00:00,0,0,0,0,704,False,2026-05-03 17:00:38,,,SKIP_NO_PRIOR_VALID
2868113,35,2026-05-03 18:00:00,0,0,0,0,704,False,2026-05-03 18:00:51,,,SKIP_NO_PRIOR_VALID
2868307,35,2026-05-03 19:00:00,0,0,0,0,704,False,2026-05-03 19:00:36,,,SKIP_NO_PRIOR_VALID
2868525,35,2026-05-03 20:00:00,0,0,0,0,704,False,2026-05-03 20:00:37,,,SKIP_NO_PRIOR_VALID
2868739,35,2026-05-03 21:00:00,0,0,0,0,704,False,2026-05-03 21:00:33,,,SKIP_NO_PRIOR_VALID
2868960,35,2026-05-03 22:00:00,0,0,0,0,705,False,2026-05-03 22:00:36,,,SKIP_NO_PRIOR_VALID
2869176,35,2026-05-03 23:00:00,0,0,0,0,705,False,2026-05-03 23:00:36,,,SKIP_NO_PRIOR_VALID
2869389,35,2026-05-04 00:00:00,0,0,0,0,705,False,2026-05-04 00:00:42,,,SKIP_NO_PRIOR_VALID
2869612,35,2026-05-04 01:00:00,0,0,0,0,705,False,2026-05-04 01:00:42,,,SKIP_NO_PRIOR_VALID
2869830,35,2026-05-04 02:00:00,0,0,0,0,705,False,2026-05-04 02:00:41,,,SKIP_NO_PRIOR_VALID
2870047,35,2026-05-04 03:00:00,0,0,0,0,705,False,2026-05-04 03:00:44,,,SKIP_NO_PRIOR_VALID
2870253,35,2026-05-04 04:00:00,0,0,0,0,705,False,2026-05-04 04:00:33,,,SKIP_NO_PRIOR_VALID
2870479,35,2026-05-04 05:00:00,0,0,0,0,705,False,2026-05-04 05:00:37,,,SKIP_NO_PRIOR_VALID
2870695,35,2026-05-04 06:00:00,0,0,0,0,705,False,2026-05-04 06:00:37,,,SKIP_NO_PRIOR_VALID
2870913,35,2026-05-04 07:00:00,0,0,0,0,705,False,2026-05-04 07:00:37,,,SKIP_NO_PRIOR_VALID
2871129,35,2026-05-04 08:00:00,0,0,0,0,705,False,2026-05-04 08:00:34,,,SKIP_NO_PRIOR_VALID
2871346,35,2026-05-04 09:00:00,0,0,0,0,705,False,2026-05-04 09:00:34,,,SKIP_NO_PRIOR_VALID
2871558,35,2026-05-04 10:00:00,0,0,0,0,705,False,2026-05-04 10:00:34,,,SKIP_NO_PRIOR_VALID
2871776,35,2026-05-04 11:00:00,0,0,0,0,705,False,2026-05-04 11:00:33,,,SKIP_NO_PRIOR_VALID
2871986,35,2026-05-04 12:00:00,0,0,0,0,705,False,2026-05-04 12:00:30,,,SKIP_NO_PRIOR_VALID
2872210,35,2026-05-04 13:00:00,0,0,0,0,705,False,2026-05-04 13:00:36,,,SKIP_NO_PRIOR_VALID
2872432,35,2026-05-04 14:00:00,0,0,0,0,705,False,2026-05-04 14:00:39,,,SKIP_NO_PRIOR_VALID
2872649,35,2026-05-04 15:00:00,0,0,0,0,705,False,2026-05-04 15:00:37,,,SKIP_NO_PRIOR_VALID
2872866,35,2026-05-04 16:00:00,0,0,0,0,705,False,2026-05-04 16:00:38,,,SKIP_NO_PRIOR_VALID
2873083,35,2026-05-04 17:00:00,0,0,0,0,705,False,2026-05-04 17:00:38,,,SKIP_NO_PRIOR_VALID
2873300,35,2026-05-04 18:00:00,0,0,0,0,705,False,2026-05-04 18:00:39,,,SKIP_NO_PRIOR_VALID
2873517,35,2026-05-04 19:00:00,0,0,0,0,705,False,2026-05-04 19:00:36,,,SKIP_NO_PRIOR_VALID
2873734,35,2026-05-04 20:00:00,0,0,0,0,705,False,2026-05-04 20:00:37,,,SKIP_NO_PRIOR_VALID
2873951,35,2026-05-04 21:00:00,0,0,0,0,705,False,2026-05-04 21:00:37,,,SKIP_NO_PRIOR_VALID
2874168,35,2026-05-04 22:00:00,0,0,0,0,706,False,2026-05-04 22:00:38,,,SKIP_NO_PRIOR_VALID
2874386,35,2026-05-04 23:00:00,0,0,0,0,706,False,2026-05-04 23:00:39,,,SKIP_NO_PRIOR_VALID
2874601,35,2026-05-05 00:00:00,0,0,0,0,706,False,2026-05-05 00:00:39,,,SKIP_NO_PRIOR_VALID
2874820,35,2026-05-05 01:00:00,0,0,0,0,706,False,2026-05-05 01:00:41,,,SKIP_NO_PRIOR_VALID
2875036,35,2026-05-05 02:00:00,0,0,0,0,706,False,2026-05-05 02:00:36,,,SKIP_NO_PRIOR_VALID
2875253,35,2026-05-05 03:00:00,0,0,0,0,706,False,2026-05-05 03:00:37,,,SKIP_NO_PRIOR_VALID
2875471,35,2026-05-05 04:00:00,0,0,0,0,706,False,2026-05-05 04:00:38,,,SKIP_NO_PRIOR_VALID
2875688,35,2026-05-05 05:00:00,0,0,0,0,706,False,2026-05-05 05:00:38,,,SKIP_NO_PRIOR_VALID
2875903,35,2026-05-05 06:00:00,0,0,0,0,706,False,2026-05-05 06:00:34,,,SKIP_NO_PRIOR_VALID
2876122,35,2026-05-05 07:00:00,0,0,0,0,706,False,2026-05-05 07:00:38,,,SKIP_NO_PRIOR_VALID
2876332,35,2026-05-05 08:00:00,0,0,0,0,706,False,2026-05-05 08:00:32,,,SKIP_NO_PRIOR_VALID
2876547,35,2026-05-05 09:00:00,0,0,0,0,706,False,2026-05-05 09:00:31,,,SKIP_NO_PRIOR_VALID
2876761,35,2026-05-05 10:00:00,0,0,0,0,706,False,2026-05-05 10:00:31,,,SKIP_NO_PRIOR_VALID
2876989,35,2026-05-05 11:00:00,0,0,0,0,706,False,2026-05-05 11:00:35,,,SKIP_NO_PRIOR_VALID
2877206,35,2026-05-05 12:00:00,0,0,0,0,706,False,2026-05-05 12:00:39,,,SKIP_NO_PRIOR_VALID
2877423,35,2026-05-05 13:00:00,0,0,0,0,706,False,2026-05-05 13:00:38,,,SKIP_NO_PRIOR_VALID
2877671,35,2026-05-05 14:00:00,0,0,0,0,706,False,2026-05-05 14:00:55,,,SKIP_NO_PRIOR_VALID
2877848,35,2026-05-05 15:00:00,0,0,0,0,706,False,2026-05-05 15:00:33,,,SKIP_NO_PRIOR_VALID
2878067,35,2026-05-05 16:00:00,0,0,0,0,706,False,2026-05-05 16:00:32,,,SKIP_NO_PRIOR_VALID
2878291,35,2026-05-05 17:00:00,0,0,0,0,706,False,2026-05-05 17:00:39,,,SKIP_NO_PRIOR_VALID
2878508,35,2026-05-05 18:00:00,0,0,0,0,706,False,2026-05-05 18:00:35,,,SKIP_NO_PRIOR_VALID
2878746,35,2026-05-05 19:00:00,0,0,0,0,706,False,2026-05-05 19:00:50,,,SKIP_NO_PRIOR_VALID
2878942,35,2026-05-05 20:00:00,0,0,0,0,706,False,2026-05-05 20:00:37,,,SKIP_NO_PRIOR_VALID
2879155,35,2026-05-05 21:00:00,0,0,0,0,706,False,2026-05-05 21:00:33,,,SKIP_NO_PRIOR_VALID
2879375,35,2026-05-05 22:00:00,0,0,0,0,707,False,2026-05-05 22:00:35,,,SKIP_NO_PRIOR_VALID
2879593,35,2026-05-05 23:00:00,0,0,0,0,707,False,2026-05-05 23:00:37,,,SKIP_NO_PRIOR_VALID
2879810,35,2026-05-06 00:00:00,0,0,0,0,707,False,2026-05-06 00:00:43,,,SKIP_NO_PRIOR_VALID
2880028,35,2026-05-06 01:00:00,0,0,0,0,707,False,2026-05-06 01:00:40,,,SKIP_NO_PRIOR_VALID
2880245,35,2026-05-06 02:00:00,0,0,0,0,707,False,2026-05-06 02:00:39,,,SKIP_NO_PRIOR_VALID
2880463,35,2026-05-06 03:00:00,0,0,0,0,707,False,2026-05-06 03:00:41,,,SKIP_NO_PRIOR_VALID
2880678,35,2026-05-06 04:00:00,0,0,0,0,707,False,2026-05-06 04:00:35,,,SKIP_NO_PRIOR_VALID
2880895,35,2026-05-06 05:00:00,0,0,0,0,707,False,2026-05-06 05:00:34,,,SKIP_NO_PRIOR_VALID
2881113,35,2026-05-06 06:00:00,0,0,0,0,707,False,2026-05-06 06:00:38,,,SKIP_NO_PRIOR_VALID
2881329,35,2026-05-06 07:00:00,0,0,0,0,707,False,2026-05-06 07:00:36,,,SKIP_NO_PRIOR_VALID
2881545,35,2026-05-06 08:00:00,0,0,0,0,707,False,2026-05-06 08:00:34,,,SKIP_NO_PRIOR_VALID
2881760,35,2026-05-06 09:00:00,0,0,0,0,707,False,2026-05-06 09:00:33,,,SKIP_NO_PRIOR_VALID
2881983,35,2026-05-06 10:00:00,0,0,0,0,707,False,2026-05-06 10:00:43,,,SKIP_NO_PRIOR_VALID
2882199,35,2026-05-06 11:00:00,0,0,0,0,707,False,2026-05-06 11:00:40,,,SKIP_NO_PRIOR_VALID
2882416,35,2026-05-06 12:00:00,0,0,0,0,707,False,2026-05-06 12:00:43,,,SKIP_NO_PRIOR_VALID
2882635,35,2026-05-06 13:00:00,0,0,0,0,707,False,2026-05-06 13:00:46,,,SKIP_NO_PRIOR_VALID
2882857,35,2026-05-06 14:00:00,0,0,0,0,707,False,2026-05-06 14:00:47,,,SKIP_NO_PRIOR_VALID
2883066,35,2026-05-06 15:00:00,0,0,0,0,707,False,2026-05-06 15:00:40,,,SKIP_NO_PRIOR_VALID
2883282,35,2026-05-06 16:00:00,0,0,0,0,707,False,2026-05-06 16:00:41,,,SKIP_NO_PRIOR_VALID
2883497,35,2026-05-06 17:00:00,0,0,0,0,707,False,2026-05-06 17:00:34,,,SKIP_NO_PRIOR_VALID
2883716,35,2026-05-06 18:00:00,0,0,0,0,707,False,2026-05-06 18:00:38,,,SKIP_NO_PRIOR_VALID
2883934,35,2026-05-06 19:00:00,0,0,0,0,707,False,2026-05-06 19:00:39,,,SKIP_NO_PRIOR_VALID
2884152,35,2026-05-06 20:00:00,0,0,0,0,707,False,2026-05-06 20:00:42,,,SKIP_NO_PRIOR_VALID
2884368,35,2026-05-06 21:00:00,0,0,0,0,707,False,2026-05-06 21:00:39,,,SKIP_NO_PRIOR_VALID
2884584,35,2026-05-06 22:00:00,0,0,0,0,708,False,2026-05-06 22:00:38,,,SKIP_NO_PRIOR_VALID
2884801,35,2026-05-06 23:00:00,0,0,0,0,708,False,2026-05-06 23:00:37,,,SKIP_NO_PRIOR_VALID
2885019,35,2026-05-07 00:00:00,0,0,0,0,708,False,2026-05-07 00:00:48,,,SKIP_NO_PRIOR_VALID
2885237,35,2026-05-07 01:00:00,0,0,0,0,708,False,2026-05-07 01:00:44,,,SKIP_NO_PRIOR_VALID
2885453,35,2026-05-07 02:00:00,0,0,0,0,708,False,2026-05-07 02:00:39,,,SKIP_NO_PRIOR_VALID
2885669,35,2026-05-07 03:00:00,0,0,0,0,708,False,2026-05-07 03:00:36,,,SKIP_NO_PRIOR_VALID
2885880,35,2026-05-07 04:00:00,0,0,0,0,708,False,2026-05-07 04:00:32,,,SKIP_NO_PRIOR_VALID
2886103,35,2026-05-07 05:00:00,0,0,0,0,708,False,2026-05-07 05:00:35,,,SKIP_NO_PRIOR_VALID
2886317,35,2026-05-07 06:00:00,0,0,0,0,708,False,2026-05-07 06:00:34,,,SKIP_NO_PRIOR_VALID
2886538,35,2026-05-07 07:00:00,0,0,0,0,708,False,2026-05-07 07:00:39,,,SKIP_NO_PRIOR_VALID
2886755,35,2026-05-07 08:00:00,0,0,0,0,708,False,2026-05-07 08:00:39,,,SKIP_NO_PRIOR_VALID
2886971,35,2026-05-07 09:00:00,0,0,0,0,708,False,2026-05-07 09:00:37,,,SKIP_NO_PRIOR_VALID
2887191,35,2026-05-07 10:00:00,0,0,0,0,708,False,2026-05-07 10:00:43,,,SKIP_NO_PRIOR_VALID
2887405,35,2026-05-07 11:00:00,0,0,0,0,708,False,2026-05-07 11:00:36,,,SKIP_NO_PRIOR_VALID
2887622,35,2026-05-07 12:00:00,0,0,0,0,708,False,2026-05-07 12:00:39,,,SKIP_NO_PRIOR_VALID
2887829,35,2026-05-07 13:00:00,0,0,0,0,708,False,2026-05-07 13:00:34,,,SKIP_NO_PRIOR_VALID
2888053,35,2026-05-07 14:00:00,0,0,0,0,708,False,2026-05-07 14:00:38,,,SKIP_NO_PRIOR_VALID
2888273,35,2026-05-07 15:00:00,0,0,0,0,708,False,2026-05-07 15:00:38,,,SKIP_NO_PRIOR_VALID
2888484,35,2026-05-07 16:00:00,0,0,0,0,708,False,2026-05-07 16:00:36,,,SKIP_NO_PRIOR_VALID
2888702,35,2026-05-07 17:00:00,0,0,0,0,708,False,2026-05-07 17:00:35,,,SKIP_NO_PRIOR_VALID
2888921,35,2026-05-07 18:00:00,0,0,0,0,708,False,2026-05-07 18:00:35,,,SKIP_NO_PRIOR_VALID
2889139,35,2026-05-07 19:00:00,0,0,0,0,708,False,2026-05-07 19:00:36,,,SKIP_NO_PRIOR_VALID
2889358,35,2026-05-07 20:00:00,0,0,0,0,708,False,2026-05-07 20:00:39,,,SKIP_NO_PRIOR_VALID
2889625,35,2026-05-07 21:00:00,0,0,0,0,708,False,2026-05-07 21:00:36,,,SKIP_NO_PRIOR_VALID
2889903,35,2026-05-07 22:00:00,0,0,0,0,709,False,2026-05-07 22:00:39,,,SKIP_NO_PRIOR_VALID
2890182,35,2026-05-07 23:00:00,0,0,0,0,709,False,2026-05-07 23:00:41,,,SKIP_NO_PRIOR_VALID
2890457,35,2026-05-08 00:00:00,0,0,0,0,709,False,2026-05-08 00:00:45,,,SKIP_NO_PRIOR_VALID
2890733,35,2026-05-08 01:00:00,0,0,0,0,709,False,2026-05-08 01:00:41,,,SKIP_NO_PRIOR_VALID
2891012,35,2026-05-08 02:00:00,0,0,0,0,709,False,2026-05-08 02:00:42,,,SKIP_NO_PRIOR_VALID
2891288,35,2026-05-08 03:00:00,0,0,0,0,709,False,2026-05-08 03:00:38,,,SKIP_NO_PRIOR_VALID
2891556,35,2026-05-08 04:00:00,0,0,0,0,709,False,2026-05-08 04:00:39,,,SKIP_NO_PRIOR_VALID
2891846,35,2026-05-08 05:00:00,0,0,0,0,709,False,2026-05-08 05:00:46,,,SKIP_NO_PRIOR_VALID
2892108,35,2026-05-08 06:00:00,0,0,0,0,709,False,2026-05-08 06:00:38,,,SKIP_NO_PRIOR_VALID
2892396,35,2026-05-08 07:00:00,0,0,0,0,709,False,2026-05-08 07:00:38,,,SKIP_NO_PRIOR_VALID
2892673,35,2026-05-08 08:00:00,0,0,0,0,709,False,2026-05-08 08:00:37,,,SKIP_NO_PRIOR_VALID
2892950,35,2026-05-08 09:00:00,0,0,0,0,709,False,2026-05-08 09:00:38,,,SKIP_NO_PRIOR_VALID
2893227,35,2026-05-08 10:00:00,0,0,0,0,709,False,2026-05-08 10:00:36,,,SKIP_NO_PRIOR_VALID
2893503,35,2026-05-08 11:00:00,0,0,0,0,709,False,2026-05-08 11:00:34,,,SKIP_NO_PRIOR_VALID
2893783,35,2026-05-08 12:00:00,0,0,0,0,709,False,2026-05-08 12:00:42,,,SKIP_NO_PRIOR_VALID
2894060,35,2026-05-08 13:00:00,0,0,0,0,709,False,2026-05-08 13:00:44,,,SKIP_NO_PRIOR_VALID
2894338,35,2026-05-08 14:00:00,0,0,0,0,709,False,2026-05-08 14:00:46,,,SKIP_NO_PRIOR_VALID
2894611,35,2026-05-08 15:00:00,0,0,0,0,709,False,2026-05-08 15:00:38,,,SKIP_NO_PRIOR_VALID
2894889,35,2026-05-08 16:00:00,0,0,0,0,709,False,2026-05-08 16:00:45,,,SKIP_NO_PRIOR_VALID
2895161,35,2026-05-08 17:00:00,0,0,0,0,709,False,2026-05-08 17:00:36,,,SKIP_NO_PRIOR_VALID
2895437,35,2026-05-08 18:00:00,0,0,0,0,709,False,2026-05-08 18:00:36,,,SKIP_NO_PRIOR_VALID
2895753,35,2026-05-08 19:00:00,0,0,0,0,709,False,2026-05-08 19:01:02,,,SKIP_NO_PRIOR_VALID
2896030,35,2026-05-08 20:00:00,0,0,0,0,709,False,2026-05-08 20:01:02,,,SKIP_NO_PRIOR_VALID
2896275,35,2026-05-08 21:00:00,0,0,0,0,709,False,2026-05-08 21:00:39,,,SKIP_NO_PRIOR_VALID
2896541,35,2026-05-08 22:00:00,0,0,0,0,710,False,2026-05-08 22:00:33,,,SKIP_NO_PRIOR_VALID
2896827,35,2026-05-08 23:00:00,0,0,0,0,710,False,2026-05-08 23:00:43,,,SKIP_NO_PRIOR_VALID
2897104,35,2026-05-09 00:00:00,0,0,0,0,710,False,2026-05-09 00:00:45,,,SKIP_NO_PRIOR_VALID
2897384,35,2026-05-09 01:00:00,0,0,0,0,710,False,2026-05-09 01:00:45,,,SKIP_NO_PRIOR_VALID
2897661,35,2026-05-09 02:00:00,0,0,0,0,710,False,2026-05-09 02:00:43,,,SKIP_NO_PRIOR_VALID
2897931,35,2026-05-09 03:00:00,0,0,0,0,710,False,2026-05-09 03:00:33,,,SKIP_NO_PRIOR_VALID
2898214,35,2026-05-09 04:00:00,0,0,0,0,710,False,2026-05-09 04:00:42,,,SKIP_NO_PRIOR_VALID
2898490,35,2026-05-09 05:00:00,0,0,0,0,710,False,2026-05-09 05:00:42,,,SKIP_NO_PRIOR_VALID
2898768,35,2026-05-09 06:00:00,0,0,0,0,710,False,2026-05-09 06:00:41,,,SKIP_NO_PRIOR_VALID
2899044,35,2026-05-09 07:00:00,0,0,0,0,710,False,2026-05-09 07:00:39,,,SKIP_NO_PRIOR_VALID
2899322,35,2026-05-09 08:00:00,0,0,0,0,710,False,2026-05-09 08:00:39,,,SKIP_NO_PRIOR_VALID
2899597,35,2026-05-09 09:00:00,0,0,0,0,710,False,2026-05-09 09:00:35,,,SKIP_NO_PRIOR_VALID
2899874,35,2026-05-09 10:00:00,0,0,0,0,710,False,2026-05-09 10:00:36,,,SKIP_NO_PRIOR_VALID
2900152,35,2026-05-09 11:00:00,0,0,0,0,710,False,2026-05-09 11:00:37,,,SKIP_NO_PRIOR_VALID
2900469,35,2026-05-09 12:00:00,0,0,0,0,710,False,2026-05-09 12:01:20,,,SKIP_NO_PRIOR_VALID
2900766,35,2026-05-09 13:00:00,0,0,0,0,710,False,2026-05-09 13:02:07,,,SKIP_NO_PRIOR_VALID
2901036,35,2026-05-09 14:00:00,0,0,0,0,710,False,2026-05-09 14:01:50,,,SKIP_NO_PRIOR_VALID
2901260,35,2026-05-09 15:00:00,0,0,0,0,710,False,2026-05-09 15:00:39,,,SKIP_NO_PRIOR_VALID
2901537,35,2026-05-09 16:00:00,0,0,0,0,710,False,2026-05-09 16:00:38,,,SKIP_NO_PRIOR_VALID
2901814,35,2026-05-09 17:00:00,0,0,0,0,710,False,2026-05-09 17:00:39,,,SKIP_NO_PRIOR_VALID
2902079,35,2026-05-09 18:00:00,0,0,0,0,710,False,2026-05-09 18:00:32,,,SKIP_NO_PRIOR_VALID
2902360,35,2026-05-09 19:00:00,0,0,0,0,710,False,2026-05-09 19:00:33,,,SKIP_NO_PRIOR_VALID
2902639,35,2026-05-09 20:00:00,0,0,0,0,710,False,2026-05-09 20:00:33,,,SKIP_NO_PRIOR_VALID
2902921,35,2026-05-09 21:00:00,0,0,0,0,710,False,2026-05-09 21:00:35,,,SKIP_NO_PRIOR_VALID
2903197,35,2026-05-09 22:00:00,0,0,0,0,711,False,2026-05-09 22:00:35,,,SKIP_NO_PRIOR_VALID
2903476,35,2026-05-09 23:00:00,0,0,0,0,711,False,2026-05-09 23:00:36,,,SKIP_NO_PRIOR_VALID
2903750,35,2026-05-10 00:00:00,0,0,0,0,711,False,2026-05-10 00:00:41,,,SKIP_NO_PRIOR_VALID
2904031,35,2026-05-10 01:00:00,0,0,0,0,711,False,2026-05-10 01:00:43,,,SKIP_NO_PRIOR_VALID
2904307,35,2026-05-10 02:00:00,0,0,0,0,711,False,2026-05-10 02:00:36,,,SKIP_NO_PRIOR_VALID
2904642,35,2026-05-10 03:00:00,0,0,0,0,711,False,2026-05-10 03:02:04,,,SKIP_NO_PRIOR_VALID
2904903,35,2026-05-10 04:00:00,0,0,0,0,711,False,2026-05-10 04:01:21,,,SKIP_NO_PRIOR_VALID
2905191,35,2026-05-10 05:00:00,0,0,0,0,711,False,2026-05-10 05:01:52,,,SKIP_NO_PRIOR_VALID
2905405,35,2026-05-10 06:00:00,0,0,0,0,711,False,2026-05-10 06:00:33,,,SKIP_NO_PRIOR_VALID
2905755,35,2026-05-10 07:00:00,0,0,0,0,711,False,2026-05-10 07:02:14,,,SKIP_NO_PRIOR_VALID
2905957,35,2026-05-10 08:00:00,0,0,0,0,711,False,2026-05-10 08:00:33,,,SKIP_NO_PRIOR_VALID
2906246,35,2026-05-10 09:00:00,0,0,0,0,711,False,2026-05-10 09:00:37,,,SKIP_NO_PRIOR_VALID
2906525,35,2026-05-10 10:00:00,0,0,0,0,711,False,2026-05-10 10:00:41,,,SKIP_NO_PRIOR_VALID
2906811,35,2026-05-10 11:00:00,0,0,0,0,711,False,2026-05-10 11:00:45,,,SKIP_NO_PRIOR_VALID
2907078,35,2026-05-10 12:00:00,0,0,0,0,711,False,2026-05-10 12:00:41,,,SKIP_NO_PRIOR_VALID
2907356,35,2026-05-10 13:00:00,0,0,0,0,711,False,2026-05-10 13:00:43,,,SKIP_NO_PRIOR_VALID
2907633,35,2026-05-10 14:00:00,0,0,0,0,711,False,2026-05-10 14:00:40,,,SKIP_NO_PRIOR_VALID
2907910,35,2026-05-10 15:00:00,0,0,0,0,711,False,2026-05-10 15:00:42,,,SKIP_NO_PRIOR_VALID
2908188,35,2026-05-10 16:00:00,0,0,0,0,711,False,2026-05-10 16:00:46,,,SKIP_NO_PRIOR_VALID
2908464,35,2026-05-10 17:00:00,0,0,0,0,711,False,2026-05-10 17:00:44,,,SKIP_NO_PRIOR_VALID
2908740,35,2026-05-10 18:00:00,0,0,0,0,711,False,2026-05-10 18:00:43,,,SKIP_NO_PRIOR_VALID
2909034,35,2026-05-10 19:00:00,0,0,0,0,711,False,2026-05-10 19:00:51,,,SKIP_NO_PRIOR_VALID
2909316,35,2026-05-10 20:00:00,0,0,0,0,711,False,2026-05-10 20:00:50,,,SKIP_NO_PRIOR_VALID
2909640,35,2026-05-10 21:00:00,0,0,0,0,711,False,2026-05-10 21:02:59,,,SKIP_NO_PRIOR_VALID
2909877,35,2026-05-10 22:00:00,0,0,0,0,712,False,2026-05-10 22:00:51,,,SKIP_NO_PRIOR_VALID
2910117,35,2026-05-10 23:00:00,0,0,0,0,712,False,2026-05-10 23:00:33,,,SKIP_NO_PRIOR_VALID
2910401,35,2026-05-11 00:00:00,0,0,0,0,712,False,2026-05-11 00:00:46,,,SKIP_NO_PRIOR_VALID
2910674,35,2026-05-11 01:00:00,0,0,0,0,712,False,2026-05-11 01:00:38,,,SKIP_NO_PRIOR_VALID
2910957,35,2026-05-11 02:00:00,0,0,0,0,712,False,2026-05-11 02:00:42,,,SKIP_NO_PRIOR_VALID
2911228,35,2026-05-11 03:00:00,0,0,0,0,712,False,2026-05-11 03:00:35,,,SKIP_NO_PRIOR_VALID
2911514,35,2026-05-11 04:00:00,0,0,0,0,712,False,2026-05-11 04:00:45,,,SKIP_NO_PRIOR_VALID
2911786,35,2026-05-11 05:00:00,0,0,0,0,712,False,2026-05-11 05:00:40,,,SKIP_NO_PRIOR_VALID
2912064,35,2026-05-11 06:00:00,0,0,0,0,712,False,2026-05-11 06:00:44,,,SKIP_NO_PRIOR_VALID
2912340,35,2026-05-11 07:00:00,0,0,0,0,712,False,2026-05-11 07:00:40,,,SKIP_NO_PRIOR_VALID
2912618,35,2026-05-11 08:00:00,0,0,0,0,712,False,2026-05-11 08:00:43,,,SKIP_NO_PRIOR_VALID
2912894,35,2026-05-11 09:00:00,0,0,0,0,712,False,2026-05-11 09:00:38,,,SKIP_NO_PRIOR_VALID
2913172,35,2026-05-11 10:00:00,0,0,0,0,712,False,2026-05-11 10:00:43,,,SKIP_NO_PRIOR_VALID
2913451,35,2026-05-11 11:00:00,0,0,0,0,712,False,2026-05-11 11:00:44,,,SKIP_NO_PRIOR_VALID
2913726,35,2026-05-11 12:00:00,0,0,0,0,712,False,2026-05-11 12:00:43,,,SKIP_NO_PRIOR_VALID
2914002,35,2026-05-11 13:00:00,0,0,0,0,712,False,2026-05-11 13:00:43,,,SKIP_NO_PRIOR_VALID
2914347,35,2026-05-11 14:00:00,0,0,0,0,712,False,2026-05-11 14:02:31,,,SKIP_NO_PRIOR_VALID
2914552,35,2026-05-11 15:00:00,0,0,0,0,712,False,2026-05-11 15:00:37,,,SKIP_NO_PRIOR_VALID
2914878,35,2026-05-11 16:00:00,0,0,0,0,712,False,2026-05-11 16:01:35,,,SKIP_NO_PRIOR_VALID
2915107,35,2026-05-11 17:00:00,0,0,0,0,712,False,2026-05-11 17:00:39,,,SKIP_NO_PRIOR_VALID
2915384,35,2026-05-11 18:00:00,0,0,0,0,712,False,2026-05-11 18:00:40,,,SKIP_NO_PRIOR_VALID
2915660,35,2026-05-11 19:00:00,0,0,0,0,712,False,2026-05-11 19:00:40,,,SKIP_NO_PRIOR_VALID
2915939,35,2026-05-11 20:00:00,0,0,0,0,712,False,2026-05-11 20:00:45,,,SKIP_NO_PRIOR_VALID
2916215,35,2026-05-11 21:00:00,0,0,0,0,712,False,2026-05-11 21:00:44,,,SKIP_NO_PRIOR_VALID
2916485,35,2026-05-11 22:00:00,0,0,0,0,713,False,2026-05-11 22:00:36,,,SKIP_NO_PRIOR_VALID
2916760,35,2026-05-11 23:00:00,0,0,0,0,713,False,2026-05-11 23:00:35,,,SKIP_NO_PRIOR_VALID
2917042,35,2026-05-12 00:00:00,0,0,0,0,713,False,2026-05-12 00:00:49,,,SKIP_NO_PRIOR_VALID
2917316,35,2026-05-12 01:00:00,0,0,0,0,713,False,2026-05-12 01:00:41,,,SKIP_NO_PRIOR_VALID
2917594,35,2026-05-12 02:00:00,0,0,0,0,713,False,2026-05-12 02:00:43,,,SKIP_NO_PRIOR_VALID
2917860,35,2026-05-12 03:00:00,0,0,0,0,713,False,2026-05-12 03:00:34,,,SKIP_NO_PRIOR_VALID
2918136,35,2026-05-12 04:00:00,0,0,0,0,713,False,2026-05-12 04:00:31,,,SKIP_NO_PRIOR_VALID
2918422,35,2026-05-12 05:00:00,0,0,0,0,713,False,2026-05-12 05:00:42,,,SKIP_NO_PRIOR_VALID
2918699,35,2026-05-12 06:00:00,0,0,0,0,713,False,2026-05-12 06:00:44,,,SKIP_NO_PRIOR_VALID
2919026,35,2026-05-12 07:00:00,0,0,0,0,713,False,2026-05-12 07:01:52,,,SKIP_NO_PRIOR_VALID
2919245,35,2026-05-12 08:00:00,0,0,0,0,713,False,2026-05-12 08:00:37,,,SKIP_NO_PRIOR_VALID
2919527,35,2026-05-12 09:00:00,0,0,0,0,713,False,2026-05-12 09:00:43,,,SKIP_NO_PRIOR_VALID
2919800,35,2026-05-12 10:00:00,0,0,0,0,713,False,2026-05-12 10:00:40,,,SKIP_NO_PRIOR_VALID
2920076,35,2026-05-12 11:00:00,0,0,0,0,713,False,2026-05-12 11:00:39,,,SKIP_NO_PRIOR_VALID
2920355,35,2026-05-12 12:00:00,0,0,0,0,713,False,2026-05-12 12:00:48,,,SKIP_NO_PRIOR_VALID
2920629,35,2026-05-12 13:00:00,0,0,0,0,713,False,2026-05-12 13:00:44,,,SKIP_NO_PRIOR_VALID
2920904,35,2026-05-12 14:00:00,0,0,0,0,713,False,2026-05-12 14:00:38,,,SKIP_NO_PRIOR_VALID
2921182,35,2026-05-12 15:00:00,0,0,0,0,713,False,2026-05-12 15:00:42,,,SKIP_NO_PRIOR_VALID
2921456,35,2026-05-12 16:00:00,0,0,0,0,713,False,2026-05-12 16:00:38,,,SKIP_NO_PRIOR_VALID
2921727,35,2026-05-12 17:00:00,0,0,0,0,713,False,2026-05-12 17:00:42,,,SKIP_NO_PRIOR_VALID
2921997,35,2026-05-12 18:00:00,0,0,0,0,713,False,2026-05-12 18:00:43,,,SKIP_NO_PRIOR_VALID
2923266,35,2026-05-12 19:00:00,0,0,0,0,713,False,2026-05-12 19:00:43,,,SKIP_NO_PRIOR_VALID
2923536,35,2026-05-12 20:00:00,0,0,0,0,713,False,2026-05-12 20:00:40,,,SKIP_NO_PRIOR_VALID
2923800,35,2026-05-12 21:00:00,0,0,0,0,713,False,2026-05-12 21:00:35,,,SKIP_NO_PRIOR_VALID
2924068,35,2026-05-12 22:00:00,0,0,0,0,714,False,2026-05-12 22:00:38,,,SKIP_NO_PRIOR_VALID
2924346,35,2026-05-12 23:00:00,0,0,0,0,714,False,2026-05-12 23:00:38,,,SKIP_NO_PRIOR_VALID
2924612,35,2026-05-13 00:00:00,0,0,0,0,714,False,2026-05-13 00:00:44,,,SKIP_NO_PRIOR_VALID
2924888,35,2026-05-13 01:00:00,0,0,0,0,714,False,2026-05-13 01:00:47,,,SKIP_NO_PRIOR_VALID
2925157,35,2026-05-13 02:00:00,0,0,0,0,714,False,2026-05-13 02:00:40,,,SKIP_NO_PRIOR_VALID
2925428,35,2026-05-13 03:00:00,0,0,0,0,714,False,2026-05-13 03:00:42,,,SKIP_NO_PRIOR_VALID
2925696,35,2026-05-13 04:00:00,0,0,0,0,714,False,2026-05-13 04:00:38,,,SKIP_NO_PRIOR_VALID
2925966,35,2026-05-13 05:00:00,0,0,0,0,714,False,2026-05-13 05:00:38,,,SKIP_NO_PRIOR_VALID
2926236,35,2026-05-13 06:00:00,0,0,0,0,714,False,2026-05-13 06:00:38,,,SKIP_NO_PRIOR_VALID
2926503,35,2026-05-13 07:00:00,0,0,0,0,714,False,2026-05-13 07:00:37,,,SKIP_NO_PRIOR_VALID
2926766,35,2026-05-13 08:00:00,0,0,0,0,714,False,2026-05-13 08:00:37,,,SKIP_NO_PRIOR_VALID
2927045,35,2026-05-13 09:00:00,0,0,0,0,714,False,2026-05-13 09:00:39,,,SKIP_NO_PRIOR_VALID
2927315,35,2026-05-13 10:00:00,0,0,0,0,714,False,2026-05-13 10:00:39,,,SKIP_NO_PRIOR_VALID
2927584,35,2026-05-13 11:00:00,0,0,0,0,714,False,2026-05-13 11:00:38,,,SKIP_NO_PRIOR_VALID
2927856,35,2026-05-13 12:00:00,0,0,0,0,714,False,2026-05-13 12:00:42,,,SKIP_NO_PRIOR_VALID
2928116,35,2026-05-13 13:00:00,0,0,0,0,714,False,2026-05-13 13:00:41,,,SKIP_NO_PRIOR_VALID
2928388,35,2026-05-13 14:00:00,0,0,0,0,714,False,2026-05-13 14:00:38,,,SKIP_NO_PRIOR_VALID
2930324,35,2026-05-13 21:00:00,0,0,0,0,714,False,2026-05-13 21:01:12,,,SKIP_NO_PRIOR_VALID
2930764,35,2026-05-14 04:00:00,0,0,0,0,715,False,2026-05-14 04:02:28,,,SKIP_NO_PRIOR_VALID
2931036,35,2026-05-14 05:00:00,0,0,0,0,715,False,2026-05-14 05:01:05,,,SKIP_NO_PRIOR_VALID
2931311,35,2026-05-14 06:00:00,0,0,0,0,715,False,2026-05-14 06:01:15,,,SKIP_NO_PRIOR_VALID
2931577,35,2026-05-14 07:00:00,0,0,0,0,715,False,2026-05-14 07:01:10,,,SKIP_NO_PRIOR_VALID
2931865,35,2026-05-14 08:00:00,0,0,0,0,715,False,2026-05-14 08:02:00,,,SKIP_NO_PRIOR_VALID
2932119,35,2026-05-14 09:00:00,0,0,0,0,715,False,2026-05-14 09:01:20,,,SKIP_NO_PRIOR_VALID
2932380,35,2026-05-14 10:00:00,0,0,0,0,715,False,2026-05-14 10:01:00,,,SKIP_NO_PRIOR_VALID
2932687,35,2026-05-14 11:00:00,0,0,0,0,715,False,2026-05-14 11:04:13,,,SKIP_NO_PRIOR_VALID
2932923,35,2026-05-14 12:00:00,0,0,0,0,715,False,2026-05-14 12:01:16,,,SKIP_NO_PRIOR_VALID
2933190,35,2026-05-14 13:00:00,0,0,0,0,715,False,2026-05-14 13:01:08,,,SKIP_NO_PRIOR_VALID
2933460,35,2026-05-14 14:00:00,0,0,0,0,715,False,2026-05-14 14:01:10,,,SKIP_NO_PRIOR_VALID
2933729,35,2026-05-14 15:00:00,0,0,0,0,715,False,2026-05-14 15:01:17,,,SKIP_NO_PRIOR_VALID
2934001,35,2026-05-14 16:00:00,0,0,0,0,715,False,2026-05-14 16:01:20,,,SKIP_NO_PRIOR_VALID
2934265,35,2026-05-14 17:00:00,0,0,0,0,715,False,2026-05-14 17:01:07,,,SKIP_NO_PRIOR_VALID
2934529,35,2026-05-14 18:00:00,0,0,0,0,715,False,2026-05-14 18:01:14,,,SKIP_NO_PRIOR_VALID
2934805,35,2026-05-14 19:00:00,0,0,0,0,715,False,2026-05-14 19:01:13,,,SKIP_NO_PRIOR_VALID
2935115,35,2026-05-14 20:00:00,0,0,0,0,0,False,2026-05-14 20:07:11,,,SKIP_NO_PRIOR_VALID
2935354,35,2026-05-14 21:00:00,0,0,0,0,715,False,2026-05-14 21:01:45,,,SKIP_NO_PRIOR_VALID
2935583,35,2026-05-14 22:00:00,0,0,0,0,716,False,2026-05-14 22:01:02,,,SKIP_NO_PRIOR_VALID
2935885,35,2026-05-14 23:00:00,0,0,0,0,716,False,2026-05-14 23:01:18,,,SKIP_NO_PRIOR_VALID
2936149,35,2026-05-15 00:00:00,0,0,0,0,716,False,2026-05-15 00:01:13,,,SKIP_NO_PRIOR_VALID
2936398,35,2026-05-15 01:00:00,0,0,0,0,716,False,2026-05-15 01:01:15,,,SKIP_NO_PRIOR_VALID
2936691,35,2026-05-15 02:00:00,0,0,0,0,716,False,2026-05-15 02:01:17,,,SKIP_NO_PRIOR_VALID
2936925,35,2026-05-15 03:00:00,0,0,0,0,716,False,2026-05-15 03:01:03,,,SKIP_NO_PRIOR_VALID
2937221,35,2026-05-15 04:00:00,0,0,0,0,716,False,2026-05-15 04:01:02,,,SKIP_NO_PRIOR_VALID
2937496,35,2026-05-15 05:00:00,0,0,0,0,716,False,2026-05-15 05:01:12,,,SKIP_NO_PRIOR_VALID
2937747,35,2026-05-15 06:00:00,0,0,0,0,716,False,2026-05-15 06:01:02,,,SKIP_NO_PRIOR_VALID
2938030,35,2026-05-15 07:00:00,0,0,0,0,716,False,2026-05-15 07:01:02,,,SKIP_NO_PRIOR_VALID
2938303,35,2026-05-15 08:00:00,0,0,0,0,716,False,2026-05-15 08:01:09,,,SKIP_NO_PRIOR_VALID
2938569,35,2026-05-15 09:00:00,0,0,0,0,716,False,2026-05-15 09:01:07,,,SKIP_NO_PRIOR_VALID
2938843,35,2026-05-15 10:00:00,0,0,0,0,716,False,2026-05-15 10:01:19,,,SKIP_NO_PRIOR_VALID
2939095,35,2026-05-15 11:00:00,0,0,0,0,716,False,2026-05-15 11:01:09,,,SKIP_NO_PRIOR_VALID
2939378,35,2026-05-15 12:00:00,0,0,0,0,716,False,2026-05-15 12:01:11,,,SKIP_NO_PRIOR_VALID
2939637,35,2026-05-15 13:00:00,0,0,0,0,716,False,2026-05-15 13:01:14,,,SKIP_NO_PRIOR_VALID
2939921,35,2026-05-15 14:00:00,0,0,0,0,716,False,2026-05-15 14:01:27,,,SKIP_NO_PRIOR_VALID
2940188,35,2026-05-15 15:00:00,0,0,0,0,716,False,2026-05-15 15:01:22,,,SKIP_NO_PRIOR_VALID
2940452,35,2026-05-15 16:00:00,0,0,0,0,716,False,2026-05-15 16:01:11,,,SKIP_NO_PRIOR_VALID
2940724,35,2026-05-15 17:00:00,0,0,0,0,716,False,2026-05-15 17:01:20,,,SKIP_NO_PRIOR_VALID
2940997,35,2026-05-15 18:00:00,0,0,0,0,716,False,2026-05-15 18:01:30,,,SKIP_NO_PRIOR_VALID
2941231,35,2026-05-15 19:00:00,0,0,0,0,716,False,2026-05-15 19:01:15,,,SKIP_NO_PRIOR_VALID
2941510,35,2026-05-15 20:00:00,0,0,0,0,716,False,2026-05-15 20:01:10,,,SKIP_NO_PRIOR_VALID
2941736,35,2026-05-15 21:00:00,0,0,0,0,716,False,2026-05-15 21:00:55,,,SKIP_NO_PRIOR_VALID
2942047,35,2026-05-15 22:00:00,0,0,0,0,717,False,2026-05-15 22:01:04,,,SKIP_NO_PRIOR_VALID
2942317,35,2026-05-15 23:00:00,0,0,0,0,717,False,2026-05-15 23:01:11,,,SKIP_NO_PRIOR_VALID
2942590,35,2026-05-16 00:00:00,0,0,0,0,717,False,2026-05-16 00:01:49,,,SKIP_NO_PRIOR_VALID
2942872,35,2026-05-16 01:00:00,0,0,0,0,717,False,2026-05-16 01:03:25,,,SKIP_NO_PRIOR_VALID
2943121,35,2026-05-16 02:00:00,0,0,0,0,717,False,2026-05-16 02:01:04,,,SKIP_NO_PRIOR_VALID
2943402,35,2026-05-16 03:00:00,0,0,0,0,717,False,2026-05-16 03:01:10,,,SKIP_NO_PRIOR_VALID
2943678,35,2026-05-16 04:00:00,0,0,0,0,717,False,2026-05-16 04:01:24,,,SKIP_NO_PRIOR_VALID
2943898,35,2026-05-16 05:00:00,0,0,0,0,717,False,2026-05-16 05:01:00,,,SKIP_NO_PRIOR_VALID
2944171,35,2026-05-16 06:00:00,0,0,0,0,717,False,2026-05-16 06:01:10,,,SKIP_NO_PRIOR_VALID
2944427,35,2026-05-16 07:00:00,0,0,0,0,717,False,2026-05-16 07:01:05,,,SKIP_NO_PRIOR_VALID
2944685,35,2026-05-16 08:00:00,0,0,0,0,717,False,2026-05-16 08:01:02,,,SKIP_NO_PRIOR_VALID
2944949,35,2026-05-16 09:00:00,0,0,0,0,717,False,2026-05-16 09:00:57,,,SKIP_NO_PRIOR_VALID
2945244,35,2026-05-16 10:00:00,0,0,0,0,717,False,2026-05-16 10:01:04,,,SKIP_NO_PRIOR_VALID
2945515,35,2026-05-16 11:00:00,0,0,0,0,717,False,2026-05-16 11:01:05,,,SKIP_NO_PRIOR_VALID
2945785,35,2026-05-16 12:00:00,0,0,0,0,717,False,2026-05-16 12:01:11,,,SKIP_NO_PRIOR_VALID
2946056,35,2026-05-16 13:00:00,0,0,0,0,717,False,2026-05-16 13:01:15,,,SKIP_NO_PRIOR_VALID
2946301,35,2026-05-16 14:00:00,0,0,0,0,717,False,2026-05-16 14:01:21,,,SKIP_NO_PRIOR_VALID
2946592,35,2026-05-16 15:00:00,0,0,0,0,717,False,2026-05-16 15:01:08,,,SKIP_NO_PRIOR_VALID
2946860,35,2026-05-16 16:00:00,0,0,0,0,717,False,2026-05-16 16:01:06,,,SKIP_NO_PRIOR_VALID
2947162,35,2026-05-16 17:00:00,0,0,0,0,717,False,2026-05-16 17:03:16,,,SKIP_NO_PRIOR_VALID
2947431,35,2026-05-16 18:00:00,0,0,0,0,717,False,2026-05-16 18:04:36,,,SKIP_NO_PRIOR_VALID
2947697,35,2026-05-16 19:00:00,0,0,0,0,717,False,2026-05-16 19:03:43,,,SKIP_NO_PRIOR_VALID
2947957,35,2026-05-16 20:00:00,0,0,0,0,717,False,2026-05-16 20:02:09,,,SKIP_NO_PRIOR_VALID
2948195,35,2026-05-16 21:00:00,0,0,0,0,717,False,2026-05-16 21:00:54,,,SKIP_NO_PRIOR_VALID
2948447,35,2026-05-16 22:00:00,0,0,0,0,718,False,2026-05-16 22:00:47,,,SKIP_NO_PRIOR_VALID
2948710,35,2026-05-16 23:00:00,0,0,0,0,0,False,2026-05-16 23:03:13,,,SKIP_NO_PRIOR_VALID
2948931,35,2026-05-17 00:00:00,0,0,0,0,0,False,2026-05-17 00:01:12,,,SKIP_NO_PRIOR_VALID
2949201,35,2026-05-17 01:00:00,0,0,0,0,0,False,2026-05-17 01:01:07,,,SKIP_NO_PRIOR_VALID
2949490,35,2026-05-17 02:00:00,0,0,0,0,0,False,2026-05-17 02:01:00,,,SKIP_NO_PRIOR_VALID
2949720,35,2026-05-17 03:00:00,0,0,0,0,718,False,2026-05-17 03:00:28,,,SKIP_NO_PRIOR_VALID
2949994,35,2026-05-17 04:00:00,0,0,0,0,718,False,2026-05-17 04:00:44,,,SKIP_NO_PRIOR_VALID
2950286,35,2026-05-17 05:00:00,0,0,0,0,718,False,2026-05-17 05:00:48,,,SKIP_NO_PRIOR_VALID
2950639,35,2026-05-17 06:00:00,0,0,0,0,718,False,2026-05-17 06:04:09,,,SKIP_NO_PRIOR_VALID
2950878,35,2026-05-17 07:00:00,0,0,0,0,718,False,2026-05-17 07:04:14,,,SKIP_NO_PRIOR_VALID
2951117,35,2026-05-17 08:00:00,0,0,0,0,718,False,2026-05-17 08:04:13,,,SKIP_NO_PRIOR_VALID
2951356,35,2026-05-17 09:00:00,0,0,0,0,718,False,2026-05-17 09:04:14,,,SKIP_NO_PRIOR_VALID
2951595,35,2026-05-17 10:00:00,0,0,0,0,718,False,2026-05-17 10:04:14,,,SKIP_NO_PRIOR_VALID
2951834,35,2026-05-17 11:00:00,0,0,0,0,718,False,2026-05-17 11:04:14,,,SKIP_NO_PRIOR_VALID
2952074,35,2026-05-17 12:00:00,0,0,0,0,718,False,2026-05-17 12:04:49,,,SKIP_NO_PRIOR_VALID
2952313,35,2026-05-17 13:00:00,0,0,0,0,718,False,2026-05-17 13:04:56,,,SKIP_NO_PRIOR_VALID
2952552,35,2026-05-17 14:00:00,0,0,0,0,718,False,2026-05-17 14:04:39,,,SKIP_NO_PRIOR_VALID
2952791,35,2026-05-17 15:00:00,0,0,0,0,718,False,2026-05-17 15:04:10,,,SKIP_NO_PRIOR_VALID
2953030,35,2026-05-17 16:00:00,0,0,0,0,718,False,2026-05-17 16:04:11,,,SKIP_NO_PRIOR_VALID
2953268,35,2026-05-17 17:00:00,0,0,0,0,718,False,2026-05-17 17:04:12,,,SKIP_NO_PRIOR_VALID
2953507,35,2026-05-17 18:00:00,0,0,0,0,718,False,2026-05-17 18:04:11,,,SKIP_NO_PRIOR_VALID
2953745,35,2026-05-17 19:00:00,0,0,0,0,718,False,2026-05-17 19:04:12,,,SKIP_NO_PRIOR_VALID
2953984,35,2026-05-17 20:00:00,0,0,0,0,718,False,2026-05-17 20:04:10,,,SKIP_NO_PRIOR_VALID
2954223,35,2026-05-17 21:00:00,0,0,0,0,718,False,2026-05-17 21:04:14,,,SKIP_NO_PRIOR_VALID
2954416,35,2026-05-17 22:00:00,0,0,0,0,719,False,2026-05-17 22:04:16,,,SKIP_NO_PRIOR_VALID
2954671,35,2026-05-17 23:00:00,0,0,0,0,719,True,2026-05-17 23:04:17,,,SKIP_NO_PRIOR_VALID
2954951,35,2026-05-18 00:00:00,0,0,0,0,719,True,2026-05-18 00:04:16,,,SKIP_NO_PRIOR_VALID
2955183,35,2026-05-18 01:00:00,0,0,0,0,719,True,2026-05-18 01:04:19,,,SKIP_NO_PRIOR_VALID
2955439,35,2026-05-18 02:00:00,0,0,0,0,719,True,2026-05-18 02:04:22,,,SKIP_NO_PRIOR_VALID
2955695,35,2026-05-18 03:00:00,0,0,0,0,719,False,2026-05-18 03:04:13,,,SKIP_NO_PRIOR_VALID
2955934,35,2026-05-18 04:00:00,0,0,0,0,719,False,2026-05-18 04:04:14,,,SKIP_NO_PRIOR_VALID
2956173,35,2026-05-18 05:00:00,0,0,0,0,719,False,2026-05-18 05:04:21,,,SKIP_NO_PRIOR_VALID
2956412,35,2026-05-18 06:00:00,0,0,0,0,719,False,2026-05-18 06:04:11,,,SKIP_NO_PRIOR_VALID
2956651,35,2026-05-18 07:00:00,0,0,0,0,719,False,2026-05-18 07:04:13,,,SKIP_NO_PRIOR_VALID
2956890,35,2026-05-18 08:00:00,0,0,0,0,719,False,2026-05-18 08:04:15,,,SKIP_NO_PRIOR_VALID
2957129,35,2026-05-18 09:00:00,0,0,0,0,719,False,2026-05-18 09:04:14,,,SKIP_NO_PRIOR_VALID
2957368,35,2026-05-18 10:00:00,0,0,0,0,719,False,2026-05-18 10:04:13,,,SKIP_NO_PRIOR_VALID
2957607,35,2026-05-18 11:00:00,0,0,0,0,719,False,2026-05-18 11:04:13,,,SKIP_NO_PRIOR_VALID
2957846,35,2026-05-18 12:00:00,0,0,0,0,719,False,2026-05-18 12:04:15,,,SKIP_NO_PRIOR_VALID
2958085,35,2026-05-18 13:00:00,0,0,0,0,719,False,2026-05-18 13:04:15,,,SKIP_NO_PRIOR_VALID
2958324,35,2026-05-18 14:00:00,0,0,0,0,719,False,2026-05-18 14:04:14,,,SKIP_NO_PRIOR_VALID
2958586,35,2026-05-18 15:00:00,0,0,0,0,719,False,2026-05-18 15:04:59,,,SKIP_NO_PRIOR_VALID
2854639,40,2026-05-01 04:00:00,0,0,0,0,947,False,2026-05-01 04:00:36,,,SKIP_NO_PRIOR_VALID
2854856,40,2026-05-01 05:00:00,0,0,0,0,947,False,2026-05-01 05:00:39,,,SKIP_NO_PRIOR_VALID
2855073,40,2026-05-01 06:00:00,0,0,0,0,947,False,2026-05-01 06:00:39,,,SKIP_NO_PRIOR_VALID
2855289,40,2026-05-01 07:00:00,0,0,0,0,947,False,2026-05-01 07:00:36,,,SKIP_NO_PRIOR_VALID
2855507,40,2026-05-01 08:00:00,0,0,0,0,947,False,2026-05-01 08:00:38,,,SKIP_NO_PRIOR_VALID
2855724,40,2026-05-01 09:00:00,0,0,0,0,947,False,2026-05-01 09:00:38,,,SKIP_NO_PRIOR_VALID
2855940,40,2026-05-01 10:00:00,0,0,0,0,947,False,2026-05-01 10:00:36,,,SKIP_NO_PRIOR_VALID
2856149,40,2026-05-01 11:00:00,0,0,0,0,947,False,2026-05-01 11:00:33,,,SKIP_NO_PRIOR_VALID
2856374,40,2026-05-01 12:00:00,0,0,0,0,947,False,2026-05-01 12:00:39,,,SKIP_NO_PRIOR_VALID
2856589,40,2026-05-01 13:00:00,0,0,0,0,947,False,2026-05-01 13:00:39,,,SKIP_NO_PRIOR_VALID
2856808,40,2026-05-01 14:00:00,0,0,0,0,947,False,2026-05-01 14:00:36,,,SKIP_NO_PRIOR_VALID
2857021,40,2026-05-01 15:00:00,0,0,0,0,947,False,2026-05-01 15:00:35,,,SKIP_NO_PRIOR_VALID
2857234,40,2026-05-01 16:00:00,0,0,0,0,947,False,2026-05-01 16:00:33,,,SKIP_NO_PRIOR_VALID
2857459,40,2026-05-01 17:00:00,0,0,0,0,947,False,2026-05-01 17:00:36,,,SKIP_NO_PRIOR_VALID
2857677,40,2026-05-01 18:00:00,0,0,0,0,947,False,2026-05-01 18:00:38,,,SKIP_NO_PRIOR_VALID
2857894,40,2026-05-01 19:00:00,0,0,0,0,947,False,2026-05-01 19:00:39,,,SKIP_NO_PRIOR_VALID
2858150,40,2026-05-01 20:00:00,0,0,0,0,947,False,2026-05-01 20:01:18,,,SKIP_NO_PRIOR_VALID
2858322,40,2026-05-01 21:00:00,0,0,0,0,947,False,2026-05-01 21:00:34,,,SKIP_NO_PRIOR_VALID
2858584,40,2026-05-01 22:00:00,0,0,0,0,947,False,2026-05-01 22:01:18,,,SKIP_NO_PRIOR_VALID
2858755,40,2026-05-01 23:00:00,0,0,0,0,947,False,2026-05-01 23:00:33,,,SKIP_NO_PRIOR_VALID
2858978,40,2026-05-02 00:00:00,0,0,0,0,948,False,2026-05-02 00:00:42,,,SKIP_NO_PRIOR_VALID
2859196,40,2026-05-02 01:00:00,0,0,0,0,948,False,2026-05-02 01:00:42,,,SKIP_NO_PRIOR_VALID
2859413,40,2026-05-02 02:00:00,0,0,0,0,948,False,2026-05-02 02:00:38,,,SKIP_NO_PRIOR_VALID
2859633,40,2026-05-02 03:00:00,0,0,0,0,948,False,2026-05-02 03:00:43,,,SKIP_NO_PRIOR_VALID
2859845,40,2026-05-02 04:00:00,0,0,0,0,948,False,2026-05-02 04:00:36,,,SKIP_NO_PRIOR_VALID
2860082,40,2026-05-02 05:00:00,0,0,0,0,948,False,2026-05-02 05:00:48,,,SKIP_NO_PRIOR_VALID
2860282,40,2026-05-02 06:00:00,0,0,0,0,948,False,2026-05-02 06:00:41,,,SKIP_NO_PRIOR_VALID
2860486,40,2026-05-02 07:00:00,0,0,0,0,948,False,2026-05-02 07:00:31,,,SKIP_NO_PRIOR_VALID
2860711,40,2026-05-02 08:00:00,0,0,0,0,948,False,2026-05-02 08:00:34,,,SKIP_NO_PRIOR_VALID
2860932,40,2026-05-02 09:00:00,0,0,0,0,948,False,2026-05-02 09:00:38,,,SKIP_NO_PRIOR_VALID
2861144,40,2026-05-02 10:00:00,0,0,0,0,948,False,2026-05-02 10:00:34,,,SKIP_NO_PRIOR_VALID
2861359,40,2026-05-02 11:00:00,0,0,0,0,948,False,2026-05-02 11:00:34,,,SKIP_NO_PRIOR_VALID
2861581,40,2026-05-02 12:00:00,0,0,0,0,948,False,2026-05-02 12:00:38,,,SKIP_NO_PRIOR_VALID
2861803,40,2026-05-02 13:00:00,0,0,0,0,948,False,2026-05-02 13:00:43,,,SKIP_NO_PRIOR_VALID
2862010,40,2026-05-02 14:00:00,0,0,0,0,948,False,2026-05-02 14:00:34,,,SKIP_NO_PRIOR_VALID
2862222,40,2026-05-02 15:00:00,0,0,0,0,948,False,2026-05-02 15:00:31,,,SKIP_NO_PRIOR_VALID
2862453,40,2026-05-02 16:00:00,0,0,0,0,948,False,2026-05-02 16:00:42,,,SKIP_NO_PRIOR_VALID
2862665,40,2026-05-02 17:00:00,0,0,0,0,948,False,2026-05-02 17:00:35,,,SKIP_NO_PRIOR_VALID
2862884,40,2026-05-02 18:00:00,0,0,0,0,948,False,2026-05-02 18:00:36,,,SKIP_NO_PRIOR_VALID
2863102,40,2026-05-02 19:00:00,0,0,0,0,948,False,2026-05-02 19:00:37,,,SKIP_NO_PRIOR_VALID
2863319,40,2026-05-02 20:00:00,0,0,0,0,948,False,2026-05-02 20:00:38,,,SKIP_NO_PRIOR_VALID
2863532,40,2026-05-02 21:00:00,0,0,0,0,948,False,2026-05-02 21:00:34,,,SKIP_NO_PRIOR_VALID
2863752,40,2026-05-02 22:00:00,0,0,0,0,948,False,2026-05-02 22:00:35,,,SKIP_NO_PRIOR_VALID
2864033,40,2026-05-02 23:00:00,0,0,0,0,0,False,2026-05-02 23:02:21,,,SKIP_NO_PRIOR_VALID
2864186,40,2026-05-03 00:00:00,0,0,0,0,949,False,2026-05-03 00:00:44,,,SKIP_NO_PRIOR_VALID
2864406,40,2026-05-03 01:00:00,0,0,0,0,949,False,2026-05-03 01:00:44,,,SKIP_NO_PRIOR_VALID
2864621,40,2026-05-03 02:00:00,0,0,0,0,949,False,2026-05-03 02:00:38,,,SKIP_NO_PRIOR_VALID
2864877,40,2026-05-03 03:00:00,0,0,0,0,949,False,2026-05-03 03:01:16,,,SKIP_NO_PRIOR_VALID
2865055,40,2026-05-03 04:00:00,0,0,0,0,949,False,2026-05-03 04:00:37,,,SKIP_NO_PRIOR_VALID
2865272,40,2026-05-03 05:00:00,0,0,0,0,949,False,2026-05-03 05:00:37,,,SKIP_NO_PRIOR_VALID
2865488,40,2026-05-03 06:00:00,0,0,0,0,949,False,2026-05-03 06:00:36,,,SKIP_NO_PRIOR_VALID
2865705,40,2026-05-03 07:00:00,0,0,0,0,949,False,2026-05-03 07:00:36,,,SKIP_NO_PRIOR_VALID
2865923,40,2026-05-03 08:00:00,0,0,0,0,949,False,2026-05-03 08:00:36,,,SKIP_NO_PRIOR_VALID
2866136,40,2026-05-03 09:00:00,0,0,0,0,949,False,2026-05-03 09:00:35,,,SKIP_NO_PRIOR_VALID
2866356,40,2026-05-03 10:00:00,0,0,0,0,949,False,2026-05-03 10:00:35,,,SKIP_NO_PRIOR_VALID
2866575,40,2026-05-03 11:00:00,0,0,0,0,949,False,2026-05-03 11:00:40,,,SKIP_NO_PRIOR_VALID
2866792,40,2026-05-03 12:00:00,0,0,0,0,949,False,2026-05-03 12:00:42,,,SKIP_NO_PRIOR_VALID
2867001,40,2026-05-03 13:00:00,0,0,0,0,949,False,2026-05-03 13:00:35,,,SKIP_NO_PRIOR_VALID
2867219,40,2026-05-03 14:00:00,0,0,0,0,949,False,2026-05-03 14:00:34,,,SKIP_NO_PRIOR_VALID
2867436,40,2026-05-03 15:00:00,0,0,0,0,949,False,2026-05-03 15:00:34,,,SKIP_NO_PRIOR_VALID
2867647,40,2026-05-03 16:00:00,0,0,0,0,949,False,2026-05-03 16:00:32,,,SKIP_NO_PRIOR_VALID
2867876,40,2026-05-03 17:00:00,0,0,0,0,949,False,2026-05-03 17:00:39,,,SKIP_NO_PRIOR_VALID
2868119,40,2026-05-03 18:00:00,0,0,0,0,949,False,2026-05-03 18:00:52,,,SKIP_NO_PRIOR_VALID
2868310,40,2026-05-03 19:00:00,0,0,0,0,949,False,2026-05-03 19:00:38,,,SKIP_NO_PRIOR_VALID
2868526,40,2026-05-03 20:00:00,0,0,0,0,949,False,2026-05-03 20:00:38,,,SKIP_NO_PRIOR_VALID
2868743,40,2026-05-03 21:00:00,0,0,0,0,949,False,2026-05-03 21:00:34,,,SKIP_NO_PRIOR_VALID
2868961,40,2026-05-03 22:00:00,0,0,0,0,949,False,2026-05-03 22:00:37,,,SKIP_NO_PRIOR_VALID
2869178,40,2026-05-03 23:00:00,0,0,0,0,949,False,2026-05-03 23:00:37,,,SKIP_NO_PRIOR_VALID
2869393,40,2026-05-04 00:00:00,0,0,0,0,950,False,2026-05-04 00:00:43,,,SKIP_NO_PRIOR_VALID
2869614,40,2026-05-04 01:00:00,0,0,0,0,950,False,2026-05-04 01:00:43,,,SKIP_NO_PRIOR_VALID
2869831,40,2026-05-04 02:00:00,0,0,0,0,950,False,2026-05-04 02:00:42,,,SKIP_NO_PRIOR_VALID
2870051,40,2026-05-04 03:00:00,0,0,0,0,950,False,2026-05-04 03:00:46,,,SKIP_NO_PRIOR_VALID
2870257,40,2026-05-04 04:00:00,0,0,0,0,950,False,2026-05-04 04:00:34,,,SKIP_NO_PRIOR_VALID
2870480,40,2026-05-04 05:00:00,0,0,0,0,950,False,2026-05-04 05:00:39,,,SKIP_NO_PRIOR_VALID
2870697,40,2026-05-04 06:00:00,0,0,0,0,950,False,2026-05-04 06:00:38,,,SKIP_NO_PRIOR_VALID
2870914,40,2026-05-04 07:00:00,0,0,0,0,950,False,2026-05-04 07:00:38,,,SKIP_NO_PRIOR_VALID
2871131,40,2026-05-04 08:00:00,0,0,0,0,950,False,2026-05-04 08:00:35,,,SKIP_NO_PRIOR_VALID
2871347,40,2026-05-04 09:00:00,0,0,0,0,950,False,2026-05-04 09:00:35,,,SKIP_NO_PRIOR_VALID
2871563,40,2026-05-04 10:00:00,0,0,0,0,950,False,2026-05-04 10:00:35,,,SKIP_NO_PRIOR_VALID
2871780,40,2026-05-04 11:00:00,0,0,0,0,950,False,2026-05-04 11:00:34,,,SKIP_NO_PRIOR_VALID
2871987,40,2026-05-04 12:00:00,0,0,0,0,950,False,2026-05-04 12:00:32,,,SKIP_NO_PRIOR_VALID
2872215,40,2026-05-04 13:00:00,0,0,0,0,950,False,2026-05-04 13:00:37,,,SKIP_NO_PRIOR_VALID
2872434,40,2026-05-04 14:00:00,0,0,0,0,950,False,2026-05-04 14:00:40,,,SKIP_NO_PRIOR_VALID
2872651,40,2026-05-04 15:00:00,0,0,0,0,950,False,2026-05-04 15:00:38,,,SKIP_NO_PRIOR_VALID
2872868,40,2026-05-04 16:00:00,0,0,0,0,950,False,2026-05-04 16:00:40,,,SKIP_NO_PRIOR_VALID
2873085,40,2026-05-04 17:00:00,0,0,0,0,950,False,2026-05-04 17:00:39,,,SKIP_NO_PRIOR_VALID
2873301,40,2026-05-04 18:00:00,0,0,0,0,950,False,2026-05-04 18:00:40,,,SKIP_NO_PRIOR_VALID
2873518,40,2026-05-04 19:00:00,0,0,0,0,950,False,2026-05-04 19:00:38,,,SKIP_NO_PRIOR_VALID
2873735,40,2026-05-04 20:00:00,0,0,0,0,950,False,2026-05-04 20:00:39,,,SKIP_NO_PRIOR_VALID
2873952,40,2026-05-04 21:00:00,0,0,0,0,950,False,2026-05-04 21:00:38,,,SKIP_NO_PRIOR_VALID
2874169,40,2026-05-04 22:00:00,0,0,0,0,950,False,2026-05-04 22:00:39,,,SKIP_NO_PRIOR_VALID
2874388,40,2026-05-04 23:00:00,0,0,0,0,950,False,2026-05-04 23:00:40,,,SKIP_NO_PRIOR_VALID
2874602,40,2026-05-05 00:00:00,0,0,0,0,951,False,2026-05-05 00:00:40,,,SKIP_NO_PRIOR_VALID
2874822,40,2026-05-05 01:00:00,0,0,0,0,951,False,2026-05-05 01:00:42,,,SKIP_NO_PRIOR_VALID
2875037,40,2026-05-05 02:00:00,0,0,0,0,951,False,2026-05-05 02:00:38,,,SKIP_NO_PRIOR_VALID
2875255,40,2026-05-05 03:00:00,0,0,0,0,951,False,2026-05-05 03:00:39,,,SKIP_NO_PRIOR_VALID
2875473,40,2026-05-05 04:00:00,0,0,0,0,951,False,2026-05-05 04:00:39,,,SKIP_NO_PRIOR_VALID
2875690,40,2026-05-05 05:00:00,0,0,0,0,951,False,2026-05-05 05:00:40,,,SKIP_NO_PRIOR_VALID
2875905,40,2026-05-05 06:00:00,0,0,0,0,951,False,2026-05-05 06:00:35,,,SKIP_NO_PRIOR_VALID
2876123,40,2026-05-05 07:00:00,0,0,0,0,951,False,2026-05-05 07:00:39,,,SKIP_NO_PRIOR_VALID
2876337,40,2026-05-05 08:00:00,0,0,0,0,951,False,2026-05-05 08:00:34,,,SKIP_NO_PRIOR_VALID
2876555,40,2026-05-05 09:00:00,0,0,0,0,951,False,2026-05-05 09:00:35,,,SKIP_NO_PRIOR_VALID
2876766,40,2026-05-05 10:00:00,0,0,0,0,951,False,2026-05-05 10:00:33,,,SKIP_NO_PRIOR_VALID
2876990,40,2026-05-05 11:00:00,0,0,0,0,951,False,2026-05-05 11:00:36,,,SKIP_NO_PRIOR_VALID
2877207,40,2026-05-05 12:00:00,0,0,0,0,951,False,2026-05-05 12:00:40,,,SKIP_NO_PRIOR_VALID
2877424,40,2026-05-05 13:00:00,0,0,0,0,951,False,2026-05-05 13:00:40,,,SKIP_NO_PRIOR_VALID
2877677,40,2026-05-05 14:00:00,0,0,0,0,951,False,2026-05-05 14:01:08,,,SKIP_NO_PRIOR_VALID
2877852,40,2026-05-05 15:00:00,0,0,0,0,951,False,2026-05-05 15:00:34,,,SKIP_NO_PRIOR_VALID
2878072,40,2026-05-05 16:00:00,0,0,0,0,951,False,2026-05-05 16:00:34,,,SKIP_NO_PRIOR_VALID
2878292,40,2026-05-05 17:00:00,0,0,0,0,951,False,2026-05-05 17:00:40,,,SKIP_NO_PRIOR_VALID
2878509,40,2026-05-05 18:00:00,0,0,0,0,951,False,2026-05-05 18:00:36,,,SKIP_NO_PRIOR_VALID
2878753,40,2026-05-05 19:00:00,0,0,0,0,951,False,2026-05-05 19:00:51,,,SKIP_NO_PRIOR_VALID
2878943,40,2026-05-05 20:00:00,0,0,0,0,951,False,2026-05-05 20:00:38,,,SKIP_NO_PRIOR_VALID
2879159,40,2026-05-05 21:00:00,0,0,0,0,951,False,2026-05-05 21:00:35,,,SKIP_NO_PRIOR_VALID
2879377,40,2026-05-05 22:00:00,0,0,0,0,951,False,2026-05-05 22:00:36,,,SKIP_NO_PRIOR_VALID
2879595,40,2026-05-05 23:00:00,0,0,0,0,951,False,2026-05-05 23:00:38,,,SKIP_NO_PRIOR_VALID
2879811,40,2026-05-06 00:00:00,0,0,0,0,952,False,2026-05-06 00:00:44,,,SKIP_NO_PRIOR_VALID
2880029,40,2026-05-06 01:00:00,0,0,0,0,952,False,2026-05-06 01:00:40,,,SKIP_NO_PRIOR_VALID
2880246,40,2026-05-06 02:00:00,0,0,0,0,952,False,2026-05-06 02:00:40,,,SKIP_NO_PRIOR_VALID
2880465,40,2026-05-06 03:00:00,0,0,0,0,952,False,2026-05-06 03:00:42,,,SKIP_NO_PRIOR_VALID
2880679,40,2026-05-06 04:00:00,0,0,0,0,952,False,2026-05-06 04:00:36,,,SKIP_NO_PRIOR_VALID
2880896,40,2026-05-06 05:00:00,0,0,0,0,952,False,2026-05-06 05:00:35,,,SKIP_NO_PRIOR_VALID
2881114,40,2026-05-06 06:00:00,0,0,0,0,952,False,2026-05-06 06:00:39,,,SKIP_NO_PRIOR_VALID
2881330,40,2026-05-06 07:00:00,0,0,0,0,952,False,2026-05-06 07:00:37,,,SKIP_NO_PRIOR_VALID
2881547,40,2026-05-06 08:00:00,0,0,0,0,952,False,2026-05-06 08:00:36,,,SKIP_NO_PRIOR_VALID
2881763,40,2026-05-06 09:00:00,0,0,0,0,952,False,2026-05-06 09:00:34,,,SKIP_NO_PRIOR_VALID
2881985,40,2026-05-06 10:00:00,0,0,0,0,952,False,2026-05-06 10:00:44,,,SKIP_NO_PRIOR_VALID
2882201,40,2026-05-06 11:00:00,0,0,0,0,952,False,2026-05-06 11:00:41,,,SKIP_NO_PRIOR_VALID
2882417,40,2026-05-06 12:00:00,0,0,0,0,952,False,2026-05-06 12:00:44,,,SKIP_NO_PRIOR_VALID
2882637,40,2026-05-06 13:00:00,0,0,0,0,952,False,2026-05-06 13:00:48,,,SKIP_NO_PRIOR_VALID
2882860,40,2026-05-06 14:00:00,0,0,0,0,952,False,2026-05-06 14:00:48,,,SKIP_NO_PRIOR_VALID
2883068,40,2026-05-06 15:00:00,0,0,0,0,952,False,2026-05-06 15:00:41,,,SKIP_NO_PRIOR_VALID
2883284,40,2026-05-06 16:00:00,0,0,0,0,952,False,2026-05-06 16:00:42,,,SKIP_NO_PRIOR_VALID
2883499,40,2026-05-06 17:00:00,0,0,0,0,952,False,2026-05-06 17:00:35,,,SKIP_NO_PRIOR_VALID
2883717,40,2026-05-06 18:00:00,0,0,0,0,952,False,2026-05-06 18:00:40,,,SKIP_NO_PRIOR_VALID
2883935,40,2026-05-06 19:00:00,0,0,0,0,952,False,2026-05-06 19:00:40,,,SKIP_NO_PRIOR_VALID
2884153,40,2026-05-06 20:00:00,0,0,0,0,952,False,2026-05-06 20:00:43,,,SKIP_NO_PRIOR_VALID
2884370,40,2026-05-06 21:00:00,0,0,0,0,952,False,2026-05-06 21:00:40,,,SKIP_NO_PRIOR_VALID
2884586,40,2026-05-06 22:00:00,0,0,0,0,952,False,2026-05-06 22:00:39,,,SKIP_NO_PRIOR_VALID
2884802,40,2026-05-06 23:00:00,0,0,0,0,952,False,2026-05-06 23:00:38,,,SKIP_NO_PRIOR_VALID
2885021,40,2026-05-07 00:00:00,0,0,0,0,953,False,2026-05-07 00:00:49,,,SKIP_NO_PRIOR_VALID
2885239,40,2026-05-07 01:00:00,0,0,0,0,953,False,2026-05-07 01:00:45,,,SKIP_NO_PRIOR_VALID
2885454,40,2026-05-07 02:00:00,0,0,0,0,953,False,2026-05-07 02:00:40,,,SKIP_NO_PRIOR_VALID
2885670,40,2026-05-07 03:00:00,0,0,0,0,953,False,2026-05-07 03:00:37,,,SKIP_NO_PRIOR_VALID
2885884,40,2026-05-07 04:00:00,0,0,0,0,953,False,2026-05-07 04:00:33,,,SKIP_NO_PRIOR_VALID
2886104,40,2026-05-07 05:00:00,0,0,0,0,953,False,2026-05-07 05:00:36,,,SKIP_NO_PRIOR_VALID
2886320,40,2026-05-07 06:00:00,0,0,0,0,953,False,2026-05-07 06:00:35,,,SKIP_NO_PRIOR_VALID
2886540,40,2026-05-07 07:00:00,0,0,0,0,953,False,2026-05-07 07:00:40,,,SKIP_NO_PRIOR_VALID
2886757,40,2026-05-07 08:00:00,0,0,0,0,953,False,2026-05-07 08:00:40,,,SKIP_NO_PRIOR_VALID
2886973,40,2026-05-07 09:00:00,0,0,0,0,953,False,2026-05-07 09:00:38,,,SKIP_NO_PRIOR_VALID
2887192,40,2026-05-07 10:00:00,0,0,0,0,953,False,2026-05-07 10:00:44,,,SKIP_NO_PRIOR_VALID
2887406,40,2026-05-07 11:00:00,0,0,0,0,953,False,2026-05-07 11:00:37,,,SKIP_NO_PRIOR_VALID
2887624,40,2026-05-07 12:00:00,0,0,0,0,953,False,2026-05-07 12:00:40,,,SKIP_NO_PRIOR_VALID
2887832,40,2026-05-07 13:00:00,0,0,0,0,953,False,2026-05-07 13:00:35,,,SKIP_NO_PRIOR_VALID
2888057,40,2026-05-07 14:00:00,0,0,0,0,953,False,2026-05-07 14:00:39,,,SKIP_NO_PRIOR_VALID
2888274,40,2026-05-07 15:00:00,0,0,0,0,953,False,2026-05-07 15:00:40,,,SKIP_NO_PRIOR_VALID
2888488,40,2026-05-07 16:00:00,0,0,0,0,953,False,2026-05-07 16:00:37,,,SKIP_NO_PRIOR_VALID
2888708,40,2026-05-07 17:00:00,0,0,0,0,953,False,2026-05-07 17:00:36,,,SKIP_NO_PRIOR_VALID
2888924,40,2026-05-07 18:00:00,0,0,0,0,953,False,2026-05-07 18:00:36,,,SKIP_NO_PRIOR_VALID
2889142,40,2026-05-07 19:00:00,0,0,0,0,953,False,2026-05-07 19:00:37,,,SKIP_NO_PRIOR_VALID
2889359,40,2026-05-07 20:00:00,0,0,0,0,953,False,2026-05-07 20:00:40,,,SKIP_NO_PRIOR_VALID
2889627,40,2026-05-07 21:00:00,0,0,0,0,953,False,2026-05-07 21:00:37,,,SKIP_NO_PRIOR_VALID
2889905,40,2026-05-07 22:00:00,0,0,0,0,953,False,2026-05-07 22:00:40,,,SKIP_NO_PRIOR_VALID
2890183,40,2026-05-07 23:00:00,0,0,0,0,953,False,2026-05-07 23:00:42,,,SKIP_NO_PRIOR_VALID
2890460,40,2026-05-08 00:00:00,0,0,0,0,954,False,2026-05-08 00:00:48,,,SKIP_NO_PRIOR_VALID
2890735,40,2026-05-08 01:00:00,0,0,0,0,954,False,2026-05-08 01:00:42,,,SKIP_NO_PRIOR_VALID
2891014,40,2026-05-08 02:00:00,0,0,0,0,954,False,2026-05-08 02:00:43,,,SKIP_NO_PRIOR_VALID
2891289,40,2026-05-08 03:00:00,0,0,0,0,954,False,2026-05-08 03:00:39,,,SKIP_NO_PRIOR_VALID
2891560,40,2026-05-08 04:00:00,0,0,0,0,954,False,2026-05-08 04:00:40,,,SKIP_NO_PRIOR_VALID
2891847,40,2026-05-08 05:00:00,0,0,0,0,954,False,2026-05-08 05:00:47,,,SKIP_NO_PRIOR_VALID
2892110,40,2026-05-08 06:00:00,0,0,0,0,954,False,2026-05-08 06:00:40,,,SKIP_NO_PRIOR_VALID
2892397,40,2026-05-08 07:00:00,0,0,0,0,954,False,2026-05-08 07:00:39,,,SKIP_NO_PRIOR_VALID
2892674,40,2026-05-08 08:00:00,0,0,0,0,954,False,2026-05-08 08:00:39,,,SKIP_NO_PRIOR_VALID
2892951,40,2026-05-08 09:00:00,0,0,0,0,954,False,2026-05-08 09:00:39,,,SKIP_NO_PRIOR_VALID
2893228,40,2026-05-08 10:00:00,0,0,0,0,954,False,2026-05-08 10:00:37,,,SKIP_NO_PRIOR_VALID
2893505,40,2026-05-08 11:00:00,0,0,0,0,954,False,2026-05-08 11:00:36,,,SKIP_NO_PRIOR_VALID
2893784,40,2026-05-08 12:00:00,0,0,0,0,954,False,2026-05-08 12:00:43,,,SKIP_NO_PRIOR_VALID
2894062,40,2026-05-08 13:00:00,0,0,0,0,954,False,2026-05-08 13:00:45,,,SKIP_NO_PRIOR_VALID
2894343,40,2026-05-08 14:00:00,0,0,0,0,954,False,2026-05-08 14:00:47,,,SKIP_NO_PRIOR_VALID
2894613,40,2026-05-08 15:00:00,0,0,0,0,954,False,2026-05-08 15:00:39,,,SKIP_NO_PRIOR_VALID
2894890,40,2026-05-08 16:00:00,0,0,0,0,954,False,2026-05-08 16:00:46,,,SKIP_NO_PRIOR_VALID
2895166,40,2026-05-08 17:00:00,0,0,0,0,954,False,2026-05-08 17:00:37,,,SKIP_NO_PRIOR_VALID
2895442,40,2026-05-08 18:00:00,0,0,0,0,954,False,2026-05-08 18:00:38,,,SKIP_NO_PRIOR_VALID
2895754,40,2026-05-08 19:00:00,0,0,0,0,954,False,2026-05-08 19:01:03,,,SKIP_NO_PRIOR_VALID
2896032,40,2026-05-08 20:00:00,0,0,0,0,954,False,2026-05-08 20:01:03,,,SKIP_NO_PRIOR_VALID
2896276,40,2026-05-08 21:00:00,0,0,0,0,954,False,2026-05-08 21:00:40,,,SKIP_NO_PRIOR_VALID
2896545,40,2026-05-08 22:00:00,0,0,0,0,954,False,2026-05-08 22:00:34,,,SKIP_NO_PRIOR_VALID
2896829,40,2026-05-08 23:00:00,0,0,0,0,954,False,2026-05-08 23:00:45,,,SKIP_NO_PRIOR_VALID
2897106,40,2026-05-09 00:00:00,0,0,0,0,955,False,2026-05-09 00:00:46,,,SKIP_NO_PRIOR_VALID
2897385,40,2026-05-09 01:00:00,0,0,0,0,955,False,2026-05-09 01:00:46,,,SKIP_NO_PRIOR_VALID
2897663,40,2026-05-09 02:00:00,0,0,0,0,955,False,2026-05-09 02:00:44,,,SKIP_NO_PRIOR_VALID
2897935,40,2026-05-09 03:00:00,0,0,0,0,955,False,2026-05-09 03:00:35,,,SKIP_NO_PRIOR_VALID
2898216,40,2026-05-09 04:00:00,0,0,0,0,955,False,2026-05-09 04:00:43,,,SKIP_NO_PRIOR_VALID
2898491,40,2026-05-09 05:00:00,0,0,0,0,955,False,2026-05-09 05:00:43,,,SKIP_NO_PRIOR_VALID
2898770,40,2026-05-09 06:00:00,0,0,0,0,955,False,2026-05-09 06:00:42,,,SKIP_NO_PRIOR_VALID
2899045,40,2026-05-09 07:00:00,0,0,0,0,955,False,2026-05-09 07:00:40,,,SKIP_NO_PRIOR_VALID
2899323,40,2026-05-09 08:00:00,0,0,0,0,955,False,2026-05-09 08:00:40,,,SKIP_NO_PRIOR_VALID
2899599,40,2026-05-09 09:00:00,0,0,0,0,955,False,2026-05-09 09:00:36,,,SKIP_NO_PRIOR_VALID
2899876,40,2026-05-09 10:00:00,0,0,0,0,955,False,2026-05-09 10:00:37,,,SKIP_NO_PRIOR_VALID
2900154,40,2026-05-09 11:00:00,0,0,0,0,955,False,2026-05-09 11:00:40,,,SKIP_NO_PRIOR_VALID
2900471,40,2026-05-09 12:00:00,0,0,0,0,955,False,2026-05-09 12:01:21,,,SKIP_NO_PRIOR_VALID
2900767,40,2026-05-09 13:00:00,0,0,0,0,955,False,2026-05-09 13:02:08,,,SKIP_NO_PRIOR_VALID
2901037,40,2026-05-09 14:00:00,0,0,0,0,955,False,2026-05-09 14:01:51,,,SKIP_NO_PRIOR_VALID
2901262,40,2026-05-09 15:00:00,0,0,0,0,955,False,2026-05-09 15:00:40,,,SKIP_NO_PRIOR_VALID
2901538,40,2026-05-09 16:00:00,0,0,0,0,955,False,2026-05-09 16:00:39,,,SKIP_NO_PRIOR_VALID
2901816,40,2026-05-09 17:00:00,0,0,0,0,955,False,2026-05-09 17:00:41,,,SKIP_NO_PRIOR_VALID
2902084,40,2026-05-09 18:00:00,0,0,0,0,955,False,2026-05-09 18:00:33,,,SKIP_NO_PRIOR_VALID
2902364,40,2026-05-09 19:00:00,0,0,0,0,955,False,2026-05-09 19:00:34,,,SKIP_NO_PRIOR_VALID
2902643,40,2026-05-09 20:00:00,0,0,0,0,955,False,2026-05-09 20:00:35,,,SKIP_NO_PRIOR_VALID
2902923,40,2026-05-09 21:00:00,0,0,0,0,955,False,2026-05-09 21:00:38,,,SKIP_NO_PRIOR_VALID
2903200,40,2026-05-09 22:00:00,0,0,0,0,955,False,2026-05-09 22:00:36,,,SKIP_NO_PRIOR_VALID
2903477,40,2026-05-09 23:00:00,0,0,0,0,955,False,2026-05-09 23:00:37,,,SKIP_NO_PRIOR_VALID
2903753,40,2026-05-10 00:00:00,0,0,0,0,956,False,2026-05-10 00:00:43,,,SKIP_NO_PRIOR_VALID
2904033,40,2026-05-10 01:00:00,0,0,0,0,956,False,2026-05-10 01:00:44,,,SKIP_NO_PRIOR_VALID
2904308,40,2026-05-10 02:00:00,0,0,0,0,956,False,2026-05-10 02:00:37,,,SKIP_NO_PRIOR_VALID
2904644,40,2026-05-10 03:00:00,0,0,0,0,956,False,2026-05-10 03:02:05,,,SKIP_NO_PRIOR_VALID
2904904,40,2026-05-10 04:00:00,0,0,0,0,956,False,2026-05-10 04:01:23,,,SKIP_NO_PRIOR_VALID
2905193,40,2026-05-10 05:00:00,0,0,0,0,956,False,2026-05-10 05:01:53,,,SKIP_NO_PRIOR_VALID
2905410,40,2026-05-10 06:00:00,0,0,0,0,956,False,2026-05-10 06:00:34,,,SKIP_NO_PRIOR_VALID
2905757,40,2026-05-10 07:00:00,0,0,0,0,956,False,2026-05-10 07:02:16,,,SKIP_NO_PRIOR_VALID
2905960,40,2026-05-10 08:00:00,0,0,0,0,956,False,2026-05-10 08:00:34,,,SKIP_NO_PRIOR_VALID
2906247,40,2026-05-10 09:00:00,0,0,0,0,956,False,2026-05-10 09:00:39,,,SKIP_NO_PRIOR_VALID
2906527,40,2026-05-10 10:00:00,0,0,0,0,956,False,2026-05-10 10:00:43,,,SKIP_NO_PRIOR_VALID
2906816,40,2026-05-10 11:00:00,0,0,0,0,956,False,2026-05-10 11:00:46,,,SKIP_NO_PRIOR_VALID
2907080,40,2026-05-10 12:00:00,0,0,0,0,956,False,2026-05-10 12:00:42,,,SKIP_NO_PRIOR_VALID
2907357,40,2026-05-10 13:00:00,0,0,0,0,956,False,2026-05-10 13:00:44,,,SKIP_NO_PRIOR_VALID
2907634,40,2026-05-10 14:00:00,0,0,0,0,956,False,2026-05-10 14:00:41,,,SKIP_NO_PRIOR_VALID
2907911,40,2026-05-10 15:00:00,0,0,0,0,956,False,2026-05-10 15:00:43,,,SKIP_NO_PRIOR_VALID
2908193,40,2026-05-10 16:00:00,0,0,0,0,956,False,2026-05-10 16:00:47,,,SKIP_NO_PRIOR_VALID
2908466,40,2026-05-10 17:00:00,0,0,0,0,956,False,2026-05-10 17:00:45,,,SKIP_NO_PRIOR_VALID
2908742,40,2026-05-10 18:00:00,0,0,0,0,956,False,2026-05-10 18:00:44,,,SKIP_NO_PRIOR_VALID
2909041,40,2026-05-10 19:00:00,0,0,0,0,956,False,2026-05-10 19:00:52,,,SKIP_NO_PRIOR_VALID
2909324,40,2026-05-10 20:00:00,0,0,0,0,956,False,2026-05-10 20:00:51,,,SKIP_NO_PRIOR_VALID
2909641,40,2026-05-10 21:00:00,0,0,0,0,956,False,2026-05-10 21:03:00,,,SKIP_NO_PRIOR_VALID
2909879,40,2026-05-10 22:00:00,0,0,0,0,956,False,2026-05-10 22:00:53,,,SKIP_NO_PRIOR_VALID
2910122,40,2026-05-10 23:00:00,0,0,0,0,956,False,2026-05-10 23:00:35,,,SKIP_NO_PRIOR_VALID
2910403,40,2026-05-11 00:00:00,0,0,0,0,957,False,2026-05-11 00:00:47,,,SKIP_NO_PRIOR_VALID
2910678,40,2026-05-11 01:00:00,0,0,0,0,957,False,2026-05-11 01:00:39,,,SKIP_NO_PRIOR_VALID
2910959,40,2026-05-11 02:00:00,0,0,0,0,957,False,2026-05-11 02:00:43,,,SKIP_NO_PRIOR_VALID
2911232,40,2026-05-11 03:00:00,0,0,0,0,957,False,2026-05-11 03:00:36,,,SKIP_NO_PRIOR_VALID
2911523,40,2026-05-11 04:00:00,0,0,0,0,957,False,2026-05-11 04:00:47,,,SKIP_NO_PRIOR_VALID
2911788,40,2026-05-11 05:00:00,0,0,0,0,957,False,2026-05-11 05:00:42,,,SKIP_NO_PRIOR_VALID
2912066,40,2026-05-11 06:00:00,0,0,0,0,957,False,2026-05-11 06:00:45,,,SKIP_NO_PRIOR_VALID
2912342,40,2026-05-11 07:00:00,0,0,0,0,957,False,2026-05-11 07:00:42,,,SKIP_NO_PRIOR_VALID
2912620,40,2026-05-11 08:00:00,0,0,0,0,957,False,2026-05-11 08:00:44,,,SKIP_NO_PRIOR_VALID
2912895,40,2026-05-11 09:00:00,0,0,0,0,957,False,2026-05-11 09:00:39,,,SKIP_NO_PRIOR_VALID
2913174,40,2026-05-11 10:00:00,0,0,0,0,957,False,2026-05-11 10:00:44,,,SKIP_NO_PRIOR_VALID
2913452,40,2026-05-11 11:00:00,0,0,0,0,957,False,2026-05-11 11:00:45,,,SKIP_NO_PRIOR_VALID
2913728,40,2026-05-11 12:00:00,0,0,0,0,957,False,2026-05-11 12:00:45,,,SKIP_NO_PRIOR_VALID
2914004,40,2026-05-11 13:00:00,0,0,0,0,957,False,2026-05-11 13:00:45,,,SKIP_NO_PRIOR_VALID
2914349,40,2026-05-11 14:00:00,0,0,0,0,957,False,2026-05-11 14:02:32,,,SKIP_NO_PRIOR_VALID
2914557,40,2026-05-11 15:00:00,0,0,0,0,957,False,2026-05-11 15:00:38,,,SKIP_NO_PRIOR_VALID
2914880,40,2026-05-11 16:00:00,0,0,0,0,957,False,2026-05-11 16:01:37,,,SKIP_NO_PRIOR_VALID
2915109,40,2026-05-11 17:00:00,0,0,0,0,957,False,2026-05-11 17:00:40,,,SKIP_NO_PRIOR_VALID
2915385,40,2026-05-11 18:00:00,0,0,0,0,957,False,2026-05-11 18:00:41,,,SKIP_NO_PRIOR_VALID
2915661,40,2026-05-11 19:00:00,0,0,0,0,957,False,2026-05-11 19:00:41,,,SKIP_NO_PRIOR_VALID
2915940,40,2026-05-11 20:00:00,0,0,0,0,957,False,2026-05-11 20:00:46,,,SKIP_NO_PRIOR_VALID
2916216,40,2026-05-11 21:00:00,0,0,0,0,957,False,2026-05-11 21:00:45,,,SKIP_NO_PRIOR_VALID
2916489,40,2026-05-11 22:00:00,0,0,0,0,957,False,2026-05-11 22:00:37,,,SKIP_NO_PRIOR_VALID
2916765,40,2026-05-11 23:00:00,0,0,0,0,957,False,2026-05-11 23:00:36,,,SKIP_NO_PRIOR_VALID
2917045,40,2026-05-12 00:00:00,0,0,0,0,958,False,2026-05-12 00:00:50,,,SKIP_NO_PRIOR_VALID
2917318,40,2026-05-12 01:00:00,0,0,0,0,958,False,2026-05-12 01:00:43,,,SKIP_NO_PRIOR_VALID
2917596,40,2026-05-12 02:00:00,0,0,0,0,958,False,2026-05-12 02:00:44,,,SKIP_NO_PRIOR_VALID
2917864,40,2026-05-12 03:00:00,0,0,0,0,958,False,2026-05-12 03:00:35,,,SKIP_NO_PRIOR_VALID
2918140,40,2026-05-12 04:00:00,0,0,0,0,958,False,2026-05-12 04:00:33,,,SKIP_NO_PRIOR_VALID
2918424,40,2026-05-12 05:00:00,0,0,0,0,958,False,2026-05-12 05:00:43,,,SKIP_NO_PRIOR_VALID
2918700,40,2026-05-12 06:00:00,0,0,0,0,958,False,2026-05-12 06:00:46,,,SKIP_NO_PRIOR_VALID
2919027,40,2026-05-12 07:00:00,0,0,0,0,958,False,2026-05-12 07:01:53,,,SKIP_NO_PRIOR_VALID
2919249,40,2026-05-12 08:00:00,0,0,0,0,958,False,2026-05-12 08:00:38,,,SKIP_NO_PRIOR_VALID
2919528,40,2026-05-12 09:00:00,0,0,0,0,958,False,2026-05-12 09:00:44,,,SKIP_NO_PRIOR_VALID
2919802,40,2026-05-12 10:00:00,0,0,0,0,958,False,2026-05-12 10:00:41,,,SKIP_NO_PRIOR_VALID
2920078,40,2026-05-12 11:00:00,0,0,0,0,958,False,2026-05-12 11:00:40,,,SKIP_NO_PRIOR_VALID
2920356,40,2026-05-12 12:00:00,0,0,0,0,958,False,2026-05-12 12:00:49,,,SKIP_NO_PRIOR_VALID
2920631,40,2026-05-12 13:00:00,0,0,0,0,958,False,2026-05-12 13:00:45,,,SKIP_NO_PRIOR_VALID
2920905,40,2026-05-12 14:00:00,0,0,0,0,958,False,2026-05-12 14:00:39,,,SKIP_NO_PRIOR_VALID
2921184,40,2026-05-12 15:00:00,0,0,0,0,958,False,2026-05-12 15:00:44,,,SKIP_NO_PRIOR_VALID
2909338,41,2026-05-10 20:00:00,0,814050,0,688,0,False,2026-05-10 20:01:23,814050,2026-05-10 19:00:00,SKIP_ALREADY_OK
2935090,41,2026-05-14 20:00:00,0,818463,0,610,0,False,2026-05-14 20:04:09,818463,2026-05-14 19:00:00,SKIP_ALREADY_OK
2864507,42,2026-05-03 01:00:00,0,391,0,0,0,False,2026-05-03 01:04:05,391,2026-05-03 00:00:00,SKIP_ALREADY_OK
2905809,42,2026-05-10 07:00:00,0,391,0,0,0,False,2026-05-10 07:08:17,391,2026-05-10 06:00:00,SKIP_ALREADY_OK
2864040,43,2026-05-02 23:00:00,0,151475,0,0,0,False,2026-05-02 23:03:42,151475,2026-05-02 22:00:00,SKIP_ALREADY_OK
2909353,43,2026-05-10 20:00:00,0,151475,0,0,0,False,2026-05-10 20:02:01,151475,2026-05-10 19:00:00,SKIP_ALREADY_OK
2935091,43,2026-05-14 20:00:00,0,151476,0,1,0,False,2026-05-14 20:04:21,151476,2026-05-14 19:00:00,SKIP_ALREADY_OK
2947131,43,2026-05-16 17:00:00,0,151476,0,0,0,False,2026-05-16 17:01:54,151476,2026-05-16 16:00:00,SKIP_ALREADY_OK
2935100,45,2026-05-14 20:00:00,0,75,0,0,0,False,2026-05-14 20:05:15,75,2026-05-14 19:00:00,SKIP_ALREADY_OK
2854614,46,2026-05-01 04:00:00,0,0,0,0,0,False,2026-05-01 04:00:23,,,SKIP_NO_PRIOR_VALID
2854832,46,2026-05-01 05:00:00,0,0,0,0,0,False,2026-05-01 05:00:24,,,SKIP_NO_PRIOR_VALID
2855048,46,2026-05-01 06:00:00,0,0,0,0,0,False,2026-05-01 06:00:24,,,SKIP_NO_PRIOR_VALID
2855265,46,2026-05-01 07:00:00,0,0,0,0,0,False,2026-05-01 07:00:22,,,SKIP_NO_PRIOR_VALID
2855482,46,2026-05-01 08:00:00,0,0,0,0,0,False,2026-05-01 08:00:23,,,SKIP_NO_PRIOR_VALID
2855699,46,2026-05-01 09:00:00,0,0,0,0,0,False,2026-05-01 09:00:21,,,SKIP_NO_PRIOR_VALID
2855916,46,2026-05-01 10:00:00,0,0,0,0,0,False,2026-05-01 10:00:23,,,SKIP_NO_PRIOR_VALID
2856128,46,2026-05-01 11:00:00,0,0,0,0,0,False,2026-05-01 11:00:21,,,SKIP_NO_PRIOR_VALID
2856350,46,2026-05-01 12:00:00,0,0,0,0,0,False,2026-05-01 12:00:26,,,SKIP_NO_PRIOR_VALID
2856568,46,2026-05-01 13:00:00,0,0,0,0,0,False,2026-05-01 13:00:25,,,SKIP_NO_PRIOR_VALID
2856784,46,2026-05-01 14:00:00,0,0,0,0,0,False,2026-05-01 14:00:23,,,SKIP_NO_PRIOR_VALID
2857001,46,2026-05-01 15:00:00,0,0,0,0,0,False,2026-05-01 15:00:23,,,SKIP_NO_PRIOR_VALID
2857215,46,2026-05-01 16:00:00,0,0,0,0,0,False,2026-05-01 16:00:22,,,SKIP_NO_PRIOR_VALID
2857435,46,2026-05-01 17:00:00,0,0,0,0,0,False,2026-05-01 17:00:22,,,SKIP_NO_PRIOR_VALID
2857652,46,2026-05-01 18:00:00,0,0,0,0,0,False,2026-05-01 18:00:24,,,SKIP_NO_PRIOR_VALID
2857869,46,2026-05-01 19:00:00,0,0,0,0,0,False,2026-05-01 19:00:24,,,SKIP_NO_PRIOR_VALID
2858137,46,2026-05-01 20:00:00,0,0,0,0,0,False,2026-05-01 20:01:05,,,SKIP_NO_PRIOR_VALID
2858303,46,2026-05-01 21:00:00,0,0,0,0,0,False,2026-05-01 21:00:23,,,SKIP_NO_PRIOR_VALID
2858571,46,2026-05-01 22:00:00,0,0,0,0,0,False,2026-05-01 22:01:03,,,SKIP_NO_PRIOR_VALID
2858733,46,2026-05-01 23:00:00,0,0,0,0,0,False,2026-05-01 23:00:21,,,SKIP_NO_PRIOR_VALID
2858953,46,2026-05-02 00:00:00,0,0,0,0,0,False,2026-05-02 00:00:27,,,SKIP_NO_PRIOR_VALID
2859170,46,2026-05-02 01:00:00,0,0,0,0,0,False,2026-05-02 01:00:24,,,SKIP_NO_PRIOR_VALID
2859388,46,2026-05-02 02:00:00,0,0,0,0,0,False,2026-05-02 02:00:23,,,SKIP_NO_PRIOR_VALID
2859605,46,2026-05-02 03:00:00,0,0,0,0,0,False,2026-05-02 03:00:24,,,SKIP_NO_PRIOR_VALID
2859821,46,2026-05-02 04:00:00,0,0,0,0,0,False,2026-05-02 04:00:22,,,SKIP_NO_PRIOR_VALID
2860044,46,2026-05-02 05:00:00,0,0,0,0,0,False,2026-05-02 05:00:29,,,SKIP_NO_PRIOR_VALID
2860256,46,2026-05-02 06:00:00,0,0,0,0,0,False,2026-05-02 06:00:23,,,SKIP_NO_PRIOR_VALID
2860467,46,2026-05-02 07:00:00,0,0,0,0,0,False,2026-05-02 07:00:21,,,SKIP_NO_PRIOR_VALID
2860690,46,2026-05-02 08:00:00,0,0,0,0,0,False,2026-05-02 08:00:22,,,SKIP_NO_PRIOR_VALID
2860908,46,2026-05-02 09:00:00,0,0,0,0,0,False,2026-05-02 09:00:24,,,SKIP_NO_PRIOR_VALID
2861124,46,2026-05-02 10:00:00,0,0,0,0,0,False,2026-05-02 10:00:23,,,SKIP_NO_PRIOR_VALID
2861340,46,2026-05-02 11:00:00,0,0,0,0,0,False,2026-05-02 11:00:22,,,SKIP_NO_PRIOR_VALID
2861556,46,2026-05-02 12:00:00,0,0,0,0,0,False,2026-05-02 12:00:24,,,SKIP_NO_PRIOR_VALID
2861774,46,2026-05-02 13:00:00,0,0,0,0,0,False,2026-05-02 13:00:23,,,SKIP_NO_PRIOR_VALID
2861987,46,2026-05-02 14:00:00,0,0,0,0,0,False,2026-05-02 14:00:20,,,SKIP_NO_PRIOR_VALID
2862203,46,2026-05-02 15:00:00,0,0,0,0,0,False,2026-05-02 15:00:21,,,SKIP_NO_PRIOR_VALID
2862427,46,2026-05-02 16:00:00,0,0,0,0,0,False,2026-05-02 16:00:25,,,SKIP_NO_PRIOR_VALID
2862642,46,2026-05-02 17:00:00,0,0,0,0,0,False,2026-05-02 17:00:23,,,SKIP_NO_PRIOR_VALID
2862860,46,2026-05-02 18:00:00,0,0,0,0,0,False,2026-05-02 18:00:23,,,SKIP_NO_PRIOR_VALID
2863077,46,2026-05-02 19:00:00,0,0,0,0,0,False,2026-05-02 19:00:23,,,SKIP_NO_PRIOR_VALID
2863294,46,2026-05-02 20:00:00,0,0,0,0,0,False,2026-05-02 20:00:22,,,SKIP_NO_PRIOR_VALID
2863511,46,2026-05-02 21:00:00,0,0,0,0,0,False,2026-05-02 21:00:23,,,SKIP_NO_PRIOR_VALID
2863728,46,2026-05-02 22:00:00,0,0,0,0,0,False,2026-05-02 22:00:22,,,SKIP_NO_PRIOR_VALID
2864001,46,2026-05-02 23:00:00,0,0,0,0,0,False,2026-05-02 23:01:14,,,SKIP_NO_PRIOR_VALID
2864162,46,2026-05-03 00:00:00,0,0,0,0,0,False,2026-05-03 00:00:30,,,SKIP_NO_PRIOR_VALID
2864381,46,2026-05-03 01:00:00,0,0,0,0,0,False,2026-05-03 01:00:28,,,SKIP_NO_PRIOR_VALID
2864595,46,2026-05-03 02:00:00,0,0,0,0,0,False,2026-05-03 02:00:22,,,SKIP_NO_PRIOR_VALID
2864816,46,2026-05-03 03:00:00,0,0,0,0,0,False,2026-05-03 03:00:29,,,SKIP_NO_PRIOR_VALID
2865030,46,2026-05-03 04:00:00,0,0,0,0,0,False,2026-05-03 04:00:23,,,SKIP_NO_PRIOR_VALID
2865247,46,2026-05-03 05:00:00,0,0,0,0,0,False,2026-05-03 05:00:23,,,SKIP_NO_PRIOR_VALID
2865464,46,2026-05-03 06:00:00,0,0,0,0,0,False,2026-05-03 06:00:24,,,SKIP_NO_PRIOR_VALID
2865681,46,2026-05-03 07:00:00,0,0,0,0,0,False,2026-05-03 07:00:22,,,SKIP_NO_PRIOR_VALID
2865898,46,2026-05-03 08:00:00,0,0,0,0,0,False,2026-05-03 08:00:23,,,SKIP_NO_PRIOR_VALID
2866115,46,2026-05-03 09:00:00,0,0,0,0,0,False,2026-05-03 09:00:23,,,SKIP_NO_PRIOR_VALID
2866332,46,2026-05-03 10:00:00,0,0,0,0,0,False,2026-05-03 10:00:22,,,SKIP_NO_PRIOR_VALID
2866549,46,2026-05-03 11:00:00,0,0,0,0,0,False,2026-05-03 11:00:23,,,SKIP_NO_PRIOR_VALID
2866767,46,2026-05-03 12:00:00,0,0,0,0,0,False,2026-05-03 12:00:27,,,SKIP_NO_PRIOR_VALID
2866983,46,2026-05-03 13:00:00,0,0,0,0,0,False,2026-05-03 13:00:24,,,SKIP_NO_PRIOR_VALID
2867199,46,2026-05-03 14:00:00,0,0,0,0,0,False,2026-05-03 14:00:22,,,SKIP_NO_PRIOR_VALID
2867415,46,2026-05-03 15:00:00,0,0,0,0,0,False,2026-05-03 15:00:22,,,SKIP_NO_PRIOR_VALID
2867629,46,2026-05-03 16:00:00,0,0,0,0,0,False,2026-05-03 16:00:21,,,SKIP_NO_PRIOR_VALID
2867851,46,2026-05-03 17:00:00,0,0,0,0,0,False,2026-05-03 17:00:23,,,SKIP_NO_PRIOR_VALID
2868085,46,2026-05-03 18:00:00,0,0,0,0,0,False,2026-05-03 18:00:39,,,SKIP_NO_PRIOR_VALID
2868287,46,2026-05-03 19:00:00,0,0,0,0,0,False,2026-05-03 19:00:27,,,SKIP_NO_PRIOR_VALID
2868502,46,2026-05-03 20:00:00,0,0,0,0,0,False,2026-05-03 20:00:24,,,SKIP_NO_PRIOR_VALID
2868719,46,2026-05-03 21:00:00,0,0,0,0,0,False,2026-05-03 21:00:23,,,SKIP_NO_PRIOR_VALID
2868937,46,2026-05-03 22:00:00,0,0,0,0,0,False,2026-05-03 22:00:24,,,SKIP_NO_PRIOR_VALID
2869148,46,2026-05-03 23:00:00,0,0,0,0,0,False,2026-05-03 23:00:21,,,SKIP_NO_PRIOR_VALID
2869368,46,2026-05-04 00:00:00,0,0,0,0,0,False,2026-05-04 00:00:30,,,SKIP_NO_PRIOR_VALID
2869588,46,2026-05-04 01:00:00,0,0,0,0,0,False,2026-05-04 01:00:27,,,SKIP_NO_PRIOR_VALID
2869805,46,2026-05-04 02:00:00,0,0,0,0,0,False,2026-05-04 02:00:24,,,SKIP_NO_PRIOR_VALID
2870023,46,2026-05-04 03:00:00,0,0,0,0,0,False,2026-05-04 03:00:27,,,SKIP_NO_PRIOR_VALID
2870238,46,2026-05-04 04:00:00,0,0,0,0,0,False,2026-05-04 04:00:23,,,SKIP_NO_PRIOR_VALID
2870456,46,2026-05-04 05:00:00,0,0,0,0,0,False,2026-05-04 05:00:24,,,SKIP_NO_PRIOR_VALID
2870672,46,2026-05-04 06:00:00,0,0,0,0,0,False,2026-05-04 06:00:24,,,SKIP_NO_PRIOR_VALID
2870889,46,2026-05-04 07:00:00,0,0,0,0,0,False,2026-05-04 07:00:24,,,SKIP_NO_PRIOR_VALID
2871106,46,2026-05-04 08:00:00,0,0,0,0,0,False,2026-05-04 08:00:21,,,SKIP_NO_PRIOR_VALID
2871323,46,2026-05-04 09:00:00,0,0,0,0,0,False,2026-05-04 09:00:22,,,SKIP_NO_PRIOR_VALID
2871539,46,2026-05-04 10:00:00,0,0,0,0,0,False,2026-05-04 10:00:22,,,SKIP_NO_PRIOR_VALID
2871757,46,2026-05-04 11:00:00,0,0,0,0,0,False,2026-05-04 11:00:22,,,SKIP_NO_PRIOR_VALID
2871968,46,2026-05-04 12:00:00,0,0,0,0,0,False,2026-05-04 12:00:21,,,SKIP_NO_PRIOR_VALID
2872192,46,2026-05-04 13:00:00,0,0,0,0,0,False,2026-05-04 13:00:25,,,SKIP_NO_PRIOR_VALID
2872408,46,2026-05-04 14:00:00,0,0,0,0,0,False,2026-05-04 14:00:23,,,SKIP_NO_PRIOR_VALID
2872625,46,2026-05-04 15:00:00,0,0,0,0,0,False,2026-05-04 15:00:21,,,SKIP_NO_PRIOR_VALID
2872842,46,2026-05-04 16:00:00,0,0,0,0,0,False,2026-05-04 16:00:23,,,SKIP_NO_PRIOR_VALID
2873059,46,2026-05-04 17:00:00,0,0,0,0,0,False,2026-05-04 17:00:22,,,SKIP_NO_PRIOR_VALID
2873276,46,2026-05-04 18:00:00,0,0,0,0,0,False,2026-05-04 18:00:24,,,SKIP_NO_PRIOR_VALID
2873494,46,2026-05-04 19:00:00,0,0,0,0,0,False,2026-05-04 19:00:24,,,SKIP_NO_PRIOR_VALID
2873710,46,2026-05-04 20:00:00,0,0,0,0,0,False,2026-05-04 20:00:24,,,SKIP_NO_PRIOR_VALID
2873927,46,2026-05-04 21:00:00,0,0,0,0,0,False,2026-05-04 21:00:23,,,SKIP_NO_PRIOR_VALID
2874145,46,2026-05-04 22:00:00,0,0,0,0,0,False,2026-05-04 22:00:23,,,SKIP_NO_PRIOR_VALID
2874363,46,2026-05-04 23:00:00,0,0,0,0,0,False,2026-05-04 23:00:25,,,SKIP_NO_PRIOR_VALID
2874578,46,2026-05-05 00:00:00,0,0,0,0,0,False,2026-05-05 00:00:26,,,SKIP_NO_PRIOR_VALID
2874796,46,2026-05-05 01:00:00,0,0,0,0,0,False,2026-05-05 01:00:26,,,SKIP_NO_PRIOR_VALID
2875012,46,2026-05-05 02:00:00,0,0,0,0,0,False,2026-05-05 02:00:22,,,SKIP_NO_PRIOR_VALID
2875230,46,2026-05-05 03:00:00,0,0,0,0,0,False,2026-05-05 03:00:23,,,SKIP_NO_PRIOR_VALID
2875447,46,2026-05-05 04:00:00,0,0,0,0,0,False,2026-05-05 04:00:23,,,SKIP_NO_PRIOR_VALID
2875665,46,2026-05-05 05:00:00,0,0,0,0,0,False,2026-05-05 05:00:24,,,SKIP_NO_PRIOR_VALID
2875880,46,2026-05-05 06:00:00,0,0,0,0,0,False,2026-05-05 06:00:22,,,SKIP_NO_PRIOR_VALID
2876098,46,2026-05-05 07:00:00,0,0,0,0,0,False,2026-05-05 07:00:24,,,SKIP_NO_PRIOR_VALID
2876314,46,2026-05-05 08:00:00,0,0,0,0,0,False,2026-05-05 08:00:23,,,SKIP_NO_PRIOR_VALID
2876529,46,2026-05-05 09:00:00,0,0,0,0,0,False,2026-05-05 09:00:20,,,SKIP_NO_PRIOR_VALID
2876741,46,2026-05-05 10:00:00,0,0,0,0,0,False,2026-05-05 10:00:20,,,SKIP_NO_PRIOR_VALID
2876965,46,2026-05-05 11:00:00,0,0,0,0,0,False,2026-05-05 11:00:22,,,SKIP_NO_PRIOR_VALID
2877183,46,2026-05-05 12:00:00,0,0,0,0,0,False,2026-05-05 12:00:26,,,SKIP_NO_PRIOR_VALID
2877399,46,2026-05-05 13:00:00,0,0,0,0,0,False,2026-05-05 13:00:24,,,SKIP_NO_PRIOR_VALID
2877623,46,2026-05-05 14:00:00,0,0,0,0,0,False,2026-05-05 14:00:33,,,SKIP_NO_PRIOR_VALID
2877828,46,2026-05-05 15:00:00,0,0,0,0,0,False,2026-05-05 15:00:21,,,SKIP_NO_PRIOR_VALID
2878049,46,2026-05-05 16:00:00,0,0,0,0,0,False,2026-05-05 16:00:21,,,SKIP_NO_PRIOR_VALID
2878268,46,2026-05-05 17:00:00,0,0,0,0,0,False,2026-05-05 17:00:24,,,SKIP_NO_PRIOR_VALID
2878484,46,2026-05-05 18:00:00,0,0,0,0,0,False,2026-05-05 18:00:20,,,SKIP_NO_PRIOR_VALID
2878702,46,2026-05-05 19:00:00,0,0,0,0,0,False,2026-05-05 19:00:24,,,SKIP_NO_PRIOR_VALID
2878918,46,2026-05-05 20:00:00,0,0,0,0,0,False,2026-05-05 20:00:23,,,SKIP_NO_PRIOR_VALID
2879135,46,2026-05-05 21:00:00,0,0,0,0,0,False,2026-05-05 21:00:21,,,SKIP_NO_PRIOR_VALID
2879352,46,2026-05-05 22:00:00,0,0,0,0,0,False,2026-05-05 22:00:22,,,SKIP_NO_PRIOR_VALID
2879571,46,2026-05-05 23:00:00,0,0,0,0,0,False,2026-05-05 23:00:24,,,SKIP_NO_PRIOR_VALID
2879786,46,2026-05-06 00:00:00,0,0,0,0,0,False,2026-05-06 00:00:27,,,SKIP_NO_PRIOR_VALID
2880005,46,2026-05-06 01:00:00,0,0,0,0,0,False,2026-05-06 01:00:26,,,SKIP_NO_PRIOR_VALID
2880220,46,2026-05-06 02:00:00,0,0,0,0,0,False,2026-05-06 02:00:23,,,SKIP_NO_PRIOR_VALID
2880438,46,2026-05-06 03:00:00,0,0,0,0,0,False,2026-05-06 03:00:24,,,SKIP_NO_PRIOR_VALID
2880654,46,2026-05-06 04:00:00,0,0,0,0,0,False,2026-05-06 04:00:21,,,SKIP_NO_PRIOR_VALID
2880871,46,2026-05-06 05:00:00,0,0,0,0,0,False,2026-05-06 05:00:21,,,SKIP_NO_PRIOR_VALID
2881089,46,2026-05-06 06:00:00,0,0,0,0,0,False,2026-05-06 06:00:23,,,SKIP_NO_PRIOR_VALID
2881305,46,2026-05-06 07:00:00,0,0,0,0,0,False,2026-05-06 07:00:23,,,SKIP_NO_PRIOR_VALID
2881521,46,2026-05-06 08:00:00,0,0,0,0,0,False,2026-05-06 08:00:21,,,SKIP_NO_PRIOR_VALID
2881738,46,2026-05-06 09:00:00,0,0,0,0,0,False,2026-05-06 09:00:20,,,SKIP_NO_PRIOR_VALID
2881956,46,2026-05-06 10:00:00,0,0,0,0,0,False,2026-05-06 10:00:23,,,SKIP_NO_PRIOR_VALID
2882175,46,2026-05-06 11:00:00,0,0,0,0,0,False,2026-05-06 11:00:24,,,SKIP_NO_PRIOR_VALID
2882391,46,2026-05-06 12:00:00,0,0,0,0,0,False,2026-05-06 12:00:26,,,SKIP_NO_PRIOR_VALID
2882610,46,2026-05-06 13:00:00,0,0,0,0,0,False,2026-05-06 13:00:29,,,SKIP_NO_PRIOR_VALID
2882826,46,2026-05-06 14:00:00,0,0,0,0,0,False,2026-05-06 14:00:26,,,SKIP_NO_PRIOR_VALID
2883042,46,2026-05-06 15:00:00,0,0,0,0,0,False,2026-05-06 15:00:25,,,SKIP_NO_PRIOR_VALID
2883259,46,2026-05-06 16:00:00,0,0,0,0,0,False,2026-05-06 16:00:25,,,SKIP_NO_PRIOR_VALID
2883475,46,2026-05-06 17:00:00,0,0,0,0,0,False,2026-05-06 17:00:22,,,SKIP_NO_PRIOR_VALID
2883693,46,2026-05-06 18:00:00,0,0,0,0,0,False,2026-05-06 18:00:25,,,SKIP_NO_PRIOR_VALID
2883909,46,2026-05-06 19:00:00,0,0,0,0,0,False,2026-05-06 19:00:23,,,SKIP_NO_PRIOR_VALID
2884126,46,2026-05-06 20:00:00,0,0,0,0,0,False,2026-05-06 20:00:23,,,SKIP_NO_PRIOR_VALID
2884344,46,2026-05-06 21:00:00,0,0,0,0,0,False,2026-05-06 21:00:24,,,SKIP_NO_PRIOR_VALID
2884561,46,2026-05-06 22:00:00,0,0,0,0,0,False,2026-05-06 22:00:24,,,SKIP_NO_PRIOR_VALID
2884777,46,2026-05-06 23:00:00,0,0,0,0,0,False,2026-05-06 23:00:22,,,SKIP_NO_PRIOR_VALID
2884995,46,2026-05-07 00:00:00,0,0,0,0,0,False,2026-05-07 00:00:32,,,SKIP_NO_PRIOR_VALID
2885212,46,2026-05-07 01:00:00,0,0,0,0,0,False,2026-05-07 01:00:26,,,SKIP_NO_PRIOR_VALID
2885429,46,2026-05-07 02:00:00,0,0,0,0,0,False,2026-05-07 02:00:24,,,SKIP_NO_PRIOR_VALID
2885645,46,2026-05-07 03:00:00,0,0,0,0,0,False,2026-05-07 03:00:22,,,SKIP_NO_PRIOR_VALID
2885862,46,2026-05-07 04:00:00,0,0,0,0,0,False,2026-05-07 04:00:20,,,SKIP_NO_PRIOR_VALID
2886079,46,2026-05-07 05:00:00,0,0,0,0,0,False,2026-05-07 05:00:22,,,SKIP_NO_PRIOR_VALID
2886296,46,2026-05-07 06:00:00,0,0,0,0,0,False,2026-05-07 06:00:22,,,SKIP_NO_PRIOR_VALID
2886516,46,2026-05-07 07:00:00,0,0,0,0,0,False,2026-05-07 07:00:27,,,SKIP_NO_PRIOR_VALID
2886733,46,2026-05-07 08:00:00,0,0,0,0,0,False,2026-05-07 08:00:27,,,SKIP_NO_PRIOR_VALID
2886948,46,2026-05-07 09:00:00,0,0,0,0,0,False,2026-05-07 09:00:23,,,SKIP_NO_PRIOR_VALID
2887165,46,2026-05-07 10:00:00,0,0,0,0,0,False,2026-05-07 10:00:24,,,SKIP_NO_PRIOR_VALID
2887382,46,2026-05-07 11:00:00,0,0,0,0,0,False,2026-05-07 11:00:23,,,SKIP_NO_PRIOR_VALID
2887599,46,2026-05-07 12:00:00,0,0,0,0,0,False,2026-05-07 12:00:25,,,SKIP_NO_PRIOR_VALID
2887812,46,2026-05-07 13:00:00,0,0,0,0,0,False,2026-05-07 13:00:22,,,SKIP_NO_PRIOR_VALID
2888033,46,2026-05-07 14:00:00,0,0,0,0,0,False,2026-05-07 14:00:27,,,SKIP_NO_PRIOR_VALID
2888250,46,2026-05-07 15:00:00,0,0,0,0,0,False,2026-05-07 15:00:24,,,SKIP_NO_PRIOR_VALID
2888467,46,2026-05-07 16:00:00,0,0,0,0,0,False,2026-05-07 16:00:26,,,SKIP_NO_PRIOR_VALID
2888682,46,2026-05-07 17:00:00,0,0,0,0,0,False,2026-05-07 17:00:22,,,SKIP_NO_PRIOR_VALID
2888900,46,2026-05-07 18:00:00,0,0,0,0,0,False,2026-05-07 18:00:23,,,SKIP_NO_PRIOR_VALID
2889117,46,2026-05-07 19:00:00,0,0,0,0,0,False,2026-05-07 19:00:23,,,SKIP_NO_PRIOR_VALID
2889334,46,2026-05-07 20:00:00,0,0,0,0,0,False,2026-05-07 20:00:24,,,SKIP_NO_PRIOR_VALID
2889602,46,2026-05-07 21:00:00,0,0,0,0,0,False,2026-05-07 21:00:24,,,SKIP_NO_PRIOR_VALID
2889879,46,2026-05-07 22:00:00,0,0,0,0,0,False,2026-05-07 22:00:24,,,SKIP_NO_PRIOR_VALID
2890157,46,2026-05-07 23:00:00,0,0,0,0,0,False,2026-05-07 23:00:25,,,SKIP_NO_PRIOR_VALID
2890434,46,2026-05-08 00:00:00,0,0,0,0,0,False,2026-05-08 00:00:31,,,SKIP_NO_PRIOR_VALID
2890711,46,2026-05-08 01:00:00,0,0,0,0,0,False,2026-05-08 01:00:26,,,SKIP_NO_PRIOR_VALID
2890989,46,2026-05-08 02:00:00,0,0,0,0,0,False,2026-05-08 02:00:27,,,SKIP_NO_PRIOR_VALID
2891265,46,2026-05-08 03:00:00,0,0,0,0,0,False,2026-05-08 03:00:24,,,SKIP_NO_PRIOR_VALID
2891543,46,2026-05-08 04:00:00,0,0,0,0,0,False,2026-05-08 04:00:26,,,SKIP_NO_PRIOR_VALID
2891825,46,2026-05-08 05:00:00,0,0,0,0,0,False,2026-05-08 05:00:32,,,SKIP_NO_PRIOR_VALID
2892085,46,2026-05-08 06:00:00,0,0,0,0,0,False,2026-05-08 06:00:25,,,SKIP_NO_PRIOR_VALID
2892372,46,2026-05-08 07:00:00,0,0,0,0,0,False,2026-05-08 07:00:24,,,SKIP_NO_PRIOR_VALID
2892649,46,2026-05-08 08:00:00,0,0,0,0,0,False,2026-05-08 08:00:23,,,SKIP_NO_PRIOR_VALID
2892926,46,2026-05-08 09:00:00,0,0,0,0,0,False,2026-05-08 09:00:24,,,SKIP_NO_PRIOR_VALID
2893203,46,2026-05-08 10:00:00,0,0,0,0,0,False,2026-05-08 10:00:23,,,SKIP_NO_PRIOR_VALID
2893480,46,2026-05-08 11:00:00,0,0,0,0,0,False,2026-05-08 11:00:22,,,SKIP_NO_PRIOR_VALID
2893759,46,2026-05-08 12:00:00,0,0,0,0,0,False,2026-05-08 12:00:27,,,SKIP_NO_PRIOR_VALID
2894036,46,2026-05-08 13:00:00,0,0,0,0,0,False,2026-05-08 13:00:27,,,SKIP_NO_PRIOR_VALID
2894316,46,2026-05-08 14:00:00,0,0,0,0,0,False,2026-05-08 14:00:31,,,SKIP_NO_PRIOR_VALID
2894588,46,2026-05-08 15:00:00,0,0,0,0,0,False,2026-05-08 15:00:24,,,SKIP_NO_PRIOR_VALID
2894865,46,2026-05-08 16:00:00,0,0,0,0,0,False,2026-05-08 16:00:32,,,SKIP_NO_PRIOR_VALID
2895142,46,2026-05-08 17:00:00,0,0,0,0,0,False,2026-05-08 17:00:24,,,SKIP_NO_PRIOR_VALID
2895418,46,2026-05-08 18:00:00,0,0,0,0,0,False,2026-05-08 18:00:24,,,SKIP_NO_PRIOR_VALID
2895691,46,2026-05-08 19:00:00,0,0,0,0,0,False,2026-05-08 19:00:23,,,SKIP_NO_PRIOR_VALID
2895985,46,2026-05-08 20:00:00,0,0,0,0,0,False,2026-05-08 20:00:34,,,SKIP_NO_PRIOR_VALID
2896252,46,2026-05-08 21:00:00,0,0,0,0,0,False,2026-05-08 21:00:26,,,SKIP_NO_PRIOR_VALID
2896527,46,2026-05-08 22:00:00,0,0,0,0,0,False,2026-05-08 22:00:23,,,SKIP_NO_PRIOR_VALID
2896804,46,2026-05-08 23:00:00,0,0,0,0,0,False,2026-05-08 23:00:31,,,SKIP_NO_PRIOR_VALID
2897077,46,2026-05-09 00:00:00,0,0,0,0,0,False,2026-05-09 00:00:29,,,SKIP_NO_PRIOR_VALID
2897360,46,2026-05-09 01:00:00,0,0,0,0,0,False,2026-05-09 01:00:29,,,SKIP_NO_PRIOR_VALID
2897637,46,2026-05-09 02:00:00,0,0,0,0,0,False,2026-05-09 02:00:26,,,SKIP_NO_PRIOR_VALID
2897912,46,2026-05-09 03:00:00,0,0,0,0,0,False,2026-05-09 03:00:22,,,SKIP_NO_PRIOR_VALID
2898189,46,2026-05-09 04:00:00,0,0,0,0,0,False,2026-05-09 04:00:25,,,SKIP_NO_PRIOR_VALID
2898467,46,2026-05-09 05:00:00,0,0,0,0,0,False,2026-05-09 05:00:28,,,SKIP_NO_PRIOR_VALID
2898744,46,2026-05-09 06:00:00,0,0,0,0,0,False,2026-05-09 06:00:26,,,SKIP_NO_PRIOR_VALID
2899020,46,2026-05-09 07:00:00,0,0,0,0,0,False,2026-05-09 07:00:25,,,SKIP_NO_PRIOR_VALID
2899297,46,2026-05-09 08:00:00,0,0,0,0,0,False,2026-05-09 08:00:22,,,SKIP_NO_PRIOR_VALID
2899574,46,2026-05-09 09:00:00,0,0,0,0,0,False,2026-05-09 09:00:22,,,SKIP_NO_PRIOR_VALID
2899850,46,2026-05-09 10:00:00,0,0,0,0,0,False,2026-05-09 10:00:22,,,SKIP_NO_PRIOR_VALID
2900128,46,2026-05-09 11:00:00,0,0,0,0,0,False,2026-05-09 11:00:23,,,SKIP_NO_PRIOR_VALID
2900459,46,2026-05-09 12:00:00,0,0,0,0,0,False,2026-05-09 12:01:10,,,SKIP_NO_PRIOR_VALID
2900675,46,2026-05-09 13:00:00,0,0,0,0,0,False,2026-05-09 13:00:22,,,SKIP_NO_PRIOR_VALID
2901012,46,2026-05-09 14:00:00,0,0,0,0,0,False,2026-05-09 14:01:05,,,SKIP_NO_PRIOR_VALID
2901238,46,2026-05-09 15:00:00,0,0,0,0,0,False,2026-05-09 15:00:27,,,SKIP_NO_PRIOR_VALID
2901516,46,2026-05-09 16:00:00,0,0,0,0,0,False,2026-05-09 16:00:28,,,SKIP_NO_PRIOR_VALID
2901790,46,2026-05-09 17:00:00,0,0,0,0,0,False,2026-05-09 17:00:24,,,SKIP_NO_PRIOR_VALID
2902067,46,2026-05-09 18:00:00,0,0,0,0,0,False,2026-05-09 18:00:22,,,SKIP_NO_PRIOR_VALID
2902344,46,2026-05-09 19:00:00,0,0,0,0,0,False,2026-05-09 19:00:22,,,SKIP_NO_PRIOR_VALID
2902621,46,2026-05-09 20:00:00,0,0,0,0,0,False,2026-05-09 20:00:22,,,SKIP_NO_PRIOR_VALID
2902898,46,2026-05-09 21:00:00,0,0,0,0,0,False,2026-05-09 21:00:23,,,SKIP_NO_PRIOR_VALID
2903175,46,2026-05-09 22:00:00,0,0,0,0,0,False,2026-05-09 22:00:22,,,SKIP_NO_PRIOR_VALID
2903452,46,2026-05-09 23:00:00,0,0,0,0,0,False,2026-05-09 23:00:23,,,SKIP_NO_PRIOR_VALID
2903728,46,2026-05-10 00:00:00,0,0,0,0,0,False,2026-05-10 00:00:30,,,SKIP_NO_PRIOR_VALID
2904006,46,2026-05-10 01:00:00,0,0,0,0,0,False,2026-05-10 01:00:26,,,SKIP_NO_PRIOR_VALID
2904283,46,2026-05-10 02:00:00,0,0,0,0,0,False,2026-05-10 02:00:23,,,SKIP_NO_PRIOR_VALID
2904619,46,2026-05-10 03:00:00,0,0,0,0,0,False,2026-05-10 03:01:23,,,SKIP_NO_PRIOR_VALID
2904840,46,2026-05-10 04:00:00,0,0,0,0,0,False,2026-05-10 04:00:28,,,SKIP_NO_PRIOR_VALID
2905167,46,2026-05-10 05:00:00,0,0,0,0,0,False,2026-05-10 05:01:06,,,SKIP_NO_PRIOR_VALID
2905388,46,2026-05-10 06:00:00,0,0,0,0,0,False,2026-05-10 06:00:22,,,SKIP_NO_PRIOR_VALID
2905727,46,2026-05-10 07:00:00,0,0,0,0,0,False,2026-05-10 07:01:22,,,SKIP_NO_PRIOR_VALID
2905939,46,2026-05-10 08:00:00,0,0,0,0,0,False,2026-05-10 08:00:23,,,SKIP_NO_PRIOR_VALID
2906222,46,2026-05-10 09:00:00,0,0,0,0,0,False,2026-05-10 09:00:24,,,SKIP_NO_PRIOR_VALID
2906501,46,2026-05-10 10:00:00,0,0,0,0,0,False,2026-05-10 10:00:25,,,SKIP_NO_PRIOR_VALID
2906777,46,2026-05-10 11:00:00,0,0,0,0,0,False,2026-05-10 11:00:25,,,SKIP_NO_PRIOR_VALID
2907053,46,2026-05-10 12:00:00,0,0,0,0,0,False,2026-05-10 12:00:25,,,SKIP_NO_PRIOR_VALID
2907330,46,2026-05-10 13:00:00,0,0,0,0,0,False,2026-05-10 13:00:26,,,SKIP_NO_PRIOR_VALID
2907608,46,2026-05-10 14:00:00,0,0,0,0,0,False,2026-05-10 14:00:23,,,SKIP_NO_PRIOR_VALID
2907885,46,2026-05-10 15:00:00,0,0,0,0,0,False,2026-05-10 15:00:25,,,SKIP_NO_PRIOR_VALID
2908163,46,2026-05-10 16:00:00,0,0,0,0,0,False,2026-05-10 16:00:27,,,SKIP_NO_PRIOR_VALID
2908440,46,2026-05-10 17:00:00,0,0,0,0,0,False,2026-05-10 17:00:28,,,SKIP_NO_PRIOR_VALID
2908716,46,2026-05-10 18:00:00,0,0,0,0,0,False,2026-05-10 18:00:27,,,SKIP_NO_PRIOR_VALID
2908994,46,2026-05-10 19:00:00,0,0,0,0,0,False,2026-05-10 19:00:27,,,SKIP_NO_PRIOR_VALID
2909287,46,2026-05-10 20:00:00,0,0,0,0,0,False,2026-05-10 20:00:40,,,SKIP_NO_PRIOR_VALID
2909617,46,2026-05-10 21:00:00,0,0,0,0,0,False,2026-05-10 21:01:53,,,SKIP_NO_PRIOR_VALID
2909841,46,2026-05-10 22:00:00,0,0,0,0,0,False,2026-05-10 22:00:40,,,SKIP_NO_PRIOR_VALID
2910100,46,2026-05-10 23:00:00,0,0,0,0,0,False,2026-05-10 23:00:22,,,SKIP_NO_PRIOR_VALID
2910377,46,2026-05-11 00:00:00,0,0,0,0,0,False,2026-05-11 00:00:30,,,SKIP_NO_PRIOR_VALID
2910653,46,2026-05-11 01:00:00,0,0,0,0,0,False,2026-05-11 01:00:26,,,SKIP_NO_PRIOR_VALID
2910933,46,2026-05-11 02:00:00,0,0,0,0,0,False,2026-05-11 02:00:25,,,SKIP_NO_PRIOR_VALID
2911208,46,2026-05-11 03:00:00,0,0,0,0,0,False,2026-05-11 03:00:24,,,SKIP_NO_PRIOR_VALID
2911487,46,2026-05-11 04:00:00,0,0,0,0,0,False,2026-05-11 04:00:26,,,SKIP_NO_PRIOR_VALID
2911764,46,2026-05-11 05:00:00,0,0,0,0,0,False,2026-05-11 05:00:27,,,SKIP_NO_PRIOR_VALID
2912041,46,2026-05-11 06:00:00,0,0,0,0,0,False,2026-05-11 06:00:29,,,SKIP_NO_PRIOR_VALID
2912317,46,2026-05-11 07:00:00,0,0,0,0,0,False,2026-05-11 07:00:27,,,SKIP_NO_PRIOR_VALID
2912593,46,2026-05-11 08:00:00,0,0,0,0,0,False,2026-05-11 08:00:25,,,SKIP_NO_PRIOR_VALID
2912870,46,2026-05-11 09:00:00,0,0,0,0,0,False,2026-05-11 09:00:24,,,SKIP_NO_PRIOR_VALID
2913148,46,2026-05-11 10:00:00,0,0,0,0,0,False,2026-05-11 10:00:27,,,SKIP_NO_PRIOR_VALID
2913426,46,2026-05-11 11:00:00,0,0,0,0,0,False,2026-05-11 11:00:27,,,SKIP_NO_PRIOR_VALID
2913702,46,2026-05-11 12:00:00,0,0,0,0,0,False,2026-05-11 12:00:29,,,SKIP_NO_PRIOR_VALID
2913979,46,2026-05-11 13:00:00,0,0,0,0,0,False,2026-05-11 13:00:29,,,SKIP_NO_PRIOR_VALID
2914305,46,2026-05-11 14:00:00,0,0,0,0,0,False,2026-05-11 14:01:02,,,SKIP_NO_PRIOR_VALID
2914532,46,2026-05-11 15:00:00,0,0,0,0,0,False,2026-05-11 15:00:25,,,SKIP_NO_PRIOR_VALID
2914862,46,2026-05-11 16:00:00,0,0,0,0,0,False,2026-05-11 16:01:09,,,SKIP_NO_PRIOR_VALID
2915083,46,2026-05-11 17:00:00,0,0,0,0,0,False,2026-05-11 17:00:24,,,SKIP_NO_PRIOR_VALID
2915360,46,2026-05-11 18:00:00,0,0,0,0,0,False,2026-05-11 18:00:26,,,SKIP_NO_PRIOR_VALID
2915636,46,2026-05-11 19:00:00,0,0,0,0,0,False,2026-05-11 19:00:25,,,SKIP_NO_PRIOR_VALID
2915912,46,2026-05-11 20:00:00,0,0,0,0,0,False,2026-05-11 20:00:26,,,SKIP_NO_PRIOR_VALID
2916189,46,2026-05-11 21:00:00,0,0,0,0,0,False,2026-05-11 21:00:26,,,SKIP_NO_PRIOR_VALID
2916464,46,2026-05-11 22:00:00,0,0,0,0,0,False,2026-05-11 22:00:24,,,SKIP_NO_PRIOR_VALID
2916740,46,2026-05-11 23:00:00,0,0,0,0,0,False,2026-05-11 23:00:23,,,SKIP_NO_PRIOR_VALID
2917017,46,2026-05-12 00:00:00,0,0,0,0,0,False,2026-05-12 00:00:30,,,SKIP_NO_PRIOR_VALID
2917293,46,2026-05-12 01:00:00,0,0,0,0,0,False,2026-05-12 01:00:26,,,SKIP_NO_PRIOR_VALID
2917571,46,2026-05-12 02:00:00,0,0,0,0,0,False,2026-05-12 02:00:29,,,SKIP_NO_PRIOR_VALID
2917844,46,2026-05-12 03:00:00,0,0,0,0,0,False,2026-05-12 03:00:23,,,SKIP_NO_PRIOR_VALID
2918116,46,2026-05-12 04:00:00,0,0,0,0,0,False,2026-05-12 04:00:20,,,SKIP_NO_PRIOR_VALID
2918397,46,2026-05-12 05:00:00,0,0,0,0,0,False,2026-05-12 05:00:25,,,SKIP_NO_PRIOR_VALID
2918674,46,2026-05-12 06:00:00,0,0,0,0,0,False,2026-05-12 06:00:27,,,SKIP_NO_PRIOR_VALID
2918998,46,2026-05-12 07:00:00,0,0,0,0,0,False,2026-05-12 07:00:59,,,SKIP_NO_PRIOR_VALID
2919225,46,2026-05-12 08:00:00,0,0,0,0,0,False,2026-05-12 08:00:26,,,SKIP_NO_PRIOR_VALID
2919502,46,2026-05-12 09:00:00,0,0,0,0,0,False,2026-05-12 09:00:27,,,SKIP_NO_PRIOR_VALID
2919775,46,2026-05-12 10:00:00,0,0,0,0,0,False,2026-05-12 10:00:24,,,SKIP_NO_PRIOR_VALID
2920052,46,2026-05-12 11:00:00,0,0,0,0,0,False,2026-05-12 11:00:23,,,SKIP_NO_PRIOR_VALID
2920330,46,2026-05-12 12:00:00,0,0,0,0,0,False,2026-05-12 12:00:30,,,SKIP_NO_PRIOR_VALID
2920605,46,2026-05-12 13:00:00,0,0,0,0,0,False,2026-05-12 13:00:29,,,SKIP_NO_PRIOR_VALID
2920880,46,2026-05-12 14:00:00,0,0,0,0,0,False,2026-05-12 14:00:24,,,SKIP_NO_PRIOR_VALID
2921157,46,2026-05-12 15:00:00,0,0,0,0,0,False,2026-05-12 15:00:25,,,SKIP_NO_PRIOR_VALID
2921432,46,2026-05-12 16:00:00,0,0,0,0,0,False,2026-05-12 16:00:25,,,SKIP_NO_PRIOR_VALID
2921702,46,2026-05-12 17:00:00,0,0,0,0,0,False,2026-05-12 17:00:26,,,SKIP_NO_PRIOR_VALID
2921973,46,2026-05-12 18:00:00,0,0,0,0,0,False,2026-05-12 18:00:27,,,SKIP_NO_PRIOR_VALID
2923242,46,2026-05-12 19:00:00,0,0,0,0,0,False,2026-05-12 19:00:29,,,SKIP_NO_PRIOR_VALID
2923512,46,2026-05-12 20:00:00,0,0,0,0,0,False,2026-05-12 20:00:25,,,SKIP_NO_PRIOR_VALID
2923776,46,2026-05-12 21:00:00,0,0,0,0,0,False,2026-05-12 21:00:22,,,SKIP_NO_PRIOR_VALID
2924052,46,2026-05-12 22:00:00,0,0,0,0,0,False,2026-05-12 22:00:25,,,SKIP_NO_PRIOR_VALID
2924322,46,2026-05-12 23:00:00,0,0,0,0,0,False,2026-05-12 23:00:24,,,SKIP_NO_PRIOR_VALID
2924592,46,2026-05-13 00:00:00,0,0,0,0,0,False,2026-05-13 00:00:32,,,SKIP_NO_PRIOR_VALID
2924862,46,2026-05-13 01:00:00,0,0,0,0,0,False,2026-05-13 01:00:29,,,SKIP_NO_PRIOR_VALID
2925132,46,2026-05-13 02:00:00,0,0,0,0,0,False,2026-05-13 02:00:24,,,SKIP_NO_PRIOR_VALID
2925402,46,2026-05-13 03:00:00,0,0,0,0,0,False,2026-05-13 03:00:25,,,SKIP_NO_PRIOR_VALID
2925672,46,2026-05-13 04:00:00,0,0,0,0,0,False,2026-05-13 04:00:23,,,SKIP_NO_PRIOR_VALID
2925941,46,2026-05-13 05:00:00,0,0,0,0,0,False,2026-05-13 05:00:23,,,SKIP_NO_PRIOR_VALID
2926212,46,2026-05-13 06:00:00,0,0,0,0,0,False,2026-05-13 06:00:25,,,SKIP_NO_PRIOR_VALID
2926482,46,2026-05-13 07:00:00,0,0,0,0,0,False,2026-05-13 07:00:25,,,SKIP_NO_PRIOR_VALID
2926742,46,2026-05-13 08:00:00,0,0,0,0,0,False,2026-05-13 08:00:22,,,SKIP_NO_PRIOR_VALID
2927021,46,2026-05-13 09:00:00,0,0,0,0,0,False,2026-05-13 09:00:24,,,SKIP_NO_PRIOR_VALID
2927292,46,2026-05-13 10:00:00,0,0,0,0,0,False,2026-05-13 10:00:25,,,SKIP_NO_PRIOR_VALID
2927562,46,2026-05-13 11:00:00,0,0,0,0,0,False,2026-05-13 11:00:24,,,SKIP_NO_PRIOR_VALID
2927832,46,2026-05-13 12:00:00,0,0,0,0,0,False,2026-05-13 12:00:28,,,SKIP_NO_PRIOR_VALID
2928093,46,2026-05-13 13:00:00,0,0,0,0,0,False,2026-05-13 13:00:27,,,SKIP_NO_PRIOR_VALID
2928368,46,2026-05-13 14:00:00,0,0,0,0,0,False,2026-05-13 14:00:26,,,SKIP_NO_PRIOR_VALID
2928639,46,2026-05-13 15:00:00,0,0,0,0,0,False,2026-05-13 15:00:28,,,SKIP_NO_PRIOR_VALID
2928910,46,2026-05-13 16:00:00,0,0,0,0,0,False,2026-05-13 16:00:25,,,SKIP_NO_PRIOR_VALID
2929178,46,2026-05-13 17:00:00,0,0,0,0,0,False,2026-05-13 17:00:25,,,SKIP_NO_PRIOR_VALID
2929445,46,2026-05-13 18:00:00,0,0,0,0,0,False,2026-05-13 18:00:25,,,SKIP_NO_PRIOR_VALID
2929708,46,2026-05-13 19:00:00,0,0,0,0,0,False,2026-05-13 19:00:23,,,SKIP_NO_PRIOR_VALID
2929977,46,2026-05-13 20:00:00,0,0,0,0,0,False,2026-05-13 20:00:24,,,SKIP_NO_PRIOR_VALID
2930247,46,2026-05-13 21:00:00,0,0,0,0,0,False,2026-05-13 21:00:26,,,SKIP_NO_PRIOR_VALID
2930652,46,2026-05-14 04:00:00,0,0,0,0,0,False,2026-05-14 04:01:07,,,SKIP_NO_PRIOR_VALID
2930960,46,2026-05-14 05:00:00,0,0,0,0,0,False,2026-05-14 05:00:25,,,SKIP_NO_PRIOR_VALID
2931227,46,2026-05-14 06:00:00,0,0,0,0,0,False,2026-05-14 06:00:26,,,SKIP_NO_PRIOR_VALID
2931493,46,2026-05-14 07:00:00,0,0,0,0,0,False,2026-05-14 07:00:24,,,SKIP_NO_PRIOR_VALID
2931826,46,2026-05-14 08:00:00,0,0,0,0,0,False,2026-05-14 08:01:18,,,SKIP_NO_PRIOR_VALID
2932031,46,2026-05-14 09:00:00,0,0,0,0,0,False,2026-05-14 09:00:25,,,SKIP_NO_PRIOR_VALID
2932301,46,2026-05-14 10:00:00,0,0,0,0,0,False,2026-05-14 10:00:25,,,SKIP_NO_PRIOR_VALID
2932604,46,2026-05-14 11:00:00,0,0,0,0,0,False,2026-05-14 11:00:51,,,SKIP_NO_PRIOR_VALID
2932839,46,2026-05-14 12:00:00,0,0,0,0,0,False,2026-05-14 12:00:31,,,SKIP_NO_PRIOR_VALID
2933111,46,2026-05-14 13:00:00,0,0,0,0,0,False,2026-05-14 13:00:28,,,SKIP_NO_PRIOR_VALID
2933378,46,2026-05-14 14:00:00,0,0,0,0,0,False,2026-05-14 14:00:27,,,SKIP_NO_PRIOR_VALID
2933653,46,2026-05-14 15:00:00,0,0,0,0,0,False,2026-05-14 15:00:34,,,SKIP_NO_PRIOR_VALID
2933920,46,2026-05-14 16:00:00,0,0,0,0,0,False,2026-05-14 16:00:27,,,SKIP_NO_PRIOR_VALID
2934182,46,2026-05-14 17:00:00,0,0,0,0,0,False,2026-05-14 17:00:26,,,SKIP_NO_PRIOR_VALID
2934452,46,2026-05-14 18:00:00,0,0,0,0,0,False,2026-05-14 18:00:28,,,SKIP_NO_PRIOR_VALID
2934724,46,2026-05-14 19:00:00,0,0,0,0,0,False,2026-05-14 19:00:28,,,SKIP_NO_PRIOR_VALID
2935081,46,2026-05-14 20:00:00,0,0,0,0,0,False,2026-05-14 20:02:31,,,SKIP_NO_PRIOR_VALID
2935270,46,2026-05-14 21:00:00,0,0,0,0,0,False,2026-05-14 21:00:33,,,SKIP_NO_PRIOR_VALID
2935525,46,2026-05-14 22:00:00,0,0,0,0,0,False,2026-05-14 22:00:19,,,SKIP_NO_PRIOR_VALID
2935806,46,2026-05-14 23:00:00,0,0,0,0,0,False,2026-05-14 23:00:26,,,SKIP_NO_PRIOR_VALID
2936076,46,2026-05-15 00:00:00,0,0,0,0,0,False,2026-05-15 00:00:36,,,SKIP_NO_PRIOR_VALID
2936334,46,2026-05-15 01:00:00,0,0,0,0,0,False,2026-05-15 01:00:27,,,SKIP_NO_PRIOR_VALID
2936612,46,2026-05-15 02:00:00,0,0,0,0,0,False,2026-05-15 02:00:26,,,SKIP_NO_PRIOR_VALID
2936869,46,2026-05-15 03:00:00,0,0,0,0,0,False,2026-05-15 03:00:21,,,SKIP_NO_PRIOR_VALID
2937145,46,2026-05-15 04:00:00,0,0,0,0,0,False,2026-05-15 04:00:22,,,SKIP_NO_PRIOR_VALID
2937420,46,2026-05-15 05:00:00,0,0,0,0,0,False,2026-05-15 05:00:27,,,SKIP_NO_PRIOR_VALID
2937680,46,2026-05-15 06:00:00,0,0,0,0,0,False,2026-05-15 06:00:23,,,SKIP_NO_PRIOR_VALID
2937954,46,2026-05-15 07:00:00,0,0,0,0,0,False,2026-05-15 07:00:23,,,SKIP_NO_PRIOR_VALID
2938226,46,2026-05-15 08:00:00,0,0,0,0,0,False,2026-05-15 08:00:23,,,SKIP_NO_PRIOR_VALID
2938490,46,2026-05-15 09:00:00,0,0,0,0,0,False,2026-05-15 09:00:23,,,SKIP_NO_PRIOR_VALID
2938762,46,2026-05-15 10:00:00,0,0,0,0,0,False,2026-05-15 10:00:25,,,SKIP_NO_PRIOR_VALID
2939025,46,2026-05-15 11:00:00,0,0,0,0,0,False,2026-05-15 11:00:22,,,SKIP_NO_PRIOR_VALID
2939298,46,2026-05-15 12:00:00,0,0,0,0,0,False,2026-05-15 12:00:27,,,SKIP_NO_PRIOR_VALID
2939559,46,2026-05-15 13:00:00,0,0,0,0,0,False,2026-05-15 13:00:25,,,SKIP_NO_PRIOR_VALID
2939831,46,2026-05-15 14:00:00,0,0,0,0,0,False,2026-05-15 14:00:30,,,SKIP_NO_PRIOR_VALID
2940106,46,2026-05-15 15:00:00,0,0,0,0,0,False,2026-05-15 15:00:27,,,SKIP_NO_PRIOR_VALID
2940373,46,2026-05-15 16:00:00,0,0,0,0,0,False,2026-05-15 16:00:30,,,SKIP_NO_PRIOR_VALID
2940645,46,2026-05-15 17:00:00,0,0,0,0,0,False,2026-05-15 17:00:31,,,SKIP_NO_PRIOR_VALID
2940912,46,2026-05-15 18:00:00,0,0,0,0,0,False,2026-05-15 18:00:30,,,SKIP_NO_PRIOR_VALID
2941165,46,2026-05-15 19:00:00,0,0,0,0,0,False,2026-05-15 19:00:26,,,SKIP_NO_PRIOR_VALID
2941439,46,2026-05-15 20:00:00,0,0,0,0,0,False,2026-05-15 20:00:24,,,SKIP_NO_PRIOR_VALID
2941700,46,2026-05-15 21:00:00,0,0,0,0,0,False,2026-05-15 21:00:24,,,SKIP_NO_PRIOR_VALID
2941979,46,2026-05-15 22:00:00,0,0,0,0,0,False,2026-05-15 22:00:22,,,SKIP_NO_PRIOR_VALID
2942249,46,2026-05-15 23:00:00,0,0,0,0,0,False,2026-05-15 23:00:27,,,SKIP_NO_PRIOR_VALID
2942534,46,2026-05-16 00:00:00,0,0,0,0,0,False,2026-05-16 00:00:58,,,SKIP_NO_PRIOR_VALID
2942784,46,2026-05-16 01:00:00,0,0,0,0,0,False,2026-05-16 01:00:28,,,SKIP_NO_PRIOR_VALID
2943052,46,2026-05-16 02:00:00,0,0,0,0,0,False,2026-05-16 02:00:27,,,SKIP_NO_PRIOR_VALID
2943329,46,2026-05-16 03:00:00,0,0,0,0,0,False,2026-05-16 03:00:29,,,SKIP_NO_PRIOR_VALID
2943617,46,2026-05-16 04:00:00,0,0,0,0,0,False,2026-05-16 04:00:46,,,SKIP_NO_PRIOR_VALID
2943824,46,2026-05-16 05:00:00,0,0,0,0,0,False,2026-05-16 05:00:24,,,SKIP_NO_PRIOR_VALID
2944094,46,2026-05-16 06:00:00,0,0,0,0,0,False,2026-05-16 06:00:24,,,SKIP_NO_PRIOR_VALID
2944359,46,2026-05-16 07:00:00,0,0,0,0,0,False,2026-05-16 07:00:23,,,SKIP_NO_PRIOR_VALID
2944627,46,2026-05-16 08:00:00,0,0,0,0,0,False,2026-05-16 08:00:23,,,SKIP_NO_PRIOR_VALID
2944896,46,2026-05-16 09:00:00,0,0,0,0,0,False,2026-05-16 09:00:21,,,SKIP_NO_PRIOR_VALID
2945170,46,2026-05-16 10:00:00,0,0,0,0,0,False,2026-05-16 10:00:24,,,SKIP_NO_PRIOR_VALID
2945440,46,2026-05-16 11:00:00,0,0,0,0,0,False,2026-05-16 11:00:24,,,SKIP_NO_PRIOR_VALID
2945708,46,2026-05-16 12:00:00,0,0,0,0,0,False,2026-05-16 12:00:26,,,SKIP_NO_PRIOR_VALID
2945977,46,2026-05-16 13:00:00,0,0,0,0,0,False,2026-05-16 13:00:25,,,SKIP_NO_PRIOR_VALID
2946236,46,2026-05-16 14:00:00,0,0,0,0,0,False,2026-05-16 14:00:24,,,SKIP_NO_PRIOR_VALID
2946516,46,2026-05-16 15:00:00,0,0,0,0,0,False,2026-05-16 15:00:24,,,SKIP_NO_PRIOR_VALID
2946785,46,2026-05-16 16:00:00,0,0,0,0,0,False,2026-05-16 16:00:25,,,SKIP_NO_PRIOR_VALID
2947058,46,2026-05-16 17:00:00,0,0,0,0,0,False,2026-05-16 17:00:31,,,SKIP_NO_PRIOR_VALID
2947351,46,2026-05-16 18:00:00,0,0,0,0,0,False,2026-05-16 18:01:07,,,SKIP_NO_PRIOR_VALID
2947629,46,2026-05-16 19:00:00,0,0,0,0,0,False,2026-05-16 19:01:14,,,SKIP_NO_PRIOR_VALID
2947877,46,2026-05-16 20:00:00,0,0,0,0,0,False,2026-05-16 20:00:39,,,SKIP_NO_PRIOR_VALID
2948135,46,2026-05-16 21:00:00,0,0,0,0,0,False,2026-05-16 21:00:32,,,SKIP_NO_PRIOR_VALID
2948391,46,2026-05-16 22:00:00,0,0,0,0,0,False,2026-05-16 22:00:19,,,SKIP_NO_PRIOR_VALID
2948648,46,2026-05-16 23:00:00,0,0,0,0,0,False,2026-05-16 23:00:31,,,SKIP_NO_PRIOR_VALID
2948907,46,2026-05-17 00:00:00,0,0,0,0,0,False,2026-05-17 00:00:42,,,SKIP_NO_PRIOR_VALID
2949177,46,2026-05-17 01:00:00,0,0,0,0,0,False,2026-05-17 01:00:38,,,SKIP_NO_PRIOR_VALID
2949451,46,2026-05-17 02:00:00,0,0,0,0,0,False,2026-05-17 02:00:34,,,SKIP_NO_PRIOR_VALID
2949711,46,2026-05-17 03:00:00,0,0,0,0,0,False,2026-05-17 03:00:25,,,SKIP_NO_PRIOR_VALID
2949978,46,2026-05-17 04:00:00,0,0,0,0,0,False,2026-05-17 04:00:40,,,SKIP_NO_PRIOR_VALID
2950270,46,2026-05-17 05:00:00,0,0,0,0,0,False,2026-05-17 05:00:42,,,SKIP_NO_PRIOR_VALID
2950636,46,2026-05-17 06:00:00,0,0,0,0,0,False,2026-05-17 06:04:05,,,SKIP_NO_PRIOR_VALID
2950875,46,2026-05-17 07:00:00,0,0,0,0,0,False,2026-05-17 07:04:09,,,SKIP_NO_PRIOR_VALID
2951114,46,2026-05-17 08:00:00,0,0,0,0,0,False,2026-05-17 08:04:07,,,SKIP_NO_PRIOR_VALID
2951353,46,2026-05-17 09:00:00,0,0,0,0,0,False,2026-05-17 09:04:08,,,SKIP_NO_PRIOR_VALID
2951592,46,2026-05-17 10:00:00,0,0,0,0,0,False,2026-05-17 10:04:09,,,SKIP_NO_PRIOR_VALID
2951831,46,2026-05-17 11:00:00,0,0,0,0,0,False,2026-05-17 11:04:10,,,SKIP_NO_PRIOR_VALID
2952071,46,2026-05-17 12:00:00,0,0,0,0,0,False,2026-05-17 12:04:46,,,SKIP_NO_PRIOR_VALID
2952310,46,2026-05-17 13:00:00,0,0,0,0,0,False,2026-05-17 13:04:49,,,SKIP_NO_PRIOR_VALID
2952549,46,2026-05-17 14:00:00,0,0,0,0,0,False,2026-05-17 14:04:20,,,SKIP_NO_PRIOR_VALID
2952788,46,2026-05-17 15:00:00,0,0,0,0,0,False,2026-05-17 15:04:07,,,SKIP_NO_PRIOR_VALID
2953027,46,2026-05-17 16:00:00,0,0,0,0,0,False,2026-05-17 16:04:07,,,SKIP_NO_PRIOR_VALID
2953265,46,2026-05-17 17:00:00,0,0,0,0,0,False,2026-05-17 17:04:07,,,SKIP_NO_PRIOR_VALID
2953504,46,2026-05-17 18:00:00,0,0,0,0,0,False,2026-05-17 18:04:07,,,SKIP_NO_PRIOR_VALID
2953742,46,2026-05-17 19:00:00,0,0,0,0,0,False,2026-05-17 19:04:08,,,SKIP_NO_PRIOR_VALID
2953981,46,2026-05-17 20:00:00,0,0,0,0,0,False,2026-05-17 20:04:07,,,SKIP_NO_PRIOR_VALID
2954220,46,2026-05-17 21:00:00,0,0,0,0,0,False,2026-05-17 21:04:09,,,SKIP_NO_PRIOR_VALID
2954413,46,2026-05-17 22:00:00,0,0,0,0,0,False,2026-05-17 22:04:10,,,SKIP_NO_PRIOR_VALID
2954666,46,2026-05-17 23:00:00,0,0,0,0,0,False,2026-05-17 23:04:12,,,SKIP_NO_PRIOR_VALID
2954945,46,2026-05-18 00:00:00,0,0,0,0,0,False,2026-05-18 00:04:12,,,SKIP_NO_PRIOR_VALID
2955178,46,2026-05-18 01:00:00,0,0,0,0,0,False,2026-05-18 01:04:13,,,SKIP_NO_PRIOR_VALID
2955436,46,2026-05-18 02:00:00,0,0,0,0,0,False,2026-05-18 02:04:15,,,SKIP_NO_PRIOR_VALID
2955692,46,2026-05-18 03:00:00,0,0,0,0,0,False,2026-05-18 03:04:08,,,SKIP_NO_PRIOR_VALID
2955931,46,2026-05-18 04:00:00,0,0,0,0,0,False,2026-05-18 04:04:08,,,SKIP_NO_PRIOR_VALID
2956170,46,2026-05-18 05:00:00,0,0,0,0,0,False,2026-05-18 05:04:17,,,SKIP_NO_PRIOR_VALID
2956409,46,2026-05-18 06:00:00,0,0,0,0,0,False,2026-05-18 06:04:07,,,SKIP_NO_PRIOR_VALID
2956648,46,2026-05-18 07:00:00,0,0,0,0,0,False,2026-05-18 07:04:08,,,SKIP_NO_PRIOR_VALID
2956887,46,2026-05-18 08:00:00,0,0,0,0,0,False,2026-05-18 08:04:09,,,SKIP_NO_PRIOR_VALID
2957126,46,2026-05-18 09:00:00,0,0,0,0,0,False,2026-05-18 09:04:09,,,SKIP_NO_PRIOR_VALID
2957365,46,2026-05-18 10:00:00,0,0,0,0,0,False,2026-05-18 10:04:08,,,SKIP_NO_PRIOR_VALID
2957604,46,2026-05-18 11:00:00,0,0,0,0,0,False,2026-05-18 11:04:08,,,SKIP_NO_PRIOR_VALID
2957843,46,2026-05-18 12:00:00,0,0,0,0,0,False,2026-05-18 12:04:09,,,SKIP_NO_PRIOR_VALID
2958082,46,2026-05-18 13:00:00,0,0,0,0,0,False,2026-05-18 13:04:08,,,SKIP_NO_PRIOR_VALID
2958321,46,2026-05-18 14:00:00,0,0,0,0,0,False,2026-05-18 14:04:10,,,SKIP_NO_PRIOR_VALID
2958559,46,2026-05-18 15:00:00,0,0,0,0,0,False,2026-05-18 15:04:07,,,SKIP_NO_PRIOR_VALID
2935116,47,2026-05-14 20:00:00,0,4431445,0,0,0,False,2026-05-14 20:07:20,4431445,2026-05-14 19:00:00,SKIP_ALREADY_OK
2864506,48,2026-05-03 01:00:00,0,1766420,0,0,0,False,2026-05-03 01:03:27,1685860,2026-05-03 00:00:00,CORRECT_TO_1685860
2904967,48,2026-05-10 04:00:00,0,1782610,0,0,0,False,2026-05-10 04:03:41,1772500,2026-05-10 03:00:00,CORRECT_TO_1772500
2905807,48,2026-05-10 07:00:00,0,1782720,0,110,0,False,2026-05-10 07:07:20,1782720,2026-05-10 06:00:00,SKIP_ALREADY_OK
2935131,48,2026-05-14 20:00:00,0,1793040,0,1250,0,False,2026-05-14 20:09:44,1793040,2026-05-14 19:00:00,SKIP_ALREADY_OK
2854645,49,2026-05-01 04:00:00,0,0,0,0,945,False,2026-05-01 04:00:43,,,SKIP_NO_PRIOR_VALID
2854868,49,2026-05-01 05:00:00,0,0,0,0,945,False,2026-05-01 05:00:46,,,SKIP_NO_PRIOR_VALID
2855083,49,2026-05-01 06:00:00,0,0,0,0,945,False,2026-05-01 06:00:45,,,SKIP_NO_PRIOR_VALID
2855296,49,2026-05-01 07:00:00,0,0,0,0,945,False,2026-05-01 07:00:43,,,SKIP_NO_PRIOR_VALID
2855513,49,2026-05-01 08:00:00,0,0,0,0,945,False,2026-05-01 08:00:43,,,SKIP_NO_PRIOR_VALID
2855735,49,2026-05-01 09:00:00,0,0,0,0,945,False,2026-05-01 09:00:44,,,SKIP_NO_PRIOR_VALID
2855947,49,2026-05-01 10:00:00,0,0,0,0,945,False,2026-05-01 10:00:42,,,SKIP_NO_PRIOR_VALID
2856162,49,2026-05-01 11:00:00,0,0,0,0,945,False,2026-05-01 11:00:40,,,SKIP_NO_PRIOR_VALID
2856381,49,2026-05-01 12:00:00,0,0,0,0,945,False,2026-05-01 12:00:46,,,SKIP_NO_PRIOR_VALID
2856598,49,2026-05-01 13:00:00,0,0,0,0,945,False,2026-05-01 13:00:43,,,SKIP_NO_PRIOR_VALID
2856815,49,2026-05-01 14:00:00,0,0,0,0,945,False,2026-05-01 14:00:43,,,SKIP_NO_PRIOR_VALID
2857031,49,2026-05-01 15:00:00,0,0,0,0,945,False,2026-05-01 15:00:42,,,SKIP_NO_PRIOR_VALID
2857247,49,2026-05-01 16:00:00,0,0,0,0,945,False,2026-05-01 16:00:39,,,SKIP_NO_PRIOR_VALID
2857466,49,2026-05-01 17:00:00,0,0,0,0,945,False,2026-05-01 17:00:43,,,SKIP_NO_PRIOR_VALID
2857684,49,2026-05-01 18:00:00,0,0,0,0,945,False,2026-05-01 18:00:45,,,SKIP_NO_PRIOR_VALID
2857909,49,2026-05-01 19:00:00,0,0,0,0,945,False,2026-05-01 19:00:47,,,SKIP_NO_PRIOR_VALID
2858157,49,2026-05-01 20:00:00,0,0,0,0,945,False,2026-05-01 20:01:25,,,SKIP_NO_PRIOR_VALID
2858332,49,2026-05-01 21:00:00,0,0,0,0,945,False,2026-05-01 21:00:39,,,SKIP_NO_PRIOR_VALID
2858591,49,2026-05-01 22:00:00,0,0,0,0,945,False,2026-05-01 22:01:25,,,SKIP_NO_PRIOR_VALID
2858767,49,2026-05-01 23:00:00,0,0,0,0,945,False,2026-05-01 23:00:39,,,SKIP_NO_PRIOR_VALID
2858984,49,2026-05-02 00:00:00,0,0,0,0,945,False,2026-05-02 00:00:49,,,SKIP_NO_PRIOR_VALID
2859209,49,2026-05-02 01:00:00,0,0,0,0,945,False,2026-05-02 01:00:49,,,SKIP_NO_PRIOR_VALID
2859420,49,2026-05-02 02:00:00,0,0,0,0,945,False,2026-05-02 02:00:45,,,SKIP_NO_PRIOR_VALID
2859664,49,2026-05-02 03:00:00,0,0,0,0,946,False,2026-05-02 03:00:52,,,SKIP_NO_PRIOR_VALID
2859853,49,2026-05-02 04:00:00,0,0,0,0,946,False,2026-05-02 04:00:42,,,SKIP_NO_PRIOR_VALID
2860100,49,2026-05-02 05:00:00,0,0,0,0,946,False,2026-05-02 05:00:56,,,SKIP_NO_PRIOR_VALID
2860301,49,2026-05-02 06:00:00,0,0,0,0,946,False,2026-05-02 06:00:48,,,SKIP_NO_PRIOR_VALID
2860502,49,2026-05-02 07:00:00,0,0,0,0,946,False,2026-05-02 07:00:38,,,SKIP_NO_PRIOR_VALID
2860719,49,2026-05-02 08:00:00,0,0,0,0,946,False,2026-05-02 08:00:40,,,SKIP_NO_PRIOR_VALID
2860947,49,2026-05-02 09:00:00,0,0,0,0,946,False,2026-05-02 09:00:46,,,SKIP_NO_PRIOR_VALID
2861154,49,2026-05-02 10:00:00,0,0,0,0,946,False,2026-05-02 10:00:41,,,SKIP_NO_PRIOR_VALID
2861370,49,2026-05-02 11:00:00,0,0,0,0,946,False,2026-05-02 11:00:40,,,SKIP_NO_PRIOR_VALID
2861590,49,2026-05-02 12:00:00,0,0,0,0,946,False,2026-05-02 12:00:45,,,SKIP_NO_PRIOR_VALID
2861812,49,2026-05-02 13:00:00,0,0,0,0,946,False,2026-05-02 13:00:49,,,SKIP_NO_PRIOR_VALID
2862021,49,2026-05-02 14:00:00,0,0,0,0,946,False,2026-05-02 14:00:39,,,SKIP_NO_PRIOR_VALID
2862235,49,2026-05-02 15:00:00,0,0,0,0,946,False,2026-05-02 15:00:36,,,SKIP_NO_PRIOR_VALID
2862461,49,2026-05-02 16:00:00,0,0,0,0,946,False,2026-05-02 16:00:47,,,SKIP_NO_PRIOR_VALID
2862674,49,2026-05-02 17:00:00,0,0,0,0,946,False,2026-05-02 17:00:42,,,SKIP_NO_PRIOR_VALID
2862891,49,2026-05-02 18:00:00,0,0,0,0,946,False,2026-05-02 18:00:43,,,SKIP_NO_PRIOR_VALID
2863108,49,2026-05-02 19:00:00,0,0,0,0,946,False,2026-05-02 19:00:43,,,SKIP_NO_PRIOR_VALID
2863325,49,2026-05-02 20:00:00,0,0,0,0,946,False,2026-05-02 20:00:42,,,SKIP_NO_PRIOR_VALID
2863541,49,2026-05-02 21:00:00,0,0,0,0,946,False,2026-05-02 21:00:40,,,SKIP_NO_PRIOR_VALID
2863759,49,2026-05-02 22:00:00,0,0,0,0,946,False,2026-05-02 22:00:42,,,SKIP_NO_PRIOR_VALID
2864042,49,2026-05-02 23:00:00,0,0,0,0,946,False,2026-05-02 23:03:47,,,SKIP_NO_PRIOR_VALID
2864191,49,2026-05-03 00:00:00,0,0,0,0,946,False,2026-05-03 00:00:50,,,SKIP_NO_PRIOR_VALID
2864422,49,2026-05-03 01:00:00,0,0,0,0,946,False,2026-05-03 01:00:51,,,SKIP_NO_PRIOR_VALID
2864634,49,2026-05-03 02:00:00,0,0,0,0,946,False,2026-05-03 02:00:47,,,SKIP_NO_PRIOR_VALID
2864883,49,2026-05-03 03:00:00,0,0,0,0,947,False,2026-05-03 03:01:23,,,SKIP_NO_PRIOR_VALID
2865062,49,2026-05-03 04:00:00,0,0,0,0,947,False,2026-05-03 04:00:45,,,SKIP_NO_PRIOR_VALID
2865278,49,2026-05-03 05:00:00,0,0,0,0,947,False,2026-05-03 05:00:41,,,SKIP_NO_PRIOR_VALID
2865495,49,2026-05-03 06:00:00,0,0,0,0,947,False,2026-05-03 06:00:42,,,SKIP_NO_PRIOR_VALID
2865712,49,2026-05-03 07:00:00,0,0,0,0,947,False,2026-05-03 07:00:42,,,SKIP_NO_PRIOR_VALID
2865930,49,2026-05-03 08:00:00,0,0,0,0,947,False,2026-05-03 08:00:44,,,SKIP_NO_PRIOR_VALID
2866145,49,2026-05-03 09:00:00,0,0,0,0,947,False,2026-05-03 09:00:41,,,SKIP_NO_PRIOR_VALID
2866363,49,2026-05-03 10:00:00,0,0,0,0,947,False,2026-05-03 10:00:41,,,SKIP_NO_PRIOR_VALID
2866599,49,2026-05-03 11:00:00,0,0,0,0,947,False,2026-05-03 11:00:49,,,SKIP_NO_PRIOR_VALID
2866809,49,2026-05-03 12:00:00,0,0,0,0,947,False,2026-05-03 12:00:50,,,SKIP_NO_PRIOR_VALID
2867012,49,2026-05-03 13:00:00,0,0,0,0,947,False,2026-05-03 13:00:40,,,SKIP_NO_PRIOR_VALID
2867229,49,2026-05-03 14:00:00,0,0,0,0,947,False,2026-05-03 14:00:39,,,SKIP_NO_PRIOR_VALID
2867447,49,2026-05-03 15:00:00,0,0,0,0,947,False,2026-05-03 15:00:41,,,SKIP_NO_PRIOR_VALID
2867662,49,2026-05-03 16:00:00,0,0,0,0,947,False,2026-05-03 16:00:38,,,SKIP_NO_PRIOR_VALID
2867882,49,2026-05-03 17:00:00,0,0,0,0,947,False,2026-05-03 17:00:44,,,SKIP_NO_PRIOR_VALID
2868128,49,2026-05-03 18:00:00,0,0,0,0,947,False,2026-05-03 18:00:57,,,SKIP_NO_PRIOR_VALID
2868316,49,2026-05-03 19:00:00,0,0,0,0,947,False,2026-05-03 19:00:43,,,SKIP_NO_PRIOR_VALID
2868533,49,2026-05-03 20:00:00,0,0,0,0,947,False,2026-05-03 20:00:44,,,SKIP_NO_PRIOR_VALID
2868750,49,2026-05-03 21:00:00,0,0,0,0,947,False,2026-05-03 21:00:41,,,SKIP_NO_PRIOR_VALID
2868970,49,2026-05-03 22:00:00,0,0,0,0,947,False,2026-05-03 22:00:45,,,SKIP_NO_PRIOR_VALID
2869183,49,2026-05-03 23:00:00,0,0,0,0,947,False,2026-05-03 23:00:41,,,SKIP_NO_PRIOR_VALID
2869399,49,2026-05-04 00:00:00,0,0,0,0,947,False,2026-05-04 00:00:50,,,SKIP_NO_PRIOR_VALID
2869642,49,2026-05-04 01:00:00,0,0,0,0,947,False,2026-05-04 01:00:53,,,SKIP_NO_PRIOR_VALID
2869863,49,2026-05-04 02:00:00,0,0,0,0,947,False,2026-05-04 02:00:52,,,SKIP_NO_PRIOR_VALID
2870075,49,2026-05-04 03:00:00,0,0,0,0,948,False,2026-05-04 03:00:51,,,SKIP_NO_PRIOR_VALID
2870267,49,2026-05-04 04:00:00,0,0,0,0,948,False,2026-05-04 04:00:39,,,SKIP_NO_PRIOR_VALID
2870487,49,2026-05-04 05:00:00,0,0,0,0,948,False,2026-05-04 05:00:43,,,SKIP_NO_PRIOR_VALID
2870703,49,2026-05-04 06:00:00,0,0,0,0,948,False,2026-05-04 06:00:43,,,SKIP_NO_PRIOR_VALID
2870926,49,2026-05-04 07:00:00,0,0,0,0,948,False,2026-05-04 07:00:46,,,SKIP_NO_PRIOR_VALID
2871137,49,2026-05-04 08:00:00,0,0,0,0,948,False,2026-05-04 08:00:41,,,SKIP_NO_PRIOR_VALID
2871354,49,2026-05-04 09:00:00,0,0,0,0,948,False,2026-05-04 09:00:41,,,SKIP_NO_PRIOR_VALID
2871572,49,2026-05-04 10:00:00,0,0,0,0,948,False,2026-05-04 10:00:42,,,SKIP_NO_PRIOR_VALID
2871788,49,2026-05-04 11:00:00,0,0,0,0,948,False,2026-05-04 11:00:41,,,SKIP_NO_PRIOR_VALID
2872003,49,2026-05-04 12:00:00,0,0,0,0,948,False,2026-05-04 12:00:39,,,SKIP_NO_PRIOR_VALID
2872223,49,2026-05-04 13:00:00,0,0,0,0,948,False,2026-05-04 13:00:45,,,SKIP_NO_PRIOR_VALID
2872454,49,2026-05-04 14:00:00,0,0,0,0,948,False,2026-05-04 14:00:48,,,SKIP_NO_PRIOR_VALID
2872669,49,2026-05-04 15:00:00,0,0,0,0,948,False,2026-05-04 15:00:46,,,SKIP_NO_PRIOR_VALID
2872878,49,2026-05-04 16:00:00,0,0,0,0,948,False,2026-05-04 16:00:46,,,SKIP_NO_PRIOR_VALID
2873105,49,2026-05-04 17:00:00,0,0,0,0,948,False,2026-05-04 17:00:48,,,SKIP_NO_PRIOR_VALID
2873317,49,2026-05-04 18:00:00,0,0,0,0,948,False,2026-05-04 18:00:48,,,SKIP_NO_PRIOR_VALID
2873527,49,2026-05-04 19:00:00,0,0,0,0,948,False,2026-05-04 19:00:45,,,SKIP_NO_PRIOR_VALID
2873748,49,2026-05-04 20:00:00,0,0,0,0,948,False,2026-05-04 20:00:46,,,SKIP_NO_PRIOR_VALID
2873967,49,2026-05-04 21:00:00,0,0,0,0,948,False,2026-05-04 21:00:45,,,SKIP_NO_PRIOR_VALID
2874191,49,2026-05-04 22:00:00,0,0,0,0,948,False,2026-05-04 22:00:47,,,SKIP_NO_PRIOR_VALID
2874408,49,2026-05-04 23:00:00,0,0,0,0,948,False,2026-05-04 23:00:47,,,SKIP_NO_PRIOR_VALID
2874609,49,2026-05-05 00:00:00,0,0,0,0,948,False,2026-05-05 00:00:47,,,SKIP_NO_PRIOR_VALID
2874841,49,2026-05-05 01:00:00,0,0,0,0,948,False,2026-05-05 01:00:49,,,SKIP_NO_PRIOR_VALID
2875051,49,2026-05-05 02:00:00,0,0,0,0,948,False,2026-05-05 02:00:45,,,SKIP_NO_PRIOR_VALID
2875272,49,2026-05-05 03:00:00,0,0,0,0,949,False,2026-05-05 03:00:46,,,SKIP_NO_PRIOR_VALID
2875497,49,2026-05-05 04:00:00,0,0,0,0,949,False,2026-05-05 04:00:47,,,SKIP_NO_PRIOR_VALID
2875705,49,2026-05-05 05:00:00,0,0,0,0,949,False,2026-05-05 05:00:46,,,SKIP_NO_PRIOR_VALID
2875924,49,2026-05-05 06:00:00,0,0,0,0,949,False,2026-05-05 06:00:46,,,SKIP_NO_PRIOR_VALID
2876145,49,2026-05-05 07:00:00,0,0,0,0,949,False,2026-05-05 07:00:47,,,SKIP_NO_PRIOR_VALID
2876344,49,2026-05-05 08:00:00,0,0,0,0,949,False,2026-05-05 08:00:39,,,SKIP_NO_PRIOR_VALID
2876563,49,2026-05-05 09:00:00,0,0,0,0,949,False,2026-05-05 09:00:42,,,SKIP_NO_PRIOR_VALID
2876778,49,2026-05-05 10:00:00,0,0,0,0,949,False,2026-05-05 10:00:40,,,SKIP_NO_PRIOR_VALID
2876997,49,2026-05-05 11:00:00,0,0,0,0,949,False,2026-05-05 11:00:42,,,SKIP_NO_PRIOR_VALID
2877217,49,2026-05-05 12:00:00,0,0,0,0,949,False,2026-05-05 12:00:47,,,SKIP_NO_PRIOR_VALID
2877436,49,2026-05-05 13:00:00,0,0,0,0,949,False,2026-05-05 13:00:48,,,SKIP_NO_PRIOR_VALID
2877685,49,2026-05-05 14:00:00,0,0,0,0,949,False,2026-05-05 14:01:19,,,SKIP_NO_PRIOR_VALID
2877863,49,2026-05-05 15:00:00,0,0,0,0,949,False,2026-05-05 15:00:40,,,SKIP_NO_PRIOR_VALID
2878079,49,2026-05-05 16:00:00,0,0,0,0,949,False,2026-05-05 16:00:39,,,SKIP_NO_PRIOR_VALID
2878311,49,2026-05-05 17:00:00,0,0,0,0,949,False,2026-05-05 17:00:48,,,SKIP_NO_PRIOR_VALID
2878528,49,2026-05-05 18:00:00,0,0,0,0,949,False,2026-05-05 18:00:45,,,SKIP_NO_PRIOR_VALID
2878763,49,2026-05-05 19:00:00,0,0,0,0,949,False,2026-05-05 19:00:59,,,SKIP_NO_PRIOR_VALID
2878959,49,2026-05-05 20:00:00,0,0,0,0,949,False,2026-05-05 20:00:47,,,SKIP_NO_PRIOR_VALID
2879166,49,2026-05-05 21:00:00,0,0,0,0,949,False,2026-05-05 21:00:42,,,SKIP_NO_PRIOR_VALID
2879388,49,2026-05-05 22:00:00,0,0,0,0,949,False,2026-05-05 22:00:45,,,SKIP_NO_PRIOR_VALID
2879608,49,2026-05-05 23:00:00,0,0,0,0,949,False,2026-05-05 23:00:44,,,SKIP_NO_PRIOR_VALID
2879835,49,2026-05-06 00:00:00,0,0,0,0,949,False,2026-05-06 00:00:53,,,SKIP_NO_PRIOR_VALID
2880044,49,2026-05-06 01:00:00,0,0,0,0,949,False,2026-05-06 01:00:47,,,SKIP_NO_PRIOR_VALID
2880266,49,2026-05-06 02:00:00,0,0,0,0,949,False,2026-05-06 02:00:47,,,SKIP_NO_PRIOR_VALID
2880486,49,2026-05-06 03:00:00,0,0,0,0,950,False,2026-05-06 03:00:48,,,SKIP_NO_PRIOR_VALID
2880686,49,2026-05-06 04:00:00,0,0,0,0,950,False,2026-05-06 04:00:41,,,SKIP_NO_PRIOR_VALID
2880903,49,2026-05-06 05:00:00,0,0,0,0,950,False,2026-05-06 05:00:42,,,SKIP_NO_PRIOR_VALID
2881143,49,2026-05-06 06:00:00,0,0,0,0,950,False,2026-05-06 06:00:49,,,SKIP_NO_PRIOR_VALID
2881341,49,2026-05-06 07:00:00,0,0,0,0,950,False,2026-05-06 07:00:44,,,SKIP_NO_PRIOR_VALID
2881556,49,2026-05-06 08:00:00,0,0,0,0,950,False,2026-05-06 08:00:43,,,SKIP_NO_PRIOR_VALID
2881769,49,2026-05-06 09:00:00,0,0,0,0,950,False,2026-05-06 09:00:39,,,SKIP_NO_PRIOR_VALID
2882017,49,2026-05-06 10:00:00,0,0,0,0,950,False,2026-05-06 10:00:58,,,SKIP_NO_PRIOR_VALID
2882231,49,2026-05-06 11:00:00,0,0,0,0,950,False,2026-05-06 11:00:49,,,SKIP_NO_PRIOR_VALID
2882449,49,2026-05-06 12:00:00,0,0,0,0,950,False,2026-05-06 12:00:53,,,SKIP_NO_PRIOR_VALID
2882665,49,2026-05-06 13:00:00,0,0,0,0,950,False,2026-05-06 13:00:55,,,SKIP_NO_PRIOR_VALID
2882885,49,2026-05-06 14:00:00,0,0,0,0,950,False,2026-05-06 14:00:56,,,SKIP_NO_PRIOR_VALID
2883094,49,2026-05-06 15:00:00,0,0,0,0,950,False,2026-05-06 15:00:50,,,SKIP_NO_PRIOR_VALID
2883313,49,2026-05-06 16:00:00,0,0,0,0,950,False,2026-05-06 16:00:51,,,SKIP_NO_PRIOR_VALID
2883506,49,2026-05-06 17:00:00,0,0,0,0,950,False,2026-05-06 17:00:42,,,SKIP_NO_PRIOR_VALID
2883731,49,2026-05-06 18:00:00,0,0,0,0,950,False,2026-05-06 18:00:47,,,SKIP_NO_PRIOR_VALID
2883953,49,2026-05-06 19:00:00,0,0,0,0,950,False,2026-05-06 19:00:47,,,SKIP_NO_PRIOR_VALID
2884185,49,2026-05-06 20:00:00,0,0,0,0,950,False,2026-05-06 20:00:52,,,SKIP_NO_PRIOR_VALID
2884384,49,2026-05-06 21:00:00,0,0,0,0,950,False,2026-05-06 21:00:45,,,SKIP_NO_PRIOR_VALID
2884602,49,2026-05-06 22:00:00,0,0,0,0,950,False,2026-05-06 22:00:46,,,SKIP_NO_PRIOR_VALID
2884820,49,2026-05-06 23:00:00,0,0,0,0,950,False,2026-05-06 23:00:46,,,SKIP_NO_PRIOR_VALID
2885051,49,2026-05-07 00:00:00,0,0,0,0,950,False,2026-05-07 00:00:57,,,SKIP_NO_PRIOR_VALID
2885271,49,2026-05-07 01:00:00,0,0,0,0,950,False,2026-05-07 01:00:56,,,SKIP_NO_PRIOR_VALID
2885474,49,2026-05-07 02:00:00,0,0,0,0,950,False,2026-05-07 02:00:49,,,SKIP_NO_PRIOR_VALID
2885681,49,2026-05-07 03:00:00,0,0,0,0,951,False,2026-05-07 03:00:44,,,SKIP_NO_PRIOR_VALID
2885892,49,2026-05-07 04:00:00,0,0,0,0,951,False,2026-05-07 04:00:39,,,SKIP_NO_PRIOR_VALID
2886111,49,2026-05-07 05:00:00,0,0,0,0,951,False,2026-05-07 05:00:44,,,SKIP_NO_PRIOR_VALID
2886327,49,2026-05-07 06:00:00,0,0,0,0,951,False,2026-05-07 06:00:40,,,SKIP_NO_PRIOR_VALID
2886566,49,2026-05-07 07:00:00,0,0,0,0,951,False,2026-05-07 07:00:48,,,SKIP_NO_PRIOR_VALID
2886772,49,2026-05-07 08:00:00,0,0,0,0,951,False,2026-05-07 08:00:46,,,SKIP_NO_PRIOR_VALID
2886982,49,2026-05-07 09:00:00,0,0,0,0,951,False,2026-05-07 09:00:44,,,SKIP_NO_PRIOR_VALID
2887223,49,2026-05-07 10:00:00,0,0,0,0,951,False,2026-05-07 10:00:51,,,SKIP_NO_PRIOR_VALID
2887442,49,2026-05-07 11:00:00,0,0,0,0,951,False,2026-05-07 11:00:56,,,SKIP_NO_PRIOR_VALID
2887630,49,2026-05-07 12:00:00,0,0,0,0,951,False,2026-05-07 12:00:45,,,SKIP_NO_PRIOR_VALID
2887846,49,2026-05-07 13:00:00,0,0,0,0,951,False,2026-05-07 13:00:42,,,SKIP_NO_PRIOR_VALID
2888064,49,2026-05-07 14:00:00,0,0,0,0,951,False,2026-05-07 14:00:46,,,SKIP_NO_PRIOR_VALID
2888284,49,2026-05-07 15:00:00,0,0,0,0,951,False,2026-05-07 15:00:46,,,SKIP_NO_PRIOR_VALID
2888497,49,2026-05-07 16:00:00,0,0,0,0,951,False,2026-05-07 16:00:44,,,SKIP_NO_PRIOR_VALID
2888714,49,2026-05-07 17:00:00,0,0,0,0,951,False,2026-05-07 17:00:43,,,SKIP_NO_PRIOR_VALID
2888932,49,2026-05-07 18:00:00,0,0,0,0,951,False,2026-05-07 18:00:44,,,SKIP_NO_PRIOR_VALID
2889148,49,2026-05-07 19:00:00,0,0,0,0,951,False,2026-05-07 19:00:43,,,SKIP_NO_PRIOR_VALID
2889366,49,2026-05-07 20:00:00,0,0,0,0,951,False,2026-05-07 20:00:45,,,SKIP_NO_PRIOR_VALID
2889634,49,2026-05-07 21:00:00,0,0,0,0,951,False,2026-05-07 21:00:44,,,SKIP_NO_PRIOR_VALID
2889921,49,2026-05-07 22:00:00,0,0,0,0,951,False,2026-05-07 22:00:48,,,SKIP_NO_PRIOR_VALID
2890205,49,2026-05-07 23:00:00,0,0,0,0,951,False,2026-05-07 23:00:50,,,SKIP_NO_PRIOR_VALID
2890483,49,2026-05-08 00:00:00,0,0,0,0,951,False,2026-05-08 00:00:56,,,SKIP_NO_PRIOR_VALID
2890741,49,2026-05-08 01:00:00,0,0,0,0,951,False,2026-05-08 01:00:50,,,SKIP_NO_PRIOR_VALID
2891020,49,2026-05-08 02:00:00,0,0,0,0,951,False,2026-05-08 02:00:50,,,SKIP_NO_PRIOR_VALID
2891306,49,2026-05-08 03:00:00,0,0,0,0,952,False,2026-05-08 03:00:47,,,SKIP_NO_PRIOR_VALID
2891572,49,2026-05-08 04:00:00,0,0,0,0,952,False,2026-05-08 04:00:47,,,SKIP_NO_PRIOR_VALID
2891872,49,2026-05-08 05:00:00,0,0,0,0,952,False,2026-05-08 05:01:00,,,SKIP_NO_PRIOR_VALID
2892118,49,2026-05-08 06:00:00,0,0,0,0,952,False,2026-05-08 06:00:46,,,SKIP_NO_PRIOR_VALID
2892407,49,2026-05-08 07:00:00,0,0,0,0,952,False,2026-05-08 07:00:47,,,SKIP_NO_PRIOR_VALID
2892684,49,2026-05-08 08:00:00,0,0,0,0,952,False,2026-05-08 08:00:46,,,SKIP_NO_PRIOR_VALID
2892969,49,2026-05-08 09:00:00,0,0,0,0,952,False,2026-05-08 09:00:48,,,SKIP_NO_PRIOR_VALID
2893235,49,2026-05-08 10:00:00,0,0,0,0,952,False,2026-05-08 10:00:43,,,SKIP_NO_PRIOR_VALID
2893512,49,2026-05-08 11:00:00,0,0,0,0,952,False,2026-05-08 11:00:42,,,SKIP_NO_PRIOR_VALID
2893814,49,2026-05-08 12:00:00,0,0,0,0,952,False,2026-05-08 12:00:52,,,SKIP_NO_PRIOR_VALID
2894087,49,2026-05-08 13:00:00,0,0,0,0,952,False,2026-05-08 13:00:53,,,SKIP_NO_PRIOR_VALID
2894371,49,2026-05-08 14:00:00,0,0,0,0,952,False,2026-05-08 14:00:56,,,SKIP_NO_PRIOR_VALID
2894620,49,2026-05-08 15:00:00,0,0,0,0,952,False,2026-05-08 15:00:47,,,SKIP_NO_PRIOR_VALID
2894898,49,2026-05-08 16:00:00,0,0,0,0,952,False,2026-05-08 16:00:53,,,SKIP_NO_PRIOR_VALID
2895173,49,2026-05-08 17:00:00,0,0,0,0,952,False,2026-05-08 17:00:43,,,SKIP_NO_PRIOR_VALID
2895450,49,2026-05-08 18:00:00,0,0,0,0,952,False,2026-05-08 18:00:45,,,SKIP_NO_PRIOR_VALID
2895766,49,2026-05-08 19:00:00,0,0,0,0,952,False,2026-05-08 19:01:21,,,SKIP_NO_PRIOR_VALID
2896039,49,2026-05-08 20:00:00,0,0,0,0,952,False,2026-05-08 20:01:08,,,SKIP_NO_PRIOR_VALID
2896282,49,2026-05-08 21:00:00,0,0,0,0,952,False,2026-05-08 21:00:44,,,SKIP_NO_PRIOR_VALID
2896556,49,2026-05-08 22:00:00,0,0,0,0,952,False,2026-05-08 22:00:39,,,SKIP_NO_PRIOR_VALID
2896836,49,2026-05-08 23:00:00,0,0,0,0,952,False,2026-05-08 23:00:52,,,SKIP_NO_PRIOR_VALID
2897112,49,2026-05-09 00:00:00,0,0,0,0,952,False,2026-05-09 00:00:52,,,SKIP_NO_PRIOR_VALID
2897409,49,2026-05-09 01:00:00,0,0,0,0,952,False,2026-05-09 01:00:54,,,SKIP_NO_PRIOR_VALID
2897694,49,2026-05-09 02:00:00,0,0,0,0,952,False,2026-05-09 02:00:52,,,SKIP_NO_PRIOR_VALID
2897950,49,2026-05-09 03:00:00,0,0,0,0,953,False,2026-05-09 03:00:46,,,SKIP_NO_PRIOR_VALID
2898248,49,2026-05-09 04:00:00,0,0,0,0,953,False,2026-05-09 04:00:54,,,SKIP_NO_PRIOR_VALID
2898505,49,2026-05-09 05:00:00,0,0,0,0,953,False,2026-05-09 05:00:51,,,SKIP_NO_PRIOR_VALID
2898789,49,2026-05-09 06:00:00,0,0,0,0,953,False,2026-05-09 06:00:49,,,SKIP_NO_PRIOR_VALID
2899052,49,2026-05-09 07:00:00,0,0,0,0,953,False,2026-05-09 07:00:47,,,SKIP_NO_PRIOR_VALID
2899333,49,2026-05-09 08:00:00,0,0,0,0,953,False,2026-05-09 08:00:46,,,SKIP_NO_PRIOR_VALID
2899606,49,2026-05-09 09:00:00,0,0,0,0,953,False,2026-05-09 09:00:43,,,SKIP_NO_PRIOR_VALID
2899883,49,2026-05-09 10:00:00,0,0,0,0,953,False,2026-05-09 10:00:44,,,SKIP_NO_PRIOR_VALID
2900170,49,2026-05-09 11:00:00,0,0,0,0,953,False,2026-05-09 11:00:47,,,SKIP_NO_PRIOR_VALID
2900476,49,2026-05-09 12:00:00,0,0,0,0,953,False,2026-05-09 12:01:25,,,SKIP_NO_PRIOR_VALID
2900773,49,2026-05-09 13:00:00,0,0,0,0,953,False,2026-05-09 13:02:13,,,SKIP_NO_PRIOR_VALID
2901059,49,2026-05-09 14:00:00,0,0,0,0,0,False,2026-05-09 14:03:35,,,SKIP_NO_PRIOR_VALID
2901281,49,2026-05-09 15:00:00,0,0,0,0,953,False,2026-05-09 15:00:48,,,SKIP_NO_PRIOR_VALID
2901549,49,2026-05-09 16:00:00,0,0,0,0,953,False,2026-05-09 16:00:46,,,SKIP_NO_PRIOR_VALID
2901828,49,2026-05-09 17:00:00,0,0,0,0,953,False,2026-05-09 17:00:46,,,SKIP_NO_PRIOR_VALID
2902096,49,2026-05-09 18:00:00,0,0,0,0,953,False,2026-05-09 18:00:39,,,SKIP_NO_PRIOR_VALID
2902375,49,2026-05-09 19:00:00,0,0,0,0,953,False,2026-05-09 19:00:41,,,SKIP_NO_PRIOR_VALID
2902653,49,2026-05-09 20:00:00,0,0,0,0,953,False,2026-05-09 20:00:42,,,SKIP_NO_PRIOR_VALID
2902933,49,2026-05-09 21:00:00,0,0,0,0,953,False,2026-05-09 21:00:45,,,SKIP_NO_PRIOR_VALID
2903206,49,2026-05-09 22:00:00,0,0,0,0,953,False,2026-05-09 22:00:41,,,SKIP_NO_PRIOR_VALID
2903484,49,2026-05-09 23:00:00,0,0,0,0,953,False,2026-05-09 23:00:44,,,SKIP_NO_PRIOR_VALID
2903758,49,2026-05-10 00:00:00,0,0,0,0,953,False,2026-05-10 00:00:47,,,SKIP_NO_PRIOR_VALID
2904062,49,2026-05-10 01:00:00,0,0,0,0,953,False,2026-05-10 01:00:53,,,SKIP_NO_PRIOR_VALID
2904326,49,2026-05-10 02:00:00,0,0,0,0,953,False,2026-05-10 02:00:47,,,SKIP_NO_PRIOR_VALID
2904654,49,2026-05-10 03:00:00,0,0,0,0,954,False,2026-05-10 03:02:19,,,SKIP_NO_PRIOR_VALID
2904910,49,2026-05-10 04:00:00,0,0,0,0,954,False,2026-05-10 04:01:28,,,SKIP_NO_PRIOR_VALID
2905200,49,2026-05-10 05:00:00,0,0,0,0,954,False,2026-05-10 05:02:01,,,SKIP_NO_PRIOR_VALID
2905421,49,2026-05-10 06:00:00,0,0,0,0,954,False,2026-05-10 06:00:39,,,SKIP_NO_PRIOR_VALID
2905763,49,2026-05-10 07:00:00,0,0,0,0,954,False,2026-05-10 07:02:22,,,SKIP_NO_PRIOR_VALID
2905974,49,2026-05-10 08:00:00,0,0,0,0,954,False,2026-05-10 08:00:40,,,SKIP_NO_PRIOR_VALID
2906255,49,2026-05-10 09:00:00,0,0,0,0,954,False,2026-05-10 09:00:45,,,SKIP_NO_PRIOR_VALID
2906557,49,2026-05-10 10:00:00,0,0,0,0,954,False,2026-05-10 10:00:50,,,SKIP_NO_PRIOR_VALID
2906836,49,2026-05-10 11:00:00,0,0,0,0,954,False,2026-05-10 11:00:54,,,SKIP_NO_PRIOR_VALID
2907101,49,2026-05-10 12:00:00,0,0,0,0,954,False,2026-05-10 12:00:50,,,SKIP_NO_PRIOR_VALID
2907372,49,2026-05-10 13:00:00,0,0,0,0,954,False,2026-05-10 13:00:52,,,SKIP_NO_PRIOR_VALID
2907655,49,2026-05-10 14:00:00,0,0,0,0,954,False,2026-05-10 14:00:48,,,SKIP_NO_PRIOR_VALID
2907942,49,2026-05-10 15:00:00,0,0,0,0,954,False,2026-05-10 15:00:52,,,SKIP_NO_PRIOR_VALID
2908223,49,2026-05-10 16:00:00,0,0,0,0,954,False,2026-05-10 16:01:01,,,SKIP_NO_PRIOR_VALID
2908495,49,2026-05-10 17:00:00,0,0,0,0,954,False,2026-05-10 17:00:52,,,SKIP_NO_PRIOR_VALID
2908764,49,2026-05-10 18:00:00,0,0,0,0,954,False,2026-05-10 18:00:52,,,SKIP_NO_PRIOR_VALID
2909054,49,2026-05-10 19:00:00,0,0,0,0,954,False,2026-05-10 19:01:02,,,SKIP_NO_PRIOR_VALID
2909368,49,2026-05-10 20:00:00,0,0,0,0,954,False,2026-05-10 20:02:40,,,SKIP_NO_PRIOR_VALID
2909646,49,2026-05-10 21:00:00,0,0,0,0,954,False,2026-05-10 21:03:07,,,SKIP_NO_PRIOR_VALID
2909884,49,2026-05-10 22:00:00,0,0,0,0,954,False,2026-05-10 22:00:58,,,SKIP_NO_PRIOR_VALID
2910132,49,2026-05-10 23:00:00,0,0,0,0,954,False,2026-05-10 23:00:42,,,SKIP_NO_PRIOR_VALID
2910432,49,2026-05-11 00:00:00,0,0,0,0,954,False,2026-05-11 00:00:56,,,SKIP_NO_PRIOR_VALID
2910686,49,2026-05-11 01:00:00,0,0,0,0,954,False,2026-05-11 01:00:47,,,SKIP_NO_PRIOR_VALID
2910990,49,2026-05-11 02:00:00,0,0,0,0,954,False,2026-05-11 02:00:52,,,SKIP_NO_PRIOR_VALID
2911240,49,2026-05-11 03:00:00,0,0,0,0,955,False,2026-05-11 03:00:45,,,SKIP_NO_PRIOR_VALID
2911545,49,2026-05-11 04:00:00,0,0,0,0,955,False,2026-05-11 04:00:55,,,SKIP_NO_PRIOR_VALID
2911803,49,2026-05-11 05:00:00,0,0,0,0,955,False,2026-05-11 05:00:50,,,SKIP_NO_PRIOR_VALID
2912092,49,2026-05-11 06:00:00,0,0,0,0,955,False,2026-05-11 06:00:53,,,SKIP_NO_PRIOR_VALID
2912364,49,2026-05-11 07:00:00,0,0,0,0,955,False,2026-05-11 07:00:51,,,SKIP_NO_PRIOR_VALID
2912633,49,2026-05-11 08:00:00,0,0,0,0,955,False,2026-05-11 08:00:49,,,SKIP_NO_PRIOR_VALID
2912904,49,2026-05-11 09:00:00,0,0,0,0,955,False,2026-05-11 09:00:45,,,SKIP_NO_PRIOR_VALID
2913203,49,2026-05-11 10:00:00,0,0,0,0,955,False,2026-05-11 10:00:53,,,SKIP_NO_PRIOR_VALID
2913483,49,2026-05-11 11:00:00,0,0,0,0,955,False,2026-05-11 11:00:52,,,SKIP_NO_PRIOR_VALID
2913750,49,2026-05-11 12:00:00,0,0,0,0,955,False,2026-05-11 12:00:53,,,SKIP_NO_PRIOR_VALID
2914030,49,2026-05-11 13:00:00,0,0,0,0,955,False,2026-05-11 13:00:58,,,SKIP_NO_PRIOR_VALID
2914354,49,2026-05-11 14:00:00,0,0,0,0,955,False,2026-05-11 14:02:39,,,SKIP_NO_PRIOR_VALID
2914564,49,2026-05-11 15:00:00,0,0,0,0,955,False,2026-05-11 15:00:47,,,SKIP_NO_PRIOR_VALID
2914887,49,2026-05-11 16:00:00,0,0,0,0,955,False,2026-05-11 16:01:46,,,SKIP_NO_PRIOR_VALID
2915116,49,2026-05-11 17:00:00,0,0,0,0,955,False,2026-05-11 17:00:48,,,SKIP_NO_PRIOR_VALID
2915396,49,2026-05-11 18:00:00,0,0,0,0,955,False,2026-05-11 18:00:49,,,SKIP_NO_PRIOR_VALID
2915668,49,2026-05-11 19:00:00,0,0,0,0,955,False,2026-05-11 19:00:47,,,SKIP_NO_PRIOR_VALID
2915972,49,2026-05-11 20:00:00,0,0,0,0,955,False,2026-05-11 20:00:54,,,SKIP_NO_PRIOR_VALID
2916245,49,2026-05-11 21:00:00,0,0,0,0,955,False,2026-05-11 21:00:52,,,SKIP_NO_PRIOR_VALID
2916496,49,2026-05-11 22:00:00,0,0,0,0,955,False,2026-05-11 22:00:46,,,SKIP_NO_PRIOR_VALID
2916772,49,2026-05-11 23:00:00,0,0,0,0,955,False,2026-05-11 23:00:43,,,SKIP_NO_PRIOR_VALID
2917075,49,2026-05-12 00:00:00,0,0,0,0,955,False,2026-05-12 00:00:58,,,SKIP_NO_PRIOR_VALID
2917337,49,2026-05-12 01:00:00,0,0,0,0,955,False,2026-05-12 01:00:50,,,SKIP_NO_PRIOR_VALID
2917627,49,2026-05-12 02:00:00,0,0,0,0,955,False,2026-05-12 02:00:53,,,SKIP_NO_PRIOR_VALID
2917875,49,2026-05-12 03:00:00,0,0,0,0,956,False,2026-05-12 03:00:41,,,SKIP_NO_PRIOR_VALID
2918151,49,2026-05-12 04:00:00,0,0,0,0,956,False,2026-05-12 04:00:40,,,SKIP_NO_PRIOR_VALID
2918452,49,2026-05-12 05:00:00,0,0,0,0,956,False,2026-05-12 05:00:54,,,SKIP_NO_PRIOR_VALID
2918732,49,2026-05-12 06:00:00,0,0,0,0,956,False,2026-05-12 06:00:54,,,SKIP_NO_PRIOR_VALID
2919034,49,2026-05-12 07:00:00,0,0,0,0,956,False,2026-05-12 07:02:00,,,SKIP_NO_PRIOR_VALID
2919256,49,2026-05-12 08:00:00,0,0,0,0,956,False,2026-05-12 08:00:45,,,SKIP_NO_PRIOR_VALID
2919560,49,2026-05-12 09:00:00,0,0,0,0,956,False,2026-05-12 09:00:53,,,SKIP_NO_PRIOR_VALID
2919810,49,2026-05-12 10:00:00,0,0,0,0,956,False,2026-05-12 10:00:47,,,SKIP_NO_PRIOR_VALID
2920109,49,2026-05-12 11:00:00,0,0,0,0,956,False,2026-05-12 11:00:51,,,SKIP_NO_PRIOR_VALID
2920387,49,2026-05-12 12:00:00,0,0,0,0,956,False,2026-05-12 12:00:56,,,SKIP_NO_PRIOR_VALID
2920643,49,2026-05-12 13:00:00,0,0,0,0,956,False,2026-05-12 13:00:54,,,SKIP_NO_PRIOR_VALID
2920912,49,2026-05-12 14:00:00,0,0,0,0,956,False,2026-05-12 14:00:47,,,SKIP_NO_PRIOR_VALID
2921205,49,2026-05-12 15:00:00,0,0,0,0,956,False,2026-05-12 15:00:50,,,SKIP_NO_PRIOR_VALID
2854644,51,2026-05-01 04:00:00,0,0,0,0,304,False,2026-05-01 04:00:42,,,SKIP_NO_PRIOR_VALID
2854862,51,2026-05-01 05:00:00,0,0,0,0,304,False,2026-05-01 05:00:45,,,SKIP_NO_PRIOR_VALID
2855079,51,2026-05-01 06:00:00,0,0,0,0,304,False,2026-05-01 06:00:44,,,SKIP_NO_PRIOR_VALID
2855293,51,2026-05-01 07:00:00,0,0,0,0,304,False,2026-05-01 07:00:42,,,SKIP_NO_PRIOR_VALID
2855512,51,2026-05-01 08:00:00,0,0,0,0,304,False,2026-05-01 08:00:42,,,SKIP_NO_PRIOR_VALID
2855729,51,2026-05-01 09:00:00,0,0,0,0,304,False,2026-05-01 09:00:43,,,SKIP_NO_PRIOR_VALID
2855945,51,2026-05-01 10:00:00,0,0,0,0,304,False,2026-05-01 10:00:41,,,SKIP_NO_PRIOR_VALID
2856161,51,2026-05-01 11:00:00,0,0,0,0,304,False,2026-05-01 11:00:38,,,SKIP_NO_PRIOR_VALID
2856379,51,2026-05-01 12:00:00,0,0,0,0,304,False,2026-05-01 12:00:45,,,SKIP_NO_PRIOR_VALID
2856596,51,2026-05-01 13:00:00,0,0,0,0,304,False,2026-05-01 13:00:42,,,SKIP_NO_PRIOR_VALID
2856813,51,2026-05-01 14:00:00,0,0,0,0,304,False,2026-05-01 14:00:42,,,SKIP_NO_PRIOR_VALID
2857029,51,2026-05-01 15:00:00,0,0,0,0,304,False,2026-05-01 15:00:40,,,SKIP_NO_PRIOR_VALID
2857246,51,2026-05-01 16:00:00,0,0,0,0,304,False,2026-05-01 16:00:38,,,SKIP_NO_PRIOR_VALID
2857465,51,2026-05-01 17:00:00,0,0,0,0,304,False,2026-05-01 17:00:42,,,SKIP_NO_PRIOR_VALID
2857683,51,2026-05-01 18:00:00,0,0,0,0,304,False,2026-05-01 18:00:44,,,SKIP_NO_PRIOR_VALID
2857903,51,2026-05-01 19:00:00,0,0,0,0,304,False,2026-05-01 19:00:46,,,SKIP_NO_PRIOR_VALID
2858155,51,2026-05-01 20:00:00,0,0,0,0,304,False,2026-05-01 20:01:24,,,SKIP_NO_PRIOR_VALID
2858331,51,2026-05-01 21:00:00,0,0,0,0,304,False,2026-05-01 21:00:37,,,SKIP_NO_PRIOR_VALID
2858590,51,2026-05-01 22:00:00,0,0,0,0,305,False,2026-05-01 22:01:24,,,SKIP_NO_PRIOR_VALID
2858765,51,2026-05-01 23:00:00,0,0,0,0,305,False,2026-05-01 23:00:38,,,SKIP_NO_PRIOR_VALID
2858983,51,2026-05-02 00:00:00,0,0,0,0,305,False,2026-05-02 00:00:48,,,SKIP_NO_PRIOR_VALID
2859203,51,2026-05-02 01:00:00,0,0,0,0,305,False,2026-05-02 01:00:48,,,SKIP_NO_PRIOR_VALID
2859419,51,2026-05-02 02:00:00,0,0,0,0,305,False,2026-05-02 02:00:44,,,SKIP_NO_PRIOR_VALID
2859661,51,2026-05-02 03:00:00,0,0,0,0,305,False,2026-05-02 03:00:51,,,SKIP_NO_PRIOR_VALID
2859852,51,2026-05-02 04:00:00,0,0,0,0,305,False,2026-05-02 04:00:41,,,SKIP_NO_PRIOR_VALID
2860099,51,2026-05-02 05:00:00,0,0,0,0,305,False,2026-05-02 05:00:55,,,SKIP_NO_PRIOR_VALID
2860294,51,2026-05-02 06:00:00,0,0,0,0,305,False,2026-05-02 06:00:46,,,SKIP_NO_PRIOR_VALID
2860500,51,2026-05-02 07:00:00,0,0,0,0,305,False,2026-05-02 07:00:36,,,SKIP_NO_PRIOR_VALID
2860718,51,2026-05-02 08:00:00,0,0,0,0,305,False,2026-05-02 08:00:39,,,SKIP_NO_PRIOR_VALID
2860940,51,2026-05-02 09:00:00,0,0,0,0,305,False,2026-05-02 09:00:44,,,SKIP_NO_PRIOR_VALID
2861152,51,2026-05-02 10:00:00,0,0,0,0,305,False,2026-05-02 10:00:40,,,SKIP_NO_PRIOR_VALID
2861369,51,2026-05-02 11:00:00,0,0,0,0,305,False,2026-05-02 11:00:39,,,SKIP_NO_PRIOR_VALID
2861588,51,2026-05-02 12:00:00,0,0,0,0,305,False,2026-05-02 12:00:44,,,SKIP_NO_PRIOR_VALID
2861808,51,2026-05-02 13:00:00,0,0,0,0,305,False,2026-05-02 13:00:47,,,SKIP_NO_PRIOR_VALID
2862020,51,2026-05-02 14:00:00,0,0,0,0,305,False,2026-05-02 14:00:38,,,SKIP_NO_PRIOR_VALID
2862231,51,2026-05-02 15:00:00,0,0,0,0,305,False,2026-05-02 15:00:34,,,SKIP_NO_PRIOR_VALID
2862457,51,2026-05-02 16:00:00,0,0,0,0,305,False,2026-05-02 16:00:46,,,SKIP_NO_PRIOR_VALID
2862672,51,2026-05-02 17:00:00,0,0,0,0,305,False,2026-05-02 17:00:41,,,SKIP_NO_PRIOR_VALID
2862890,51,2026-05-02 18:00:00,0,0,0,0,305,False,2026-05-02 18:00:42,,,SKIP_NO_PRIOR_VALID
2863107,51,2026-05-02 19:00:00,0,0,0,0,305,False,2026-05-02 19:00:42,,,SKIP_NO_PRIOR_VALID
2863324,51,2026-05-02 20:00:00,0,0,0,0,305,False,2026-05-02 20:00:41,,,SKIP_NO_PRIOR_VALID
2863539,51,2026-05-02 21:00:00,0,0,0,0,305,False,2026-05-02 21:00:39,,,SKIP_NO_PRIOR_VALID
2863758,51,2026-05-02 22:00:00,0,0,0,0,306,False,2026-05-02 22:00:41,,,SKIP_NO_PRIOR_VALID
2864041,51,2026-05-02 23:00:00,0,0,0,0,306,False,2026-05-02 23:03:46,,,SKIP_NO_PRIOR_VALID
2864190,51,2026-05-03 00:00:00,0,0,0,0,306,False,2026-05-03 00:00:49,,,SKIP_NO_PRIOR_VALID
2864417,51,2026-05-03 01:00:00,0,0,0,0,306,False,2026-05-03 01:00:50,,,SKIP_NO_PRIOR_VALID
2864629,51,2026-05-03 02:00:00,0,0,0,0,306,False,2026-05-03 02:00:46,,,SKIP_NO_PRIOR_VALID
2864882,51,2026-05-03 03:00:00,0,0,0,0,306,False,2026-05-03 03:01:22,,,SKIP_NO_PRIOR_VALID
2865061,51,2026-05-03 04:00:00,0,0,0,0,306,False,2026-05-03 04:00:44,,,SKIP_NO_PRIOR_VALID
2865277,51,2026-05-03 05:00:00,0,0,0,0,306,False,2026-05-03 05:00:40,,,SKIP_NO_PRIOR_VALID
2865493,51,2026-05-03 06:00:00,0,0,0,0,306,False,2026-05-03 06:00:41,,,SKIP_NO_PRIOR_VALID
2865711,51,2026-05-03 07:00:00,0,0,0,0,306,False,2026-05-03 07:00:41,,,SKIP_NO_PRIOR_VALID
2865929,51,2026-05-03 08:00:00,0,0,0,0,306,False,2026-05-03 08:00:43,,,SKIP_NO_PRIOR_VALID
2866143,51,2026-05-03 09:00:00,0,0,0,0,306,False,2026-05-03 09:00:40,,,SKIP_NO_PRIOR_VALID
2866361,51,2026-05-03 10:00:00,0,0,0,0,306,False,2026-05-03 10:00:40,,,SKIP_NO_PRIOR_VALID
2866588,51,2026-05-03 11:00:00,0,0,0,0,306,False,2026-05-03 11:00:47,,,SKIP_NO_PRIOR_VALID
2866804,51,2026-05-03 12:00:00,0,0,0,0,306,False,2026-05-03 12:00:49,,,SKIP_NO_PRIOR_VALID
2867011,51,2026-05-03 13:00:00,0,0,0,0,306,False,2026-05-03 13:00:39,,,SKIP_NO_PRIOR_VALID
2867228,51,2026-05-03 14:00:00,0,0,0,0,306,False,2026-05-03 14:00:38,,,SKIP_NO_PRIOR_VALID
2867445,51,2026-05-03 15:00:00,0,0,0,0,306,False,2026-05-03 15:00:39,,,SKIP_NO_PRIOR_VALID
2867660,51,2026-05-03 16:00:00,0,0,0,0,306,False,2026-05-03 16:00:37,,,SKIP_NO_PRIOR_VALID
2867881,51,2026-05-03 17:00:00,0,0,0,0,306,False,2026-05-03 17:00:43,,,SKIP_NO_PRIOR_VALID
2868127,51,2026-05-03 18:00:00,0,0,0,0,306,False,2026-05-03 18:00:56,,,SKIP_NO_PRIOR_VALID
2868314,51,2026-05-03 19:00:00,0,0,0,0,306,False,2026-05-03 19:00:42,,,SKIP_NO_PRIOR_VALID
2868531,51,2026-05-03 20:00:00,0,0,0,0,306,False,2026-05-03 20:00:43,,,SKIP_NO_PRIOR_VALID
2868748,51,2026-05-03 21:00:00,0,0,0,0,306,False,2026-05-03 21:00:40,,,SKIP_NO_PRIOR_VALID
2868967,51,2026-05-03 22:00:00,0,0,0,0,307,False,2026-05-03 22:00:44,,,SKIP_NO_PRIOR_VALID
2869182,51,2026-05-03 23:00:00,0,0,0,0,307,False,2026-05-03 23:00:40,,,SKIP_NO_PRIOR_VALID
2869397,51,2026-05-04 00:00:00,0,0,0,0,307,False,2026-05-04 00:00:49,,,SKIP_NO_PRIOR_VALID
2869637,51,2026-05-04 01:00:00,0,0,0,0,307,False,2026-05-04 01:00:52,,,SKIP_NO_PRIOR_VALID
2869862,51,2026-05-04 02:00:00,0,0,0,0,307,False,2026-05-04 02:00:51,,,SKIP_NO_PRIOR_VALID
2870070,51,2026-05-04 03:00:00,0,0,0,0,307,False,2026-05-04 03:00:50,,,SKIP_NO_PRIOR_VALID
2870266,51,2026-05-04 04:00:00,0,0,0,0,307,False,2026-05-04 04:00:38,,,SKIP_NO_PRIOR_VALID
2870485,51,2026-05-04 05:00:00,0,0,0,0,307,False,2026-05-04 05:00:42,,,SKIP_NO_PRIOR_VALID
2870702,51,2026-05-04 06:00:00,0,0,0,0,307,False,2026-05-04 06:00:42,,,SKIP_NO_PRIOR_VALID
2870920,51,2026-05-04 07:00:00,0,0,0,0,307,False,2026-05-04 07:00:45,,,SKIP_NO_PRIOR_VALID
2871136,51,2026-05-04 08:00:00,0,0,0,0,307,False,2026-05-04 08:00:40,,,SKIP_NO_PRIOR_VALID
2871353,51,2026-05-04 09:00:00,0,0,0,0,307,False,2026-05-04 09:00:40,,,SKIP_NO_PRIOR_VALID
2871570,51,2026-05-04 10:00:00,0,0,0,0,307,False,2026-05-04 10:00:41,,,SKIP_NO_PRIOR_VALID
2871786,51,2026-05-04 11:00:00,0,0,0,0,307,False,2026-05-04 11:00:40,,,SKIP_NO_PRIOR_VALID
2872002,51,2026-05-04 12:00:00,0,0,0,0,307,False,2026-05-04 12:00:38,,,SKIP_NO_PRIOR_VALID
2872222,51,2026-05-04 13:00:00,0,0,0,0,307,False,2026-05-04 13:00:44,,,SKIP_NO_PRIOR_VALID
2872449,51,2026-05-04 14:00:00,0,0,0,0,307,False,2026-05-04 14:00:47,,,SKIP_NO_PRIOR_VALID
2872665,51,2026-05-04 15:00:00,0,0,0,0,307,False,2026-05-04 15:00:45,,,SKIP_NO_PRIOR_VALID
2872873,51,2026-05-04 16:00:00,0,0,0,0,307,False,2026-05-04 16:00:44,,,SKIP_NO_PRIOR_VALID
2873101,51,2026-05-04 17:00:00,0,0,0,0,307,False,2026-05-04 17:00:47,,,SKIP_NO_PRIOR_VALID
2873312,51,2026-05-04 18:00:00,0,0,0,0,307,False,2026-05-04 18:00:47,,,SKIP_NO_PRIOR_VALID
2873524,51,2026-05-04 19:00:00,0,0,0,0,307,False,2026-05-04 19:00:44,,,SKIP_NO_PRIOR_VALID
2873741,51,2026-05-04 20:00:00,0,0,0,0,307,False,2026-05-04 20:00:44,,,SKIP_NO_PRIOR_VALID
2873961,51,2026-05-04 21:00:00,0,0,0,0,307,False,2026-05-04 21:00:44,,,SKIP_NO_PRIOR_VALID
2874185,51,2026-05-04 22:00:00,0,0,0,0,308,False,2026-05-04 22:00:46,,,SKIP_NO_PRIOR_VALID
2874403,51,2026-05-04 23:00:00,0,0,0,0,308,False,2026-05-04 23:00:46,,,SKIP_NO_PRIOR_VALID
2874608,51,2026-05-05 00:00:00,0,0,0,0,308,False,2026-05-05 00:00:46,,,SKIP_NO_PRIOR_VALID
2874837,51,2026-05-05 01:00:00,0,0,0,0,308,False,2026-05-05 01:00:48,,,SKIP_NO_PRIOR_VALID
2875045,51,2026-05-05 02:00:00,0,0,0,0,308,False,2026-05-05 02:00:44,,,SKIP_NO_PRIOR_VALID
2875267,51,2026-05-05 03:00:00,0,0,0,0,308,False,2026-05-05 03:00:45,,,SKIP_NO_PRIOR_VALID
2875491,51,2026-05-05 04:00:00,0,0,0,0,308,False,2026-05-05 04:00:46,,,SKIP_NO_PRIOR_VALID
2875699,51,2026-05-05 05:00:00,0,0,0,0,308,False,2026-05-05 05:00:45,,,SKIP_NO_PRIOR_VALID
2875911,51,2026-05-05 06:00:00,0,0,0,0,308,False,2026-05-05 06:00:42,,,SKIP_NO_PRIOR_VALID
2876140,51,2026-05-05 07:00:00,0,0,0,0,308,False,2026-05-05 07:00:46,,,SKIP_NO_PRIOR_VALID
2876342,51,2026-05-05 08:00:00,0,0,0,0,308,False,2026-05-05 08:00:38,,,SKIP_NO_PRIOR_VALID
2876561,51,2026-05-05 09:00:00,0,0,0,0,308,False,2026-05-05 09:00:41,,,SKIP_NO_PRIOR_VALID
2876776,51,2026-05-05 10:00:00,0,0,0,0,308,False,2026-05-05 10:00:38,,,SKIP_NO_PRIOR_VALID
2876995,51,2026-05-05 11:00:00,0,0,0,0,308,False,2026-05-05 11:00:41,,,SKIP_NO_PRIOR_VALID
2877213,51,2026-05-05 12:00:00,0,0,0,0,308,False,2026-05-05 12:00:45,,,SKIP_NO_PRIOR_VALID
2877432,51,2026-05-05 13:00:00,0,0,0,0,308,False,2026-05-05 13:00:47,,,SKIP_NO_PRIOR_VALID
2877683,51,2026-05-05 14:00:00,0,0,0,0,308,False,2026-05-05 14:01:18,,,SKIP_NO_PRIOR_VALID
2877861,51,2026-05-05 15:00:00,0,0,0,0,308,False,2026-05-05 15:00:39,,,SKIP_NO_PRIOR_VALID
2878078,51,2026-05-05 16:00:00,0,0,0,0,308,False,2026-05-05 16:00:37,,,SKIP_NO_PRIOR_VALID
2878306,51,2026-05-05 17:00:00,0,0,0,0,308,False,2026-05-05 17:00:46,,,SKIP_NO_PRIOR_VALID
2878522,51,2026-05-05 18:00:00,0,0,0,0,308,False,2026-05-05 18:00:44,,,SKIP_NO_PRIOR_VALID
2878761,51,2026-05-05 19:00:00,0,0,0,0,308,False,2026-05-05 19:00:57,,,SKIP_NO_PRIOR_VALID
2878953,51,2026-05-05 20:00:00,0,0,0,0,308,False,2026-05-05 20:00:46,,,SKIP_NO_PRIOR_VALID
2879165,51,2026-05-05 21:00:00,0,0,0,0,308,False,2026-05-05 21:00:41,,,SKIP_NO_PRIOR_VALID
2879383,51,2026-05-05 22:00:00,0,0,0,0,309,False,2026-05-05 22:00:44,,,SKIP_NO_PRIOR_VALID
2879601,51,2026-05-05 23:00:00,0,0,0,0,309,False,2026-05-05 23:00:43,,,SKIP_NO_PRIOR_VALID
2879827,51,2026-05-06 00:00:00,0,0,0,0,309,False,2026-05-06 00:00:51,,,SKIP_NO_PRIOR_VALID
2880038,51,2026-05-06 01:00:00,0,0,0,0,309,False,2026-05-06 01:00:46,,,SKIP_NO_PRIOR_VALID
2880262,51,2026-05-06 02:00:00,0,0,0,0,309,False,2026-05-06 02:00:46,,,SKIP_NO_PRIOR_VALID
2880481,51,2026-05-06 03:00:00,0,0,0,0,309,False,2026-05-06 03:00:47,,,SKIP_NO_PRIOR_VALID
2880685,51,2026-05-06 04:00:00,0,0,0,0,309,False,2026-05-06 04:00:40,,,SKIP_NO_PRIOR_VALID
2880902,51,2026-05-06 05:00:00,0,0,0,0,309,False,2026-05-06 05:00:41,,,SKIP_NO_PRIOR_VALID
2881129,51,2026-05-06 06:00:00,0,0,0,0,309,False,2026-05-06 06:00:46,,,SKIP_NO_PRIOR_VALID
2881336,51,2026-05-06 07:00:00,0,0,0,0,309,False,2026-05-06 07:00:43,,,SKIP_NO_PRIOR_VALID
2881553,51,2026-05-06 08:00:00,0,0,0,0,309,False,2026-05-06 08:00:42,,,SKIP_NO_PRIOR_VALID
2881768,51,2026-05-06 09:00:00,0,0,0,0,309,False,2026-05-06 09:00:38,,,SKIP_NO_PRIOR_VALID
2882016,51,2026-05-06 10:00:00,0,0,0,0,309,False,2026-05-06 10:00:57,,,SKIP_NO_PRIOR_VALID
2882225,51,2026-05-06 11:00:00,0,0,0,0,309,False,2026-05-06 11:00:48,,,SKIP_NO_PRIOR_VALID
2882446,51,2026-05-06 12:00:00,0,0,0,0,309,False,2026-05-06 12:00:52,,,SKIP_NO_PRIOR_VALID
2882660,51,2026-05-06 13:00:00,0,0,0,0,309,False,2026-05-06 13:00:54,,,SKIP_NO_PRIOR_VALID
2882883,51,2026-05-06 14:00:00,0,0,0,0,309,False,2026-05-06 14:00:55,,,SKIP_NO_PRIOR_VALID
2883088,51,2026-05-06 15:00:00,0,0,0,0,309,False,2026-05-06 15:00:49,,,SKIP_NO_PRIOR_VALID
2883307,51,2026-05-06 16:00:00,0,0,0,0,309,False,2026-05-06 16:00:50,,,SKIP_NO_PRIOR_VALID
2883505,51,2026-05-06 17:00:00,0,0,0,0,309,False,2026-05-06 17:00:41,,,SKIP_NO_PRIOR_VALID
2883725,51,2026-05-06 18:00:00,0,0,0,0,309,False,2026-05-06 18:00:46,,,SKIP_NO_PRIOR_VALID
2883949,51,2026-05-06 19:00:00,0,0,0,0,309,False,2026-05-06 19:00:46,,,SKIP_NO_PRIOR_VALID
2884183,51,2026-05-06 20:00:00,0,0,0,0,309,False,2026-05-06 20:00:51,,,SKIP_NO_PRIOR_VALID
2884377,51,2026-05-06 21:00:00,0,0,0,0,309,False,2026-05-06 21:00:44,,,SKIP_NO_PRIOR_VALID
2884598,51,2026-05-06 22:00:00,0,0,0,0,310,False,2026-05-06 22:00:45,,,SKIP_NO_PRIOR_VALID
2884814,51,2026-05-06 23:00:00,0,0,0,0,310,False,2026-05-06 23:00:45,,,SKIP_NO_PRIOR_VALID
2885048,51,2026-05-07 00:00:00,0,0,0,0,310,False,2026-05-07 00:00:56,,,SKIP_NO_PRIOR_VALID
2885270,51,2026-05-07 01:00:00,0,0,0,0,310,False,2026-05-07 01:00:55,,,SKIP_NO_PRIOR_VALID
2885469,51,2026-05-07 02:00:00,0,0,0,0,310,False,2026-05-07 02:00:48,,,SKIP_NO_PRIOR_VALID
2885676,51,2026-05-07 03:00:00,0,0,0,0,310,False,2026-05-07 03:00:43,,,SKIP_NO_PRIOR_VALID
2885890,51,2026-05-07 04:00:00,0,0,0,0,310,False,2026-05-07 04:00:38,,,SKIP_NO_PRIOR_VALID
2886110,51,2026-05-07 05:00:00,0,0,0,0,310,False,2026-05-07 05:00:42,,,SKIP_NO_PRIOR_VALID
2886325,51,2026-05-07 06:00:00,0,0,0,0,310,False,2026-05-07 06:00:39,,,SKIP_NO_PRIOR_VALID
2886560,51,2026-05-07 07:00:00,0,0,0,0,310,False,2026-05-07 07:00:47,,,SKIP_NO_PRIOR_VALID
2886767,51,2026-05-07 08:00:00,0,0,0,0,310,False,2026-05-07 08:00:45,,,SKIP_NO_PRIOR_VALID
2886978,51,2026-05-07 09:00:00,0,0,0,0,310,False,2026-05-07 09:00:43,,,SKIP_NO_PRIOR_VALID
2887220,51,2026-05-07 10:00:00,0,0,0,0,310,False,2026-05-07 10:00:50,,,SKIP_NO_PRIOR_VALID
2887441,51,2026-05-07 11:00:00,0,0,0,0,310,False,2026-05-07 11:00:55,,,SKIP_NO_PRIOR_VALID
2887629,51,2026-05-07 12:00:00,0,0,0,0,310,False,2026-05-07 12:00:44,,,SKIP_NO_PRIOR_VALID
2887844,51,2026-05-07 13:00:00,0,0,0,0,310,False,2026-05-07 13:00:41,,,SKIP_NO_PRIOR_VALID
2888063,51,2026-05-07 14:00:00,0,0,0,0,310,False,2026-05-07 14:00:45,,,SKIP_NO_PRIOR_VALID
2888280,51,2026-05-07 15:00:00,0,0,0,0,310,False,2026-05-07 15:00:45,,,SKIP_NO_PRIOR_VALID
2888495,51,2026-05-07 16:00:00,0,0,0,0,310,False,2026-05-07 16:00:43,,,SKIP_NO_PRIOR_VALID
2888713,51,2026-05-07 17:00:00,0,0,0,0,310,False,2026-05-07 17:00:42,,,SKIP_NO_PRIOR_VALID
2888930,51,2026-05-07 18:00:00,0,0,0,0,310,False,2026-05-07 18:00:43,,,SKIP_NO_PRIOR_VALID
2889147,51,2026-05-07 19:00:00,0,0,0,0,310,False,2026-05-07 19:00:42,,,SKIP_NO_PRIOR_VALID
2889365,51,2026-05-07 20:00:00,0,0,0,0,310,False,2026-05-07 20:00:44,,,SKIP_NO_PRIOR_VALID
2889633,51,2026-05-07 21:00:00,0,0,0,0,310,False,2026-05-07 21:00:43,,,SKIP_NO_PRIOR_VALID
2889916,51,2026-05-07 22:00:00,0,0,0,0,311,False,2026-05-07 22:00:47,,,SKIP_NO_PRIOR_VALID
2890199,51,2026-05-07 23:00:00,0,0,0,0,311,False,2026-05-07 23:00:49,,,SKIP_NO_PRIOR_VALID
2890477,51,2026-05-08 00:00:00,0,0,0,0,311,False,2026-05-08 00:00:55,,,SKIP_NO_PRIOR_VALID
2890739,51,2026-05-08 01:00:00,0,0,0,0,311,False,2026-05-08 01:00:48,,,SKIP_NO_PRIOR_VALID
2891019,51,2026-05-08 02:00:00,0,0,0,0,311,False,2026-05-08 02:00:49,,,SKIP_NO_PRIOR_VALID
2891301,51,2026-05-08 03:00:00,0,0,0,0,311,False,2026-05-08 03:00:46,,,SKIP_NO_PRIOR_VALID
2891567,51,2026-05-08 04:00:00,0,0,0,0,311,False,2026-05-08 04:00:46,,,SKIP_NO_PRIOR_VALID
2891868,51,2026-05-08 05:00:00,0,0,0,0,311,False,2026-05-08 05:00:59,,,SKIP_NO_PRIOR_VALID
2892116,51,2026-05-08 06:00:00,0,0,0,0,311,False,2026-05-08 06:00:45,,,SKIP_NO_PRIOR_VALID
2892402,51,2026-05-08 07:00:00,0,0,0,0,311,False,2026-05-08 07:00:44,,,SKIP_NO_PRIOR_VALID
2892680,51,2026-05-08 08:00:00,0,0,0,0,311,False,2026-05-08 08:00:44,,,SKIP_NO_PRIOR_VALID
2892964,51,2026-05-08 09:00:00,0,0,0,0,311,False,2026-05-08 09:00:46,,,SKIP_NO_PRIOR_VALID
2893233,51,2026-05-08 10:00:00,0,0,0,0,311,False,2026-05-08 10:00:42,,,SKIP_NO_PRIOR_VALID
2893510,51,2026-05-08 11:00:00,0,0,0,0,311,False,2026-05-08 11:00:41,,,SKIP_NO_PRIOR_VALID
2893807,51,2026-05-08 12:00:00,0,0,0,0,311,False,2026-05-08 12:00:50,,,SKIP_NO_PRIOR_VALID
2894081,51,2026-05-08 13:00:00,0,0,0,0,311,False,2026-05-08 13:00:52,,,SKIP_NO_PRIOR_VALID
2894370,51,2026-05-08 14:00:00,0,0,0,0,311,False,2026-05-08 14:00:55,,,SKIP_NO_PRIOR_VALID
2894619,51,2026-05-08 15:00:00,0,0,0,0,311,False,2026-05-08 15:00:46,,,SKIP_NO_PRIOR_VALID
2894896,51,2026-05-08 16:00:00,0,0,0,0,311,False,2026-05-08 16:00:52,,,SKIP_NO_PRIOR_VALID
2895171,51,2026-05-08 17:00:00,0,0,0,0,311,False,2026-05-08 17:00:42,,,SKIP_NO_PRIOR_VALID
2895449,51,2026-05-08 18:00:00,0,0,0,0,311,False,2026-05-08 18:00:43,,,SKIP_NO_PRIOR_VALID
2895765,51,2026-05-08 19:00:00,0,0,0,0,311,False,2026-05-08 19:01:20,,,SKIP_NO_PRIOR_VALID
2896037,51,2026-05-08 20:00:00,0,0,0,0,311,False,2026-05-08 20:01:07,,,SKIP_NO_PRIOR_VALID
2896281,51,2026-05-08 21:00:00,0,0,0,0,311,False,2026-05-08 21:00:43,,,SKIP_NO_PRIOR_VALID
2896555,51,2026-05-08 22:00:00,0,0,0,0,312,False,2026-05-08 22:00:38,,,SKIP_NO_PRIOR_VALID
2896834,51,2026-05-08 23:00:00,0,0,0,0,312,False,2026-05-08 23:00:51,,,SKIP_NO_PRIOR_VALID
2897111,51,2026-05-09 00:00:00,0,0,0,0,312,False,2026-05-09 00:00:51,,,SKIP_NO_PRIOR_VALID
2897404,51,2026-05-09 01:00:00,0,0,0,0,312,False,2026-05-09 01:00:53,,,SKIP_NO_PRIOR_VALID
2897691,51,2026-05-09 02:00:00,0,0,0,0,312,False,2026-05-09 02:00:51,,,SKIP_NO_PRIOR_VALID
2897946,51,2026-05-09 03:00:00,0,0,0,0,312,False,2026-05-09 03:00:45,,,SKIP_NO_PRIOR_VALID
2898247,51,2026-05-09 04:00:00,0,0,0,0,312,False,2026-05-09 04:00:53,,,SKIP_NO_PRIOR_VALID
2898500,51,2026-05-09 05:00:00,0,0,0,0,312,False,2026-05-09 05:00:49,,,SKIP_NO_PRIOR_VALID
2898785,51,2026-05-09 06:00:00,0,0,0,0,312,False,2026-05-09 06:00:48,,,SKIP_NO_PRIOR_VALID
2899051,51,2026-05-09 07:00:00,0,0,0,0,312,False,2026-05-09 07:00:46,,,SKIP_NO_PRIOR_VALID
2899328,51,2026-05-09 08:00:00,0,0,0,0,312,False,2026-05-09 08:00:44,,,SKIP_NO_PRIOR_VALID
2899604,51,2026-05-09 09:00:00,0,0,0,0,312,False,2026-05-09 09:00:42,,,SKIP_NO_PRIOR_VALID
2899882,51,2026-05-09 10:00:00,0,0,0,0,312,False,2026-05-09 10:00:43,,,SKIP_NO_PRIOR_VALID
2900165,51,2026-05-09 11:00:00,0,0,0,0,312,False,2026-05-09 11:00:46,,,SKIP_NO_PRIOR_VALID
2900475,51,2026-05-09 12:00:00,0,0,0,0,312,False,2026-05-09 12:01:24,,,SKIP_NO_PRIOR_VALID
2900772,51,2026-05-09 13:00:00,0,0,0,0,312,False,2026-05-09 13:02:12,,,SKIP_NO_PRIOR_VALID
2901057,51,2026-05-09 14:00:00,0,0,0,0,312,False,2026-05-09 14:02:39,,,SKIP_NO_PRIOR_VALID
2901276,51,2026-05-09 15:00:00,0,0,0,0,312,False,2026-05-09 15:00:47,,,SKIP_NO_PRIOR_VALID
2901544,51,2026-05-09 16:00:00,0,0,0,0,312,False,2026-05-09 16:00:45,,,SKIP_NO_PRIOR_VALID
2901823,51,2026-05-09 17:00:00,0,0,0,0,312,False,2026-05-09 17:00:45,,,SKIP_NO_PRIOR_VALID
2902095,51,2026-05-09 18:00:00,0,0,0,0,312,False,2026-05-09 18:00:38,,,SKIP_NO_PRIOR_VALID
2902373,51,2026-05-09 19:00:00,0,0,0,0,312,False,2026-05-09 19:00:40,,,SKIP_NO_PRIOR_VALID
2902651,51,2026-05-09 20:00:00,0,0,0,0,312,False,2026-05-09 20:00:41,,,SKIP_NO_PRIOR_VALID
2902929,51,2026-05-09 21:00:00,0,0,0,0,312,False,2026-05-09 21:00:44,,,SKIP_NO_PRIOR_VALID
2903204,51,2026-05-09 22:00:00,0,0,0,0,313,False,2026-05-09 22:00:40,,,SKIP_NO_PRIOR_VALID
2903483,51,2026-05-09 23:00:00,0,0,0,0,313,False,2026-05-09 23:00:43,,,SKIP_NO_PRIOR_VALID
2903757,51,2026-05-10 00:00:00,0,0,0,0,313,False,2026-05-10 00:00:46,,,SKIP_NO_PRIOR_VALID
2904057,51,2026-05-10 01:00:00,0,0,0,0,313,False,2026-05-10 01:00:52,,,SKIP_NO_PRIOR_VALID
2904321,51,2026-05-10 02:00:00,0,0,0,0,313,False,2026-05-10 02:00:46,,,SKIP_NO_PRIOR_VALID
2904653,51,2026-05-10 03:00:00,0,0,0,0,313,False,2026-05-10 03:02:18,,,SKIP_NO_PRIOR_VALID
2904908,51,2026-05-10 04:00:00,0,0,0,0,313,False,2026-05-10 04:01:27,,,SKIP_NO_PRIOR_VALID
2905198,51,2026-05-10 05:00:00,0,0,0,0,313,False,2026-05-10 05:02:00,,,SKIP_NO_PRIOR_VALID
2905419,51,2026-05-10 06:00:00,0,0,0,0,313,False,2026-05-10 06:00:38,,,SKIP_NO_PRIOR_VALID
2905762,51,2026-05-10 07:00:00,0,0,0,0,313,False,2026-05-10 07:02:21,,,SKIP_NO_PRIOR_VALID
2905973,51,2026-05-10 08:00:00,0,0,0,0,313,False,2026-05-10 08:00:39,,,SKIP_NO_PRIOR_VALID
2906253,51,2026-05-10 09:00:00,0,0,0,0,313,False,2026-05-10 09:00:44,,,SKIP_NO_PRIOR_VALID
2906550,51,2026-05-10 10:00:00,0,0,0,0,313,False,2026-05-10 10:00:49,,,SKIP_NO_PRIOR_VALID
2906835,51,2026-05-10 11:00:00,0,0,0,0,313,False,2026-05-10 11:00:53,,,SKIP_NO_PRIOR_VALID
2907095,51,2026-05-10 12:00:00,0,0,0,0,313,False,2026-05-10 12:00:49,,,SKIP_NO_PRIOR_VALID
2907366,51,2026-05-10 13:00:00,0,0,0,0,313,False,2026-05-10 13:00:50,,,SKIP_NO_PRIOR_VALID
2907649,51,2026-05-10 14:00:00,0,0,0,0,313,False,2026-05-10 14:00:47,,,SKIP_NO_PRIOR_VALID
2907935,51,2026-05-10 15:00:00,0,0,0,0,313,False,2026-05-10 15:00:50,,,SKIP_NO_PRIOR_VALID
2908221,51,2026-05-10 16:00:00,0,0,0,0,313,False,2026-05-10 16:01:00,,,SKIP_NO_PRIOR_VALID
2908489,51,2026-05-10 17:00:00,0,0,0,0,313,False,2026-05-10 17:00:51,,,SKIP_NO_PRIOR_VALID
2908758,51,2026-05-10 18:00:00,0,0,0,0,313,False,2026-05-10 18:00:51,,,SKIP_NO_PRIOR_VALID
2909053,51,2026-05-10 19:00:00,0,0,0,0,313,False,2026-05-10 19:01:01,,,SKIP_NO_PRIOR_VALID
2909365,51,2026-05-10 20:00:00,0,0,0,0,310,False,2026-05-10 20:02:26,,,SKIP_NO_PRIOR_VALID
2909645,51,2026-05-10 21:00:00,0,0,0,0,313,False,2026-05-10 21:03:06,,,SKIP_NO_PRIOR_VALID
2909883,51,2026-05-10 22:00:00,0,0,0,0,314,False,2026-05-10 22:00:56,,,SKIP_NO_PRIOR_VALID
2910130,51,2026-05-10 23:00:00,0,0,0,0,314,False,2026-05-10 23:00:41,,,SKIP_NO_PRIOR_VALID
2910427,51,2026-05-11 00:00:00,0,0,0,0,314,False,2026-05-11 00:00:55,,,SKIP_NO_PRIOR_VALID
2910685,51,2026-05-11 01:00:00,0,0,0,0,314,False,2026-05-11 01:00:46,,,SKIP_NO_PRIOR_VALID
2910988,51,2026-05-11 02:00:00,0,0,0,0,314,False,2026-05-11 02:00:51,,,SKIP_NO_PRIOR_VALID
2911239,51,2026-05-11 03:00:00,0,0,0,0,314,False,2026-05-11 03:00:44,,,SKIP_NO_PRIOR_VALID
2911544,51,2026-05-11 04:00:00,0,0,0,0,314,False,2026-05-11 04:00:54,,,SKIP_NO_PRIOR_VALID
2911797,51,2026-05-11 05:00:00,0,0,0,0,314,False,2026-05-11 05:00:49,,,SKIP_NO_PRIOR_VALID
2912086,51,2026-05-11 06:00:00,0,0,0,0,314,False,2026-05-11 06:00:52,,,SKIP_NO_PRIOR_VALID
2912359,51,2026-05-11 07:00:00,0,0,0,0,314,False,2026-05-11 07:00:50,,,SKIP_NO_PRIOR_VALID
2912629,51,2026-05-11 08:00:00,0,0,0,0,314,False,2026-05-11 08:00:48,,,SKIP_NO_PRIOR_VALID
2912901,51,2026-05-11 09:00:00,0,0,0,0,314,False,2026-05-11 09:00:44,,,SKIP_NO_PRIOR_VALID
2913197,51,2026-05-11 10:00:00,0,0,0,0,314,False,2026-05-11 10:00:52,,,SKIP_NO_PRIOR_VALID
2913478,51,2026-05-11 11:00:00,0,0,0,0,314,False,2026-05-11 11:00:51,,,SKIP_NO_PRIOR_VALID
2913744,51,2026-05-11 12:00:00,0,0,0,0,314,False,2026-05-11 12:00:52,,,SKIP_NO_PRIOR_VALID
2914025,51,2026-05-11 13:00:00,0,0,0,0,314,False,2026-05-11 13:00:57,,,SKIP_NO_PRIOR_VALID
2914353,51,2026-05-11 14:00:00,0,0,0,0,314,False,2026-05-11 14:02:38,,,SKIP_NO_PRIOR_VALID
2914563,51,2026-05-11 15:00:00,0,0,0,0,314,False,2026-05-11 15:00:46,,,SKIP_NO_PRIOR_VALID
2914886,51,2026-05-11 16:00:00,0,0,0,0,314,False,2026-05-11 16:01:45,,,SKIP_NO_PRIOR_VALID
2915115,51,2026-05-11 17:00:00,0,0,0,0,314,False,2026-05-11 17:00:47,,,SKIP_NO_PRIOR_VALID
2915391,51,2026-05-11 18:00:00,0,0,0,0,314,False,2026-05-11 18:00:48,,,SKIP_NO_PRIOR_VALID
2915667,51,2026-05-11 19:00:00,0,0,0,0,314,False,2026-05-11 19:00:46,,,SKIP_NO_PRIOR_VALID
2915967,51,2026-05-11 20:00:00,0,0,0,0,314,False,2026-05-11 20:00:52,,,SKIP_NO_PRIOR_VALID
2916239,51,2026-05-11 21:00:00,0,0,0,0,314,False,2026-05-11 21:00:51,,,SKIP_NO_PRIOR_VALID
2916495,51,2026-05-11 22:00:00,0,0,0,0,315,False,2026-05-11 22:00:45,,,SKIP_NO_PRIOR_VALID
2916770,51,2026-05-11 23:00:00,0,0,0,0,315,False,2026-05-11 23:00:41,,,SKIP_NO_PRIOR_VALID
2917074,51,2026-05-12 00:00:00,0,0,0,0,315,False,2026-05-12 00:00:57,,,SKIP_NO_PRIOR_VALID
2917332,51,2026-05-12 01:00:00,0,0,0,0,315,False,2026-05-12 01:00:49,,,SKIP_NO_PRIOR_VALID
2917626,51,2026-05-12 02:00:00,0,0,0,0,315,False,2026-05-12 02:00:52,,,SKIP_NO_PRIOR_VALID
2917873,51,2026-05-12 03:00:00,0,0,0,0,315,False,2026-05-12 03:00:40,,,SKIP_NO_PRIOR_VALID
2918149,51,2026-05-12 04:00:00,0,0,0,0,315,False,2026-05-12 04:00:39,,,SKIP_NO_PRIOR_VALID
2918447,51,2026-05-12 05:00:00,0,0,0,0,315,False,2026-05-12 05:00:53,,,SKIP_NO_PRIOR_VALID
2918729,51,2026-05-12 06:00:00,0,0,0,0,315,False,2026-05-12 06:00:53,,,SKIP_NO_PRIOR_VALID
2919032,51,2026-05-12 07:00:00,0,0,0,0,315,False,2026-05-12 07:01:59,,,SKIP_NO_PRIOR_VALID
2919254,51,2026-05-12 08:00:00,0,0,0,0,315,False,2026-05-12 08:00:43,,,SKIP_NO_PRIOR_VALID
2919559,51,2026-05-12 09:00:00,0,0,0,0,315,False,2026-05-12 09:00:52,,,SKIP_NO_PRIOR_VALID
2919807,51,2026-05-12 10:00:00,0,0,0,0,315,False,2026-05-12 10:00:46,,,SKIP_NO_PRIOR_VALID
2920103,51,2026-05-12 11:00:00,0,0,0,0,315,False,2026-05-12 11:00:51,,,SKIP_NO_PRIOR_VALID
2920384,51,2026-05-12 12:00:00,0,0,0,0,315,False,2026-05-12 12:00:55,,,SKIP_NO_PRIOR_VALID
2920639,51,2026-05-12 13:00:00,0,0,0,0,315,False,2026-05-12 13:00:53,,,SKIP_NO_PRIOR_VALID
2920911,51,2026-05-12 14:00:00,0,0,0,0,315,False,2026-05-12 14:00:46,,,SKIP_NO_PRIOR_VALID
2921201,51,2026-05-12 15:00:00,0,0,0,0,315,False,2026-05-12 15:00:49,,,SKIP_NO_PRIOR_VALID
2941241,57,2026-05-15 19:00:00,0,163759,0,198,0,False,2026-05-15 19:01:20,163759,2026-05-15 18:00:00,SKIP_ALREADY_OK
2941516,57,2026-05-15 20:00:00,0,0,0,0,0,False,2026-05-15 20:01:20,163759,2026-05-15 18:00:00,CORRECT_TO_163759
2941769,57,2026-05-15 21:00:00,0,0,0,0,0,False,2026-05-15 21:01:20,163759,2026-05-15 18:00:00,CORRECT_TO_163759
2942056,57,2026-05-15 22:00:00,0,0,0,0,0,False,2026-05-15 22:01:17,163759,2026-05-15 18:00:00,CORRECT_TO_163759
2942322,57,2026-05-15 23:00:00,0,0,0,0,0,False,2026-05-15 23:01:21,163759,2026-05-15 18:00:00,CORRECT_TO_163759
2942576,57,2026-05-16 00:00:00,0,0,0,0,0,False,2026-05-16 00:01:29,163759,2026-05-15 18:00:00,CORRECT_TO_163759
2942834,57,2026-05-16 01:00:00,0,0,0,0,0,False,2026-05-16 01:01:22,163759,2026-05-15 18:00:00,CORRECT_TO_163759
2943133,57,2026-05-16 02:00:00,0,0,0,0,0,False,2026-05-16 02:01:23,163759,2026-05-15 18:00:00,CORRECT_TO_163759
2935092,58,2026-05-14 20:00:00,0,605550,0,527,0,False,2026-05-14 20:04:28,605550,2026-05-14 19:00:00,SKIP_ALREADY_OK
2948782,59,2026-05-16 23:00:00,0,0,0,0,0,False,2026-05-16 23:06:28,105612,2026-05-16 03:00:00,CORRECT_TO_105612
2949031,59,2026-05-17 00:00:00,0,0,0,0,0,False,2026-05-17 00:07:15,105612,2026-05-16 03:00:00,CORRECT_TO_105612
2949300,59,2026-05-17 01:00:00,0,0,0,0,0,False,2026-05-17 01:07:09,105612,2026-05-16 03:00:00,CORRECT_TO_105612
2949568,59,2026-05-17 02:00:00,0,0,0,0,0,False,2026-05-17 02:06:31,105612,2026-05-16 03:00:00,CORRECT_TO_105612
2930634,61,2026-05-14 03:55:00,0,20838,0,0,0,False,2026-05-14 03:55:42,20838,2026-05-14 03:50:00,SKIP_ALREADY_OK
2941151,61,2026-05-15 18:56:00,0,21456,0,217,0,False,2026-05-15 18:57:04,21456,2026-05-15 18:35:00,SKIP_ALREADY_OK
2941198,61,2026-05-15 19:00:00,0,0,0,0,0,False,2026-05-15 19:00:55,21456,2026-05-15 18:35:00,CORRECT_TO_21456
2941293,61,2026-05-15 19:05:00,0,0,0,0,0,False,2026-05-15 19:05:43,21456,2026-05-15 18:35:00,CORRECT_TO_21456
2941318,61,2026-05-15 19:10:00,0,0,0,0,0,False,2026-05-15 19:10:44,21456,2026-05-15 18:35:00,CORRECT_TO_21456
2941328,61,2026-05-15 19:15:00,0,0,0,0,0,False,2026-05-15 19:15:47,21456,2026-05-15 18:35:00,CORRECT_TO_21456
2941341,61,2026-05-15 19:20:00,0,0,0,0,0,False,2026-05-15 19:20:45,21456,2026-05-15 18:35:00,CORRECT_TO_21456
2941351,61,2026-05-15 19:25:00,0,0,0,0,0,False,2026-05-15 19:25:43,21456,2026-05-15 18:35:00,CORRECT_TO_21456
2941364,61,2026-05-15 19:30:00,0,0,0,0,0,False,2026-05-15 19:30:52,21456,2026-05-15 18:35:00,CORRECT_TO_21456
2941374,61,2026-05-15 19:35:00,0,0,0,0,0,False,2026-05-15 19:35:43,21456,2026-05-15 18:35:00,CORRECT_TO_21456
2941387,61,2026-05-15 19:40:00,0,0,0,0,0,False,2026-05-15 19:40:46,21456,2026-05-15 18:35:00,CORRECT_TO_21456
2941397,61,2026-05-15 19:45:00,0,0,0,0,0,False,2026-05-15 19:45:48,21456,2026-05-15 18:35:00,CORRECT_TO_21456
2941410,61,2026-05-15 19:50:00,0,0,0,0,0,False,2026-05-15 19:50:47,21456,2026-05-15 18:35:00,CORRECT_TO_21456
2941420,61,2026-05-15 19:55:00,0,0,0,0,0,False,2026-05-15 19:55:42,21456,2026-05-15 18:35:00,CORRECT_TO_21456
2941493,61,2026-05-15 20:00:00,0,0,0,0,0,False,2026-05-15 20:00:56,21456,2026-05-15 18:35:00,CORRECT_TO_21456
2941563,61,2026-05-15 20:05:00,0,0,0,0,0,False,2026-05-15 20:05:43,21456,2026-05-15 18:35:00,CORRECT_TO_21456
2941587,61,2026-05-15 20:10:00,0,0,0,0,0,False,2026-05-15 20:10:44,21456,2026-05-15 18:35:00,CORRECT_TO_21456
2941597,61,2026-05-15 20:15:00,0,0,0,0,0,False,2026-05-15 20:15:47,21456,2026-05-15 18:35:00,CORRECT_TO_21456
2941610,61,2026-05-15 20:20:00,0,0,0,0,0,False,2026-05-15 20:20:44,21456,2026-05-15 18:35:00,CORRECT_TO_21456
2941620,61,2026-05-15 20:25:00,0,0,0,0,0,False,2026-05-15 20:25:43,21456,2026-05-15 18:35:00,CORRECT_TO_21456
2941633,61,2026-05-15 20:30:00,0,0,0,0,0,False,2026-05-15 20:30:52,21456,2026-05-15 18:35:00,CORRECT_TO_21456
2941643,61,2026-05-15 20:35:00,0,0,0,0,0,False,2026-05-15 20:35:42,21456,2026-05-15 18:35:00,CORRECT_TO_21456
2941656,61,2026-05-15 20:40:00,0,0,0,0,0,False,2026-05-15 20:40:44,21456,2026-05-15 18:35:00,CORRECT_TO_21456
2941666,61,2026-05-15 20:45:00,0,0,0,0,0,False,2026-05-15 20:45:47,21456,2026-05-15 18:35:00,CORRECT_TO_21456
2941679,61,2026-05-15 20:50:00,0,0,0,0,0,False,2026-05-15 20:50:44,21456,2026-05-15 18:35:00,CORRECT_TO_21456
2941689,61,2026-05-15 20:55:00,0,0,0,0,0,False,2026-05-15 20:55:42,21456,2026-05-15 18:35:00,CORRECT_TO_21456
2941737,61,2026-05-15 21:00:00,0,0,0,0,0,False,2026-05-15 21:00:56,21456,2026-05-15 18:35:00,CORRECT_TO_21456
2941832,61,2026-05-15 21:05:00,0,0,0,0,0,False,2026-05-15 21:05:43,21456,2026-05-15 18:35:00,CORRECT_TO_21456
2941856,61,2026-05-15 21:10:00,0,0,0,0,0,False,2026-05-15 21:10:44,21456,2026-05-15 18:35:00,CORRECT_TO_21456
2941866,61,2026-05-15 21:15:00,0,0,0,0,0,False,2026-05-15 21:15:46,21456,2026-05-15 18:35:00,CORRECT_TO_21456
2941879,61,2026-05-15 21:20:00,0,0,0,0,0,False,2026-05-15 21:20:44,21456,2026-05-15 18:35:00,CORRECT_TO_21456
2941889,61,2026-05-15 21:25:00,0,0,0,0,0,False,2026-05-15 21:25:42,21456,2026-05-15 18:35:00,CORRECT_TO_21456
2941902,61,2026-05-15 21:30:00,0,0,0,0,0,False,2026-05-15 21:30:50,21456,2026-05-15 18:35:00,CORRECT_TO_21456
2941912,61,2026-05-15 21:35:00,0,0,0,0,0,False,2026-05-15 21:35:43,21456,2026-05-15 18:35:00,CORRECT_TO_21456
2941925,61,2026-05-15 21:40:00,0,0,0,0,0,False,2026-05-15 21:40:45,21456,2026-05-15 18:35:00,CORRECT_TO_21456
2941935,61,2026-05-15 21:45:00,0,0,0,0,0,False,2026-05-15 21:45:47,21456,2026-05-15 18:35:00,CORRECT_TO_21456
2941948,61,2026-05-15 21:50:00,0,0,0,0,0,False,2026-05-15 21:50:45,21456,2026-05-15 18:35:00,CORRECT_TO_21456
2941958,61,2026-05-15 21:55:00,0,0,0,0,0,False,2026-05-15 21:55:42,21456,2026-05-15 18:35:00,CORRECT_TO_21456
2942036,61,2026-05-15 22:00:00,0,0,0,0,0,False,2026-05-15 22:00:54,21456,2026-05-15 18:35:00,CORRECT_TO_21456
2942101,61,2026-05-15 22:05:00,0,0,0,0,0,False,2026-05-15 22:05:42,21456,2026-05-15 18:35:00,CORRECT_TO_21456
2942125,61,2026-05-15 22:10:00,0,0,0,0,0,False,2026-05-15 22:10:44,21456,2026-05-15 18:35:00,CORRECT_TO_21456
2942135,61,2026-05-15 22:15:00,0,0,0,0,0,False,2026-05-15 22:15:46,21456,2026-05-15 18:35:00,CORRECT_TO_21456
2942148,61,2026-05-15 22:20:00,0,0,0,0,0,False,2026-05-15 22:20:44,21456,2026-05-15 18:35:00,CORRECT_TO_21456
2942158,61,2026-05-15 22:25:00,0,0,0,0,0,False,2026-05-15 22:25:42,21456,2026-05-15 18:35:00,CORRECT_TO_21456
2942171,61,2026-05-15 22:30:00,0,0,0,0,0,False,2026-05-15 22:30:52,21456,2026-05-15 18:35:00,CORRECT_TO_21456
2942181,61,2026-05-15 22:35:00,0,0,0,0,0,False,2026-05-15 22:35:43,21456,2026-05-15 18:35:00,CORRECT_TO_21456
2942194,61,2026-05-15 22:40:00,0,0,0,0,0,False,2026-05-15 22:40:45,21456,2026-05-15 18:35:00,CORRECT_TO_21456
2942204,61,2026-05-15 22:45:00,0,0,0,0,0,False,2026-05-15 22:45:48,21456,2026-05-15 18:35:00,CORRECT_TO_21456
2942217,61,2026-05-15 22:50:00,0,0,0,0,0,False,2026-05-15 22:50:45,21456,2026-05-15 18:35:00,CORRECT_TO_21456
2942227,61,2026-05-15 22:55:00,0,0,0,0,0,False,2026-05-15 22:55:42,21456,2026-05-15 18:35:00,CORRECT_TO_21456
2942302,61,2026-05-15 23:00:00,0,0,0,0,0,False,2026-05-15 23:00:57,21456,2026-05-15 18:35:00,CORRECT_TO_21456
2942369,61,2026-05-15 23:05:00,0,0,0,0,0,False,2026-05-15 23:05:43,21456,2026-05-15 18:35:00,CORRECT_TO_21456
2942394,61,2026-05-15 23:10:00,0,0,0,0,0,False,2026-05-15 23:10:44,21456,2026-05-15 18:35:00,CORRECT_TO_21456
2942404,61,2026-05-15 23:15:00,0,0,0,0,0,False,2026-05-15 23:15:47,21456,2026-05-15 18:35:00,CORRECT_TO_21456
2942417,61,2026-05-15 23:20:00,0,0,0,0,0,False,2026-05-15 23:20:44,21456,2026-05-15 18:35:00,CORRECT_TO_21456
2942427,61,2026-05-15 23:25:00,0,0,0,0,0,False,2026-05-15 23:25:42,21456,2026-05-15 18:35:00,CORRECT_TO_21456
2942440,61,2026-05-15 23:30:00,0,0,0,0,0,False,2026-05-15 23:30:51,21456,2026-05-15 18:35:00,CORRECT_TO_21456
2942450,61,2026-05-15 23:35:00,0,0,0,0,0,False,2026-05-15 23:35:42,21456,2026-05-15 18:35:00,CORRECT_TO_21456
2942463,61,2026-05-15 23:40:00,0,0,0,0,0,False,2026-05-15 23:40:48,21456,2026-05-15 18:35:00,CORRECT_TO_21456
2942473,61,2026-05-15 23:45:00,0,0,0,0,0,False,2026-05-15 23:45:47,21456,2026-05-15 18:35:00,CORRECT_TO_21456
2942486,61,2026-05-15 23:50:00,0,0,0,0,0,False,2026-05-15 23:50:57,21456,2026-05-15 18:35:00,CORRECT_TO_21456
2942496,61,2026-05-15 23:55:00,0,0,0,0,0,False,2026-05-15 23:55:42,21456,2026-05-15 18:35:00,CORRECT_TO_21456
2942549,61,2026-05-16 00:00:00,0,0,0,0,0,False,2026-05-16 00:01:06,21456,2026-05-15 18:35:00,CORRECT_TO_21456
2942638,61,2026-05-16 00:05:00,0,0,0,0,0,False,2026-05-16 00:05:44,21456,2026-05-15 18:35:00,CORRECT_TO_21456
2942663,61,2026-05-16 00:10:00,0,0,0,0,0,False,2026-05-16 00:10:44,21456,2026-05-15 18:35:00,CORRECT_TO_21456
2942673,61,2026-05-16 00:15:00,0,0,0,0,0,False,2026-05-16 00:15:46,21456,2026-05-15 18:35:00,CORRECT_TO_21456
2942686,61,2026-05-16 00:20:00,0,0,0,0,0,False,2026-05-16 00:20:45,21456,2026-05-15 18:35:00,CORRECT_TO_21456
2942696,61,2026-05-16 00:25:00,0,0,0,0,0,False,2026-05-16 00:25:42,21456,2026-05-15 18:35:00,CORRECT_TO_21456
2942709,61,2026-05-16 00:30:00,0,0,0,0,0,False,2026-05-16 00:30:52,21456,2026-05-15 18:35:00,CORRECT_TO_21456
2942719,61,2026-05-16 00:35:00,0,0,0,0,0,False,2026-05-16 00:35:42,21456,2026-05-15 18:35:00,CORRECT_TO_21456
2942732,61,2026-05-16 00:40:00,0,0,0,0,0,False,2026-05-16 00:40:44,21456,2026-05-15 18:35:00,CORRECT_TO_21456
2942742,61,2026-05-16 00:45:00,0,0,0,0,0,False,2026-05-16 00:45:47,21456,2026-05-15 18:35:00,CORRECT_TO_21456
2942755,61,2026-05-16 00:50:00,0,0,0,0,0,False,2026-05-16 00:50:45,21456,2026-05-15 18:35:00,CORRECT_TO_21456
2942765,61,2026-05-16 00:55:00,0,0,0,0,0,False,2026-05-16 00:55:43,21456,2026-05-15 18:35:00,CORRECT_TO_21456
2942814,61,2026-05-16 01:00:00,0,0,0,0,0,False,2026-05-16 01:00:58,21456,2026-05-15 18:35:00,CORRECT_TO_21456
2942907,61,2026-05-16 01:05:00,0,0,0,0,0,False,2026-05-16 01:05:43,21456,2026-05-15 18:35:00,CORRECT_TO_21456
2942932,61,2026-05-16 01:10:00,0,0,0,0,0,False,2026-05-16 01:10:44,21456,2026-05-15 18:35:00,CORRECT_TO_21456
2942942,61,2026-05-16 01:15:00,0,0,0,0,0,False,2026-05-16 01:15:46,21456,2026-05-15 18:35:00,CORRECT_TO_21456
2942955,61,2026-05-16 01:20:00,0,0,0,0,0,False,2026-05-16 01:20:44,21456,2026-05-15 18:35:00,CORRECT_TO_21456
2942965,61,2026-05-16 01:25:00,0,0,0,0,0,False,2026-05-16 01:25:41,21456,2026-05-15 18:35:00,CORRECT_TO_21456
2942978,61,2026-05-16 01:30:00,0,0,0,0,0,False,2026-05-16 01:30:51,21456,2026-05-15 18:35:00,CORRECT_TO_21456
2942988,61,2026-05-16 01:35:00,0,0,0,0,0,False,2026-05-16 01:35:42,21456,2026-05-15 18:35:00,CORRECT_TO_21456
2943001,61,2026-05-16 01:40:00,0,0,0,0,0,False,2026-05-16 01:40:46,21456,2026-05-15 18:35:00,CORRECT_TO_21456
2943011,61,2026-05-16 01:45:00,0,0,0,0,0,False,2026-05-16 01:45:49,21456,2026-05-15 18:35:00,CORRECT_TO_21456
2943024,61,2026-05-16 01:50:00,0,0,0,0,0,False,2026-05-16 01:50:45,21456,2026-05-15 18:35:00,CORRECT_TO_21456
2943034,61,2026-05-16 01:55:00,0,0,0,0,0,False,2026-05-16 01:55:42,21456,2026-05-15 18:35:00,CORRECT_TO_21456
2943115,61,2026-05-16 02:00:00,0,0,0,0,0,False,2026-05-16 02:00:59,21456,2026-05-15 18:35:00,CORRECT_TO_21456
2943176,61,2026-05-16 02:05:00,0,0,0,0,0,False,2026-05-16 02:05:43,21456,2026-05-15 18:35:00,CORRECT_TO_21456
2943201,61,2026-05-16 02:10:00,0,0,0,0,0,False,2026-05-16 02:10:44,21456,2026-05-15 18:35:00,CORRECT_TO_21456
2943211,61,2026-05-16 02:15:00,0,0,0,0,0,False,2026-05-16 02:15:50,21456,2026-05-15 18:35:00,CORRECT_TO_21456
2943224,61,2026-05-16 02:20:00,0,0,0,0,0,False,2026-05-16 02:20:51,21456,2026-05-15 18:35:00,CORRECT_TO_21456
2943234,61,2026-05-16 02:25:00,0,0,0,0,0,False,2026-05-16 02:25:43,21456,2026-05-15 18:35:00,CORRECT_TO_21456
2943247,61,2026-05-16 02:30:00,0,0,0,0,0,False,2026-05-16 02:30:54,21456,2026-05-15 18:35:00,CORRECT_TO_21456
2943269,61,2026-05-16 02:40:00,0,21611,0,0,0,False,2026-05-16 02:40:45,21456,2026-05-15 18:35:00,CORRECT_TO_21456
2930631,62,2026-05-14 03:55:00,0,111369,0,0,0,False,2026-05-14 03:55:14,111369,2026-05-14 03:50:00,SKIP_ALREADY_OK
2941146,62,2026-05-15 18:56:00,0,112156,0,263,0,False,2026-05-15 18:56:35,112156,2026-05-15 18:35:00,SKIP_ALREADY_OK
2941166,62,2026-05-15 19:00:00,0,0,0,0,0,False,2026-05-15 19:00:27,112156,2026-05-15 18:35:00,CORRECT_TO_112156
2941287,62,2026-05-15 19:05:00,0,0,0,0,0,False,2026-05-15 19:05:15,112156,2026-05-15 18:35:00,CORRECT_TO_112156
2941315,62,2026-05-15 19:10:00,0,0,0,0,0,False,2026-05-15 19:10:16,112156,2026-05-15 18:35:00,CORRECT_TO_112156
2941325,62,2026-05-15 19:15:00,0,0,0,0,0,False,2026-05-15 19:15:19,112156,2026-05-15 18:35:00,CORRECT_TO_112156
2941338,62,2026-05-15 19:20:00,0,0,0,0,0,False,2026-05-15 19:20:16,112156,2026-05-15 18:35:00,CORRECT_TO_112156
2941348,62,2026-05-15 19:25:00,0,0,0,0,0,False,2026-05-15 19:25:15,112156,2026-05-15 18:35:00,CORRECT_TO_112156
2941361,62,2026-05-15 19:30:00,0,0,0,0,0,False,2026-05-15 19:30:24,112156,2026-05-15 18:35:00,CORRECT_TO_112156
2941371,62,2026-05-15 19:35:00,0,0,0,0,0,False,2026-05-15 19:35:14,112156,2026-05-15 18:35:00,CORRECT_TO_112156
2941384,62,2026-05-15 19:40:00,0,0,0,0,0,False,2026-05-15 19:40:18,112156,2026-05-15 18:35:00,CORRECT_TO_112156
2941394,62,2026-05-15 19:45:00,0,0,0,0,0,False,2026-05-15 19:45:20,112156,2026-05-15 18:35:00,CORRECT_TO_112156
2941407,62,2026-05-15 19:50:00,0,0,0,0,0,False,2026-05-15 19:50:19,112156,2026-05-15 18:35:00,CORRECT_TO_112156
2941417,62,2026-05-15 19:55:00,0,0,0,0,0,False,2026-05-15 19:55:14,112156,2026-05-15 18:35:00,CORRECT_TO_112156
2941443,62,2026-05-15 20:00:00,0,0,0,0,0,False,2026-05-15 20:00:27,112156,2026-05-15 18:35:00,CORRECT_TO_112156
2941556,62,2026-05-15 20:05:00,0,0,0,0,0,False,2026-05-15 20:05:14,112156,2026-05-15 18:35:00,CORRECT_TO_112156
2941584,62,2026-05-15 20:10:00,0,0,0,0,0,False,2026-05-15 20:10:16,112156,2026-05-15 18:35:00,CORRECT_TO_112156
2941594,62,2026-05-15 20:15:00,0,0,0,0,0,False,2026-05-15 20:15:19,112156,2026-05-15 18:35:00,CORRECT_TO_112156
2941607,62,2026-05-15 20:20:00,0,0,0,0,0,False,2026-05-15 20:20:16,112156,2026-05-15 18:35:00,CORRECT_TO_112156
2941617,62,2026-05-15 20:25:00,0,0,0,0,0,False,2026-05-15 20:25:14,112156,2026-05-15 18:35:00,CORRECT_TO_112156
2941630,62,2026-05-15 20:30:00,0,0,0,0,0,False,2026-05-15 20:30:24,112156,2026-05-15 18:35:00,CORRECT_TO_112156
2941640,62,2026-05-15 20:35:00,0,0,0,0,0,False,2026-05-15 20:35:14,112156,2026-05-15 18:35:00,CORRECT_TO_112156
2941653,62,2026-05-15 20:40:00,0,0,0,0,0,False,2026-05-15 20:40:16,112156,2026-05-15 18:35:00,CORRECT_TO_112156
2941663,62,2026-05-15 20:45:00,0,0,0,0,0,False,2026-05-15 20:45:19,112156,2026-05-15 18:35:00,CORRECT_TO_112156
2941676,62,2026-05-15 20:50:00,0,0,0,0,0,False,2026-05-15 20:50:16,112156,2026-05-15 18:35:00,CORRECT_TO_112156
2941686,62,2026-05-15 20:55:00,0,0,0,0,0,False,2026-05-15 20:55:14,112156,2026-05-15 18:35:00,CORRECT_TO_112156
2941703,62,2026-05-15 21:00:00,0,0,0,0,0,False,2026-05-15 21:00:27,112156,2026-05-15 18:35:00,CORRECT_TO_112156
2941825,62,2026-05-15 21:05:00,0,0,0,0,0,False,2026-05-15 21:05:14,112156,2026-05-15 18:35:00,CORRECT_TO_112156
2941853,62,2026-05-15 21:10:00,0,0,0,0,0,False,2026-05-15 21:10:16,112156,2026-05-15 18:35:00,CORRECT_TO_112156
2941863,62,2026-05-15 21:15:00,0,0,0,0,0,False,2026-05-15 21:15:18,112156,2026-05-15 18:35:00,CORRECT_TO_112156
2941876,62,2026-05-15 21:20:00,0,0,0,0,0,False,2026-05-15 21:20:16,112156,2026-05-15 18:35:00,CORRECT_TO_112156
2941886,62,2026-05-15 21:25:00,0,0,0,0,0,False,2026-05-15 21:25:13,112156,2026-05-15 18:35:00,CORRECT_TO_112156
2941899,62,2026-05-15 21:30:00,0,0,0,0,0,False,2026-05-15 21:30:22,112156,2026-05-15 18:35:00,CORRECT_TO_112156
2941909,62,2026-05-15 21:35:00,0,0,0,0,0,False,2026-05-15 21:35:14,112156,2026-05-15 18:35:00,CORRECT_TO_112156
2941922,62,2026-05-15 21:40:00,0,0,0,0,0,False,2026-05-15 21:40:17,112156,2026-05-15 18:35:00,CORRECT_TO_112156
2941932,62,2026-05-15 21:45:00,0,0,0,0,0,False,2026-05-15 21:45:19,112156,2026-05-15 18:35:00,CORRECT_TO_112156
2941945,62,2026-05-15 21:50:00,0,0,0,0,0,False,2026-05-15 21:50:16,112156,2026-05-15 18:35:00,CORRECT_TO_112156
2941955,62,2026-05-15 21:55:00,0,0,0,0,0,False,2026-05-15 21:55:14,112156,2026-05-15 18:35:00,CORRECT_TO_112156
2941983,62,2026-05-15 22:00:00,0,0,0,0,0,False,2026-05-15 22:00:26,112156,2026-05-15 18:35:00,CORRECT_TO_112156
2942095,62,2026-05-15 22:05:00,0,0,0,0,0,False,2026-05-15 22:05:13,112156,2026-05-15 18:35:00,CORRECT_TO_112156
2942122,62,2026-05-15 22:10:00,0,0,0,0,0,False,2026-05-15 22:10:16,112156,2026-05-15 18:35:00,CORRECT_TO_112156
2942132,62,2026-05-15 22:15:00,0,0,0,0,0,False,2026-05-15 22:15:18,112156,2026-05-15 18:35:00,CORRECT_TO_112156
2942145,62,2026-05-15 22:20:00,0,0,0,0,0,False,2026-05-15 22:20:16,112156,2026-05-15 18:35:00,CORRECT_TO_112156
2942155,62,2026-05-15 22:25:00,0,0,0,0,0,False,2026-05-15 22:25:14,112156,2026-05-15 18:35:00,CORRECT_TO_112156
2942168,62,2026-05-15 22:30:00,0,0,0,0,0,False,2026-05-15 22:30:23,112156,2026-05-15 18:35:00,CORRECT_TO_112156
2942178,62,2026-05-15 22:35:00,0,0,0,0,0,False,2026-05-15 22:35:14,112156,2026-05-15 18:35:00,CORRECT_TO_112156
2942191,62,2026-05-15 22:40:00,0,0,0,0,0,False,2026-05-15 22:40:16,112156,2026-05-15 18:35:00,CORRECT_TO_112156
2942201,62,2026-05-15 22:45:00,0,0,0,0,0,False,2026-05-15 22:45:19,112156,2026-05-15 18:35:00,CORRECT_TO_112156
2942214,62,2026-05-15 22:50:00,0,0,0,0,0,False,2026-05-15 22:50:17,112156,2026-05-15 18:35:00,CORRECT_TO_112156
2942224,62,2026-05-15 22:55:00,0,0,0,0,0,False,2026-05-15 22:55:14,112156,2026-05-15 18:35:00,CORRECT_TO_112156
2942250,62,2026-05-15 23:00:00,0,0,0,0,0,False,2026-05-15 23:00:29,112156,2026-05-15 18:35:00,CORRECT_TO_112156
2942363,62,2026-05-15 23:05:00,0,0,0,0,0,False,2026-05-15 23:05:15,112156,2026-05-15 18:35:00,CORRECT_TO_112156
2942391,62,2026-05-15 23:10:00,0,0,0,0,0,False,2026-05-15 23:10:16,112156,2026-05-15 18:35:00,CORRECT_TO_112156
2942401,62,2026-05-15 23:15:00,0,0,0,0,0,False,2026-05-15 23:15:19,112156,2026-05-15 18:35:00,CORRECT_TO_112156
2942414,62,2026-05-15 23:20:00,0,0,0,0,0,False,2026-05-15 23:20:16,112156,2026-05-15 18:35:00,CORRECT_TO_112156
2942424,62,2026-05-15 23:25:00,0,0,0,0,0,False,2026-05-15 23:25:14,112156,2026-05-15 18:35:00,CORRECT_TO_112156
2942437,62,2026-05-15 23:30:00,0,0,0,0,0,False,2026-05-15 23:30:23,112156,2026-05-15 18:35:00,CORRECT_TO_112156
2942447,62,2026-05-15 23:35:00,0,0,0,0,0,False,2026-05-15 23:35:14,112156,2026-05-15 18:35:00,CORRECT_TO_112156
2942460,62,2026-05-15 23:40:00,0,0,0,0,0,False,2026-05-15 23:40:19,112156,2026-05-15 18:35:00,CORRECT_TO_112156
2942470,62,2026-05-15 23:45:00,0,0,0,0,0,False,2026-05-15 23:45:19,112156,2026-05-15 18:35:00,CORRECT_TO_112156
2942483,62,2026-05-15 23:50:00,0,0,0,0,0,False,2026-05-15 23:50:25,112156,2026-05-15 18:35:00,CORRECT_TO_112156
2942493,62,2026-05-15 23:55:00,0,0,0,0,0,False,2026-05-15 23:55:14,112156,2026-05-15 18:35:00,CORRECT_TO_112156
2942517,62,2026-05-16 00:00:00,0,0,0,0,0,False,2026-05-16 00:00:37,112156,2026-05-15 18:35:00,CORRECT_TO_112156
2942632,62,2026-05-16 00:05:00,0,0,0,0,0,False,2026-05-16 00:05:16,112156,2026-05-15 18:35:00,CORRECT_TO_112156
2942660,62,2026-05-16 00:10:00,0,0,0,0,0,False,2026-05-16 00:10:16,112156,2026-05-15 18:35:00,CORRECT_TO_112156
2942670,62,2026-05-16 00:15:00,0,0,0,0,0,False,2026-05-16 00:15:18,112156,2026-05-15 18:35:00,CORRECT_TO_112156
2942683,62,2026-05-16 00:20:00,0,0,0,0,0,False,2026-05-16 00:20:17,112156,2026-05-15 18:35:00,CORRECT_TO_112156
2942693,62,2026-05-16 00:25:00,0,0,0,0,0,False,2026-05-16 00:25:14,112156,2026-05-15 18:35:00,CORRECT_TO_112156
2942706,62,2026-05-16 00:30:00,0,0,0,0,0,False,2026-05-16 00:30:24,112156,2026-05-15 18:35:00,CORRECT_TO_112156
2942716,62,2026-05-16 00:35:00,0,0,0,0,0,False,2026-05-16 00:35:14,112156,2026-05-15 18:35:00,CORRECT_TO_112156
2942729,62,2026-05-16 00:40:00,0,0,0,0,0,False,2026-05-16 00:40:16,112156,2026-05-15 18:35:00,CORRECT_TO_112156
2942739,62,2026-05-16 00:45:00,0,0,0,0,0,False,2026-05-16 00:45:19,112156,2026-05-15 18:35:00,CORRECT_TO_112156
2942752,62,2026-05-16 00:50:00,0,0,0,0,0,False,2026-05-16 00:50:16,112156,2026-05-15 18:35:00,CORRECT_TO_112156
2942762,62,2026-05-16 00:55:00,0,0,0,0,0,False,2026-05-16 00:55:14,112156,2026-05-15 18:35:00,CORRECT_TO_112156
2942786,62,2026-05-16 01:00:00,0,0,0,0,0,False,2026-05-16 01:00:29,112156,2026-05-15 18:35:00,CORRECT_TO_112156
2942901,62,2026-05-16 01:05:00,0,0,0,0,0,False,2026-05-16 01:05:15,112156,2026-05-15 18:35:00,CORRECT_TO_112156
2942929,62,2026-05-16 01:10:00,0,0,0,0,0,False,2026-05-16 01:10:16,112156,2026-05-15 18:35:00,CORRECT_TO_112156
2942939,62,2026-05-16 01:15:00,0,0,0,0,0,False,2026-05-16 01:15:18,112156,2026-05-15 18:35:00,CORRECT_TO_112156
2942952,62,2026-05-16 01:20:00,0,0,0,0,0,False,2026-05-16 01:20:16,112156,2026-05-15 18:35:00,CORRECT_TO_112156
2942962,62,2026-05-16 01:25:00,0,0,0,0,0,False,2026-05-16 01:25:13,112156,2026-05-15 18:35:00,CORRECT_TO_112156
2942975,62,2026-05-16 01:30:00,0,0,0,0,0,False,2026-05-16 01:30:23,112156,2026-05-15 18:35:00,CORRECT_TO_112156
2942985,62,2026-05-16 01:35:00,0,0,0,0,0,False,2026-05-16 01:35:14,112156,2026-05-15 18:35:00,CORRECT_TO_112156
2942998,62,2026-05-16 01:40:00,0,0,0,0,0,False,2026-05-16 01:40:18,112156,2026-05-15 18:35:00,CORRECT_TO_112156
2943008,62,2026-05-16 01:45:00,0,0,0,0,0,False,2026-05-16 01:45:21,112156,2026-05-15 18:35:00,CORRECT_TO_112156
2943021,62,2026-05-16 01:50:00,0,0,0,0,0,False,2026-05-16 01:50:17,112156,2026-05-15 18:35:00,CORRECT_TO_112156
2943031,62,2026-05-16 01:55:00,0,0,0,0,0,False,2026-05-16 01:55:14,112156,2026-05-15 18:35:00,CORRECT_TO_112156
2943058,62,2026-05-16 02:00:00,0,0,0,0,0,False,2026-05-16 02:00:30,112156,2026-05-15 18:35:00,CORRECT_TO_112156
2943170,62,2026-05-16 02:05:00,0,0,0,0,0,False,2026-05-16 02:05:15,112156,2026-05-15 18:35:00,CORRECT_TO_112156
2943198,62,2026-05-16 02:10:00,0,0,0,0,0,False,2026-05-16 02:10:16,112156,2026-05-15 18:35:00,CORRECT_TO_112156
2943208,62,2026-05-16 02:15:00,0,0,0,0,0,False,2026-05-16 02:15:22,112156,2026-05-15 18:35:00,CORRECT_TO_112156
2943221,62,2026-05-16 02:20:00,0,0,0,0,0,False,2026-05-16 02:20:23,112156,2026-05-15 18:35:00,CORRECT_TO_112156
2943231,62,2026-05-16 02:25:00,0,0,0,0,0,False,2026-05-16 02:25:14,112156,2026-05-15 18:35:00,CORRECT_TO_112156
2943244,62,2026-05-16 02:30:00,0,0,0,0,0,False,2026-05-16 02:30:26,112156,2026-05-15 18:35:00,CORRECT_TO_112156
2943266,62,2026-05-16 02:40:00,0,112266,0,0,0,False,2026-05-16 02:40:17,112156,2026-05-15 18:35:00,CORRECT_TO_112156
2930632,63,2026-05-14 03:55:00,0,16158,0,0,0,False,2026-05-14 03:55:23,16158,2026-05-14 03:50:00,SKIP_ALREADY_OK
2941148,63,2026-05-15 18:56:00,0,16158,0,0,0,False,2026-05-15 18:56:45,16158,2026-05-15 18:35:00,SKIP_ALREADY_OK
2941176,63,2026-05-15 19:00:00,0,0,0,0,0,False,2026-05-15 19:00:36,16158,2026-05-15 18:35:00,CORRECT_TO_16158
2941289,63,2026-05-15 19:05:00,0,0,0,0,0,False,2026-05-15 19:05:24,16158,2026-05-15 18:35:00,CORRECT_TO_16158
2941316,63,2026-05-15 19:10:00,0,0,0,0,0,False,2026-05-15 19:10:25,16158,2026-05-15 18:35:00,CORRECT_TO_16158
2941326,63,2026-05-15 19:15:00,0,0,0,0,0,False,2026-05-15 19:15:29,16158,2026-05-15 18:35:00,CORRECT_TO_16158
2941339,63,2026-05-15 19:20:00,0,0,0,0,0,False,2026-05-15 19:20:26,16158,2026-05-15 18:35:00,CORRECT_TO_16158
2941349,63,2026-05-15 19:25:00,0,0,0,0,0,False,2026-05-15 19:25:24,16158,2026-05-15 18:35:00,CORRECT_TO_16158
2941362,63,2026-05-15 19:30:00,0,0,0,0,0,False,2026-05-15 19:30:33,16158,2026-05-15 18:35:00,CORRECT_TO_16158
2941372,63,2026-05-15 19:35:00,0,0,0,0,0,False,2026-05-15 19:35:24,16158,2026-05-15 18:35:00,CORRECT_TO_16158
2941385,63,2026-05-15 19:40:00,0,0,0,0,0,False,2026-05-15 19:40:27,16158,2026-05-15 18:35:00,CORRECT_TO_16158
2941395,63,2026-05-15 19:45:00,0,0,0,0,0,False,2026-05-15 19:45:29,16158,2026-05-15 18:35:00,CORRECT_TO_16158
2941408,63,2026-05-15 19:50:00,0,0,0,0,0,False,2026-05-15 19:50:28,16158,2026-05-15 18:35:00,CORRECT_TO_16158
2941418,63,2026-05-15 19:55:00,0,0,0,0,0,False,2026-05-15 19:55:23,16158,2026-05-15 18:35:00,CORRECT_TO_16158
2941456,63,2026-05-15 20:00:00,0,0,0,0,0,False,2026-05-15 20:00:37,16158,2026-05-15 18:35:00,CORRECT_TO_16158
2941558,63,2026-05-15 20:05:00,0,0,0,0,0,False,2026-05-15 20:05:24,16158,2026-05-15 18:35:00,CORRECT_TO_16158
2941585,63,2026-05-15 20:10:00,0,0,0,0,0,False,2026-05-15 20:10:26,16158,2026-05-15 18:35:00,CORRECT_TO_16158
2941595,63,2026-05-15 20:15:00,0,0,0,0,0,False,2026-05-15 20:15:29,16158,2026-05-15 18:35:00,CORRECT_TO_16158
2941608,63,2026-05-15 20:20:00,0,0,0,0,0,False,2026-05-15 20:20:26,16158,2026-05-15 18:35:00,CORRECT_TO_16158
2941618,63,2026-05-15 20:25:00,0,0,0,0,0,False,2026-05-15 20:25:24,16158,2026-05-15 18:35:00,CORRECT_TO_16158
2941631,63,2026-05-15 20:30:00,0,0,0,0,0,False,2026-05-15 20:30:34,16158,2026-05-15 18:35:00,CORRECT_TO_16158
2941641,63,2026-05-15 20:35:00,0,0,0,0,0,False,2026-05-15 20:35:24,16158,2026-05-15 18:35:00,CORRECT_TO_16158
2941654,63,2026-05-15 20:40:00,0,0,0,0,0,False,2026-05-15 20:40:25,16158,2026-05-15 18:35:00,CORRECT_TO_16158
2941664,63,2026-05-15 20:45:00,0,0,0,0,0,False,2026-05-15 20:45:29,16158,2026-05-15 18:35:00,CORRECT_TO_16158
2941677,63,2026-05-15 20:50:00,0,0,0,0,0,False,2026-05-15 20:50:26,16158,2026-05-15 18:35:00,CORRECT_TO_16158
2941687,63,2026-05-15 20:55:00,0,0,0,0,0,False,2026-05-15 20:55:24,16158,2026-05-15 18:35:00,CORRECT_TO_16158
2941714,63,2026-05-15 21:00:00,0,0,0,0,0,False,2026-05-15 21:00:37,16158,2026-05-15 18:35:00,CORRECT_TO_16158
2941827,63,2026-05-15 21:05:00,0,0,0,0,0,False,2026-05-15 21:05:24,16158,2026-05-15 18:35:00,CORRECT_TO_16158
2941854,63,2026-05-15 21:10:00,0,0,0,0,0,False,2026-05-15 21:10:26,16158,2026-05-15 18:35:00,CORRECT_TO_16158
2941864,63,2026-05-15 21:15:00,0,0,0,0,0,False,2026-05-15 21:15:28,16158,2026-05-15 18:35:00,CORRECT_TO_16158
2941877,63,2026-05-15 21:20:00,0,0,0,0,0,False,2026-05-15 21:20:26,16158,2026-05-15 18:35:00,CORRECT_TO_16158
2941887,63,2026-05-15 21:25:00,0,0,0,0,0,False,2026-05-15 21:25:23,16158,2026-05-15 18:35:00,CORRECT_TO_16158
2941900,63,2026-05-15 21:30:00,0,0,0,0,0,False,2026-05-15 21:30:32,16158,2026-05-15 18:35:00,CORRECT_TO_16158
2941910,63,2026-05-15 21:35:00,0,0,0,0,0,False,2026-05-15 21:35:24,16158,2026-05-15 18:35:00,CORRECT_TO_16158
2941923,63,2026-05-15 21:40:00,0,0,0,0,0,False,2026-05-15 21:40:26,16158,2026-05-15 18:35:00,CORRECT_TO_16158
2941933,63,2026-05-15 21:45:00,0,0,0,0,0,False,2026-05-15 21:45:28,16158,2026-05-15 18:35:00,CORRECT_TO_16158
2941946,63,2026-05-15 21:50:00,0,0,0,0,0,False,2026-05-15 21:50:26,16158,2026-05-15 18:35:00,CORRECT_TO_16158
2941956,63,2026-05-15 21:55:00,0,0,0,0,0,False,2026-05-15 21:55:23,16158,2026-05-15 18:35:00,CORRECT_TO_16158
2941996,63,2026-05-15 22:00:00,0,0,0,0,0,False,2026-05-15 22:00:35,16158,2026-05-15 18:35:00,CORRECT_TO_16158
2942097,63,2026-05-15 22:05:00,0,0,0,0,0,False,2026-05-15 22:05:23,16158,2026-05-15 18:35:00,CORRECT_TO_16158
2942123,63,2026-05-15 22:10:00,0,0,0,0,0,False,2026-05-15 22:10:25,16158,2026-05-15 18:35:00,CORRECT_TO_16158
2942133,63,2026-05-15 22:15:00,0,0,0,0,0,False,2026-05-15 22:15:27,16158,2026-05-15 18:35:00,CORRECT_TO_16158
2942146,63,2026-05-15 22:20:00,0,0,0,0,0,False,2026-05-15 22:20:26,16158,2026-05-15 18:35:00,CORRECT_TO_16158
2942156,63,2026-05-15 22:25:00,0,0,0,0,0,False,2026-05-15 22:25:23,16158,2026-05-15 18:35:00,CORRECT_TO_16158
2942169,63,2026-05-15 22:30:00,0,0,0,0,0,False,2026-05-15 22:30:33,16158,2026-05-15 18:35:00,CORRECT_TO_16158
2942179,63,2026-05-15 22:35:00,0,0,0,0,0,False,2026-05-15 22:35:24,16158,2026-05-15 18:35:00,CORRECT_TO_16158
2942192,63,2026-05-15 22:40:00,0,0,0,0,0,False,2026-05-15 22:40:26,16158,2026-05-15 18:35:00,CORRECT_TO_16158
2942202,63,2026-05-15 22:45:00,0,0,0,0,0,False,2026-05-15 22:45:29,16158,2026-05-15 18:35:00,CORRECT_TO_16158
2942215,63,2026-05-15 22:50:00,0,0,0,0,0,False,2026-05-15 22:50:26,16158,2026-05-15 18:35:00,CORRECT_TO_16158
2942225,63,2026-05-15 22:55:00,0,0,0,0,0,False,2026-05-15 22:55:24,16158,2026-05-15 18:35:00,CORRECT_TO_16158
2942264,63,2026-05-15 23:00:00,0,0,0,0,0,False,2026-05-15 23:00:39,16158,2026-05-15 18:35:00,CORRECT_TO_16158
2942365,63,2026-05-15 23:05:00,0,0,0,0,0,False,2026-05-15 23:05:24,16158,2026-05-15 18:35:00,CORRECT_TO_16158
2942392,63,2026-05-15 23:10:00,0,0,0,0,0,False,2026-05-15 23:10:25,16158,2026-05-15 18:35:00,CORRECT_TO_16158
2942402,63,2026-05-15 23:15:00,0,0,0,0,0,False,2026-05-15 23:15:29,16158,2026-05-15 18:35:00,CORRECT_TO_16158
2942415,63,2026-05-15 23:20:00,0,0,0,0,0,False,2026-05-15 23:20:25,16158,2026-05-15 18:35:00,CORRECT_TO_16158
2942425,63,2026-05-15 23:25:00,0,0,0,0,0,False,2026-05-15 23:25:23,16158,2026-05-15 18:35:00,CORRECT_TO_16158
2942438,63,2026-05-15 23:30:00,0,0,0,0,0,False,2026-05-15 23:30:32,16158,2026-05-15 18:35:00,CORRECT_TO_16158
2942448,63,2026-05-15 23:35:00,0,0,0,0,0,False,2026-05-15 23:35:23,16158,2026-05-15 18:35:00,CORRECT_TO_16158
2942461,63,2026-05-15 23:40:00,0,0,0,0,0,False,2026-05-15 23:40:29,16158,2026-05-15 18:35:00,CORRECT_TO_16158
2942471,63,2026-05-15 23:45:00,0,0,0,0,0,False,2026-05-15 23:45:28,16158,2026-05-15 18:35:00,CORRECT_TO_16158
2942484,63,2026-05-15 23:50:00,0,0,0,0,0,False,2026-05-15 23:50:37,16158,2026-05-15 18:35:00,CORRECT_TO_16158
2942494,63,2026-05-15 23:55:00,0,0,0,0,0,False,2026-05-15 23:55:23,16158,2026-05-15 18:35:00,CORRECT_TO_16158
2942523,63,2026-05-16 00:00:00,0,0,0,0,0,False,2026-05-16 00:00:47,16158,2026-05-15 18:35:00,CORRECT_TO_16158
2942634,63,2026-05-16 00:05:00,0,0,0,0,0,False,2026-05-16 00:05:25,16158,2026-05-15 18:35:00,CORRECT_TO_16158
2942661,63,2026-05-16 00:10:00,0,0,0,0,0,False,2026-05-16 00:10:25,16158,2026-05-15 18:35:00,CORRECT_TO_16158
2942671,63,2026-05-16 00:15:00,0,0,0,0,0,False,2026-05-16 00:15:28,16158,2026-05-15 18:35:00,CORRECT_TO_16158
2942684,63,2026-05-16 00:20:00,0,0,0,0,0,False,2026-05-16 00:20:26,16158,2026-05-15 18:35:00,CORRECT_TO_16158
2942694,63,2026-05-16 00:25:00,0,0,0,0,0,False,2026-05-16 00:25:24,16158,2026-05-15 18:35:00,CORRECT_TO_16158
2942707,63,2026-05-16 00:30:00,0,0,0,0,0,False,2026-05-16 00:30:33,16158,2026-05-15 18:35:00,CORRECT_TO_16158
2942717,63,2026-05-16 00:35:00,0,0,0,0,0,False,2026-05-16 00:35:23,16158,2026-05-15 18:35:00,CORRECT_TO_16158
2942730,63,2026-05-16 00:40:00,0,0,0,0,0,False,2026-05-16 00:40:26,16158,2026-05-15 18:35:00,CORRECT_TO_16158
2942740,63,2026-05-16 00:45:00,0,0,0,0,0,False,2026-05-16 00:45:28,16158,2026-05-15 18:35:00,CORRECT_TO_16158
2942753,63,2026-05-16 00:50:00,0,0,0,0,0,False,2026-05-16 00:50:26,16158,2026-05-15 18:35:00,CORRECT_TO_16158
2942763,63,2026-05-16 00:55:00,0,0,0,0,0,False,2026-05-16 00:55:24,16158,2026-05-15 18:35:00,CORRECT_TO_16158
2942794,63,2026-05-16 01:00:00,0,0,0,0,0,False,2026-05-16 01:00:39,16158,2026-05-15 18:35:00,CORRECT_TO_16158
2942903,63,2026-05-16 01:05:00,0,0,0,0,0,False,2026-05-16 01:05:24,16158,2026-05-15 18:35:00,CORRECT_TO_16158
2942930,63,2026-05-16 01:10:00,0,0,0,0,0,False,2026-05-16 01:10:25,16158,2026-05-15 18:35:00,CORRECT_TO_16158
2942940,63,2026-05-16 01:15:00,0,0,0,0,0,False,2026-05-16 01:15:27,16158,2026-05-15 18:35:00,CORRECT_TO_16158
2942953,63,2026-05-16 01:20:00,0,0,0,0,0,False,2026-05-16 01:20:25,16158,2026-05-15 18:35:00,CORRECT_TO_16158
2942963,63,2026-05-16 01:25:00,0,0,0,0,0,False,2026-05-16 01:25:23,16158,2026-05-15 18:35:00,CORRECT_TO_16158
2942976,63,2026-05-16 01:30:00,0,0,0,0,0,False,2026-05-16 01:30:32,16158,2026-05-15 18:35:00,CORRECT_TO_16158
2942986,63,2026-05-16 01:35:00,0,0,0,0,0,False,2026-05-16 01:35:23,16158,2026-05-15 18:35:00,CORRECT_TO_16158
2942999,63,2026-05-16 01:40:00,0,0,0,0,0,False,2026-05-16 01:40:27,16158,2026-05-15 18:35:00,CORRECT_TO_16158
2943009,63,2026-05-16 01:45:00,0,0,0,0,0,False,2026-05-16 01:45:30,16158,2026-05-15 18:35:00,CORRECT_TO_16158
2943022,63,2026-05-16 01:50:00,0,0,0,0,0,False,2026-05-16 01:50:26,16158,2026-05-15 18:35:00,CORRECT_TO_16158
2943032,63,2026-05-16 01:55:00,0,0,0,0,0,False,2026-05-16 01:55:23,16158,2026-05-15 18:35:00,CORRECT_TO_16158
2943072,63,2026-05-16 02:00:00,0,0,0,0,0,False,2026-05-16 02:00:40,16158,2026-05-15 18:35:00,CORRECT_TO_16158
2943172,63,2026-05-16 02:05:00,0,0,0,0,0,False,2026-05-16 02:05:24,16158,2026-05-15 18:35:00,CORRECT_TO_16158
2943199,63,2026-05-16 02:10:00,0,0,0,0,0,False,2026-05-16 02:10:25,16158,2026-05-15 18:35:00,CORRECT_TO_16158
2943209,63,2026-05-16 02:15:00,0,0,0,0,0,False,2026-05-16 02:15:32,16158,2026-05-15 18:35:00,CORRECT_TO_16158
2943222,63,2026-05-16 02:20:00,0,0,0,0,0,False,2026-05-16 02:20:32,16158,2026-05-15 18:35:00,CORRECT_TO_16158
2943232,63,2026-05-16 02:25:00,0,0,0,0,0,False,2026-05-16 02:25:24,16158,2026-05-15 18:35:00,CORRECT_TO_16158
2943245,63,2026-05-16 02:30:00,0,0,0,0,0,False,2026-05-16 02:30:36,16158,2026-05-15 18:35:00,CORRECT_TO_16158
2943267,63,2026-05-16 02:40:00,0,16158,0,0,0,False,2026-05-16 02:40:26,16158,2026-05-15 18:35:00,SKIP_ALREADY_OK
2941154,64,2026-05-15 18:57:00,0,10398,0,121,0,False,2026-05-15 18:57:14,10398,2026-05-15 18:35:00,SKIP_ALREADY_OK
2941208,64,2026-05-15 19:00:00,0,0,0,0,0,False,2026-05-15 19:01:05,10398,2026-05-15 18:35:00,CORRECT_TO_10398
2941295,64,2026-05-15 19:05:00,0,0,0,0,0,False,2026-05-15 19:05:52,10398,2026-05-15 18:35:00,CORRECT_TO_10398
2941319,64,2026-05-15 19:10:00,0,0,0,0,0,False,2026-05-15 19:10:53,10398,2026-05-15 18:35:00,CORRECT_TO_10398
2941329,64,2026-05-15 19:15:00,0,0,0,0,0,False,2026-05-15 19:15:57,10398,2026-05-15 18:35:00,CORRECT_TO_10398
2941342,64,2026-05-15 19:20:00,0,0,0,0,0,False,2026-05-15 19:20:54,10398,2026-05-15 18:35:00,CORRECT_TO_10398
2941352,64,2026-05-15 19:25:00,0,0,0,0,0,False,2026-05-15 19:25:52,10398,2026-05-15 18:35:00,CORRECT_TO_10398
2941365,64,2026-05-15 19:30:00,0,0,0,0,0,False,2026-05-15 19:31:02,10398,2026-05-15 18:35:00,CORRECT_TO_10398
2941375,64,2026-05-15 19:35:00,0,0,0,0,0,False,2026-05-15 19:35:52,10398,2026-05-15 18:35:00,CORRECT_TO_10398
2941388,64,2026-05-15 19:40:00,0,0,0,0,0,False,2026-05-15 19:40:55,10398,2026-05-15 18:35:00,CORRECT_TO_10398
2941398,64,2026-05-15 19:45:00,0,0,0,0,0,False,2026-05-15 19:45:57,10398,2026-05-15 18:35:00,CORRECT_TO_10398
2941411,64,2026-05-15 19:50:00,0,0,0,0,0,False,2026-05-15 19:50:57,10398,2026-05-15 18:35:00,CORRECT_TO_10398
2941421,64,2026-05-15 19:55:00,0,0,0,0,0,False,2026-05-15 19:55:51,10398,2026-05-15 18:35:00,CORRECT_TO_10398
2941506,64,2026-05-15 20:00:00,0,0,0,0,0,False,2026-05-15 20:01:06,10398,2026-05-15 18:35:00,CORRECT_TO_10398
2941565,64,2026-05-15 20:05:00,0,0,0,0,0,False,2026-05-15 20:05:52,10398,2026-05-15 18:35:00,CORRECT_TO_10398
2941588,64,2026-05-15 20:10:00,0,0,0,0,0,False,2026-05-15 20:10:54,10398,2026-05-15 18:35:00,CORRECT_TO_10398
2941598,64,2026-05-15 20:15:00,0,0,0,0,0,False,2026-05-15 20:15:57,10398,2026-05-15 18:35:00,CORRECT_TO_10398
2941611,64,2026-05-15 20:20:00,0,0,0,0,0,False,2026-05-15 20:20:54,10398,2026-05-15 18:35:00,CORRECT_TO_10398
2941621,64,2026-05-15 20:25:00,0,0,0,0,0,False,2026-05-15 20:25:52,10398,2026-05-15 18:35:00,CORRECT_TO_10398
2941634,64,2026-05-15 20:30:00,0,0,0,0,0,False,2026-05-15 20:31:02,10398,2026-05-15 18:35:00,CORRECT_TO_10398
2941644,64,2026-05-15 20:35:00,0,0,0,0,0,False,2026-05-15 20:35:52,10398,2026-05-15 18:35:00,CORRECT_TO_10398
2941657,64,2026-05-15 20:40:00,0,0,0,0,0,False,2026-05-15 20:40:53,10398,2026-05-15 18:35:00,CORRECT_TO_10398
2941667,64,2026-05-15 20:45:00,0,0,0,0,0,False,2026-05-15 20:45:57,10398,2026-05-15 18:35:00,CORRECT_TO_10398
2941680,64,2026-05-15 20:50:00,0,0,0,0,0,False,2026-05-15 20:50:54,10398,2026-05-15 18:35:00,CORRECT_TO_10398
2941690,64,2026-05-15 20:55:00,0,0,0,0,0,False,2026-05-15 20:55:52,10398,2026-05-15 18:35:00,CORRECT_TO_10398
2941750,64,2026-05-15 21:00:00,0,0,0,0,0,False,2026-05-15 21:01:05,10398,2026-05-15 18:35:00,CORRECT_TO_10398
2941834,64,2026-05-15 21:05:00,0,0,0,0,0,False,2026-05-15 21:05:52,10398,2026-05-15 18:35:00,CORRECT_TO_10398
2941857,64,2026-05-15 21:10:00,0,0,0,0,0,False,2026-05-15 21:10:54,10398,2026-05-15 18:35:00,CORRECT_TO_10398
2941867,64,2026-05-15 21:15:00,0,0,0,0,0,False,2026-05-15 21:15:56,10398,2026-05-15 18:35:00,CORRECT_TO_10398
2941880,64,2026-05-15 21:20:00,0,0,0,0,0,False,2026-05-15 21:20:54,10398,2026-05-15 18:35:00,CORRECT_TO_10398
2941890,64,2026-05-15 21:25:00,0,0,0,0,0,False,2026-05-15 21:25:51,10398,2026-05-15 18:35:00,CORRECT_TO_10398
2941903,64,2026-05-15 21:30:00,0,0,0,0,0,False,2026-05-15 21:31:00,10398,2026-05-15 18:35:00,CORRECT_TO_10398
2941913,64,2026-05-15 21:35:00,0,0,0,0,0,False,2026-05-15 21:35:52,10398,2026-05-15 18:35:00,CORRECT_TO_10398
2941926,64,2026-05-15 21:40:00,0,0,0,0,0,False,2026-05-15 21:40:54,10398,2026-05-15 18:35:00,CORRECT_TO_10398
2941936,64,2026-05-15 21:45:00,0,0,0,0,0,False,2026-05-15 21:45:56,10398,2026-05-15 18:35:00,CORRECT_TO_10398
2941949,64,2026-05-15 21:50:00,0,0,0,0,0,False,2026-05-15 21:50:54,10398,2026-05-15 18:35:00,CORRECT_TO_10398
2941959,64,2026-05-15 21:55:00,0,0,0,0,0,False,2026-05-15 21:55:51,10398,2026-05-15 18:35:00,CORRECT_TO_10398
2942046,64,2026-05-15 22:00:00,0,0,0,0,0,False,2026-05-15 22:01:03,10398,2026-05-15 18:35:00,CORRECT_TO_10398
2942103,64,2026-05-15 22:05:00,0,0,0,0,0,False,2026-05-15 22:05:51,10398,2026-05-15 18:35:00,CORRECT_TO_10398
2942126,64,2026-05-15 22:10:00,0,0,0,0,0,False,2026-05-15 22:10:54,10398,2026-05-15 18:35:00,CORRECT_TO_10398
2942136,64,2026-05-15 22:15:00,0,0,0,0,0,False,2026-05-15 22:15:55,10398,2026-05-15 18:35:00,CORRECT_TO_10398
2942149,64,2026-05-15 22:20:00,0,0,0,0,0,False,2026-05-15 22:20:54,10398,2026-05-15 18:35:00,CORRECT_TO_10398
2942159,64,2026-05-15 22:25:00,0,0,0,0,0,False,2026-05-15 22:25:51,10398,2026-05-15 18:35:00,CORRECT_TO_10398
2942172,64,2026-05-15 22:30:00,0,0,0,0,0,False,2026-05-15 22:31:01,10398,2026-05-15 18:35:00,CORRECT_TO_10398
2942182,64,2026-05-15 22:35:00,0,0,0,0,0,False,2026-05-15 22:35:52,10398,2026-05-15 18:35:00,CORRECT_TO_10398
2942195,64,2026-05-15 22:40:00,0,0,0,0,0,False,2026-05-15 22:40:54,10398,2026-05-15 18:35:00,CORRECT_TO_10398
2942205,64,2026-05-15 22:45:00,0,0,0,0,0,False,2026-05-15 22:45:57,10398,2026-05-15 18:35:00,CORRECT_TO_10398
2942218,64,2026-05-15 22:50:00,0,0,0,0,0,False,2026-05-15 22:50:54,10398,2026-05-15 18:35:00,CORRECT_TO_10398
2942228,64,2026-05-15 22:55:00,0,0,0,0,0,False,2026-05-15 22:55:52,10398,2026-05-15 18:35:00,CORRECT_TO_10398
2942313,64,2026-05-15 23:00:00,0,0,0,0,0,False,2026-05-15 23:01:07,10398,2026-05-15 18:35:00,CORRECT_TO_10398
2942372,64,2026-05-15 23:05:00,0,0,0,0,0,False,2026-05-15 23:05:52,10398,2026-05-15 18:35:00,CORRECT_TO_10398
2942395,64,2026-05-15 23:10:00,0,0,0,0,0,False,2026-05-15 23:10:53,10398,2026-05-15 18:35:00,CORRECT_TO_10398
2942405,64,2026-05-15 23:15:00,0,0,0,0,0,False,2026-05-15 23:15:57,10398,2026-05-15 18:35:00,CORRECT_TO_10398
2942418,64,2026-05-15 23:20:00,0,0,0,0,0,False,2026-05-15 23:20:53,10398,2026-05-15 18:35:00,CORRECT_TO_10398
2942428,64,2026-05-15 23:25:00,0,0,0,0,0,False,2026-05-15 23:25:51,10398,2026-05-15 18:35:00,CORRECT_TO_10398
2942441,64,2026-05-15 23:30:00,0,0,0,0,0,False,2026-05-15 23:31:00,10398,2026-05-15 18:35:00,CORRECT_TO_10398
2942451,64,2026-05-15 23:35:00,0,0,0,0,0,False,2026-05-15 23:35:51,10398,2026-05-15 18:35:00,CORRECT_TO_10398
2942464,64,2026-05-15 23:40:00,0,0,0,0,0,False,2026-05-15 23:40:58,10398,2026-05-15 18:35:00,CORRECT_TO_10398
2942474,64,2026-05-15 23:45:00,0,0,0,0,0,False,2026-05-15 23:45:56,10398,2026-05-15 18:35:00,CORRECT_TO_10398
2942487,64,2026-05-15 23:50:00,0,0,0,0,0,False,2026-05-15 23:51:07,10398,2026-05-15 18:35:00,CORRECT_TO_10398
2942497,64,2026-05-15 23:55:00,0,0,0,0,0,False,2026-05-15 23:55:51,10398,2026-05-15 18:35:00,CORRECT_TO_10398
2942569,64,2026-05-16 00:01:00,0,0,0,0,0,False,2026-05-16 00:01:15,10398,2026-05-15 18:35:00,CORRECT_TO_10398
2942640,64,2026-05-16 00:05:00,0,0,0,0,0,False,2026-05-16 00:05:53,10398,2026-05-15 18:35:00,CORRECT_TO_10398
2942664,64,2026-05-16 00:10:00,0,0,0,0,0,False,2026-05-16 00:10:54,10398,2026-05-15 18:35:00,CORRECT_TO_10398
2942674,64,2026-05-16 00:15:00,0,0,0,0,0,False,2026-05-16 00:15:56,10398,2026-05-15 18:35:00,CORRECT_TO_10398
2942687,64,2026-05-16 00:20:00,0,0,0,0,0,False,2026-05-16 00:20:54,10398,2026-05-15 18:35:00,CORRECT_TO_10398
2942697,64,2026-05-16 00:25:00,0,0,0,0,0,False,2026-05-16 00:25:52,10398,2026-05-15 18:35:00,CORRECT_TO_10398
2942710,64,2026-05-16 00:30:00,0,0,0,0,0,False,2026-05-16 00:31:01,10398,2026-05-15 18:35:00,CORRECT_TO_10398
2942720,64,2026-05-16 00:35:00,0,0,0,0,0,False,2026-05-16 00:35:51,10398,2026-05-15 18:35:00,CORRECT_TO_10398
2942733,64,2026-05-16 00:40:00,0,0,0,0,0,False,2026-05-16 00:40:54,10398,2026-05-15 18:35:00,CORRECT_TO_10398
2942743,64,2026-05-16 00:45:00,0,0,0,0,0,False,2026-05-16 00:45:56,10398,2026-05-15 18:35:00,CORRECT_TO_10398
2942756,64,2026-05-16 00:50:00,0,0,0,0,0,False,2026-05-16 00:50:54,10398,2026-05-15 18:35:00,CORRECT_TO_10398
2942766,64,2026-05-16 00:55:00,0,0,0,0,0,False,2026-05-16 00:55:52,10398,2026-05-15 18:35:00,CORRECT_TO_10398
2942822,64,2026-05-16 01:00:00,0,0,0,0,0,False,2026-05-16 01:01:07,10398,2026-05-15 18:35:00,CORRECT_TO_10398
2942909,64,2026-05-16 01:05:00,0,0,0,0,0,False,2026-05-16 01:05:52,10398,2026-05-15 18:35:00,CORRECT_TO_10398
2942933,64,2026-05-16 01:10:00,0,0,0,0,0,False,2026-05-16 01:10:53,10398,2026-05-15 18:35:00,CORRECT_TO_10398
2942943,64,2026-05-16 01:15:00,0,0,0,0,0,False,2026-05-16 01:15:55,10398,2026-05-15 18:35:00,CORRECT_TO_10398
2942956,64,2026-05-16 01:20:00,0,0,0,0,0,False,2026-05-16 01:20:53,10398,2026-05-15 18:35:00,CORRECT_TO_10398
2942966,64,2026-05-16 01:25:00,0,0,0,0,0,False,2026-05-16 01:25:51,10398,2026-05-15 18:35:00,CORRECT_TO_10398
2942979,64,2026-05-16 01:30:00,0,0,0,0,0,False,2026-05-16 01:31:01,10398,2026-05-15 18:35:00,CORRECT_TO_10398
2942989,64,2026-05-16 01:35:00,0,0,0,0,0,False,2026-05-16 01:35:51,10398,2026-05-15 18:35:00,CORRECT_TO_10398
2943002,64,2026-05-16 01:40:00,0,0,0,0,0,False,2026-05-16 01:40:55,10398,2026-05-15 18:35:00,CORRECT_TO_10398
2943012,64,2026-05-16 01:45:00,0,0,0,0,0,False,2026-05-16 01:45:58,10398,2026-05-15 18:35:00,CORRECT_TO_10398
2943025,64,2026-05-16 01:50:00,0,0,0,0,0,False,2026-05-16 01:50:54,10398,2026-05-15 18:35:00,CORRECT_TO_10398
2943035,64,2026-05-16 01:55:00,0,0,0,0,0,False,2026-05-16 01:55:51,10398,2026-05-15 18:35:00,CORRECT_TO_10398
2943126,64,2026-05-16 02:00:00,0,0,0,0,0,False,2026-05-16 02:01:08,10398,2026-05-15 18:35:00,CORRECT_TO_10398
2943178,64,2026-05-16 02:05:00,0,0,0,0,0,False,2026-05-16 02:05:52,10398,2026-05-15 18:35:00,CORRECT_TO_10398
2943202,64,2026-05-16 02:10:00,0,0,0,0,0,False,2026-05-16 02:10:53,10398,2026-05-15 18:35:00,CORRECT_TO_10398
2943212,64,2026-05-16 02:15:00,0,0,0,0,0,False,2026-05-16 02:16:00,10398,2026-05-15 18:35:00,CORRECT_TO_10398
2943225,64,2026-05-16 02:20:00,0,0,0,0,0,False,2026-05-16 02:21:00,10398,2026-05-15 18:35:00,CORRECT_TO_10398
2943235,64,2026-05-16 02:25:00,0,0,0,0,0,False,2026-05-16 02:25:52,10398,2026-05-15 18:35:00,CORRECT_TO_10398
2943248,64,2026-05-16 02:30:00,0,0,0,0,0,False,2026-05-16 02:31:04,10398,2026-05-15 18:35:00,CORRECT_TO_10398
2943270,64,2026-05-16 02:40:00,0,10456,0,0,0,False,2026-05-16 02:40:54,10398,2026-05-15 18:35:00,CORRECT_TO_10398
2905504,65,2026-05-10 06:00:00,0,118363,0,13,0,False,2026-05-10 06:02:10,118363,2026-05-10 05:00:00,SKIP_ALREADY_OK
2905799,65,2026-05-10 07:00:00,0,0,0,0,0,False,2026-05-10 07:06:32,118363,2026-05-10 05:00:00,CORRECT_TO_118363
2935124,65,2026-05-14 20:00:00,0,120988,0,280,0,False,2026-05-14 20:08:39,120988,2026-05-14 19:00:00,SKIP_ALREADY_OK
2947445,65,2026-05-16 18:00:00,0,121935,0,274,0,False,2026-05-16 18:05:50,121935,2026-05-16 17:00:00,SKIP_ALREADY_OK
2935125,66,2026-05-14 20:00:00,0,12904,0,1,0,False,2026-05-14 20:08:51,12904,2026-05-14 19:00:00,SKIP_ALREADY_OK
2900245,67,2026-05-09 11:00:00,0,178934,0,4,0,False,2026-05-09 11:02:58,178934,2026-05-09 10:00:00,SKIP_ALREADY_OK
2935118,67,2026-05-14 20:00:00,0,179021,0,14,0,False,2026-05-14 20:07:42,179021,2026-05-14 19:00:00,SKIP_ALREADY_OK
2948233,67,2026-05-16 21:00:00,0,179042,0,5,0,False,2026-05-16 21:02:13,179042,2026-05-16 20:00:00,SKIP_ALREADY_OK
2935117,72,2026-05-14 20:00:00,0,74,0,0,0,False,2026-05-14 20:07:31,74,2026-05-14 19:00:00,SKIP_ALREADY_OK
2935121,73,2026-05-14 20:00:00,0,107277,0,0,0,False,2026-05-14 20:08:05,107277,2026-05-14 19:00:00,SKIP_ALREADY_OK
2935106,74,2026-05-14 20:00:00,0,113396,0,0,0,False,2026-05-14 20:06:01,113396,2026-05-14 19:00:00,SKIP_ALREADY_OK
2858643,75,2026-05-01 22:00:00,0,71776,0,1,0,False,2026-05-01 22:02:46,71776,2026-05-01 21:00:00,SKIP_ALREADY_OK
2904687,75,2026-05-10 03:00:00,0,72126,0,0,0,False,2026-05-10 03:04:55,72126,2026-05-10 02:00:00,SKIP_ALREADY_OK
2935128,75,2026-05-14 20:00:00,0,72129,0,0,0,False,2026-05-14 20:09:13,72129,2026-05-14 19:00:00,SKIP_ALREADY_OK
2947716,75,2026-05-16 19:00:00,0,72130,0,0,0,False,2026-05-16 19:05:57,72130,2026-05-16 18:00:00,SKIP_ALREADY_OK
2941248,87,2026-05-15 19:00:00,0,198283,0,696,0,False,2026-05-15 19:01:29,198283,2026-05-15 18:00:00,SKIP_ALREADY_OK
2941521,87,2026-05-15 20:00:00,0,196521,0,0,0,False,2026-05-15 20:01:29,198283,2026-05-15 18:00:00,CORRECT_TO_198283
2941775,87,2026-05-15 21:00:00,0,196521,0,0,0,False,2026-05-15 21:01:29,198283,2026-05-15 18:00:00,CORRECT_TO_198283
2942060,87,2026-05-15 22:00:00,0,196521,0,0,0,False,2026-05-15 22:01:26,198283,2026-05-15 18:00:00,CORRECT_TO_198283
2942326,87,2026-05-15 23:00:00,0,196521,0,0,0,False,2026-05-15 23:01:30,198283,2026-05-15 18:00:00,CORRECT_TO_198283
2942582,87,2026-05-16 00:00:00,0,196521,0,0,0,False,2026-05-16 00:01:38,198283,2026-05-15 18:00:00,CORRECT_TO_198283
2942837,87,2026-05-16 01:00:00,0,196521,0,0,0,False,2026-05-16 01:01:31,198283,2026-05-15 18:00:00,CORRECT_TO_198283
2943137,87,2026-05-16 02:00:00,0,196521,0,0,0,False,2026-05-16 02:01:32,198283,2026-05-15 18:00:00,CORRECT_TO_198283
2948672,87,2026-05-16 23:00:00,0,0,0,0,0,False,2026-05-16 23:01:29,196521,2026-05-16 03:00:00,CORRECT_TO_196521
2941257,88,2026-05-15 19:00:00,0,43863,0,272,0,False,2026-05-15 19:01:47,43863,2026-05-15 18:00:00,SKIP_ALREADY_OK
2941529,88,2026-05-15 20:00:00,0,0,0,0,0,False,2026-05-15 20:01:47,43863,2026-05-15 18:00:00,CORRECT_TO_43863
2941785,88,2026-05-15 21:00:00,0,0,0,0,0,False,2026-05-15 21:01:47,43863,2026-05-15 18:00:00,CORRECT_TO_43863
2942067,88,2026-05-15 22:00:00,0,0,0,0,0,False,2026-05-15 22:01:44,43863,2026-05-15 18:00:00,CORRECT_TO_43863
2942335,88,2026-05-15 23:00:00,0,0,0,0,0,False,2026-05-15 23:01:48,43863,2026-05-15 18:00:00,CORRECT_TO_43863
2942594,88,2026-05-16 00:00:00,0,0,0,0,0,False,2026-05-16 00:01:56,43863,2026-05-15 18:00:00,CORRECT_TO_43863
2942844,88,2026-05-16 01:00:00,0,0,0,0,0,False,2026-05-16 01:01:49,43863,2026-05-15 18:00:00,CORRECT_TO_43863
2943143,88,2026-05-16 02:00:00,0,0,0,0,0,False,2026-05-16 02:01:50,43863,2026-05-15 18:00:00,CORRECT_TO_43863
2854624,102,2026-05-01 04:00:00,0,0,0,0,0,False,2026-05-01 04:00:31,6524497,2025-12-01 08:00:00,CORRECT_TO_6524497
2854840,102,2026-05-01 05:00:00,0,0,0,0,0,False,2026-05-01 05:00:32,6524497,2025-12-01 08:00:00,CORRECT_TO_6524497
2855056,102,2026-05-01 06:00:00,0,0,0,0,0,False,2026-05-01 06:00:31,6524497,2025-12-01 08:00:00,CORRECT_TO_6524497
2855272,102,2026-05-01 07:00:00,0,0,0,0,0,False,2026-05-01 07:00:30,6524497,2025-12-01 08:00:00,CORRECT_TO_6524497
2855492,102,2026-05-01 08:00:00,0,0,0,0,0,False,2026-05-01 08:00:31,6524497,2025-12-01 08:00:00,CORRECT_TO_6524497
2855707,102,2026-05-01 09:00:00,0,0,0,0,0,False,2026-05-01 09:00:31,6524497,2025-12-01 08:00:00,CORRECT_TO_6524497
2855926,102,2026-05-01 10:00:00,0,0,0,0,0,False,2026-05-01 10:00:31,6524497,2025-12-01 08:00:00,CORRECT_TO_6524497
2856146,102,2026-05-01 11:00:00,0,0,0,0,0,False,2026-05-01 11:00:32,6524497,2025-12-01 08:00:00,CORRECT_TO_6524497
2856360,102,2026-05-01 12:00:00,0,0,0,0,0,False,2026-05-01 12:00:35,6524497,2025-12-01 08:00:00,CORRECT_TO_6524497
2856577,102,2026-05-01 13:00:00,0,0,0,0,0,False,2026-05-01 13:00:35,6524497,2025-12-01 08:00:00,CORRECT_TO_6524497
2856795,102,2026-05-01 14:00:00,0,0,0,0,0,False,2026-05-01 14:00:31,6524497,2025-12-01 08:00:00,CORRECT_TO_6524497
2857013,102,2026-05-01 15:00:00,0,0,0,0,0,False,2026-05-01 15:00:32,6524497,2025-12-01 08:00:00,CORRECT_TO_6524497
2857231,102,2026-05-01 16:00:00,0,0,0,0,0,False,2026-05-01 16:00:32,6524497,2025-12-01 08:00:00,CORRECT_TO_6524497
2857446,102,2026-05-01 17:00:00,0,0,0,0,0,False,2026-05-01 17:00:32,6524497,2025-12-01 08:00:00,CORRECT_TO_6524497
2857661,102,2026-05-01 18:00:00,0,0,0,0,0,False,2026-05-01 18:00:32,6524497,2025-12-01 08:00:00,CORRECT_TO_6524497
2857878,102,2026-05-01 19:00:00,0,0,0,0,0,False,2026-05-01 19:00:31,6524497,2025-12-01 08:00:00,CORRECT_TO_6524497
2858089,102,2026-05-01 20:00:00,0,0,0,0,0,False,2026-05-01 20:00:31,6524497,2025-12-01 08:00:00,CORRECT_TO_6524497
2858315,102,2026-05-01 21:00:00,0,0,0,0,0,False,2026-05-01 21:00:31,6524497,2025-12-01 08:00:00,CORRECT_TO_6524497
2858524,102,2026-05-01 22:00:00,0,0,0,0,0,False,2026-05-01 22:00:32,6524497,2025-12-01 08:00:00,CORRECT_TO_6524497
2858750,102,2026-05-01 23:00:00,0,0,0,0,0,False,2026-05-01 23:00:32,6524497,2025-12-01 08:00:00,CORRECT_TO_6524497
2858964,102,2026-05-02 00:00:00,0,0,0,0,0,False,2026-05-02 00:00:37,6524497,2025-12-01 08:00:00,CORRECT_TO_6524497
2859182,102,2026-05-02 01:00:00,0,0,0,0,0,False,2026-05-02 01:00:34,6524497,2025-12-01 08:00:00,CORRECT_TO_6524497
2859398,102,2026-05-02 02:00:00,0,0,0,0,0,False,2026-05-02 02:00:32,6524497,2025-12-01 08:00:00,CORRECT_TO_6524497
2859613,102,2026-05-02 03:00:00,0,0,0,0,0,False,2026-05-02 03:00:32,6524497,2025-12-01 08:00:00,CORRECT_TO_6524497
2859834,102,2026-05-02 04:00:00,0,0,0,0,0,False,2026-05-02 04:00:32,6524497,2025-12-01 08:00:00,CORRECT_TO_6524497
2860046,102,2026-05-02 05:00:00,0,0,0,0,0,False,2026-05-02 05:00:31,6524497,2025-12-01 08:00:00,CORRECT_TO_6524497
2860265,102,2026-05-02 06:00:00,0,0,0,0,0,False,2026-05-02 06:00:32,6524497,2025-12-01 08:00:00,CORRECT_TO_6524497
2860487,102,2026-05-02 07:00:00,0,0,0,0,0,False,2026-05-02 07:00:32,6524497,2025-12-01 08:00:00,CORRECT_TO_6524497
2860702,102,2026-05-02 08:00:00,0,0,0,0,0,False,2026-05-02 08:00:31,6524497,2025-12-01 08:00:00,CORRECT_TO_6524497
2860917,102,2026-05-02 09:00:00,0,0,0,0,0,False,2026-05-02 09:00:31,6524497,2025-12-01 08:00:00,CORRECT_TO_6524497
2861136,102,2026-05-02 10:00:00,0,0,0,0,0,False,2026-05-02 10:00:32,6524497,2025-12-01 08:00:00,CORRECT_TO_6524497
2861353,102,2026-05-02 11:00:00,0,0,0,0,0,False,2026-05-02 11:00:32,6524497,2025-12-01 08:00:00,CORRECT_TO_6524497
2861569,102,2026-05-02 12:00:00,0,0,0,0,0,False,2026-05-02 12:00:34,6524497,2025-12-01 08:00:00,CORRECT_TO_6524497
2861784,102,2026-05-02 13:00:00,0,0,0,0,0,False,2026-05-02 13:00:33,6524497,2025-12-01 08:00:00,CORRECT_TO_6524497
2862004,102,2026-05-02 14:00:00,0,0,0,0,0,False,2026-05-02 14:00:31,6524497,2025-12-01 08:00:00,CORRECT_TO_6524497
2862224,102,2026-05-02 15:00:00,0,0,0,0,0,False,2026-05-02 15:00:33,6524497,2025-12-01 08:00:00,CORRECT_TO_6524497
2862435,102,2026-05-02 16:00:00,0,0,0,0,0,False,2026-05-02 16:00:33,6524497,2025-12-01 08:00:00,CORRECT_TO_6524497
2862654,102,2026-05-02 17:00:00,0,0,0,0,0,False,2026-05-02 17:00:33,6524497,2025-12-01 08:00:00,CORRECT_TO_6524497
2862871,102,2026-05-02 18:00:00,0,0,0,0,0,False,2026-05-02 18:00:32,6524497,2025-12-01 08:00:00,CORRECT_TO_6524497
2863087,102,2026-05-02 19:00:00,0,0,0,0,0,False,2026-05-02 19:00:33,6524497,2025-12-01 08:00:00,CORRECT_TO_6524497
2863304,102,2026-05-02 20:00:00,0,0,0,0,0,False,2026-05-02 20:00:32,6524497,2025-12-01 08:00:00,CORRECT_TO_6524497
2863523,102,2026-05-02 21:00:00,0,0,0,0,0,False,2026-05-02 21:00:32,6524497,2025-12-01 08:00:00,CORRECT_TO_6524497
2863738,102,2026-05-02 22:00:00,0,0,0,0,0,False,2026-05-02 22:00:31,6524497,2025-12-01 08:00:00,CORRECT_TO_6524497
2863948,102,2026-05-02 23:00:00,0,0,0,0,0,False,2026-05-02 23:00:31,6524497,2025-12-01 08:00:00,CORRECT_TO_6524497
2864170,102,2026-05-03 00:00:00,0,0,0,0,0,False,2026-05-03 00:00:38,6524497,2025-12-01 08:00:00,CORRECT_TO_6524497
2864387,102,2026-05-03 01:00:00,0,0,0,0,0,False,2026-05-03 01:00:34,6524497,2025-12-01 08:00:00,CORRECT_TO_6524497
2864606,102,2026-05-03 02:00:00,0,0,0,0,0,False,2026-05-03 02:00:32,6524497,2025-12-01 08:00:00,CORRECT_TO_6524497
2864820,102,2026-05-03 03:00:00,0,0,0,0,0,False,2026-05-03 03:00:32,6524497,2025-12-01 08:00:00,CORRECT_TO_6524497
2865040,102,2026-05-03 04:00:00,0,0,0,0,0,False,2026-05-03 04:00:32,6524497,2025-12-01 08:00:00,CORRECT_TO_6524497
2865257,102,2026-05-03 05:00:00,0,0,0,0,0,False,2026-05-03 05:00:31,6524497,2025-12-01 08:00:00,CORRECT_TO_6524497
2865474,102,2026-05-03 06:00:00,0,0,0,0,0,False,2026-05-03 06:00:32,6524497,2025-12-01 08:00:00,CORRECT_TO_6524497
2865690,102,2026-05-03 07:00:00,0,0,0,0,0,False,2026-05-03 07:00:30,6524497,2025-12-01 08:00:00,CORRECT_TO_6524497
2865908,102,2026-05-03 08:00:00,0,0,0,0,0,False,2026-05-03 08:00:32,6524497,2025-12-01 08:00:00,CORRECT_TO_6524497
2866126,102,2026-05-03 09:00:00,0,0,0,0,0,False,2026-05-03 09:00:33,6524497,2025-12-01 08:00:00,CORRECT_TO_6524497
2866342,102,2026-05-03 10:00:00,0,0,0,0,0,False,2026-05-03 10:00:31,6524497,2025-12-01 08:00:00,CORRECT_TO_6524497
2866558,102,2026-05-03 11:00:00,0,0,0,0,0,False,2026-05-03 11:00:32,6524497,2025-12-01 08:00:00,CORRECT_TO_6524497
2866775,102,2026-05-03 12:00:00,0,0,0,0,0,False,2026-05-03 12:00:34,6524497,2025-12-01 08:00:00,CORRECT_TO_6524497
2866996,102,2026-05-03 13:00:00,0,0,0,0,0,False,2026-05-03 13:00:33,6524497,2025-12-01 08:00:00,CORRECT_TO_6524497
2867212,102,2026-05-03 14:00:00,0,0,0,0,0,False,2026-05-03 14:00:32,6524497,2025-12-01 08:00:00,CORRECT_TO_6524497
2867429,102,2026-05-03 15:00:00,0,0,0,0,0,False,2026-05-03 15:00:33,6524497,2025-12-01 08:00:00,CORRECT_TO_6524497
2867648,102,2026-05-03 16:00:00,0,0,0,0,0,False,2026-05-03 16:00:32,6524497,2025-12-01 08:00:00,CORRECT_TO_6524497
2867861,102,2026-05-03 17:00:00,0,0,0,0,0,False,2026-05-03 17:00:33,6524497,2025-12-01 08:00:00,CORRECT_TO_6524497
2868073,102,2026-05-03 18:00:00,0,0,0,0,0,False,2026-05-03 18:00:33,6524497,2025-12-01 08:00:00,CORRECT_TO_6524497
2868294,102,2026-05-03 19:00:00,0,0,0,0,0,False,2026-05-03 19:00:33,6524497,2025-12-01 08:00:00,CORRECT_TO_6524497
2868510,102,2026-05-03 20:00:00,0,0,0,0,0,False,2026-05-03 20:00:32,6524497,2025-12-01 08:00:00,CORRECT_TO_6524497
2868730,102,2026-05-03 21:00:00,0,0,0,0,0,False,2026-05-03 21:00:31,6524497,2025-12-01 08:00:00,CORRECT_TO_6524497
2868945,102,2026-05-03 22:00:00,0,0,0,0,0,False,2026-05-03 22:00:31,6524497,2025-12-01 08:00:00,CORRECT_TO_6524497
2869163,102,2026-05-03 23:00:00,0,0,0,0,0,False,2026-05-03 23:00:31,6524497,2025-12-01 08:00:00,CORRECT_TO_6524497
2869378,102,2026-05-04 00:00:00,0,0,0,0,0,False,2026-05-04 00:00:38,6524497,2025-12-01 08:00:00,CORRECT_TO_6524497
2869595,102,2026-05-04 01:00:00,0,0,0,0,0,False,2026-05-04 01:00:34,6524497,2025-12-01 08:00:00,CORRECT_TO_6524497
2869812,102,2026-05-04 02:00:00,0,0,0,0,0,False,2026-05-04 02:00:32,6524497,2025-12-01 08:00:00,CORRECT_TO_6524497
2870028,102,2026-05-04 03:00:00,0,0,0,0,0,False,2026-05-04 03:00:32,6524497,2025-12-01 08:00:00,CORRECT_TO_6524497
2870249,102,2026-05-04 04:00:00,0,0,0,0,0,False,2026-05-04 04:00:32,6524497,2025-12-01 08:00:00,CORRECT_TO_6524497
2870465,102,2026-05-04 05:00:00,0,0,0,0,0,False,2026-05-04 05:00:32,6524497,2025-12-01 08:00:00,CORRECT_TO_6524497
2870682,102,2026-05-04 06:00:00,0,0,0,0,0,False,2026-05-04 06:00:32,6524497,2025-12-01 08:00:00,CORRECT_TO_6524497
2870898,102,2026-05-04 07:00:00,0,0,0,0,0,False,2026-05-04 07:00:32,6524497,2025-12-01 08:00:00,CORRECT_TO_6524497
2871116,102,2026-05-04 08:00:00,0,0,0,0,0,False,2026-05-04 08:00:31,6524497,2025-12-01 08:00:00,CORRECT_TO_6524497
2871333,102,2026-05-04 09:00:00,0,0,0,0,0,False,2026-05-04 09:00:30,6524497,2025-12-01 08:00:00,CORRECT_TO_6524497
2871552,102,2026-05-04 10:00:00,0,0,0,0,0,False,2026-05-04 10:00:32,6524497,2025-12-01 08:00:00,CORRECT_TO_6524497
2871768,102,2026-05-04 11:00:00,0,0,0,0,0,False,2026-05-04 11:00:31,6524497,2025-12-01 08:00:00,CORRECT_TO_6524497
2871988,102,2026-05-04 12:00:00,0,0,0,0,0,False,2026-05-04 12:00:32,6524497,2025-12-01 08:00:00,CORRECT_TO_6524497
2872203,102,2026-05-04 13:00:00,0,0,0,0,0,False,2026-05-04 13:00:34,6524497,2025-12-01 08:00:00,CORRECT_TO_6524497
2872417,102,2026-05-04 14:00:00,0,0,0,0,0,False,2026-05-04 14:00:31,6524497,2025-12-01 08:00:00,CORRECT_TO_6524497
2872634,102,2026-05-04 15:00:00,0,0,0,0,0,False,2026-05-04 15:00:30,6524497,2025-12-01 08:00:00,CORRECT_TO_6524497
2872851,102,2026-05-04 16:00:00,0,0,0,0,0,False,2026-05-04 16:00:31,6524497,2025-12-01 08:00:00,CORRECT_TO_6524497
2873068,102,2026-05-04 17:00:00,0,0,0,0,0,False,2026-05-04 17:00:31,6524497,2025-12-01 08:00:00,CORRECT_TO_6524497
2873285,102,2026-05-04 18:00:00,0,0,0,0,0,False,2026-05-04 18:00:32,6524497,2025-12-01 08:00:00,CORRECT_TO_6524497
2873502,102,2026-05-04 19:00:00,0,0,0,0,0,False,2026-05-04 19:00:31,6524497,2025-12-01 08:00:00,CORRECT_TO_6524497
2873719,102,2026-05-04 20:00:00,0,0,0,0,0,False,2026-05-04 20:00:31,6524497,2025-12-01 08:00:00,CORRECT_TO_6524497
2873936,102,2026-05-04 21:00:00,0,0,0,0,0,False,2026-05-04 21:00:30,6524497,2025-12-01 08:00:00,CORRECT_TO_6524497
2874152,102,2026-05-04 22:00:00,0,0,0,0,0,False,2026-05-04 22:00:30,6524497,2025-12-01 08:00:00,CORRECT_TO_6524497
2874369,102,2026-05-04 23:00:00,0,0,0,0,0,False,2026-05-04 23:00:30,6524497,2025-12-01 08:00:00,CORRECT_TO_6524497
2874588,102,2026-05-05 00:00:00,0,0,0,0,0,False,2026-05-05 00:00:34,6524497,2025-12-01 08:00:00,CORRECT_TO_6524497
2874804,102,2026-05-05 01:00:00,0,0,0,0,0,False,2026-05-05 01:00:33,6524497,2025-12-01 08:00:00,CORRECT_TO_6524497
2875022,102,2026-05-05 02:00:00,0,0,0,0,0,False,2026-05-05 02:00:31,6524497,2025-12-01 08:00:00,CORRECT_TO_6524497
2875238,102,2026-05-05 03:00:00,0,0,0,0,0,False,2026-05-05 03:00:31,6524497,2025-12-01 08:00:00,CORRECT_TO_6524497
2875454,102,2026-05-05 04:00:00,0,0,0,0,0,False,2026-05-05 04:00:29,6524497,2025-12-01 08:00:00,CORRECT_TO_6524497
2875672,102,2026-05-05 05:00:00,0,0,0,0,0,False,2026-05-05 05:00:31,6524497,2025-12-01 08:00:00,CORRECT_TO_6524497
2875889,102,2026-05-05 06:00:00,0,0,0,0,0,False,2026-05-05 06:00:30,6524497,2025-12-01 08:00:00,CORRECT_TO_6524497
2876105,102,2026-05-05 07:00:00,0,0,0,0,0,False,2026-05-05 07:00:30,6524497,2025-12-01 08:00:00,CORRECT_TO_6524497
2876325,102,2026-05-05 08:00:00,0,0,0,0,0,False,2026-05-05 08:00:30,6524497,2025-12-01 08:00:00,CORRECT_TO_6524497
2876543,102,2026-05-05 09:00:00,0,0,0,0,0,False,2026-05-05 09:00:30,6524497,2025-12-01 08:00:00,CORRECT_TO_6524497
2876760,102,2026-05-05 10:00:00,0,0,0,0,0,False,2026-05-05 10:00:31,6524497,2025-12-01 08:00:00,CORRECT_TO_6524497
2876975,102,2026-05-05 11:00:00,0,0,0,0,0,False,2026-05-05 11:00:30,6524497,2025-12-01 08:00:00,CORRECT_TO_6524497
2877191,102,2026-05-05 12:00:00,0,0,0,0,0,False,2026-05-05 12:00:33,6524497,2025-12-01 08:00:00,CORRECT_TO_6524497
2877408,102,2026-05-05 13:00:00,0,0,0,0,0,False,2026-05-05 13:00:33,6524497,2025-12-01 08:00:00,CORRECT_TO_6524497
2877621,102,2026-05-05 14:00:00,0,0,0,0,0,False,2026-05-05 14:00:32,6524497,2025-12-01 08:00:00,CORRECT_TO_6524497
2877845,102,2026-05-05 15:00:00,0,0,0,0,0,False,2026-05-05 15:00:33,6524497,2025-12-01 08:00:00,CORRECT_TO_6524497
2878061,102,2026-05-05 16:00:00,0,0,0,0,0,False,2026-05-05 16:00:31,6524497,2025-12-01 08:00:00,CORRECT_TO_6524497
2878277,102,2026-05-05 17:00:00,0,0,0,0,0,False,2026-05-05 17:00:32,6524497,2025-12-01 08:00:00,CORRECT_TO_6524497
2878493,102,2026-05-05 18:00:00,0,0,0,0,0,False,2026-05-05 18:00:29,6524497,2025-12-01 08:00:00,CORRECT_TO_6524497
2878709,102,2026-05-05 19:00:00,0,0,0,0,0,False,2026-05-05 19:00:31,6524497,2025-12-01 08:00:00,CORRECT_TO_6524497
2878928,102,2026-05-05 20:00:00,0,0,0,0,0,False,2026-05-05 20:00:32,6524497,2025-12-01 08:00:00,CORRECT_TO_6524497
2879145,102,2026-05-05 21:00:00,0,0,0,0,0,False,2026-05-05 21:00:31,6524497,2025-12-01 08:00:00,CORRECT_TO_6524497
2879362,102,2026-05-05 22:00:00,0,0,0,0,0,False,2026-05-05 22:00:31,6524497,2025-12-01 08:00:00,CORRECT_TO_6524497
2879577,102,2026-05-05 23:00:00,0,0,0,0,0,False,2026-05-05 23:00:30,6524497,2025-12-01 08:00:00,CORRECT_TO_6524497
2879794,102,2026-05-06 00:00:00,0,0,0,0,0,False,2026-05-06 00:00:35,6524497,2025-12-01 08:00:00,CORRECT_TO_6524497
2880011,102,2026-05-06 01:00:00,0,0,0,0,0,False,2026-05-06 01:00:32,6524497,2025-12-01 08:00:00,CORRECT_TO_6524497
2880229,102,2026-05-06 02:00:00,0,0,0,0,0,False,2026-05-06 02:00:31,6524497,2025-12-01 08:00:00,CORRECT_TO_6524497
2880445,102,2026-05-06 03:00:00,0,0,0,0,0,False,2026-05-06 03:00:31,6524497,2025-12-01 08:00:00,CORRECT_TO_6524497
2880663,102,2026-05-06 04:00:00,0,0,0,0,0,False,2026-05-06 04:00:29,6524497,2025-12-01 08:00:00,CORRECT_TO_6524497
2880881,102,2026-05-06 05:00:00,0,0,0,0,0,False,2026-05-06 05:00:30,6524497,2025-12-01 08:00:00,CORRECT_TO_6524497
2881096,102,2026-05-06 06:00:00,0,0,0,0,0,False,2026-05-06 06:00:30,6524497,2025-12-01 08:00:00,CORRECT_TO_6524497
2881314,102,2026-05-06 07:00:00,0,0,0,0,0,False,2026-05-06 07:00:30,6524497,2025-12-01 08:00:00,CORRECT_TO_6524497
2881532,102,2026-05-06 08:00:00,0,0,0,0,0,False,2026-05-06 08:00:30,6524497,2025-12-01 08:00:00,CORRECT_TO_6524497
2881750,102,2026-05-06 09:00:00,0,0,0,0,0,False,2026-05-06 09:00:30,6524497,2025-12-01 08:00:00,CORRECT_TO_6524497
2881965,102,2026-05-06 10:00:00,0,0,0,0,0,False,2026-05-06 10:00:31,6524497,2025-12-01 08:00:00,CORRECT_TO_6524497
2882181,102,2026-05-06 11:00:00,0,0,0,0,0,False,2026-05-06 11:00:29,6524497,2025-12-01 08:00:00,CORRECT_TO_6524497
2882398,102,2026-05-06 12:00:00,0,0,0,0,0,False,2026-05-06 12:00:32,6524497,2025-12-01 08:00:00,CORRECT_TO_6524497
2882615,102,2026-05-06 13:00:00,0,0,0,0,0,False,2026-05-06 13:00:34,6524497,2025-12-01 08:00:00,CORRECT_TO_6524497
2882831,102,2026-05-06 14:00:00,0,0,0,0,0,False,2026-05-06 14:00:32,6524497,2025-12-01 08:00:00,CORRECT_TO_6524497
2883049,102,2026-05-06 15:00:00,0,0,0,0,0,False,2026-05-06 15:00:31,6524497,2025-12-01 08:00:00,CORRECT_TO_6524497
2883266,102,2026-05-06 16:00:00,0,0,0,0,0,False,2026-05-06 16:00:32,6524497,2025-12-01 08:00:00,CORRECT_TO_6524497
2883485,102,2026-05-06 17:00:00,0,0,0,0,0,False,2026-05-06 17:00:31,6524497,2025-12-01 08:00:00,CORRECT_TO_6524497
2883701,102,2026-05-06 18:00:00,0,0,0,0,0,False,2026-05-06 18:00:32,6524497,2025-12-01 08:00:00,CORRECT_TO_6524497
2883917,102,2026-05-06 19:00:00,0,0,0,0,0,False,2026-05-06 19:00:31,6524497,2025-12-01 08:00:00,CORRECT_TO_6524497
2884134,102,2026-05-06 20:00:00,0,0,0,0,0,False,2026-05-06 20:00:30,6524497,2025-12-01 08:00:00,CORRECT_TO_6524497
2884350,102,2026-05-06 21:00:00,0,0,0,0,0,False,2026-05-06 21:00:30,6524497,2025-12-01 08:00:00,CORRECT_TO_6524497
2884568,102,2026-05-06 22:00:00,0,0,0,0,0,False,2026-05-06 22:00:30,6524497,2025-12-01 08:00:00,CORRECT_TO_6524497
2884786,102,2026-05-06 23:00:00,0,0,0,0,0,False,2026-05-06 23:00:30,6524497,2025-12-01 08:00:00,CORRECT_TO_6524497
2885000,102,2026-05-07 00:00:00,0,0,0,0,0,False,2026-05-07 00:00:37,6524497,2025-12-01 08:00:00,CORRECT_TO_6524497
2885219,102,2026-05-07 01:00:00,0,0,0,0,0,False,2026-05-07 01:00:34,6524497,2025-12-01 08:00:00,CORRECT_TO_6524497
2885437,102,2026-05-07 02:00:00,0,0,0,0,0,False,2026-05-07 02:00:31,6524497,2025-12-01 08:00:00,CORRECT_TO_6524497
2885654,102,2026-05-07 03:00:00,0,0,0,0,0,False,2026-05-07 03:00:30,6524497,2025-12-01 08:00:00,CORRECT_TO_6524497
2885873,102,2026-05-07 04:00:00,0,0,0,0,0,False,2026-05-07 04:00:30,6524497,2025-12-01 08:00:00,CORRECT_TO_6524497
2886090,102,2026-05-07 05:00:00,0,0,0,0,0,False,2026-05-07 05:00:31,6524497,2025-12-01 08:00:00,CORRECT_TO_6524497
2886307,102,2026-05-07 06:00:00,0,0,0,0,0,False,2026-05-07 06:00:31,6524497,2025-12-01 08:00:00,CORRECT_TO_6524497
2886520,102,2026-05-07 07:00:00,0,0,0,0,0,False,2026-05-07 07:00:30,6524497,2025-12-01 08:00:00,CORRECT_TO_6524497
2886737,102,2026-05-07 08:00:00,0,0,0,0,0,False,2026-05-07 08:00:31,6524497,2025-12-01 08:00:00,CORRECT_TO_6524497
2886956,102,2026-05-07 09:00:00,0,0,0,0,0,False,2026-05-07 09:00:31,6524497,2025-12-01 08:00:00,CORRECT_TO_6524497
2887172,102,2026-05-07 10:00:00,0,0,0,0,0,False,2026-05-07 10:00:31,6524497,2025-12-01 08:00:00,CORRECT_TO_6524497
2887391,102,2026-05-07 11:00:00,0,0,0,0,0,False,2026-05-07 11:00:31,6524497,2025-12-01 08:00:00,CORRECT_TO_6524497
2887609,102,2026-05-07 12:00:00,0,0,0,0,0,False,2026-05-07 12:00:34,6524497,2025-12-01 08:00:00,CORRECT_TO_6524497
2887828,102,2026-05-07 13:00:00,0,0,0,0,0,False,2026-05-07 13:00:33,6524497,2025-12-01 08:00:00,CORRECT_TO_6524497
2888042,102,2026-05-07 14:00:00,0,0,0,0,0,False,2026-05-07 14:00:34,6524497,2025-12-01 08:00:00,CORRECT_TO_6524497
2888257,102,2026-05-07 15:00:00,0,0,0,0,0,False,2026-05-07 15:00:33,6524497,2025-12-01 08:00:00,CORRECT_TO_6524497
2888477,102,2026-05-07 16:00:00,0,0,0,0,0,False,2026-05-07 16:00:34,6524497,2025-12-01 08:00:00,CORRECT_TO_6524497
2888694,102,2026-05-07 17:00:00,0,0,0,0,0,False,2026-05-07 17:00:32,6524497,2025-12-01 08:00:00,CORRECT_TO_6524497
2888910,102,2026-05-07 18:00:00,0,0,0,0,0,False,2026-05-07 18:00:32,6524497,2025-12-01 08:00:00,CORRECT_TO_6524497
2889127,102,2026-05-07 19:00:00,0,0,0,0,0,False,2026-05-07 19:00:32,6524497,2025-12-01 08:00:00,CORRECT_TO_6524497
2889343,102,2026-05-07 20:00:00,0,0,0,0,0,False,2026-05-07 20:00:33,6524497,2025-12-01 08:00:00,CORRECT_TO_6524497
2889612,102,2026-05-07 21:00:00,0,0,0,0,0,False,2026-05-07 21:00:32,6524497,2025-12-01 08:00:00,CORRECT_TO_6524497
2889888,102,2026-05-07 22:00:00,0,0,0,0,0,False,2026-05-07 22:00:32,6524497,2025-12-01 08:00:00,CORRECT_TO_6524497
2890164,102,2026-05-07 23:00:00,0,0,0,0,0,False,2026-05-07 23:00:32,6524497,2025-12-01 08:00:00,CORRECT_TO_6524497
2890442,102,2026-05-08 00:00:00,0,0,0,0,0,False,2026-05-08 00:00:37,6524497,2025-12-01 08:00:00,CORRECT_TO_6524497
2890719,102,2026-05-08 01:00:00,0,0,0,0,0,False,2026-05-08 01:00:34,6524497,2025-12-01 08:00:00,CORRECT_TO_6524497
2890995,102,2026-05-08 02:00:00,0,0,0,0,0,False,2026-05-08 02:00:33,6524497,2025-12-01 08:00:00,CORRECT_TO_6524497
2891273,102,2026-05-08 03:00:00,0,0,0,0,0,False,2026-05-08 03:00:32,6524497,2025-12-01 08:00:00,CORRECT_TO_6524497
2891550,102,2026-05-08 04:00:00,0,0,0,0,0,False,2026-05-08 04:00:32,6524497,2025-12-01 08:00:00,CORRECT_TO_6524497
2891823,102,2026-05-08 05:00:00,0,0,0,0,0,False,2026-05-08 05:00:32,6524497,2025-12-01 08:00:00,CORRECT_TO_6524497
2892117,102,2026-05-08 06:00:00,0,0,0,0,0,False,2026-05-08 06:00:46,6524497,2025-12-01 08:00:00,CORRECT_TO_6524497
2892382,102,2026-05-08 07:00:00,0,0,0,0,0,False,2026-05-08 07:00:33,6524497,2025-12-01 08:00:00,CORRECT_TO_6524497
2892658,102,2026-05-08 08:00:00,0,0,0,0,0,False,2026-05-08 08:00:32,6524497,2025-12-01 08:00:00,CORRECT_TO_6524497
2892935,102,2026-05-08 09:00:00,0,0,0,0,0,False,2026-05-08 09:00:32,6524497,2025-12-01 08:00:00,CORRECT_TO_6524497
2893213,102,2026-05-08 10:00:00,0,0,0,0,0,False,2026-05-08 10:00:32,6524497,2025-12-01 08:00:00,CORRECT_TO_6524497
2893490,102,2026-05-08 11:00:00,0,0,0,0,0,False,2026-05-08 11:00:30,6524497,2025-12-01 08:00:00,CORRECT_TO_6524497
2893765,102,2026-05-08 12:00:00,0,0,0,0,0,False,2026-05-08 12:00:33,6524497,2025-12-01 08:00:00,CORRECT_TO_6524497
2894042,102,2026-05-08 13:00:00,0,0,0,0,0,False,2026-05-08 13:00:34,6524497,2025-12-01 08:00:00,CORRECT_TO_6524497
2894317,102,2026-05-08 14:00:00,0,0,0,0,0,False,2026-05-08 14:00:33,6524497,2025-12-01 08:00:00,CORRECT_TO_6524497
2894597,102,2026-05-08 15:00:00,0,0,0,0,0,False,2026-05-08 15:00:34,6524497,2025-12-01 08:00:00,CORRECT_TO_6524497
2894876,102,2026-05-08 16:00:00,0,0,0,0,0,False,2026-05-08 16:00:40,6524497,2025-12-01 08:00:00,CORRECT_TO_6524497
2895153,102,2026-05-08 17:00:00,0,0,0,0,0,False,2026-05-08 17:00:34,6524497,2025-12-01 08:00:00,CORRECT_TO_6524497
2895430,102,2026-05-08 18:00:00,0,0,0,0,0,False,2026-05-08 18:00:34,6524497,2025-12-01 08:00:00,CORRECT_TO_6524497
2895704,102,2026-05-08 19:00:00,0,0,0,0,0,False,2026-05-08 19:00:34,6524497,2025-12-01 08:00:00,CORRECT_TO_6524497
2895978,102,2026-05-08 20:00:00,0,0,0,0,0,False,2026-05-08 20:00:31,6524497,2025-12-01 08:00:00,CORRECT_TO_6524497
2896259,102,2026-05-08 21:00:00,0,0,0,0,0,False,2026-05-08 21:00:32,6524497,2025-12-01 08:00:00,CORRECT_TO_6524497
2896539,102,2026-05-08 22:00:00,0,0,0,0,0,False,2026-05-08 22:00:32,6524497,2025-12-01 08:00:00,CORRECT_TO_6524497
2896815,102,2026-05-08 23:00:00,0,0,0,0,0,False,2026-05-08 23:00:40,6524497,2025-12-01 08:00:00,CORRECT_TO_6524497
2897092,102,2026-05-09 00:00:00,0,0,0,0,0,False,2026-05-09 00:00:39,6524497,2025-12-01 08:00:00,CORRECT_TO_6524497
2897368,102,2026-05-09 01:00:00,0,0,0,0,0,False,2026-05-09 01:00:37,6524497,2025-12-01 08:00:00,CORRECT_TO_6524497
2897642,102,2026-05-09 02:00:00,0,0,0,0,0,False,2026-05-09 02:00:32,6524497,2025-12-01 08:00:00,CORRECT_TO_6524497
2897923,102,2026-05-09 03:00:00,0,0,0,0,0,False,2026-05-09 03:00:31,6524497,2025-12-01 08:00:00,CORRECT_TO_6524497
2898197,102,2026-05-09 04:00:00,0,0,0,0,0,False,2026-05-09 04:00:33,6524497,2025-12-01 08:00:00,CORRECT_TO_6524497
2898476,102,2026-05-09 05:00:00,0,0,0,0,0,False,2026-05-09 05:00:36,6524497,2025-12-01 08:00:00,CORRECT_TO_6524497
2898751,102,2026-05-09 06:00:00,0,0,0,0,0,False,2026-05-09 06:00:32,6524497,2025-12-01 08:00:00,CORRECT_TO_6524497
2899029,102,2026-05-09 07:00:00,0,0,0,0,0,False,2026-05-09 07:00:34,6524497,2025-12-01 08:00:00,CORRECT_TO_6524497
2899306,102,2026-05-09 08:00:00,0,0,0,0,0,False,2026-05-09 08:00:32,6524497,2025-12-01 08:00:00,CORRECT_TO_6524497
2899584,102,2026-05-09 09:00:00,0,0,0,0,0,False,2026-05-09 09:00:31,6524497,2025-12-01 08:00:00,CORRECT_TO_6524497
2899862,102,2026-05-09 10:00:00,0,0,0,0,0,False,2026-05-09 10:00:32,6524497,2025-12-01 08:00:00,CORRECT_TO_6524497
2900139,102,2026-05-09 11:00:00,0,0,0,0,0,False,2026-05-09 11:00:32,6524497,2025-12-01 08:00:00,CORRECT_TO_6524497
2900408,102,2026-05-09 12:00:00,0,0,0,0,0,False,2026-05-09 12:00:35,6524497,2025-12-01 08:00:00,CORRECT_TO_6524497
2900692,102,2026-05-09 13:00:00,0,0,0,0,0,False,2026-05-09 13:00:34,6524497,2025-12-01 08:00:00,CORRECT_TO_6524497
2900963,102,2026-05-09 14:00:00,0,0,0,0,0,False,2026-05-09 14:00:33,6524497,2025-12-01 08:00:00,CORRECT_TO_6524497
2901245,102,2026-05-09 15:00:00,0,0,0,0,0,False,2026-05-09 15:00:32,6524497,2025-12-01 08:00:00,CORRECT_TO_6524497
2901522,102,2026-05-09 16:00:00,0,0,0,0,0,False,2026-05-09 16:00:32,6524497,2025-12-01 08:00:00,CORRECT_TO_6524497
2901798,102,2026-05-09 17:00:00,0,0,0,0,0,False,2026-05-09 17:00:32,6524497,2025-12-01 08:00:00,CORRECT_TO_6524497
2902080,102,2026-05-09 18:00:00,0,0,0,0,0,False,2026-05-09 18:00:32,6524497,2025-12-01 08:00:00,CORRECT_TO_6524497
2902356,102,2026-05-09 19:00:00,0,0,0,0,0,False,2026-05-09 19:00:32,6524497,2025-12-01 08:00:00,CORRECT_TO_6524497
2902633,102,2026-05-09 20:00:00,0,0,0,0,0,False,2026-05-09 20:00:32,6524497,2025-12-01 08:00:00,CORRECT_TO_6524497
2902908,102,2026-05-09 21:00:00,0,0,0,0,0,False,2026-05-09 21:00:32,6524497,2025-12-01 08:00:00,CORRECT_TO_6524497
2903186,102,2026-05-09 22:00:00,0,0,0,0,0,False,2026-05-09 22:00:32,6524497,2025-12-01 08:00:00,CORRECT_TO_6524497
2903462,102,2026-05-09 23:00:00,0,0,0,0,0,False,2026-05-09 23:00:32,6524497,2025-12-01 08:00:00,CORRECT_TO_6524497
2903737,102,2026-05-10 00:00:00,0,0,0,0,0,False,2026-05-10 00:00:38,6524497,2025-12-01 08:00:00,CORRECT_TO_6524497
2904015,102,2026-05-10 01:00:00,0,0,0,0,0,False,2026-05-10 01:00:34,6524497,2025-12-01 08:00:00,CORRECT_TO_6524497
2904293,102,2026-05-10 02:00:00,0,0,0,0,0,False,2026-05-10 02:00:31,6524497,2025-12-01 08:00:00,CORRECT_TO_6524497
2904563,102,2026-05-10 03:00:00,0,0,0,0,0,False,2026-05-10 03:00:31,6524497,2025-12-01 08:00:00,CORRECT_TO_6524497
2904844,102,2026-05-10 04:00:00,0,0,0,0,0,False,2026-05-10 04:00:32,6524497,2025-12-01 08:00:00,CORRECT_TO_6524497
2905117,102,2026-05-10 05:00:00,0,0,0,0,0,False,2026-05-10 05:00:32,6524497,2025-12-01 08:00:00,CORRECT_TO_6524497
2905403,102,2026-05-10 06:00:00,0,0,0,0,0,False,2026-05-10 06:00:32,6524497,2025-12-01 08:00:00,CORRECT_TO_6524497
2905671,102,2026-05-10 07:00:00,0,0,0,0,0,False,2026-05-10 07:00:31,6524497,2025-12-01 08:00:00,CORRECT_TO_6524497
2905959,102,2026-05-10 08:00:00,0,0,0,0,0,False,2026-05-10 08:00:34,6524497,2025-12-01 08:00:00,CORRECT_TO_6524497
2906232,102,2026-05-10 09:00:00,0,0,0,0,0,False,2026-05-10 09:00:32,6524497,2025-12-01 08:00:00,CORRECT_TO_6524497
2906507,102,2026-05-10 10:00:00,0,0,0,0,0,False,2026-05-10 10:00:31,6524497,2025-12-01 08:00:00,CORRECT_TO_6524497
2906784,102,2026-05-10 11:00:00,0,0,0,0,0,False,2026-05-10 11:00:30,6524497,2025-12-01 08:00:00,CORRECT_TO_6524497
2907063,102,2026-05-10 12:00:00,0,0,0,0,0,False,2026-05-10 12:00:33,6524497,2025-12-01 08:00:00,CORRECT_TO_6524497
2907341,102,2026-05-10 13:00:00,0,0,0,0,0,False,2026-05-10 13:00:35,6524497,2025-12-01 08:00:00,CORRECT_TO_6524497
2907616,102,2026-05-10 14:00:00,0,0,0,0,0,False,2026-05-10 14:00:31,6524497,2025-12-01 08:00:00,CORRECT_TO_6524497
2907892,102,2026-05-10 15:00:00,0,0,0,0,0,False,2026-05-10 15:00:32,6524497,2025-12-01 08:00:00,CORRECT_TO_6524497
2908168,102,2026-05-10 16:00:00,0,0,0,0,0,False,2026-05-10 16:00:33,6524497,2025-12-01 08:00:00,CORRECT_TO_6524497
2908445,102,2026-05-10 17:00:00,0,0,0,0,0,False,2026-05-10 17:00:33,6524497,2025-12-01 08:00:00,CORRECT_TO_6524497
2908723,102,2026-05-10 18:00:00,0,0,0,0,0,False,2026-05-10 18:00:34,6524497,2025-12-01 08:00:00,CORRECT_TO_6524497
2909000,102,2026-05-10 19:00:00,0,0,0,0,0,False,2026-05-10 19:00:34,6524497,2025-12-01 08:00:00,CORRECT_TO_6524497
2909273,102,2026-05-10 20:00:00,0,0,0,0,0,False,2026-05-10 20:00:32,6524497,2025-12-01 08:00:00,CORRECT_TO_6524497
2909549,102,2026-05-10 21:00:00,0,0,0,0,0,False,2026-05-10 21:00:31,6524497,2025-12-01 08:00:00,CORRECT_TO_6524497
2909826,102,2026-05-10 22:00:00,0,0,0,0,0,False,2026-05-10 22:00:32,6524497,2025-12-01 08:00:00,CORRECT_TO_6524497
2910111,102,2026-05-10 23:00:00,0,0,0,0,0,False,2026-05-10 23:00:32,6524497,2025-12-01 08:00:00,CORRECT_TO_6524497
2910385,102,2026-05-11 00:00:00,0,0,0,0,0,False,2026-05-11 00:00:37,6524497,2025-12-01 08:00:00,CORRECT_TO_6524497
2910666,102,2026-05-11 01:00:00,0,0,0,0,0,False,2026-05-11 01:00:36,6524497,2025-12-01 08:00:00,CORRECT_TO_6524497
2910939,102,2026-05-11 02:00:00,0,0,0,0,0,False,2026-05-11 02:00:31,6524497,2025-12-01 08:00:00,CORRECT_TO_6524497
2911219,102,2026-05-11 03:00:00,0,0,0,0,0,False,2026-05-11 03:00:33,6524497,2025-12-01 08:00:00,CORRECT_TO_6524497
2911492,102,2026-05-11 04:00:00,0,0,0,0,0,False,2026-05-11 04:00:31,6524497,2025-12-01 08:00:00,CORRECT_TO_6524497
2911773,102,2026-05-11 05:00:00,0,0,0,0,0,False,2026-05-11 05:00:35,6524497,2025-12-01 08:00:00,CORRECT_TO_6524497
2912047,102,2026-05-11 06:00:00,0,0,0,0,0,False,2026-05-11 06:00:35,6524497,2025-12-01 08:00:00,CORRECT_TO_6524497
2912325,102,2026-05-11 07:00:00,0,0,0,0,0,False,2026-05-11 07:00:34,6524497,2025-12-01 08:00:00,CORRECT_TO_6524497
2912601,102,2026-05-11 08:00:00,0,0,0,0,0,False,2026-05-11 08:00:34,6524497,2025-12-01 08:00:00,CORRECT_TO_6524497
2912879,102,2026-05-11 09:00:00,0,0,0,0,0,False,2026-05-11 09:00:32,6524497,2025-12-01 08:00:00,CORRECT_TO_6524497
2913155,102,2026-05-11 10:00:00,0,0,0,0,0,False,2026-05-11 10:00:34,6524497,2025-12-01 08:00:00,CORRECT_TO_6524497
2913432,102,2026-05-11 11:00:00,0,0,0,0,0,False,2026-05-11 11:00:32,6524497,2025-12-01 08:00:00,CORRECT_TO_6524497
2913709,102,2026-05-11 12:00:00,0,0,0,0,0,False,2026-05-11 12:00:35,6524497,2025-12-01 08:00:00,CORRECT_TO_6524497
2913989,102,2026-05-11 13:00:00,0,0,0,0,0,False,2026-05-11 13:00:37,6524497,2025-12-01 08:00:00,CORRECT_TO_6524497
2914260,102,2026-05-11 14:00:00,0,0,0,0,0,False,2026-05-11 14:00:36,6524497,2025-12-01 08:00:00,CORRECT_TO_6524497
2914544,102,2026-05-11 15:00:00,0,0,0,0,0,False,2026-05-11 15:00:35,6524497,2025-12-01 08:00:00,CORRECT_TO_6524497
2914812,102,2026-05-11 16:00:00,0,0,0,0,0,False,2026-05-11 16:00:34,6524497,2025-12-01 08:00:00,CORRECT_TO_6524497
2915095,102,2026-05-11 17:00:00,0,0,0,0,0,False,2026-05-11 17:00:35,6524497,2025-12-01 08:00:00,CORRECT_TO_6524497
2915369,102,2026-05-11 18:00:00,0,0,0,0,0,False,2026-05-11 18:00:35,6524497,2025-12-01 08:00:00,CORRECT_TO_6524497
2915646,102,2026-05-11 19:00:00,0,0,0,0,0,False,2026-05-11 19:00:34,6524497,2025-12-01 08:00:00,CORRECT_TO_6524497
2915920,102,2026-05-11 20:00:00,0,0,0,0,0,False,2026-05-11 20:00:33,6524497,2025-12-01 08:00:00,CORRECT_TO_6524497
2916196,102,2026-05-11 21:00:00,0,0,0,0,0,False,2026-05-11 21:00:33,6524497,2025-12-01 08:00:00,CORRECT_TO_6524497
2916476,102,2026-05-11 22:00:00,0,0,0,0,0,False,2026-05-11 22:00:33,6524497,2025-12-01 08:00:00,CORRECT_TO_6524497
2916752,102,2026-05-11 23:00:00,0,0,0,0,0,False,2026-05-11 23:00:32,6524497,2025-12-01 08:00:00,CORRECT_TO_6524497
2917025,102,2026-05-12 00:00:00,0,0,0,0,0,False,2026-05-12 00:00:37,6524497,2025-12-01 08:00:00,CORRECT_TO_6524497
2917301,102,2026-05-12 01:00:00,0,0,0,0,0,False,2026-05-12 01:00:34,6524497,2025-12-01 08:00:00,CORRECT_TO_6524497
2917575,102,2026-05-12 02:00:00,0,0,0,0,0,False,2026-05-12 02:00:32,6524497,2025-12-01 08:00:00,CORRECT_TO_6524497
2917857,102,2026-05-12 03:00:00,0,0,0,0,0,False,2026-05-12 03:00:32,6524497,2025-12-01 08:00:00,CORRECT_TO_6524497
2918132,102,2026-05-12 04:00:00,0,0,0,0,0,False,2026-05-12 04:00:30,6524497,2025-12-01 08:00:00,CORRECT_TO_6524497
2918406,102,2026-05-12 05:00:00,0,0,0,0,0,False,2026-05-12 05:00:33,6524497,2025-12-01 08:00:00,CORRECT_TO_6524497
2918682,102,2026-05-12 06:00:00,0,0,0,0,0,False,2026-05-12 06:00:34,6524497,2025-12-01 08:00:00,CORRECT_TO_6524497
2918952,102,2026-05-12 07:00:00,0,0,0,0,0,False,2026-05-12 07:00:33,6524497,2025-12-01 08:00:00,CORRECT_TO_6524497
2919236,102,2026-05-12 08:00:00,0,0,0,0,0,False,2026-05-12 08:00:34,6524497,2025-12-01 08:00:00,CORRECT_TO_6524497
2919507,102,2026-05-12 09:00:00,0,0,0,0,0,False,2026-05-12 09:00:32,6524497,2025-12-01 08:00:00,CORRECT_TO_6524497
2919787,102,2026-05-12 10:00:00,0,0,0,0,0,False,2026-05-12 10:00:34,6524497,2025-12-01 08:00:00,CORRECT_TO_6524497
2920062,102,2026-05-12 11:00:00,0,0,0,0,0,False,2026-05-12 11:00:33,6524497,2025-12-01 08:00:00,CORRECT_TO_6524497
2920335,102,2026-05-12 12:00:00,0,0,0,0,0,False,2026-05-12 12:00:35,6524497,2025-12-01 08:00:00,CORRECT_TO_6524497
2920614,102,2026-05-12 13:00:00,0,0,0,0,0,False,2026-05-12 13:00:38,6524497,2025-12-01 08:00:00,CORRECT_TO_6524497
2920891,102,2026-05-12 14:00:00,0,0,0,0,0,False,2026-05-12 14:00:34,6524497,2025-12-01 08:00:00,CORRECT_TO_6524497
2921166,102,2026-05-12 15:00:00,0,0,0,0,0,False,2026-05-12 15:00:33,6524497,2025-12-01 08:00:00,CORRECT_TO_6524497
2921441,102,2026-05-12 16:00:00,0,0,0,0,0,False,2026-05-12 16:00:33,6524497,2025-12-01 08:00:00,CORRECT_TO_6524497
2921712,102,2026-05-12 17:00:00,0,0,0,0,0,False,2026-05-12 17:00:35,6524497,2025-12-01 08:00:00,CORRECT_TO_6524497
2921980,102,2026-05-12 18:00:00,0,0,0,0,0,False,2026-05-12 18:00:34,6524497,2025-12-01 08:00:00,CORRECT_TO_6524497
2923253,102,2026-05-12 19:00:00,0,0,0,0,0,False,2026-05-12 19:00:38,6524497,2025-12-01 08:00:00,CORRECT_TO_6524497
2923522,102,2026-05-12 20:00:00,0,0,0,0,0,False,2026-05-12 20:00:34,6524497,2025-12-01 08:00:00,CORRECT_TO_6524497
2923793,102,2026-05-12 21:00:00,0,0,0,0,0,False,2026-05-12 21:00:33,6524497,2025-12-01 08:00:00,CORRECT_TO_6524497
2924064,102,2026-05-12 22:00:00,0,0,0,0,0,False,2026-05-12 22:00:34,6524497,2025-12-01 08:00:00,CORRECT_TO_6524497
2924332,102,2026-05-12 23:00:00,0,0,0,0,0,False,2026-05-12 23:00:33,6524497,2025-12-01 08:00:00,CORRECT_TO_6524497
2924602,102,2026-05-13 00:00:00,0,0,0,0,0,False,2026-05-13 00:00:41,6524497,2025-12-01 08:00:00,CORRECT_TO_6524497
2924871,102,2026-05-13 01:00:00,0,0,0,0,0,False,2026-05-13 01:00:38,6524497,2025-12-01 08:00:00,CORRECT_TO_6524497
2925142,102,2026-05-13 02:00:00,0,0,0,0,0,False,2026-05-13 02:00:34,6524497,2025-12-01 08:00:00,CORRECT_TO_6524497
2925412,102,2026-05-13 03:00:00,0,0,0,0,0,False,2026-05-13 03:00:33,6524497,2025-12-01 08:00:00,CORRECT_TO_6524497
2925682,102,2026-05-13 04:00:00,0,0,0,0,0,False,2026-05-13 04:00:32,6524497,2025-12-01 08:00:00,CORRECT_TO_6524497
2925953,102,2026-05-13 05:00:00,0,0,0,0,0,False,2026-05-13 05:00:33,6524497,2025-12-01 08:00:00,CORRECT_TO_6524497
2926223,102,2026-05-13 06:00:00,0,0,0,0,0,False,2026-05-13 06:00:33,6524497,2025-12-01 08:00:00,CORRECT_TO_6524497
2926493,102,2026-05-13 07:00:00,0,0,0,0,0,False,2026-05-13 07:00:34,6524497,2025-12-01 08:00:00,CORRECT_TO_6524497
2926767,102,2026-05-13 08:00:00,0,0,0,0,0,False,2026-05-13 08:00:38,6524497,2025-12-01 08:00:00,CORRECT_TO_6524497
2927032,102,2026-05-13 09:00:00,0,0,0,0,0,False,2026-05-13 09:00:34,6524497,2025-12-01 08:00:00,CORRECT_TO_6524497
2927302,102,2026-05-13 10:00:00,0,0,0,0,0,False,2026-05-13 10:00:35,6524497,2025-12-01 08:00:00,CORRECT_TO_6524497
2927573,102,2026-05-13 11:00:00,0,0,0,0,0,False,2026-05-13 11:00:33,6524497,2025-12-01 08:00:00,CORRECT_TO_6524497
2927842,102,2026-05-13 12:00:00,0,0,0,0,0,False,2026-05-13 12:00:37,6524497,2025-12-01 08:00:00,CORRECT_TO_6524497
2928118,102,2026-05-13 13:00:00,0,0,0,0,0,False,2026-05-13 13:00:43,6524497,2025-12-01 08:00:00,CORRECT_TO_6524497
2928385,102,2026-05-13 14:00:00,0,0,0,0,0,False,2026-05-13 14:00:36,6524497,2025-12-01 08:00:00,CORRECT_TO_6524497
2928655,102,2026-05-13 15:00:00,0,0,0,0,0,False,2026-05-13 15:00:39,6524497,2025-12-01 08:00:00,CORRECT_TO_6524497
2928922,102,2026-05-13 16:00:00,0,0,0,0,0,False,2026-05-13 16:00:34,6524497,2025-12-01 08:00:00,CORRECT_TO_6524497
2929189,102,2026-05-13 17:00:00,0,0,0,0,0,False,2026-05-13 17:00:35,6524497,2025-12-01 08:00:00,CORRECT_TO_6524497
2929455,102,2026-05-13 18:00:00,0,0,0,0,0,False,2026-05-13 18:00:35,6524497,2025-12-01 08:00:00,CORRECT_TO_6524497
2929723,102,2026-05-13 19:00:00,0,0,0,0,0,False,2026-05-13 19:00:34,6524497,2025-12-01 08:00:00,CORRECT_TO_6524497
2929990,102,2026-05-13 20:00:00,0,0,0,0,0,False,2026-05-13 20:00:34,6524497,2025-12-01 08:00:00,CORRECT_TO_6524497
2930255,102,2026-05-13 21:00:00,0,0,0,0,0,False,2026-05-13 21:00:33,6524497,2025-12-01 08:00:00,CORRECT_TO_6524497
2930681,102,2026-05-14 04:00:00,0,0,0,0,0,False,2026-05-14 04:01:25,6524497,2025-12-01 08:00:00,CORRECT_TO_6524497
2930975,102,2026-05-14 05:00:00,0,0,0,0,0,False,2026-05-14 05:00:36,6524497,2025-12-01 08:00:00,CORRECT_TO_6524497
2931244,102,2026-05-14 06:00:00,0,0,0,0,0,False,2026-05-14 06:00:39,6524497,2025-12-01 08:00:00,CORRECT_TO_6524497
2931513,102,2026-05-14 07:00:00,0,0,0,0,0,False,2026-05-14 07:00:37,6524497,2025-12-01 08:00:00,CORRECT_TO_6524497
2931774,102,2026-05-14 08:00:00,0,0,0,0,0,False,2026-05-14 08:00:38,6524497,2025-12-01 08:00:00,CORRECT_TO_6524497
2932048,102,2026-05-14 09:00:00,0,0,0,0,0,False,2026-05-14 09:00:38,6524497,2025-12-01 08:00:00,CORRECT_TO_6524497
2932321,102,2026-05-14 10:00:00,0,0,0,0,0,False,2026-05-14 10:00:38,6524497,2025-12-01 08:00:00,CORRECT_TO_6524497
2932583,102,2026-05-14 11:00:00,0,0,0,0,0,False,2026-05-14 11:00:36,6524497,2025-12-01 08:00:00,CORRECT_TO_6524497
2932859,102,2026-05-14 12:00:00,0,0,0,0,0,False,2026-05-14 12:00:46,6524497,2025-12-01 08:00:00,CORRECT_TO_6524497
2933126,102,2026-05-14 13:00:00,0,0,0,0,0,False,2026-05-14 13:00:39,6524497,2025-12-01 08:00:00,CORRECT_TO_6524497
2933398,102,2026-05-14 14:00:00,0,0,0,0,0,False,2026-05-14 14:00:41,6524497,2025-12-01 08:00:00,CORRECT_TO_6524497
2933661,102,2026-05-14 15:00:00,0,0,0,0,0,False,2026-05-14 15:00:41,6524497,2025-12-01 08:00:00,CORRECT_TO_6524497
2933931,102,2026-05-14 16:00:00,0,0,0,0,0,False,2026-05-14 16:00:37,6524497,2025-12-01 08:00:00,CORRECT_TO_6524497
2934203,102,2026-05-14 17:00:00,0,0,0,0,0,False,2026-05-14 17:00:41,6524497,2025-12-01 08:00:00,CORRECT_TO_6524497
2934472,102,2026-05-14 18:00:00,0,0,0,0,0,False,2026-05-14 18:00:43,6524497,2025-12-01 08:00:00,CORRECT_TO_6524497
2934739,102,2026-05-14 19:00:00,0,0,0,0,0,False,2026-05-14 19:00:40,6524497,2025-12-01 08:00:00,CORRECT_TO_6524497
2935001,102,2026-05-14 20:00:00,0,0,0,0,0,False,2026-05-14 20:00:38,6524497,2025-12-01 08:00:00,CORRECT_TO_6524497
2935274,102,2026-05-14 21:00:00,0,0,0,0,0,False,2026-05-14 21:00:36,6524497,2025-12-01 08:00:00,CORRECT_TO_6524497
2935558,102,2026-05-14 22:00:00,0,0,0,0,0,False,2026-05-14 22:00:44,6524497,2025-12-01 08:00:00,CORRECT_TO_6524497
2935813,102,2026-05-14 23:00:00,0,0,0,0,0,False,2026-05-14 23:00:33,6524497,2025-12-01 08:00:00,CORRECT_TO_6524497
2936081,102,2026-05-15 00:00:00,0,0,0,0,0,False,2026-05-15 00:00:39,6524497,2025-12-01 08:00:00,CORRECT_TO_6524497
2936355,102,2026-05-15 01:00:00,0,0,0,0,0,False,2026-05-15 01:00:41,6524497,2025-12-01 08:00:00,CORRECT_TO_6524497
2936623,102,2026-05-15 02:00:00,0,0,0,0,0,False,2026-05-15 02:00:36,6524497,2025-12-01 08:00:00,CORRECT_TO_6524497
2936907,102,2026-05-15 03:00:00,0,0,0,0,0,False,2026-05-15 03:00:49,6524497,2025-12-01 08:00:00,CORRECT_TO_6524497
2937161,102,2026-05-15 04:00:00,0,0,0,0,0,False,2026-05-15 04:00:33,6524497,2025-12-01 08:00:00,CORRECT_TO_6524497
2937427,102,2026-05-15 05:00:00,0,0,0,0,0,False,2026-05-15 05:00:34,6524497,2025-12-01 08:00:00,CORRECT_TO_6524497
2937698,102,2026-05-15 06:00:00,0,0,0,0,0,False,2026-05-15 06:00:35,6524497,2025-12-01 08:00:00,CORRECT_TO_6524497
2937968,102,2026-05-15 07:00:00,0,0,0,0,0,False,2026-05-15 07:00:33,6524497,2025-12-01 08:00:00,CORRECT_TO_6524497
2938235,102,2026-05-15 08:00:00,0,0,0,0,0,False,2026-05-15 08:00:32,6524497,2025-12-01 08:00:00,CORRECT_TO_6524497
2938505,102,2026-05-15 09:00:00,0,0,0,0,0,False,2026-05-15 09:00:35,6524497,2025-12-01 08:00:00,CORRECT_TO_6524497
2938772,102,2026-05-15 10:00:00,0,0,0,0,0,False,2026-05-15 10:00:35,6524497,2025-12-01 08:00:00,CORRECT_TO_6524497
2939058,102,2026-05-15 11:00:00,0,0,0,0,0,False,2026-05-15 11:00:51,6524497,2025-12-01 08:00:00,CORRECT_TO_6524497
2939312,102,2026-05-15 12:00:00,0,0,0,0,0,False,2026-05-15 12:00:38,6524497,2025-12-01 08:00:00,CORRECT_TO_6524497
2939590,102,2026-05-15 13:00:00,0,0,0,0,0,False,2026-05-15 13:00:49,6524497,2025-12-01 08:00:00,CORRECT_TO_6524497
2939864,102,2026-05-15 14:00:00,0,0,0,0,0,False,2026-05-15 14:00:58,6524497,2025-12-01 08:00:00,CORRECT_TO_6524497
2940119,102,2026-05-15 15:00:00,0,0,0,0,0,False,2026-05-15 15:00:38,6524497,2025-12-01 08:00:00,CORRECT_TO_6524497
2940389,102,2026-05-15 16:00:00,0,0,0,0,0,False,2026-05-15 16:00:41,6524497,2025-12-01 08:00:00,CORRECT_TO_6524497
2940657,102,2026-05-15 17:00:00,0,0,0,0,0,False,2026-05-15 17:00:42,6524497,2025-12-01 08:00:00,CORRECT_TO_6524497
2940927,102,2026-05-15 18:00:00,0,0,0,0,0,False,2026-05-15 18:00:41,6524497,2025-12-01 08:00:00,CORRECT_TO_6524497
2941190,102,2026-05-15 19:00:00,0,0,0,0,0,False,2026-05-15 19:00:53,6524497,2025-12-01 08:00:00,CORRECT_TO_6524497
2941449,102,2026-05-15 20:00:00,0,0,0,0,0,False,2026-05-15 20:00:35,6524497,2025-12-01 08:00:00,CORRECT_TO_6524497
2941752,102,2026-05-15 21:00:00,0,0,0,0,0,False,2026-05-15 21:01:09,6524497,2025-12-01 08:00:00,CORRECT_TO_6524497
2941987,102,2026-05-15 22:00:00,0,0,0,0,0,False,2026-05-15 22:00:32,6524497,2025-12-01 08:00:00,CORRECT_TO_6524497
2942256,102,2026-05-15 23:00:00,0,0,0,0,0,False,2026-05-15 23:00:36,6524497,2025-12-01 08:00:00,CORRECT_TO_6524497
2942518,102,2026-05-16 00:00:00,0,0,0,0,0,False,2026-05-16 00:00:45,6524497,2025-12-01 08:00:00,CORRECT_TO_6524497
2942796,102,2026-05-16 01:00:00,0,0,0,0,0,False,2026-05-16 01:00:40,6524497,2025-12-01 08:00:00,CORRECT_TO_6524497
2943065,102,2026-05-16 02:00:00,0,0,0,0,0,False,2026-05-16 02:00:38,6524497,2025-12-01 08:00:00,CORRECT_TO_6524497
2943338,102,2026-05-16 03:00:00,0,0,0,0,0,False,2026-05-16 03:00:39,6524497,2025-12-01 08:00:00,CORRECT_TO_6524497
2943600,102,2026-05-16 04:00:00,0,0,0,0,0,False,2026-05-16 04:00:33,6524497,2025-12-01 08:00:00,CORRECT_TO_6524497
2943837,102,2026-05-16 05:00:00,0,0,0,0,0,False,2026-05-16 05:00:34,6524497,2025-12-01 08:00:00,CORRECT_TO_6524497
2944105,102,2026-05-16 06:00:00,0,0,0,0,0,False,2026-05-16 06:00:33,6524497,2025-12-01 08:00:00,CORRECT_TO_6524497
2944376,102,2026-05-16 07:00:00,0,0,0,0,0,False,2026-05-16 07:00:35,6524497,2025-12-01 08:00:00,CORRECT_TO_6524497
2944646,102,2026-05-16 08:00:00,0,0,0,0,0,False,2026-05-16 08:00:37,6524497,2025-12-01 08:00:00,CORRECT_TO_6524497
2944914,102,2026-05-16 09:00:00,0,0,0,0,0,False,2026-05-16 09:00:34,6524497,2025-12-01 08:00:00,CORRECT_TO_6524497
2945179,102,2026-05-16 10:00:00,0,0,0,0,0,False,2026-05-16 10:00:33,6524497,2025-12-01 08:00:00,CORRECT_TO_6524497
2945449,102,2026-05-16 11:00:00,0,0,0,0,0,False,2026-05-16 11:00:32,6524497,2025-12-01 08:00:00,CORRECT_TO_6524497
2945718,102,2026-05-16 12:00:00,0,0,0,0,0,False,2026-05-16 12:00:35,6524497,2025-12-01 08:00:00,CORRECT_TO_6524497
2945988,102,2026-05-16 13:00:00,0,0,0,0,0,False,2026-05-16 13:00:34,6524497,2025-12-01 08:00:00,CORRECT_TO_6524497
2946270,102,2026-05-16 14:00:00,0,0,0,0,0,False,2026-05-16 14:00:57,6524497,2025-12-01 08:00:00,CORRECT_TO_6524497
2946525,102,2026-05-16 15:00:00,0,0,0,0,0,False,2026-05-16 15:00:31,6524497,2025-12-01 08:00:00,CORRECT_TO_6524497
2946794,102,2026-05-16 16:00:00,0,0,0,0,0,False,2026-05-16 16:00:33,6524497,2025-12-01 08:00:00,CORRECT_TO_6524497
2947060,102,2026-05-16 17:00:00,0,0,0,0,0,False,2026-05-16 17:00:32,6524497,2025-12-01 08:00:00,CORRECT_TO_6524497
2947332,102,2026-05-16 18:00:00,0,0,0,0,0,False,2026-05-16 18:00:43,6524497,2025-12-01 08:00:00,CORRECT_TO_6524497
2947596,102,2026-05-16 19:00:00,0,0,0,0,0,False,2026-05-16 19:00:33,6524497,2025-12-01 08:00:00,CORRECT_TO_6524497
2947864,102,2026-05-16 20:00:00,0,0,0,0,0,False,2026-05-16 20:00:32,6524497,2025-12-01 08:00:00,CORRECT_TO_6524497
2948133,102,2026-05-16 21:00:00,0,0,0,0,0,False,2026-05-16 21:00:31,6524497,2025-12-01 08:00:00,CORRECT_TO_6524497
2948413,102,2026-05-16 22:00:00,0,0,0,0,0,False,2026-05-16 22:00:32,6524497,2025-12-01 08:00:00,CORRECT_TO_6524497
2948681,102,2026-05-16 23:00:00,0,0,0,0,0,False,2026-05-16 23:01:53,6524497,2025-12-01 08:00:00,CORRECT_TO_6524497
2948935,102,2026-05-17 00:00:00,0,0,0,0,0,False,2026-05-17 00:01:16,6524497,2025-12-01 08:00:00,CORRECT_TO_6524497
2949204,102,2026-05-17 01:00:00,0,0,0,0,0,False,2026-05-17 01:01:11,6524497,2025-12-01 08:00:00,CORRECT_TO_6524497
2949492,102,2026-05-17 02:00:00,0,0,0,0,0,False,2026-05-17 02:01:05,6524497,2025-12-01 08:00:00,CORRECT_TO_6524497
2949727,102,2026-05-17 03:00:00,0,0,0,0,0,False,2026-05-17 03:00:33,6524497,2025-12-01 08:00:00,CORRECT_TO_6524497
2950006,102,2026-05-17 04:00:00,0,0,0,0,0,False,2026-05-17 04:00:51,6524497,2025-12-01 08:00:00,CORRECT_TO_6524497
2950298,102,2026-05-17 05:00:00,0,0,0,0,0,False,2026-05-17 05:00:53,6524497,2025-12-01 08:00:00,CORRECT_TO_6524497
2950593,102,2026-05-17 06:00:00,0,0,0,0,0,False,2026-05-17 06:02:16,6524497,2025-12-01 08:00:00,CORRECT_TO_6524497
2950832,102,2026-05-17 07:00:00,0,0,0,0,0,False,2026-05-17 07:02:16,6524497,2025-12-01 08:00:00,CORRECT_TO_6524497
2951071,102,2026-05-17 08:00:00,0,0,0,0,0,False,2026-05-17 08:02:15,6524497,2025-12-01 08:00:00,CORRECT_TO_6524497
2951310,102,2026-05-17 09:00:00,0,0,0,0,0,False,2026-05-17 09:02:16,6524497,2025-12-01 08:00:00,CORRECT_TO_6524497
2951549,102,2026-05-17 10:00:00,0,0,0,0,0,False,2026-05-17 10:02:16,6524497,2025-12-01 08:00:00,CORRECT_TO_6524497
2951788,102,2026-05-17 11:00:00,0,0,0,0,0,False,2026-05-17 11:02:15,6524497,2025-12-01 08:00:00,CORRECT_TO_6524497
2952027,102,2026-05-17 12:00:00,0,0,0,0,0,False,2026-05-17 12:02:30,6524497,2025-12-01 08:00:00,CORRECT_TO_6524497
2952266,102,2026-05-17 13:00:00,0,0,0,0,0,False,2026-05-17 13:02:17,6524497,2025-12-01 08:00:00,CORRECT_TO_6524497
2952505,102,2026-05-17 14:00:00,0,0,0,0,0,False,2026-05-17 14:02:16,6524497,2025-12-01 08:00:00,CORRECT_TO_6524497
2952744,102,2026-05-17 15:00:00,0,0,0,0,0,False,2026-05-17 15:02:15,6524497,2025-12-01 08:00:00,CORRECT_TO_6524497
2952983,102,2026-05-17 16:00:00,0,0,0,0,0,False,2026-05-17 16:02:19,6524497,2025-12-01 08:00:00,CORRECT_TO_6524497
2953221,102,2026-05-17 17:00:00,0,0,0,0,0,False,2026-05-17 17:02:15,6524497,2025-12-01 08:00:00,CORRECT_TO_6524497
2953460,102,2026-05-17 18:00:00,0,0,0,0,0,False,2026-05-17 18:02:15,6524497,2025-12-01 08:00:00,CORRECT_TO_6524497
2953698,102,2026-05-17 19:00:00,0,0,0,0,0,False,2026-05-17 19:02:14,6524497,2025-12-01 08:00:00,CORRECT_TO_6524497
2953937,102,2026-05-17 20:00:00,0,0,0,0,0,False,2026-05-17 20:02:23,6524497,2025-12-01 08:00:00,CORRECT_TO_6524497
2954176,102,2026-05-17 21:00:00,0,0,0,0,0,False,2026-05-17 21:02:15,6524497,2025-12-01 08:00:00,CORRECT_TO_6524497
2954388,102,2026-05-17 22:00:00,0,0,0,0,0,False,2026-05-17 22:02:22,6524497,2025-12-01 08:00:00,CORRECT_TO_6524497
2954616,102,2026-05-17 23:00:00,0,0,0,0,0,False,2026-05-17 23:02:20,6524497,2025-12-01 08:00:00,CORRECT_TO_6524497
2954895,102,2026-05-18 00:00:00,0,0,0,0,0,False,2026-05-18 00:02:19,6524497,2025-12-01 08:00:00,CORRECT_TO_6524497
2955128,102,2026-05-18 01:00:00,0,0,0,0,0,False,2026-05-18 01:02:26,6524497,2025-12-01 08:00:00,CORRECT_TO_6524497
2955389,102,2026-05-18 02:00:00,0,0,0,0,0,False,2026-05-18 02:02:19,6524497,2025-12-01 08:00:00,CORRECT_TO_6524497
2955648,102,2026-05-18 03:00:00,0,0,0,0,0,False,2026-05-18 03:02:16,6524497,2025-12-01 08:00:00,CORRECT_TO_6524497
2955887,102,2026-05-18 04:00:00,0,0,0,0,0,False,2026-05-18 04:02:15,6524497,2025-12-01 08:00:00,CORRECT_TO_6524497
2956126,102,2026-05-18 05:00:00,0,0,0,0,0,False,2026-05-18 05:02:27,6524497,2025-12-01 08:00:00,CORRECT_TO_6524497
2956365,102,2026-05-18 06:00:00,0,0,0,0,0,False,2026-05-18 06:02:17,6524497,2025-12-01 08:00:00,CORRECT_TO_6524497
2956604,102,2026-05-18 07:00:00,0,0,0,0,0,False,2026-05-18 07:02:16,6524497,2025-12-01 08:00:00,CORRECT_TO_6524497
2956843,102,2026-05-18 08:00:00,0,0,0,0,0,False,2026-05-18 08:02:16,6524497,2025-12-01 08:00:00,CORRECT_TO_6524497
2957082,102,2026-05-18 09:00:00,0,0,0,0,0,False,2026-05-18 09:02:16,6524497,2025-12-01 08:00:00,CORRECT_TO_6524497
2957321,102,2026-05-18 10:00:00,0,0,0,0,0,False,2026-05-18 10:02:15,6524497,2025-12-01 08:00:00,CORRECT_TO_6524497
2957560,102,2026-05-18 11:00:00,0,0,0,0,0,False,2026-05-18 11:02:16,6524497,2025-12-01 08:00:00,CORRECT_TO_6524497
2957799,102,2026-05-18 12:00:00,0,0,0,0,0,False,2026-05-18 12:02:16,6524497,2025-12-01 08:00:00,CORRECT_TO_6524497
2958038,102,2026-05-18 13:00:00,0,0,0,0,0,False,2026-05-18 13:02:16,6524497,2025-12-01 08:00:00,CORRECT_TO_6524497
2958277,102,2026-05-18 14:00:00,0,0,0,0,0,False,2026-05-18 14:02:16,6524497,2025-12-01 08:00:00,CORRECT_TO_6524497
2958518,102,2026-05-18 15:00:00,0,0,0,0,0,False,2026-05-18 15:02:16,6524497,2025-12-01 08:00:00,CORRECT_TO_6524497
2858561,117,2026-05-01 22:00:00,0,5423,0,0,0,False,2026-05-01 22:00:51,5423,2026-05-01 21:00:00,SKIP_ALREADY_OK
2858797,117,2026-05-01 23:00:00,0,0,0,0,0,False,2026-05-01 23:00:50,5423,2026-05-01 21:00:00,CORRECT_TO_5423
2859009,117,2026-05-02 00:00:00,0,0,0,0,0,False,2026-05-02 00:00:57,5423,2026-05-01 21:00:00,CORRECT_TO_5423
2859226,117,2026-05-02 01:00:00,0,0,0,0,0,False,2026-05-02 01:00:53,5423,2026-05-01 21:00:00,CORRECT_TO_5423
2859443,117,2026-05-02 02:00:00,0,0,0,0,0,False,2026-05-02 02:00:50,5423,2026-05-01 21:00:00,CORRECT_TO_5423
2859656,117,2026-05-02 03:00:00,0,0,0,0,0,False,2026-05-02 03:00:50,5423,2026-05-01 21:00:00,CORRECT_TO_5423
2859880,117,2026-05-02 04:00:00,0,0,0,0,0,False,2026-05-02 04:00:51,5423,2026-05-01 21:00:00,CORRECT_TO_5423
2860089,117,2026-05-02 05:00:00,0,0,0,0,0,False,2026-05-02 05:00:50,5423,2026-05-01 21:00:00,CORRECT_TO_5423
2860309,117,2026-05-02 06:00:00,0,0,0,0,0,False,2026-05-02 06:00:50,5423,2026-05-01 21:00:00,CORRECT_TO_5423
2860535,117,2026-05-02 07:00:00,0,0,0,0,0,False,2026-05-02 07:00:50,5423,2026-05-01 21:00:00,CORRECT_TO_5423
2860748,117,2026-05-02 08:00:00,0,0,0,0,0,False,2026-05-02 08:00:49,5423,2026-05-01 21:00:00,CORRECT_TO_5423
2860962,117,2026-05-02 09:00:00,0,0,0,0,0,False,2026-05-02 09:00:49,5423,2026-05-01 21:00:00,CORRECT_TO_5423
2861183,117,2026-05-02 10:00:00,0,0,0,0,0,False,2026-05-02 10:00:50,5423,2026-05-01 21:00:00,CORRECT_TO_5423
2861401,117,2026-05-02 11:00:00,0,0,0,0,0,False,2026-05-02 11:00:52,5423,2026-05-01 21:00:00,CORRECT_TO_5423
2861614,117,2026-05-02 12:00:00,0,0,0,0,0,False,2026-05-02 12:00:52,5423,2026-05-01 21:00:00,CORRECT_TO_5423
2861833,117,2026-05-02 13:00:00,0,0,0,0,0,False,2026-05-02 13:00:54,5423,2026-05-01 21:00:00,CORRECT_TO_5423
2862054,117,2026-05-02 14:00:00,0,0,0,0,0,False,2026-05-02 14:00:51,5423,2026-05-01 21:00:00,CORRECT_TO_5423
2862274,117,2026-05-02 15:00:00,0,0,0,0,0,False,2026-05-02 15:00:51,5423,2026-05-01 21:00:00,CORRECT_TO_5423
2862482,117,2026-05-02 16:00:00,0,0,0,0,0,False,2026-05-02 16:00:52,5423,2026-05-01 21:00:00,CORRECT_TO_5423
2862702,117,2026-05-02 17:00:00,0,0,0,0,0,False,2026-05-02 17:00:51,5423,2026-05-01 21:00:00,CORRECT_TO_5423
2862918,117,2026-05-02 18:00:00,0,0,0,0,0,False,2026-05-02 18:00:51,5423,2026-05-01 21:00:00,CORRECT_TO_5423
2863136,117,2026-05-02 19:00:00,0,0,0,0,0,False,2026-05-02 19:00:51,5423,2026-05-01 21:00:00,CORRECT_TO_5423
2863353,117,2026-05-02 20:00:00,0,0,0,0,0,False,2026-05-02 20:00:50,5423,2026-05-01 21:00:00,CORRECT_TO_5423
2863571,117,2026-05-02 21:00:00,0,0,0,0,0,False,2026-05-02 21:00:50,5423,2026-05-01 21:00:00,CORRECT_TO_5423
2863785,117,2026-05-02 22:00:00,0,0,0,0,0,False,2026-05-02 22:00:49,5423,2026-05-01 21:00:00,CORRECT_TO_5423
2863983,117,2026-05-02 23:00:00,0,0,0,0,0,False,2026-05-02 23:00:49,5423,2026-05-01 21:00:00,CORRECT_TO_5423
2864216,117,2026-05-03 00:00:00,0,0,0,0,0,False,2026-05-03 00:00:57,5423,2026-05-01 21:00:00,CORRECT_TO_5423
2864434,117,2026-05-03 01:00:00,0,0,0,0,0,False,2026-05-03 01:00:54,5423,2026-05-01 21:00:00,CORRECT_TO_5423
2864651,117,2026-05-03 02:00:00,0,0,0,0,0,False,2026-05-03 02:00:51,5423,2026-05-01 21:00:00,CORRECT_TO_5423
2864856,117,2026-05-03 03:00:00,0,0,0,0,0,False,2026-05-03 03:00:49,5423,2026-05-01 21:00:00,CORRECT_TO_5423
2865086,117,2026-05-03 04:00:00,0,0,0,0,0,False,2026-05-03 04:00:50,5423,2026-05-01 21:00:00,CORRECT_TO_5423
2865307,117,2026-05-03 05:00:00,0,0,0,0,0,False,2026-05-03 05:00:49,5423,2026-05-01 21:00:00,CORRECT_TO_5423
2865523,117,2026-05-03 06:00:00,0,0,0,0,0,False,2026-05-03 06:00:51,5423,2026-05-01 21:00:00,CORRECT_TO_5423
2865736,117,2026-05-03 07:00:00,0,0,0,0,0,False,2026-05-03 07:00:48,5423,2026-05-01 21:00:00,CORRECT_TO_5423
2865954,117,2026-05-03 08:00:00,0,0,0,0,0,False,2026-05-03 08:00:50,5423,2026-05-01 21:00:00,CORRECT_TO_5423
2866173,117,2026-05-03 09:00:00,0,0,0,0,0,False,2026-05-03 09:00:51,5423,2026-05-01 21:00:00,CORRECT_TO_5423
2866390,117,2026-05-03 10:00:00,0,0,0,0,0,False,2026-05-03 10:00:49,5423,2026-05-01 21:00:00,CORRECT_TO_5423
2866602,117,2026-05-03 11:00:00,0,0,0,0,0,False,2026-05-03 11:00:50,5423,2026-05-01 21:00:00,CORRECT_TO_5423
2866821,117,2026-05-03 12:00:00,0,0,0,0,0,False,2026-05-03 12:00:52,5423,2026-05-01 21:00:00,CORRECT_TO_5423
2867044,117,2026-05-03 13:00:00,0,0,0,0,0,False,2026-05-03 13:00:52,5423,2026-05-01 21:00:00,CORRECT_TO_5423
2867262,117,2026-05-03 14:00:00,0,0,0,0,0,False,2026-05-03 14:00:51,5423,2026-05-01 21:00:00,CORRECT_TO_5423
2867477,117,2026-05-03 15:00:00,0,0,0,0,0,False,2026-05-03 15:00:51,5423,2026-05-01 21:00:00,CORRECT_TO_5423
2867696,117,2026-05-03 16:00:00,0,0,0,0,0,False,2026-05-03 16:00:52,5423,2026-05-01 21:00:00,CORRECT_TO_5423
2867909,117,2026-05-03 17:00:00,0,0,0,0,0,False,2026-05-03 17:00:52,5423,2026-05-01 21:00:00,CORRECT_TO_5423
2868115,117,2026-05-03 18:00:00,0,0,0,0,0,False,2026-05-03 18:00:51,5423,2026-05-01 21:00:00,CORRECT_TO_5423
2868346,117,2026-05-03 19:00:00,0,0,0,0,0,False,2026-05-03 19:00:51,5423,2026-05-01 21:00:00,CORRECT_TO_5423
2868558,117,2026-05-03 20:00:00,0,0,0,0,0,False,2026-05-03 20:00:50,5423,2026-05-01 21:00:00,CORRECT_TO_5423
2868779,117,2026-05-03 21:00:00,0,0,0,0,0,False,2026-05-03 21:00:49,5423,2026-05-01 21:00:00,CORRECT_TO_5423
2868991,117,2026-05-03 22:00:00,0,0,0,0,0,False,2026-05-03 22:00:49,5423,2026-05-01 21:00:00,CORRECT_TO_5423
2869212,117,2026-05-03 23:00:00,0,0,0,0,0,False,2026-05-03 23:00:49,5423,2026-05-01 21:00:00,CORRECT_TO_5423
2869427,117,2026-05-04 00:00:00,0,0,0,0,0,False,2026-05-04 00:00:57,5423,2026-05-01 21:00:00,CORRECT_TO_5423
2869639,117,2026-05-04 01:00:00,0,0,0,0,0,False,2026-05-04 01:00:52,5423,2026-05-01 21:00:00,CORRECT_TO_5423
2869855,117,2026-05-04 02:00:00,0,0,0,0,0,False,2026-05-04 02:00:50,5423,2026-05-01 21:00:00,CORRECT_TO_5423
2870072,117,2026-05-04 03:00:00,0,0,0,0,0,False,2026-05-04 03:00:51,5423,2026-05-01 21:00:00,CORRECT_TO_5423
2870300,117,2026-05-04 04:00:00,0,0,0,0,0,False,2026-05-04 04:00:51,5423,2026-05-01 21:00:00,CORRECT_TO_5423
2870514,117,2026-05-04 05:00:00,0,0,0,0,0,False,2026-05-04 05:00:50,5423,2026-05-01 21:00:00,CORRECT_TO_5423
2870730,117,2026-05-04 06:00:00,0,0,0,0,0,False,2026-05-04 06:00:51,5423,2026-05-01 21:00:00,CORRECT_TO_5423
2870944,117,2026-05-04 07:00:00,0,0,0,0,0,False,2026-05-04 07:00:50,5423,2026-05-01 21:00:00,CORRECT_TO_5423
2871164,117,2026-05-04 08:00:00,0,0,0,0,0,False,2026-05-04 08:00:49,5423,2026-05-01 21:00:00,CORRECT_TO_5423
2871380,117,2026-05-04 09:00:00,0,0,0,0,0,False,2026-05-04 09:00:48,5423,2026-05-01 21:00:00,CORRECT_TO_5423
2871598,117,2026-05-04 10:00:00,0,0,0,0,0,False,2026-05-04 10:00:50,5423,2026-05-01 21:00:00,CORRECT_TO_5423
2871816,117,2026-05-04 11:00:00,0,0,0,0,0,False,2026-05-04 11:00:49,5423,2026-05-01 21:00:00,CORRECT_TO_5423
2872035,117,2026-05-04 12:00:00,0,0,0,0,0,False,2026-05-04 12:00:50,5423,2026-05-01 21:00:00,CORRECT_TO_5423
2872250,117,2026-05-04 13:00:00,0,0,0,0,0,False,2026-05-04 13:00:53,5423,2026-05-01 21:00:00,CORRECT_TO_5423
2872460,117,2026-05-04 14:00:00,0,0,0,0,0,False,2026-05-04 14:00:50,5423,2026-05-01 21:00:00,CORRECT_TO_5423
2872680,117,2026-05-04 15:00:00,0,0,0,0,0,False,2026-05-04 15:00:48,5423,2026-05-01 21:00:00,CORRECT_TO_5423
2872896,117,2026-05-04 16:00:00,0,0,0,0,0,False,2026-05-04 16:00:50,5423,2026-05-01 21:00:00,CORRECT_TO_5423
2873112,117,2026-05-04 17:00:00,0,0,0,0,0,False,2026-05-04 17:00:49,5423,2026-05-01 21:00:00,CORRECT_TO_5423
2873331,117,2026-05-04 18:00:00,0,0,0,0,0,False,2026-05-04 18:00:51,5423,2026-05-01 21:00:00,CORRECT_TO_5423
2873548,117,2026-05-04 19:00:00,0,0,0,0,0,False,2026-05-04 19:00:50,5423,2026-05-01 21:00:00,CORRECT_TO_5423
2873764,117,2026-05-04 20:00:00,0,0,0,0,0,False,2026-05-04 20:00:50,5423,2026-05-01 21:00:00,CORRECT_TO_5423
2873981,117,2026-05-04 21:00:00,0,0,0,0,0,False,2026-05-04 21:00:48,5423,2026-05-01 21:00:00,CORRECT_TO_5423
2874196,117,2026-05-04 22:00:00,0,0,0,0,0,False,2026-05-04 22:00:48,5423,2026-05-01 21:00:00,CORRECT_TO_5423
2874414,117,2026-05-04 23:00:00,0,0,0,0,0,False,2026-05-04 23:00:48,5423,2026-05-01 21:00:00,CORRECT_TO_5423
2874633,117,2026-05-05 00:00:00,0,0,0,0,0,False,2026-05-05 00:00:53,5423,2026-05-01 21:00:00,CORRECT_TO_5423
2874848,117,2026-05-05 01:00:00,0,0,0,0,0,False,2026-05-05 01:00:51,5423,2026-05-01 21:00:00,CORRECT_TO_5423
2875066,117,2026-05-05 02:00:00,0,0,0,0,0,False,2026-05-05 02:00:48,5423,2026-05-01 21:00:00,CORRECT_TO_5423
2875283,117,2026-05-05 03:00:00,0,0,0,0,0,False,2026-05-05 03:00:48,5423,2026-05-01 21:00:00,CORRECT_TO_5423
2875499,117,2026-05-05 04:00:00,0,0,0,0,0,False,2026-05-05 04:00:47,5423,2026-05-01 21:00:00,CORRECT_TO_5423
2875718,117,2026-05-05 05:00:00,0,0,0,0,0,False,2026-05-05 05:00:49,5423,2026-05-01 21:00:00,CORRECT_TO_5423
2875933,117,2026-05-05 06:00:00,0,0,0,0,0,False,2026-05-05 06:00:48,5423,2026-05-01 21:00:00,CORRECT_TO_5423
2876150,117,2026-05-05 07:00:00,0,0,0,0,0,False,2026-05-05 07:00:48,5423,2026-05-01 21:00:00,CORRECT_TO_5423
2876371,117,2026-05-05 08:00:00,0,0,0,0,0,False,2026-05-05 08:00:49,5423,2026-05-01 21:00:00,CORRECT_TO_5423
2876586,117,2026-05-05 09:00:00,0,0,0,0,0,False,2026-05-05 09:00:48,5423,2026-05-01 21:00:00,CORRECT_TO_5423
2876806,117,2026-05-05 10:00:00,0,0,0,0,0,False,2026-05-05 10:00:49,5423,2026-05-01 21:00:00,CORRECT_TO_5423
2877022,117,2026-05-05 11:00:00,0,0,0,0,0,False,2026-05-05 11:00:48,5423,2026-05-01 21:00:00,CORRECT_TO_5423
2877237,117,2026-05-05 12:00:00,0,0,0,0,0,False,2026-05-05 12:00:51,5423,2026-05-01 21:00:00,CORRECT_TO_5423
2877457,117,2026-05-05 13:00:00,0,0,0,0,0,False,2026-05-05 13:00:53,5423,2026-05-01 21:00:00,CORRECT_TO_5423
2877660,117,2026-05-05 14:00:00,0,0,0,0,0,False,2026-05-05 14:00:51,5423,2026-05-01 21:00:00,CORRECT_TO_5423
2877896,117,2026-05-05 15:00:00,0,0,0,0,0,False,2026-05-05 15:00:52,5423,2026-05-01 21:00:00,CORRECT_TO_5423
2878110,117,2026-05-05 16:00:00,0,0,0,0,0,False,2026-05-05 16:00:49,5423,2026-05-01 21:00:00,CORRECT_TO_5423
2878321,117,2026-05-05 17:00:00,0,0,0,0,0,False,2026-05-05 17:00:50,5423,2026-05-01 21:00:00,CORRECT_TO_5423
2878539,117,2026-05-05 18:00:00,0,0,0,0,0,False,2026-05-05 18:00:47,5423,2026-05-01 21:00:00,CORRECT_TO_5423
2878749,117,2026-05-05 19:00:00,0,0,0,0,0,False,2026-05-05 19:00:50,5423,2026-05-01 21:00:00,CORRECT_TO_5423
2878972,117,2026-05-05 20:00:00,0,0,0,0,0,False,2026-05-05 20:00:50,5423,2026-05-01 21:00:00,CORRECT_TO_5423
2879193,117,2026-05-05 21:00:00,0,0,0,0,0,False,2026-05-05 21:00:49,5423,2026-05-01 21:00:00,CORRECT_TO_5423
2879407,117,2026-05-05 22:00:00,0,0,0,0,0,False,2026-05-05 22:00:49,5423,2026-05-01 21:00:00,CORRECT_TO_5423
2879623,117,2026-05-05 23:00:00,0,0,0,0,0,False,2026-05-05 23:00:48,5423,2026-05-01 21:00:00,CORRECT_TO_5423
2879838,117,2026-05-06 00:00:00,0,0,0,0,0,False,2026-05-06 00:00:53,5423,2026-05-01 21:00:00,CORRECT_TO_5423
2880057,117,2026-05-06 01:00:00,0,0,0,0,0,False,2026-05-06 01:00:50,5423,2026-05-01 21:00:00,CORRECT_TO_5423
2880273,117,2026-05-06 02:00:00,0,0,0,0,0,False,2026-05-06 02:00:49,5423,2026-05-01 21:00:00,CORRECT_TO_5423
2880490,117,2026-05-06 03:00:00,0,0,0,0,0,False,2026-05-06 03:00:49,5423,2026-05-01 21:00:00,CORRECT_TO_5423
2880713,117,2026-05-06 04:00:00,0,0,0,0,0,False,2026-05-06 04:00:48,5423,2026-05-01 21:00:00,CORRECT_TO_5423
2880927,117,2026-05-06 05:00:00,0,0,0,0,0,False,2026-05-06 05:00:47,5423,2026-05-01 21:00:00,CORRECT_TO_5423
2881140,117,2026-05-06 06:00:00,0,0,0,0,0,False,2026-05-06 06:00:48,5423,2026-05-01 21:00:00,CORRECT_TO_5423
2881360,117,2026-05-06 07:00:00,0,0,0,0,0,False,2026-05-06 07:00:49,5423,2026-05-01 21:00:00,CORRECT_TO_5423
2881578,117,2026-05-06 08:00:00,0,0,0,0,0,False,2026-05-06 08:00:48,5423,2026-05-01 21:00:00,CORRECT_TO_5423
2881797,117,2026-05-06 09:00:00,0,0,0,0,0,False,2026-05-06 09:00:48,5423,2026-05-01 21:00:00,CORRECT_TO_5423
2882004,117,2026-05-06 10:00:00,0,0,0,0,0,False,2026-05-06 10:00:49,5423,2026-05-01 21:00:00,CORRECT_TO_5423
2882224,117,2026-05-06 11:00:00,0,0,0,0,0,False,2026-05-06 11:00:47,5423,2026-05-01 21:00:00,CORRECT_TO_5423
2882441,117,2026-05-06 12:00:00,0,0,0,0,0,False,2026-05-06 12:00:51,5423,2026-05-01 21:00:00,CORRECT_TO_5423
2882661,117,2026-05-06 13:00:00,0,0,0,0,0,False,2026-05-06 13:00:54,5423,2026-05-01 21:00:00,CORRECT_TO_5423
2882876,117,2026-05-06 14:00:00,0,0,0,0,0,False,2026-05-06 14:00:53,5423,2026-05-01 21:00:00,CORRECT_TO_5423
2883093,117,2026-05-06 15:00:00,0,0,0,0,0,False,2026-05-06 15:00:50,5423,2026-05-01 21:00:00,CORRECT_TO_5423
2883309,117,2026-05-06 16:00:00,0,0,0,0,0,False,2026-05-06 16:00:50,5423,2026-05-01 21:00:00,CORRECT_TO_5423
2883533,117,2026-05-06 17:00:00,0,0,0,0,0,False,2026-05-06 17:00:50,5423,2026-05-01 21:00:00,CORRECT_TO_5423
2883747,117,2026-05-06 18:00:00,0,0,0,0,0,False,2026-05-06 18:00:51,5423,2026-05-01 21:00:00,CORRECT_TO_5423
2883963,117,2026-05-06 19:00:00,0,0,0,0,0,False,2026-05-06 19:00:50,5423,2026-05-01 21:00:00,CORRECT_TO_5423
2884175,117,2026-05-06 20:00:00,0,0,0,0,0,False,2026-05-06 20:00:49,5423,2026-05-01 21:00:00,CORRECT_TO_5423
2884397,117,2026-05-06 21:00:00,0,0,0,0,0,False,2026-05-06 21:00:48,5423,2026-05-01 21:00:00,CORRECT_TO_5423
2884614,117,2026-05-06 22:00:00,0,0,0,0,0,False,2026-05-06 22:00:48,5423,2026-05-01 21:00:00,CORRECT_TO_5423
2884831,117,2026-05-06 23:00:00,0,0,0,0,0,False,2026-05-06 23:00:49,5423,2026-05-01 21:00:00,CORRECT_TO_5423
2885044,117,2026-05-07 00:00:00,0,0,0,0,0,False,2026-05-07 00:00:55,5423,2026-05-01 21:00:00,CORRECT_TO_5423
2885261,117,2026-05-07 01:00:00,0,0,0,0,0,False,2026-05-07 01:00:52,5423,2026-05-01 21:00:00,CORRECT_TO_5423
2885482,117,2026-05-07 02:00:00,0,0,0,0,0,False,2026-05-07 02:00:50,5423,2026-05-01 21:00:00,CORRECT_TO_5423
2885700,117,2026-05-07 03:00:00,0,0,0,0,0,False,2026-05-07 03:00:48,5423,2026-05-01 21:00:00,CORRECT_TO_5423
2885921,117,2026-05-07 04:00:00,0,0,0,0,0,False,2026-05-07 04:00:49,5423,2026-05-01 21:00:00,CORRECT_TO_5423
2886137,117,2026-05-07 05:00:00,0,0,0,0,0,False,2026-05-07 05:00:50,5423,2026-05-01 21:00:00,CORRECT_TO_5423
2886354,117,2026-05-07 06:00:00,0,0,0,0,0,False,2026-05-07 06:00:48,5423,2026-05-01 21:00:00,CORRECT_TO_5423
2886564,117,2026-05-07 07:00:00,0,0,0,0,0,False,2026-05-07 07:00:48,5423,2026-05-01 21:00:00,CORRECT_TO_5423
2886785,117,2026-05-07 08:00:00,0,0,0,0,0,False,2026-05-07 08:00:49,5423,2026-05-01 21:00:00,CORRECT_TO_5423
2887003,117,2026-05-07 09:00:00,0,0,0,0,0,False,2026-05-07 09:00:49,5423,2026-05-01 21:00:00,CORRECT_TO_5423
2887215,117,2026-05-07 10:00:00,0,0,0,0,0,False,2026-05-07 10:00:49,5423,2026-05-01 21:00:00,CORRECT_TO_5423
2887430,117,2026-05-07 11:00:00,0,0,0,0,0,False,2026-05-07 11:00:49,5423,2026-05-01 21:00:00,CORRECT_TO_5423
2887655,117,2026-05-07 12:00:00,0,0,0,0,0,False,2026-05-07 12:00:52,5423,2026-05-01 21:00:00,CORRECT_TO_5423
2887880,117,2026-05-07 13:00:00,0,0,0,0,0,False,2026-05-07 13:00:57,5423,2026-05-01 21:00:00,CORRECT_TO_5423
2888090,117,2026-05-07 14:00:00,0,0,0,0,0,False,2026-05-07 14:00:54,5423,2026-05-01 21:00:00,CORRECT_TO_5423
2888306,117,2026-05-07 15:00:00,0,0,0,0,0,False,2026-05-07 15:00:52,5423,2026-05-01 21:00:00,CORRECT_TO_5423
2888525,117,2026-05-07 16:00:00,0,0,0,0,0,False,2026-05-07 16:00:53,5423,2026-05-01 21:00:00,CORRECT_TO_5423
2888742,117,2026-05-07 17:00:00,0,0,0,0,0,False,2026-05-07 17:00:51,5423,2026-05-01 21:00:00,CORRECT_TO_5423
2888958,117,2026-05-07 18:00:00,0,0,0,0,0,False,2026-05-07 18:00:51,5423,2026-05-01 21:00:00,CORRECT_TO_5423
2889177,117,2026-05-07 19:00:00,0,0,0,0,0,False,2026-05-07 19:00:52,5423,2026-05-01 21:00:00,CORRECT_TO_5423
2889391,117,2026-05-07 20:00:00,0,0,0,0,0,False,2026-05-07 20:00:51,5423,2026-05-01 21:00:00,CORRECT_TO_5423
2889659,117,2026-05-07 21:00:00,0,0,0,0,0,False,2026-05-07 21:00:51,5423,2026-05-01 21:00:00,CORRECT_TO_5423
2889933,117,2026-05-07 22:00:00,0,0,0,0,0,False,2026-05-07 22:00:50,5423,2026-05-01 21:00:00,CORRECT_TO_5423
2890209,117,2026-05-07 23:00:00,0,0,0,0,0,False,2026-05-07 23:00:51,5423,2026-05-01 21:00:00,CORRECT_TO_5423
2890486,117,2026-05-08 00:00:00,0,0,0,0,0,False,2026-05-08 00:00:57,5423,2026-05-01 21:00:00,CORRECT_TO_5423
2890764,117,2026-05-08 01:00:00,0,0,0,0,0,False,2026-05-08 01:00:58,5423,2026-05-01 21:00:00,CORRECT_TO_5423
2891046,117,2026-05-08 02:00:00,0,0,0,0,0,False,2026-05-08 02:00:57,5423,2026-05-01 21:00:00,CORRECT_TO_5423
2891318,117,2026-05-08 03:00:00,0,0,0,0,0,False,2026-05-08 03:00:50,5423,2026-05-01 21:00:00,CORRECT_TO_5423
2891611,117,2026-05-08 04:00:00,0,0,0,0,0,False,2026-05-08 04:01:04,5423,2026-05-01 21:00:00,CORRECT_TO_5423
2891875,117,2026-05-08 05:00:00,0,0,0,0,0,False,2026-05-08 05:01:01,5423,2026-05-01 21:00:00,CORRECT_TO_5423
2892163,117,2026-05-08 06:00:00,0,0,0,0,0,False,2026-05-08 06:01:14,5423,2026-05-01 21:00:00,CORRECT_TO_5423
2892427,117,2026-05-08 07:00:00,0,0,0,0,0,False,2026-05-08 07:00:51,5423,2026-05-01 21:00:00,CORRECT_TO_5423
2892704,117,2026-05-08 08:00:00,0,0,0,0,0,False,2026-05-08 08:00:50,5423,2026-05-01 21:00:00,CORRECT_TO_5423
2892980,117,2026-05-08 09:00:00,0,0,0,0,0,False,2026-05-08 09:00:50,5423,2026-05-01 21:00:00,CORRECT_TO_5423
2893260,117,2026-05-08 10:00:00,0,0,0,0,0,False,2026-05-08 10:00:50,5423,2026-05-01 21:00:00,CORRECT_TO_5423
2893538,117,2026-05-08 11:00:00,0,0,0,0,0,False,2026-05-08 11:00:48,5423,2026-05-01 21:00:00,CORRECT_TO_5423
2893809,117,2026-05-08 12:00:00,0,0,0,0,0,False,2026-05-08 12:00:51,5423,2026-05-01 21:00:00,CORRECT_TO_5423
2894088,117,2026-05-08 13:00:00,0,0,0,0,0,False,2026-05-08 13:00:53,5423,2026-05-01 21:00:00,CORRECT_TO_5423
2894361,117,2026-05-08 14:00:00,0,0,0,0,0,False,2026-05-08 14:00:52,5423,2026-05-01 21:00:00,CORRECT_TO_5423
2894646,117,2026-05-08 15:00:00,0,0,0,0,0,False,2026-05-08 15:00:54,5423,2026-05-01 21:00:00,CORRECT_TO_5423
2894922,117,2026-05-08 16:00:00,0,0,0,0,0,False,2026-05-08 16:00:59,5423,2026-05-01 21:00:00,CORRECT_TO_5423
2895203,117,2026-05-08 17:00:00,0,0,0,0,0,False,2026-05-08 17:00:53,5423,2026-05-01 21:00:00,CORRECT_TO_5423
2895477,117,2026-05-08 18:00:00,0,0,0,0,0,False,2026-05-08 18:00:53,5423,2026-05-01 21:00:00,CORRECT_TO_5423
2895744,117,2026-05-08 19:00:00,0,0,0,0,0,False,2026-05-08 19:00:53,5423,2026-05-01 21:00:00,CORRECT_TO_5423
2896015,117,2026-05-08 20:00:00,0,0,0,0,0,False,2026-05-08 20:00:50,5423,2026-05-01 21:00:00,CORRECT_TO_5423
2896308,117,2026-05-08 21:00:00,0,0,0,0,0,False,2026-05-08 21:00:50,5423,2026-05-01 21:00:00,CORRECT_TO_5423
2896589,117,2026-05-08 22:00:00,0,0,0,0,0,False,2026-05-08 22:00:50,5423,2026-05-01 21:00:00,CORRECT_TO_5423
2896862,117,2026-05-08 23:00:00,0,0,0,0,0,False,2026-05-08 23:00:59,5423,2026-05-01 21:00:00,CORRECT_TO_5423
2897136,117,2026-05-09 00:00:00,0,0,0,0,0,False,2026-05-09 00:00:58,5423,2026-05-01 21:00:00,CORRECT_TO_5423
2897411,117,2026-05-09 01:00:00,0,0,0,0,0,False,2026-05-09 01:00:55,5423,2026-05-01 21:00:00,CORRECT_TO_5423
2897686,117,2026-05-09 02:00:00,0,0,0,0,0,False,2026-05-09 02:00:50,5423,2026-05-01 21:00:00,CORRECT_TO_5423
2897967,117,2026-05-09 03:00:00,0,0,0,0,0,False,2026-05-09 03:00:50,5423,2026-05-01 21:00:00,CORRECT_TO_5423
2898239,117,2026-05-09 04:00:00,0,0,0,0,0,False,2026-05-09 04:00:51,5423,2026-05-01 21:00:00,CORRECT_TO_5423
2898521,117,2026-05-09 05:00:00,0,0,0,0,0,False,2026-05-09 05:00:54,5423,2026-05-01 21:00:00,CORRECT_TO_5423
2898796,117,2026-05-09 06:00:00,0,0,0,0,0,False,2026-05-09 06:00:51,5423,2026-05-01 21:00:00,CORRECT_TO_5423
2899076,117,2026-05-09 07:00:00,0,0,0,0,0,False,2026-05-09 07:00:52,5423,2026-05-01 21:00:00,CORRECT_TO_5423
2899353,117,2026-05-09 08:00:00,0,0,0,0,0,False,2026-05-09 08:00:50,5423,2026-05-01 21:00:00,CORRECT_TO_5423
2899631,117,2026-05-09 09:00:00,0,0,0,0,0,False,2026-05-09 09:00:50,5423,2026-05-01 21:00:00,CORRECT_TO_5423
2899907,117,2026-05-09 10:00:00,0,0,0,0,0,False,2026-05-09 10:00:50,5423,2026-05-01 21:00:00,CORRECT_TO_5423
2900181,117,2026-05-09 11:00:00,0,0,0,0,0,False,2026-05-09 11:00:50,5423,2026-05-01 21:00:00,CORRECT_TO_5423
2900444,117,2026-05-09 12:00:00,0,0,0,0,0,False,2026-05-09 12:00:52,5423,2026-05-01 21:00:00,CORRECT_TO_5423
2900728,117,2026-05-09 13:00:00,0,0,0,0,0,False,2026-05-09 13:00:55,5423,2026-05-01 21:00:00,CORRECT_TO_5423
2901000,117,2026-05-09 14:00:00,0,0,0,0,0,False,2026-05-09 14:00:51,5423,2026-05-01 21:00:00,CORRECT_TO_5423
2901290,117,2026-05-09 15:00:00,0,0,0,0,0,False,2026-05-09 15:00:50,5423,2026-05-01 21:00:00,CORRECT_TO_5423
2901569,117,2026-05-09 16:00:00,0,0,0,0,0,False,2026-05-09 16:00:51,5423,2026-05-01 21:00:00,CORRECT_TO_5423
2901845,117,2026-05-09 17:00:00,0,0,0,0,0,False,2026-05-09 17:00:50,5423,2026-05-01 21:00:00,CORRECT_TO_5423
2902129,117,2026-05-09 18:00:00,0,0,0,0,0,False,2026-05-09 18:00:50,5423,2026-05-01 21:00:00,CORRECT_TO_5423
2902403,117,2026-05-09 19:00:00,0,0,0,0,0,False,2026-05-09 19:00:50,5423,2026-05-01 21:00:00,CORRECT_TO_5423
2902679,117,2026-05-09 20:00:00,0,0,0,0,0,False,2026-05-09 20:00:50,5423,2026-05-01 21:00:00,CORRECT_TO_5423
2902952,117,2026-05-09 21:00:00,0,0,0,0,0,False,2026-05-09 21:00:50,5423,2026-05-01 21:00:00,CORRECT_TO_5423
2903233,117,2026-05-09 22:00:00,0,0,0,0,0,False,2026-05-09 22:00:50,5423,2026-05-01 21:00:00,CORRECT_TO_5423
2903510,117,2026-05-09 23:00:00,0,0,0,0,0,False,2026-05-09 23:00:51,5423,2026-05-01 21:00:00,CORRECT_TO_5423
2903785,117,2026-05-10 00:00:00,0,0,0,0,0,False,2026-05-10 00:00:56,5423,2026-05-01 21:00:00,CORRECT_TO_5423
2904058,117,2026-05-10 01:00:00,0,0,0,0,0,False,2026-05-10 01:00:53,5423,2026-05-01 21:00:00,CORRECT_TO_5423
2904337,117,2026-05-10 02:00:00,0,0,0,0,0,False,2026-05-10 02:00:49,5423,2026-05-01 21:00:00,CORRECT_TO_5423
2904598,117,2026-05-10 03:00:00,0,0,0,0,0,False,2026-05-10 03:00:49,5423,2026-05-01 21:00:00,CORRECT_TO_5423
2904879,117,2026-05-10 04:00:00,0,0,0,0,0,False,2026-05-10 04:00:50,5423,2026-05-01 21:00:00,CORRECT_TO_5423
2905153,117,2026-05-10 05:00:00,0,0,0,0,0,False,2026-05-10 05:00:50,5423,2026-05-01 21:00:00,CORRECT_TO_5423
2905453,117,2026-05-10 06:00:00,0,0,0,0,0,False,2026-05-10 06:00:50,5423,2026-05-01 21:00:00,CORRECT_TO_5423
2905707,117,2026-05-10 07:00:00,0,0,0,0,0,False,2026-05-10 07:00:49,5423,2026-05-01 21:00:00,CORRECT_TO_5423
2906007,117,2026-05-10 08:00:00,0,0,0,0,0,False,2026-05-10 08:00:52,5423,2026-05-01 21:00:00,CORRECT_TO_5423
2906277,117,2026-05-10 09:00:00,0,0,0,0,0,False,2026-05-10 09:00:50,5423,2026-05-01 21:00:00,CORRECT_TO_5423
2906551,117,2026-05-10 10:00:00,0,0,0,0,0,False,2026-05-10 10:00:49,5423,2026-05-01 21:00:00,CORRECT_TO_5423
2906825,117,2026-05-10 11:00:00,0,0,0,0,0,False,2026-05-10 11:00:48,5423,2026-05-01 21:00:00,CORRECT_TO_5423
2907106,117,2026-05-10 12:00:00,0,0,0,0,0,False,2026-05-10 12:00:51,5423,2026-05-01 21:00:00,CORRECT_TO_5423
2907387,117,2026-05-10 13:00:00,0,0,0,0,0,False,2026-05-10 13:00:56,5423,2026-05-01 21:00:00,CORRECT_TO_5423
2907660,117,2026-05-10 14:00:00,0,0,0,0,0,False,2026-05-10 14:00:49,5423,2026-05-01 21:00:00,CORRECT_TO_5423
2907936,117,2026-05-10 15:00:00,0,0,0,0,0,False,2026-05-10 15:00:50,5423,2026-05-01 21:00:00,CORRECT_TO_5423
2908212,117,2026-05-10 16:00:00,0,0,0,0,0,False,2026-05-10 16:00:52,5423,2026-05-01 21:00:00,CORRECT_TO_5423
2908490,117,2026-05-10 17:00:00,0,0,0,0,0,False,2026-05-10 17:00:51,5423,2026-05-01 21:00:00,CORRECT_TO_5423
2908768,117,2026-05-10 18:00:00,0,0,0,0,0,False,2026-05-10 18:00:53,5423,2026-05-01 21:00:00,CORRECT_TO_5423
2909042,117,2026-05-10 19:00:00,0,0,0,0,0,False,2026-05-10 19:00:52,5423,2026-05-01 21:00:00,CORRECT_TO_5423
2909317,117,2026-05-10 20:00:00,0,0,0,0,0,False,2026-05-10 20:00:50,5423,2026-05-01 21:00:00,CORRECT_TO_5423
2909584,117,2026-05-10 21:00:00,0,0,0,0,0,False,2026-05-10 21:00:49,5423,2026-05-01 21:00:00,CORRECT_TO_5423
2909869,117,2026-05-10 22:00:00,0,0,0,0,0,False,2026-05-10 22:00:49,5423,2026-05-01 21:00:00,CORRECT_TO_5423
2910158,117,2026-05-10 23:00:00,0,0,0,0,0,False,2026-05-10 23:00:50,5423,2026-05-01 21:00:00,CORRECT_TO_5423
2910428,117,2026-05-11 00:00:00,0,0,0,0,0,False,2026-05-11 00:00:55,5423,2026-05-01 21:00:00,CORRECT_TO_5423
2910712,117,2026-05-11 01:00:00,0,0,0,0,0,False,2026-05-11 01:00:54,5423,2026-05-01 21:00:00,CORRECT_TO_5423
2910982,117,2026-05-11 02:00:00,0,0,0,0,0,False,2026-05-11 02:00:49,5423,2026-05-01 21:00:00,CORRECT_TO_5423
2911264,117,2026-05-11 03:00:00,0,0,0,0,0,False,2026-05-11 03:00:51,5423,2026-05-01 21:00:00,CORRECT_TO_5423
2911534,117,2026-05-11 04:00:00,0,0,0,0,0,False,2026-05-11 04:00:50,5423,2026-05-01 21:00:00,CORRECT_TO_5423
2911817,117,2026-05-11 05:00:00,0,0,0,0,0,False,2026-05-11 05:00:53,5423,2026-05-01 21:00:00,CORRECT_TO_5423
2912091,117,2026-05-11 06:00:00,0,0,0,0,0,False,2026-05-11 06:00:53,5423,2026-05-01 21:00:00,CORRECT_TO_5423
2912369,117,2026-05-11 07:00:00,0,0,0,0,0,False,2026-05-11 07:00:52,5423,2026-05-01 21:00:00,CORRECT_TO_5423
2912647,117,2026-05-11 08:00:00,0,0,0,0,0,False,2026-05-11 08:00:52,5423,2026-05-01 21:00:00,CORRECT_TO_5423
2912925,117,2026-05-11 09:00:00,0,0,0,0,0,False,2026-05-11 09:00:50,5423,2026-05-01 21:00:00,CORRECT_TO_5423
2913199,117,2026-05-11 10:00:00,0,0,0,0,0,False,2026-05-11 10:00:52,5423,2026-05-01 21:00:00,CORRECT_TO_5423
2913476,117,2026-05-11 11:00:00,0,0,0,0,0,False,2026-05-11 11:00:51,5423,2026-05-01 21:00:00,CORRECT_TO_5423
2913754,117,2026-05-11 12:00:00,0,0,0,0,0,False,2026-05-11 12:00:54,5423,2026-05-01 21:00:00,CORRECT_TO_5423
2914033,117,2026-05-11 13:00:00,0,0,0,0,0,False,2026-05-11 13:00:59,5423,2026-05-01 21:00:00,CORRECT_TO_5423
2914296,117,2026-05-11 14:00:00,0,0,0,0,0,False,2026-05-11 14:00:55,5423,2026-05-01 21:00:00,CORRECT_TO_5423
2914589,117,2026-05-11 15:00:00,0,0,0,0,0,False,2026-05-11 15:00:54,5423,2026-05-01 21:00:00,CORRECT_TO_5423
2914849,117,2026-05-11 16:00:00,0,0,0,0,0,False,2026-05-11 16:00:53,5423,2026-05-01 21:00:00,CORRECT_TO_5423
2915142,117,2026-05-11 17:00:00,0,0,0,0,0,False,2026-05-11 17:00:54,5423,2026-05-01 21:00:00,CORRECT_TO_5423
2915416,117,2026-05-11 18:00:00,0,0,0,0,0,False,2026-05-11 18:00:54,5423,2026-05-01 21:00:00,CORRECT_TO_5423
2915692,117,2026-05-11 19:00:00,0,0,0,0,0,False,2026-05-11 19:00:53,5423,2026-05-01 21:00:00,CORRECT_TO_5423
2915964,117,2026-05-11 20:00:00,0,0,0,0,0,False,2026-05-11 20:00:52,5423,2026-05-01 21:00:00,CORRECT_TO_5423
2916240,117,2026-05-11 21:00:00,0,0,0,0,0,False,2026-05-11 21:00:51,5423,2026-05-01 21:00:00,CORRECT_TO_5423
2916519,117,2026-05-11 22:00:00,0,0,0,0,0,False,2026-05-11 22:00:51,5423,2026-05-01 21:00:00,CORRECT_TO_5423
2916798,117,2026-05-11 23:00:00,0,0,0,0,0,False,2026-05-11 23:00:50,5423,2026-05-01 21:00:00,CORRECT_TO_5423
2917066,117,2026-05-12 00:00:00,0,0,0,0,0,False,2026-05-12 00:00:56,5423,2026-05-01 21:00:00,CORRECT_TO_5423
2917345,117,2026-05-12 01:00:00,0,0,0,0,0,False,2026-05-12 01:00:52,5423,2026-05-01 21:00:00,CORRECT_TO_5423
2917618,117,2026-05-12 02:00:00,0,0,0,0,0,False,2026-05-12 02:00:50,5423,2026-05-01 21:00:00,CORRECT_TO_5423
2917902,117,2026-05-12 03:00:00,0,0,0,0,0,False,2026-05-12 03:00:51,5423,2026-05-01 21:00:00,CORRECT_TO_5423
2918179,117,2026-05-12 04:00:00,0,0,0,0,0,False,2026-05-12 04:00:48,5423,2026-05-01 21:00:00,CORRECT_TO_5423
2918450,117,2026-05-12 05:00:00,0,0,0,0,0,False,2026-05-12 05:00:53,5423,2026-05-01 21:00:00,CORRECT_TO_5423
2918724,117,2026-05-12 06:00:00,0,0,0,0,0,False,2026-05-12 06:00:52,5423,2026-05-01 21:00:00,CORRECT_TO_5423
2918989,117,2026-05-12 07:00:00,0,0,0,0,0,False,2026-05-12 07:00:52,5423,2026-05-01 21:00:00,CORRECT_TO_5423
2919283,117,2026-05-12 08:00:00,0,0,0,0,0,False,2026-05-12 08:00:53,5423,2026-05-01 21:00:00,CORRECT_TO_5423
2919550,117,2026-05-12 09:00:00,0,0,0,0,0,False,2026-05-12 09:00:50,5423,2026-05-01 21:00:00,CORRECT_TO_5423
2919832,117,2026-05-12 10:00:00,0,0,0,0,0,False,2026-05-12 10:00:52,5423,2026-05-01 21:00:00,CORRECT_TO_5423
2920104,117,2026-05-12 11:00:00,0,0,0,0,0,False,2026-05-12 11:00:51,5423,2026-05-01 21:00:00,CORRECT_TO_5423
2920379,117,2026-05-12 12:00:00,0,0,0,0,0,False,2026-05-12 12:00:54,5423,2026-05-01 21:00:00,CORRECT_TO_5423
2920663,117,2026-05-12 13:00:00,0,0,0,0,0,False,2026-05-12 13:01:00,5423,2026-05-01 21:00:00,CORRECT_TO_5423
2920938,117,2026-05-12 14:00:00,0,0,0,0,0,False,2026-05-12 14:00:53,5423,2026-05-01 21:00:00,CORRECT_TO_5423
2921210,117,2026-05-12 15:00:00,0,0,0,0,0,False,2026-05-12 15:00:51,5423,2026-05-01 21:00:00,CORRECT_TO_5423
2921486,117,2026-05-12 16:00:00,0,0,0,0,0,False,2026-05-12 16:00:52,5423,2026-05-01 21:00:00,CORRECT_TO_5423
2921756,117,2026-05-12 17:00:00,0,0,0,0,0,False,2026-05-12 17:00:54,5423,2026-05-01 21:00:00,CORRECT_TO_5423
2922027,117,2026-05-12 18:00:00,0,0,0,0,0,False,2026-05-12 18:00:55,5423,2026-05-01 21:00:00,CORRECT_TO_5423
2923298,117,2026-05-12 19:00:00,0,0,0,0,0,False,2026-05-12 19:00:57,5423,2026-05-01 21:00:00,CORRECT_TO_5423
2923569,117,2026-05-12 20:00:00,0,0,0,0,0,False,2026-05-12 20:00:54,5423,2026-05-01 21:00:00,CORRECT_TO_5423
2923843,117,2026-05-12 21:00:00,0,0,0,0,0,False,2026-05-12 21:00:56,5423,2026-05-01 21:00:00,CORRECT_TO_5423
2924127,117,2026-05-12 22:00:00,0,0,0,0,0,False,2026-05-12 22:01:11,5423,2026-05-01 21:00:00,CORRECT_TO_5423
2924378,117,2026-05-12 23:00:00,0,0,0,0,0,False,2026-05-12 23:00:53,5423,2026-05-01 21:00:00,CORRECT_TO_5423
2924648,117,2026-05-13 00:00:00,0,0,0,0,0,False,2026-05-13 00:01:03,5423,2026-05-01 21:00:00,CORRECT_TO_5423
2924914,117,2026-05-13 01:00:00,0,0,0,0,0,False,2026-05-13 01:01:00,5423,2026-05-01 21:00:00,CORRECT_TO_5423
2925188,117,2026-05-13 02:00:00,0,0,0,0,0,False,2026-05-13 02:00:52,5423,2026-05-01 21:00:00,CORRECT_TO_5423
2925454,117,2026-05-13 03:00:00,0,0,0,0,0,False,2026-05-13 03:00:52,5423,2026-05-01 21:00:00,CORRECT_TO_5423
2925729,117,2026-05-13 04:00:00,0,0,0,0,0,False,2026-05-13 04:00:55,5423,2026-05-01 21:00:00,CORRECT_TO_5423
2926002,117,2026-05-13 05:00:00,0,0,0,0,0,False,2026-05-13 05:00:55,5423,2026-05-01 21:00:00,CORRECT_TO_5423
2926271,117,2026-05-13 06:00:00,0,0,0,0,0,False,2026-05-13 06:00:55,5423,2026-05-01 21:00:00,CORRECT_TO_5423
2926542,117,2026-05-13 07:00:00,0,0,0,0,0,False,2026-05-13 07:00:57,5423,2026-05-01 21:00:00,CORRECT_TO_5423
2926815,117,2026-05-13 08:00:00,0,0,0,0,0,False,2026-05-13 08:00:59,5423,2026-05-01 21:00:00,CORRECT_TO_5423
2927079,117,2026-05-13 09:00:00,0,0,0,0,0,False,2026-05-13 09:00:54,5423,2026-05-01 21:00:00,CORRECT_TO_5423
2927348,117,2026-05-13 10:00:00,0,0,0,0,0,False,2026-05-13 10:00:55,5423,2026-05-01 21:00:00,CORRECT_TO_5423
2927618,117,2026-05-13 11:00:00,0,0,0,0,0,False,2026-05-13 11:00:54,5423,2026-05-01 21:00:00,CORRECT_TO_5423
2927890,117,2026-05-13 12:00:00,0,0,0,0,0,False,2026-05-13 12:01:01,5423,2026-05-01 21:00:00,CORRECT_TO_5423
2928182,117,2026-05-13 13:00:00,0,0,0,0,0,False,2026-05-13 13:01:22,5423,2026-05-01 21:00:00,CORRECT_TO_5423
2928432,117,2026-05-13 14:00:00,0,0,0,0,0,False,2026-05-13 14:00:57,5423,2026-05-01 21:00:00,CORRECT_TO_5423
2928705,117,2026-05-13 15:00:00,0,0,0,0,0,False,2026-05-13 15:01:02,5423,2026-05-01 21:00:00,CORRECT_TO_5423
2928970,117,2026-05-13 16:00:00,0,0,0,0,0,False,2026-05-13 16:01:00,5423,2026-05-01 21:00:00,CORRECT_TO_5423
2929234,117,2026-05-13 17:00:00,0,0,0,0,0,False,2026-05-13 17:00:57,5423,2026-05-01 21:00:00,CORRECT_TO_5423
2929500,117,2026-05-13 18:00:00,0,0,0,0,0,False,2026-05-13 18:00:56,5423,2026-05-01 21:00:00,CORRECT_TO_5423
2929770,117,2026-05-13 19:00:00,0,0,0,0,0,False,2026-05-13 19:00:57,5423,2026-05-01 21:00:00,CORRECT_TO_5423
2930042,117,2026-05-13 20:00:00,0,0,0,0,0,False,2026-05-13 20:00:57,5423,2026-05-01 21:00:00,CORRECT_TO_5423
2930301,117,2026-05-13 21:00:00,0,0,0,0,0,False,2026-05-13 21:00:56,5423,2026-05-01 21:00:00,CORRECT_TO_5423
2930734,117,2026-05-14 04:00:00,0,0,0,0,0,False,2026-05-14 04:02:02,5423,2026-05-01 21:00:00,CORRECT_TO_5423
2931025,117,2026-05-14 05:00:00,0,0,0,0,0,False,2026-05-14 05:00:59,5423,2026-05-01 21:00:00,CORRECT_TO_5423
2931290,117,2026-05-14 06:00:00,0,0,0,0,0,False,2026-05-14 06:01:01,5423,2026-05-01 21:00:00,CORRECT_TO_5423
2931565,117,2026-05-14 07:00:00,0,0,0,0,0,False,2026-05-14 07:01:05,5423,2026-05-01 21:00:00,CORRECT_TO_5423
2931812,117,2026-05-14 08:00:00,0,0,0,0,0,False,2026-05-14 08:01:00,5423,2026-05-01 21:00:00,CORRECT_TO_5423
2932097,117,2026-05-14 09:00:00,0,0,0,0,0,False,2026-05-14 09:01:03,5423,2026-05-01 21:00:00,CORRECT_TO_5423
2932372,117,2026-05-14 10:00:00,0,0,0,0,0,False,2026-05-14 10:00:59,5423,2026-05-01 21:00:00,CORRECT_TO_5423
2932621,117,2026-05-14 11:00:00,0,0,0,0,0,False,2026-05-14 11:01:01,5423,2026-05-01 21:00:00,CORRECT_TO_5423
2932909,117,2026-05-14 12:00:00,0,0,0,0,0,False,2026-05-14 12:01:08,5423,2026-05-01 21:00:00,CORRECT_TO_5423
2933182,117,2026-05-14 13:00:00,0,0,0,0,0,False,2026-05-14 13:01:06,5423,2026-05-01 21:00:00,CORRECT_TO_5423
2933446,117,2026-05-14 14:00:00,0,0,0,0,0,False,2026-05-14 14:01:03,5423,2026-05-01 21:00:00,CORRECT_TO_5423
2933709,117,2026-05-14 15:00:00,0,0,0,0,0,False,2026-05-14 15:01:02,5423,2026-05-01 21:00:00,CORRECT_TO_5423
2933978,117,2026-05-14 16:00:00,0,0,0,0,0,False,2026-05-14 16:01:01,5423,2026-05-01 21:00:00,CORRECT_TO_5423
2934253,117,2026-05-14 17:00:00,0,0,0,0,0,False,2026-05-14 17:01:03,5423,2026-05-01 21:00:00,CORRECT_TO_5423
2934532,117,2026-05-14 18:00:00,0,0,0,0,0,False,2026-05-14 18:01:14,5423,2026-05-01 21:00:00,CORRECT_TO_5423
2934788,117,2026-05-14 19:00:00,0,0,0,0,0,False,2026-05-14 19:01:02,5423,2026-05-01 21:00:00,CORRECT_TO_5423
2935038,117,2026-05-14 20:00:00,0,0,0,0,0,False,2026-05-14 20:01:03,5423,2026-05-01 21:00:00,CORRECT_TO_5423
2935314,117,2026-05-14 21:00:00,0,0,0,0,0,False,2026-05-14 21:00:57,5423,2026-05-01 21:00:00,CORRECT_TO_5423
2935620,117,2026-05-14 22:00:00,0,0,0,0,0,False,2026-05-14 22:01:25,5423,2026-05-01 21:00:00,CORRECT_TO_5423
2935857,117,2026-05-14 23:00:00,0,0,0,0,0,False,2026-05-14 23:00:55,5423,2026-05-01 21:00:00,CORRECT_TO_5423
2936131,117,2026-05-15 00:00:00,0,0,0,0,0,False,2026-05-15 00:01:02,5423,2026-05-01 21:00:00,CORRECT_TO_5423
2936432,117,2026-05-15 01:00:00,0,0,0,0,0,False,2026-05-15 01:01:39,5423,2026-05-01 21:00:00,CORRECT_TO_5423
2936669,117,2026-05-15 02:00:00,0,0,0,0,0,False,2026-05-15 02:00:58,5423,2026-05-01 21:00:00,CORRECT_TO_5423
2936988,117,2026-05-15 03:00:00,0,0,0,0,0,False,2026-05-15 03:02:08,5423,2026-05-01 21:00:00,CORRECT_TO_5423
2937216,117,2026-05-15 04:00:00,0,0,0,0,0,False,2026-05-15 04:01:01,5423,2026-05-01 21:00:00,CORRECT_TO_5423
2937477,117,2026-05-15 05:00:00,0,0,0,0,0,False,2026-05-15 05:00:58,5423,2026-05-01 21:00:00,CORRECT_TO_5423
2937762,117,2026-05-15 06:00:00,0,0,0,0,0,False,2026-05-15 06:01:08,5423,2026-05-01 21:00:00,CORRECT_TO_5423
2938016,117,2026-05-15 07:00:00,0,0,0,0,0,False,2026-05-15 07:00:54,5423,2026-05-01 21:00:00,CORRECT_TO_5423
2938284,117,2026-05-15 08:00:00,0,0,0,0,0,False,2026-05-15 08:00:55,5423,2026-05-01 21:00:00,CORRECT_TO_5423
2938552,117,2026-05-15 09:00:00,0,0,0,0,0,False,2026-05-15 09:00:56,5423,2026-05-01 21:00:00,CORRECT_TO_5423
2938816,117,2026-05-15 10:00:00,0,0,0,0,0,False,2026-05-15 10:00:54,5423,2026-05-01 21:00:00,CORRECT_TO_5423
2939110,117,2026-05-15 11:00:00,0,0,0,0,0,False,2026-05-15 11:01:15,5423,2026-05-01 21:00:00,CORRECT_TO_5423
2939361,117,2026-05-15 12:00:00,0,0,0,0,0,False,2026-05-15 12:00:58,5423,2026-05-01 21:00:00,CORRECT_TO_5423
2939645,117,2026-05-15 13:00:00,0,0,0,0,0,False,2026-05-15 13:01:17,5423,2026-05-01 21:00:00,CORRECT_TO_5423
2939912,117,2026-05-15 14:00:00,0,0,0,0,0,False,2026-05-15 14:01:24,5423,2026-05-01 21:00:00,CORRECT_TO_5423
2940176,117,2026-05-15 15:00:00,0,0,0,0,0,False,2026-05-15 15:01:16,5423,2026-05-01 21:00:00,CORRECT_TO_5423
2940436,117,2026-05-15 16:00:00,0,0,0,0,0,False,2026-05-15 16:01:01,5423,2026-05-01 21:00:00,CORRECT_TO_5423
2940704,117,2026-05-15 17:00:00,0,0,0,0,0,False,2026-05-15 17:01:06,5423,2026-05-01 21:00:00,CORRECT_TO_5423
2940972,117,2026-05-15 18:00:00,0,0,0,0,0,False,2026-05-15 18:01:08,5423,2026-05-01 21:00:00,CORRECT_TO_5423
2941238,117,2026-05-15 19:00:00,0,0,0,0,0,False,2026-05-15 19:01:18,5423,2026-05-01 21:00:00,CORRECT_TO_5423
2941492,117,2026-05-15 20:00:00,0,0,0,0,0,False,2026-05-15 20:00:56,5423,2026-05-01 21:00:00,CORRECT_TO_5423
2941794,117,2026-05-15 21:00:00,0,0,0,0,0,False,2026-05-15 21:02:05,5423,2026-05-01 21:00:00,CORRECT_TO_5423
2942032,117,2026-05-15 22:00:00,0,0,0,0,0,False,2026-05-15 22:00:53,5423,2026-05-01 21:00:00,CORRECT_TO_5423
2942299,117,2026-05-15 23:00:00,0,0,0,0,0,False,2026-05-15 23:00:57,5423,2026-05-01 21:00:00,CORRECT_TO_5423
2942559,117,2026-05-16 00:00:00,0,0,0,0,0,False,2026-05-16 00:01:09,5423,2026-05-01 21:00:00,CORRECT_TO_5423
2942849,117,2026-05-16 01:00:00,0,0,0,0,0,False,2026-05-16 01:01:59,5423,2026-05-01 21:00:00,CORRECT_TO_5423
2943109,117,2026-05-16 02:00:00,0,0,0,0,0,False,2026-05-16 02:00:58,5423,2026-05-01 21:00:00,CORRECT_TO_5423
2943387,117,2026-05-16 03:00:00,0,0,0,0,0,False,2026-05-16 03:01:01,5423,2026-05-01 21:00:00,CORRECT_TO_5423
2943646,117,2026-05-16 04:00:00,0,0,0,0,0,False,2026-05-16 04:00:57,5423,2026-05-01 21:00:00,CORRECT_TO_5423
2943885,117,2026-05-16 05:00:00,0,0,0,0,0,False,2026-05-16 05:00:55,5423,2026-05-01 21:00:00,CORRECT_TO_5423
2944159,117,2026-05-16 06:00:00,0,0,0,0,0,False,2026-05-16 06:01:05,5423,2026-05-01 21:00:00,CORRECT_TO_5423
2944438,117,2026-05-16 07:00:00,0,0,0,0,0,False,2026-05-16 07:01:09,5423,2026-05-01 21:00:00,CORRECT_TO_5423
2944723,117,2026-05-16 08:00:00,0,0,0,0,0,False,2026-05-16 08:01:29,5423,2026-05-01 21:00:00,CORRECT_TO_5423
2944983,117,2026-05-16 09:00:00,0,0,0,0,0,False,2026-05-16 09:01:14,5423,2026-05-01 21:00:00,CORRECT_TO_5423
2945227,117,2026-05-16 10:00:00,0,0,0,0,0,False,2026-05-16 10:00:53,5423,2026-05-01 21:00:00,CORRECT_TO_5423
2945496,117,2026-05-16 11:00:00,0,0,0,0,0,False,2026-05-16 11:00:53,5423,2026-05-01 21:00:00,CORRECT_TO_5423
2945765,117,2026-05-16 12:00:00,0,0,0,0,0,False,2026-05-16 12:00:58,5423,2026-05-01 21:00:00,CORRECT_TO_5423
2946034,117,2026-05-16 13:00:00,0,0,0,0,0,False,2026-05-16 13:00:57,5423,2026-05-01 21:00:00,CORRECT_TO_5423
2946340,117,2026-05-16 14:00:00,0,0,0,0,0,False,2026-05-16 14:01:45,5423,2026-05-01 21:00:00,CORRECT_TO_5423
2946570,117,2026-05-16 15:00:00,0,0,0,0,0,False,2026-05-16 15:00:51,5423,2026-05-01 21:00:00,CORRECT_TO_5423
2946844,117,2026-05-16 16:00:00,0,0,0,0,0,False,2026-05-16 16:00:57,5423,2026-05-01 21:00:00,CORRECT_TO_5423
2947100,117,2026-05-16 17:00:00,0,0,0,0,0,False,2026-05-16 17:00:51,5423,2026-05-01 21:00:00,CORRECT_TO_5423
2947397,117,2026-05-16 18:00:00,0,0,0,0,0,False,2026-05-16 18:02:02,5423,2026-05-01 21:00:00,CORRECT_TO_5423
2947646,117,2026-05-16 19:00:00,0,0,0,0,0,False,2026-05-16 19:01:27,5423,2026-05-01 21:00:00,CORRECT_TO_5423
2947902,117,2026-05-16 20:00:00,0,0,0,0,0,False,2026-05-16 20:00:55,5423,2026-05-01 21:00:00,CORRECT_TO_5423
2948186,117,2026-05-16 21:00:00,0,0,0,0,0,False,2026-05-16 21:00:51,5423,2026-05-01 21:00:00,CORRECT_TO_5423
2948465,117,2026-05-16 22:00:00,0,0,0,0,0,False,2026-05-16 22:00:53,5423,2026-05-01 21:00:00,CORRECT_TO_5423
2948775,117,2026-05-16 23:00:00,0,0,0,0,0,False,2026-05-16 23:06:07,5423,2026-05-01 21:00:00,CORRECT_TO_5423
2949030,117,2026-05-17 00:00:00,0,0,0,0,0,False,2026-05-17 00:07:07,5423,2026-05-01 21:00:00,CORRECT_TO_5423
2949298,117,2026-05-17 01:00:00,0,0,0,0,0,False,2026-05-17 01:07:01,5423,2026-05-01 21:00:00,CORRECT_TO_5423
2949567,117,2026-05-17 02:00:00,0,0,0,0,0,False,2026-05-17 02:06:24,5423,2026-05-01 21:00:00,CORRECT_TO_5423
2949754,117,2026-05-17 03:00:00,0,0,0,0,0,False,2026-05-17 03:00:45,5423,2026-05-01 21:00:00,CORRECT_TO_5423
2950037,117,2026-05-17 04:00:00,0,0,0,0,0,False,2026-05-17 04:01:05,5423,2026-05-01 21:00:00,CORRECT_TO_5423
2950328,117,2026-05-17 05:00:00,0,0,0,0,0,False,2026-05-17 05:01:07,5423,2026-05-01 21:00:00,CORRECT_TO_5423
2950599,117,2026-05-17 06:00:00,0,0,0,0,0,False,2026-05-17 06:02:28,5423,2026-05-01 21:00:00,CORRECT_TO_5423
2950838,117,2026-05-17 07:00:00,0,0,0,0,0,False,2026-05-17 07:02:27,5423,2026-05-01 21:00:00,CORRECT_TO_5423
2951077,117,2026-05-17 08:00:00,0,0,0,0,0,False,2026-05-17 08:02:27,5423,2026-05-01 21:00:00,CORRECT_TO_5423
2951316,117,2026-05-17 09:00:00,0,0,0,0,0,False,2026-05-17 09:02:27,5423,2026-05-01 21:00:00,CORRECT_TO_5423
2951555,117,2026-05-17 10:00:00,0,0,0,0,0,False,2026-05-17 10:02:28,5423,2026-05-01 21:00:00,CORRECT_TO_5423
2951794,117,2026-05-17 11:00:00,0,0,0,0,0,False,2026-05-17 11:02:25,5423,2026-05-01 21:00:00,CORRECT_TO_5423
2952033,117,2026-05-17 12:00:00,0,0,0,0,0,False,2026-05-17 12:02:44,5423,2026-05-01 21:00:00,CORRECT_TO_5423
2952272,117,2026-05-17 13:00:00,0,0,0,0,0,False,2026-05-17 13:02:29,5423,2026-05-01 21:00:00,CORRECT_TO_5423
2952511,117,2026-05-17 14:00:00,0,0,0,0,0,False,2026-05-17 14:02:28,5423,2026-05-01 21:00:00,CORRECT_TO_5423
2952750,117,2026-05-17 15:00:00,0,0,0,0,0,False,2026-05-17 15:02:27,5423,2026-05-01 21:00:00,CORRECT_TO_5423
2952989,117,2026-05-17 16:00:00,0,0,0,0,0,False,2026-05-17 16:02:30,5423,2026-05-01 21:00:00,CORRECT_TO_5423
2953227,117,2026-05-17 17:00:00,0,0,0,0,0,False,2026-05-17 17:02:26,5423,2026-05-01 21:00:00,CORRECT_TO_5423
2953466,117,2026-05-17 18:00:00,0,0,0,0,0,False,2026-05-17 18:02:26,5423,2026-05-01 21:00:00,CORRECT_TO_5423
2953704,117,2026-05-17 19:00:00,0,0,0,0,0,False,2026-05-17 19:02:26,5423,2026-05-01 21:00:00,CORRECT_TO_5423
2953943,117,2026-05-17 20:00:00,0,0,0,0,0,False,2026-05-17 20:02:34,5423,2026-05-01 21:00:00,CORRECT_TO_5423
2954182,117,2026-05-17 21:00:00,0,0,0,0,0,False,2026-05-17 21:02:26,5423,2026-05-01 21:00:00,CORRECT_TO_5423
2954394,117,2026-05-17 22:00:00,0,0,0,0,0,False,2026-05-17 22:02:33,5423,2026-05-01 21:00:00,CORRECT_TO_5423
2954624,117,2026-05-17 23:00:00,0,0,0,0,0,False,2026-05-17 23:02:33,5423,2026-05-01 21:00:00,CORRECT_TO_5423
2954903,117,2026-05-18 00:00:00,0,0,0,0,0,False,2026-05-18 00:02:31,5423,2026-05-01 21:00:00,CORRECT_TO_5423
2955134,117,2026-05-18 01:00:00,0,0,0,0,0,False,2026-05-18 01:02:39,5423,2026-05-01 21:00:00,CORRECT_TO_5423
2955395,117,2026-05-18 02:00:00,0,0,0,0,0,False,2026-05-18 02:02:30,5423,2026-05-01 21:00:00,CORRECT_TO_5423
2955654,117,2026-05-18 03:00:00,0,0,0,0,0,False,2026-05-18 03:02:27,5423,2026-05-01 21:00:00,CORRECT_TO_5423
2955893,117,2026-05-18 04:00:00,0,0,0,0,0,False,2026-05-18 04:02:26,5423,2026-05-01 21:00:00,CORRECT_TO_5423
2956132,117,2026-05-18 05:00:00,0,0,0,0,0,False,2026-05-18 05:02:52,5423,2026-05-01 21:00:00,CORRECT_TO_5423
2956371,117,2026-05-18 06:00:00,0,0,0,0,0,False,2026-05-18 06:02:29,5423,2026-05-01 21:00:00,CORRECT_TO_5423
2956610,117,2026-05-18 07:00:00,0,0,0,0,0,False,2026-05-18 07:02:27,5423,2026-05-01 21:00:00,CORRECT_TO_5423
2956849,117,2026-05-18 08:00:00,0,0,0,0,0,False,2026-05-18 08:02:39,5423,2026-05-01 21:00:00,CORRECT_TO_5423
2957088,117,2026-05-18 09:00:00,0,0,0,0,0,False,2026-05-18 09:02:28,5423,2026-05-01 21:00:00,CORRECT_TO_5423
2957327,117,2026-05-18 10:00:00,0,0,0,0,0,False,2026-05-18 10:02:27,5423,2026-05-01 21:00:00,CORRECT_TO_5423
2957566,117,2026-05-18 11:00:00,0,0,0,0,0,False,2026-05-18 11:02:28,5423,2026-05-01 21:00:00,CORRECT_TO_5423
2957805,117,2026-05-18 12:00:00,0,0,0,0,0,False,2026-05-18 12:02:29,5423,2026-05-01 21:00:00,CORRECT_TO_5423
2958044,117,2026-05-18 13:00:00,0,0,0,0,0,False,2026-05-18 13:02:34,5423,2026-05-01 21:00:00,CORRECT_TO_5423
2958283,117,2026-05-18 14:00:00,0,0,0,0,0,False,2026-05-18 14:02:28,5423,2026-05-01 21:00:00,CORRECT_TO_5423
2958527,117,2026-05-18 15:00:00,0,0,0,0,0,False,2026-05-18 15:02:29,5423,2026-05-01 21:00:00,CORRECT_TO_5423
2909396,125,2026-05-10 20:00:00,0,26412,0,0,0,False,2026-05-10 20:06:47,26412,2026-05-10 19:00:00,SKIP_ALREADY_OK
2935119,125,2026-05-14 20:00:00,0,26547,0,135,0,False,2026-05-14 20:07:54,26547,2026-05-14 19:00:00,SKIP_ALREADY_OK
2905237,127,2026-05-10 05:00:00,0,15576,0,0,0,False,2026-05-10 05:04:15,15576,2026-05-10 04:00:00,SKIP_ALREADY_OK
2905492,127,2026-05-10 06:00:00,0,0,0,0,0,False,2026-05-10 06:01:43,15576,2026-05-10 04:00:00,CORRECT_TO_15576
2905797,127,2026-05-10 07:00:00,0,0,0,0,0,False,2026-05-10 07:05:47,15576,2026-05-10 04:00:00,CORRECT_TO_15576
2935123,127,2026-05-14 20:00:00,0,15928,0,141,0,False,2026-05-14 20:08:28,15928,2026-05-14 19:00:00,SKIP_ALREADY_OK
2943438,127,2026-05-16 03:00:00,0,16002,0,0,0,False,2026-05-16 03:02:24,16002,2026-05-16 02:00:00,SKIP_ALREADY_OK
2905235,128,2026-05-10 05:00:00,0,3376,0,0,0,False,2026-05-10 05:03:36,3376,2026-05-10 04:00:00,SKIP_ALREADY_OK
2935122,128,2026-05-14 20:00:00,0,3597,0,54,0,False,2026-05-14 20:08:16,3597,2026-05-14 19:00:00,SKIP_ALREADY_OK
2943426,128,2026-05-16 03:00:00,0,3622,0,0,0,False,2026-05-16 03:01:57,3622,2026-05-16 02:00:00,SKIP_ALREADY_OK
2858645,129,2026-05-01 22:00:00,0,39876,0,5080,0,False,2026-05-01 22:03:17,34796,2026-05-01 21:00:00,CORRECT_TO_34796
2864500,129,2026-05-03 01:00:00,0,40211,0,0,0,False,2026-05-03 01:02:24,40211,2026-05-03 00:00:00,SKIP_ALREADY_OK
2904964,129,2026-05-10 04:00:00,0,41973,0,0,0,False,2026-05-10 04:02:56,41973,2026-05-10 03:00:00,SKIP_ALREADY_OK
2935129,129,2026-05-14 20:00:00,0,18301,0,958,0,False,2026-05-14 20:09:25,18301,2026-05-14 19:00:00,SKIP_ALREADY_OK
2941253,130,2026-05-15 19:00:00,0,16733,0,0,0,False,2026-05-15 19:01:38,16733,2026-05-15 18:00:00,SKIP_ALREADY_OK
2941526,130,2026-05-15 20:00:00,0,0,0,0,0,False,2026-05-15 20:01:38,16733,2026-05-15 18:00:00,CORRECT_TO_16733
2941778,130,2026-05-15 21:00:00,0,0,0,0,0,False,2026-05-15 21:01:38,16733,2026-05-15 18:00:00,CORRECT_TO_16733
2942064,130,2026-05-15 22:00:00,0,0,0,0,0,False,2026-05-15 22:01:35,16733,2026-05-15 18:00:00,CORRECT_TO_16733
2942330,130,2026-05-15 23:00:00,0,0,0,0,0,False,2026-05-15 23:01:39,16733,2026-05-15 18:00:00,CORRECT_TO_16733
2942589,130,2026-05-16 00:00:00,0,0,0,0,0,False,2026-05-16 00:01:47,16733,2026-05-15 18:00:00,CORRECT_TO_16733
2942840,130,2026-05-16 01:00:00,0,0,0,0,0,False,2026-05-16 01:01:40,16733,2026-05-15 18:00:00,CORRECT_TO_16733
2943142,130,2026-05-16 02:00:00,0,0,0,0,0,False,2026-05-16 02:01:41,16733,2026-05-15 18:00:00,CORRECT_TO_16733
2854648,131,2026-05-01 04:00:00,0,0,0,0,0,False,2026-05-01 04:00:44,4357,2025-08-22 19:00:00,CORRECT_TO_4357
2854864,131,2026-05-01 05:00:00,0,0,0,0,0,False,2026-05-01 05:00:45,4357,2025-08-22 19:00:00,CORRECT_TO_4357
2855081,131,2026-05-01 06:00:00,0,0,0,0,0,False,2026-05-01 06:00:45,4357,2025-08-22 19:00:00,CORRECT_TO_4357
2855297,131,2026-05-01 07:00:00,0,0,0,0,0,False,2026-05-01 07:00:43,4357,2025-08-22 19:00:00,CORRECT_TO_4357
2855516,131,2026-05-01 08:00:00,0,0,0,0,0,False,2026-05-01 08:00:44,4357,2025-08-22 19:00:00,CORRECT_TO_4357
2855732,131,2026-05-01 09:00:00,0,0,0,0,0,False,2026-05-01 09:00:44,4357,2025-08-22 19:00:00,CORRECT_TO_4357
2855949,131,2026-05-01 10:00:00,0,0,0,0,0,False,2026-05-01 10:00:44,4357,2025-08-22 19:00:00,CORRECT_TO_4357
2856171,131,2026-05-01 11:00:00,0,0,0,0,0,False,2026-05-01 11:00:45,4357,2025-08-22 19:00:00,CORRECT_TO_4357
2856385,131,2026-05-01 12:00:00,0,0,0,0,0,False,2026-05-01 12:00:49,4357,2025-08-22 19:00:00,CORRECT_TO_4357
2856605,131,2026-05-01 13:00:00,0,0,0,0,0,False,2026-05-01 13:00:49,4357,2025-08-22 19:00:00,CORRECT_TO_4357
2856819,131,2026-05-01 14:00:00,0,0,0,0,0,False,2026-05-01 14:00:45,4357,2025-08-22 19:00:00,CORRECT_TO_4357
2857038,131,2026-05-01 15:00:00,0,0,0,0,0,False,2026-05-01 15:00:46,4357,2025-08-22 19:00:00,CORRECT_TO_4357
2857256,131,2026-05-01 16:00:00,0,0,0,0,0,False,2026-05-01 16:00:45,4357,2025-08-22 19:00:00,CORRECT_TO_4357
2857469,131,2026-05-01 17:00:00,0,0,0,0,0,False,2026-05-01 17:00:45,4357,2025-08-22 19:00:00,CORRECT_TO_4357
2857686,131,2026-05-01 18:00:00,0,0,0,0,0,False,2026-05-01 18:00:45,4357,2025-08-22 19:00:00,CORRECT_TO_4357
2857901,131,2026-05-01 19:00:00,0,0,0,0,0,False,2026-05-01 19:00:45,4357,2025-08-22 19:00:00,CORRECT_TO_4357
2858105,131,2026-05-01 20:00:00,0,0,0,0,0,False,2026-05-01 20:00:45,4357,2025-08-22 19:00:00,CORRECT_TO_4357
2858342,131,2026-05-01 21:00:00,0,0,0,0,0,False,2026-05-01 21:00:46,4357,2025-08-22 19:00:00,CORRECT_TO_4357
2858540,131,2026-05-01 22:00:00,0,0,0,0,0,False,2026-05-01 22:00:45,4357,2025-08-22 19:00:00,CORRECT_TO_4357
2858775,131,2026-05-01 23:00:00,0,0,0,0,0,False,2026-05-01 23:00:45,4357,2025-08-22 19:00:00,CORRECT_TO_4357
2858990,131,2026-05-02 00:00:00,0,0,0,0,0,False,2026-05-02 00:00:52,4357,2025-08-22 19:00:00,CORRECT_TO_4357
2859204,131,2026-05-02 01:00:00,0,0,0,0,0,False,2026-05-02 01:00:48,4357,2025-08-22 19:00:00,CORRECT_TO_4357
2859422,131,2026-05-02 02:00:00,0,0,0,0,0,False,2026-05-02 02:00:45,4357,2025-08-22 19:00:00,CORRECT_TO_4357
2859635,131,2026-05-02 03:00:00,0,0,0,0,0,False,2026-05-02 03:00:45,4357,2025-08-22 19:00:00,CORRECT_TO_4357
2859859,131,2026-05-02 04:00:00,0,0,0,0,0,False,2026-05-02 04:00:47,4357,2025-08-22 19:00:00,CORRECT_TO_4357
2860067,131,2026-05-02 05:00:00,0,0,0,0,0,False,2026-05-02 05:00:45,4357,2025-08-22 19:00:00,CORRECT_TO_4357
2860287,131,2026-05-02 06:00:00,0,0,0,0,0,False,2026-05-02 06:00:45,4357,2025-08-22 19:00:00,CORRECT_TO_4357
2860513,131,2026-05-02 07:00:00,0,0,0,0,0,False,2026-05-02 07:00:45,4357,2025-08-22 19:00:00,CORRECT_TO_4357
2860727,131,2026-05-02 08:00:00,0,0,0,0,0,False,2026-05-02 08:00:44,4357,2025-08-22 19:00:00,CORRECT_TO_4357
2860939,131,2026-05-02 09:00:00,0,0,0,0,0,False,2026-05-02 09:00:44,4357,2025-08-22 19:00:00,CORRECT_TO_4357
2861160,131,2026-05-02 10:00:00,0,0,0,0,0,False,2026-05-02 10:00:45,4357,2025-08-22 19:00:00,CORRECT_TO_4357
2861378,131,2026-05-02 11:00:00,0,0,0,0,0,False,2026-05-02 11:00:46,4357,2025-08-22 19:00:00,CORRECT_TO_4357
2861592,131,2026-05-02 12:00:00,0,0,0,0,0,False,2026-05-02 12:00:48,4357,2025-08-22 19:00:00,CORRECT_TO_4357
2861809,131,2026-05-02 13:00:00,0,0,0,0,0,False,2026-05-02 13:00:48,4357,2025-08-22 19:00:00,CORRECT_TO_4357
2862032,131,2026-05-02 14:00:00,0,0,0,0,0,False,2026-05-02 14:00:46,4357,2025-08-22 19:00:00,CORRECT_TO_4357
2862252,131,2026-05-02 15:00:00,0,0,0,0,0,False,2026-05-02 15:00:46,4357,2025-08-22 19:00:00,CORRECT_TO_4357
2862460,131,2026-05-02 16:00:00,0,0,0,0,0,False,2026-05-02 16:00:47,4357,2025-08-22 19:00:00,CORRECT_TO_4357
2862680,131,2026-05-02 17:00:00,0,0,0,0,0,False,2026-05-02 17:00:46,4357,2025-08-22 19:00:00,CORRECT_TO_4357
2862895,131,2026-05-02 18:00:00,0,0,0,0,0,False,2026-05-02 18:00:46,4357,2025-08-22 19:00:00,CORRECT_TO_4357
2863113,131,2026-05-02 19:00:00,0,0,0,0,0,False,2026-05-02 19:00:46,4357,2025-08-22 19:00:00,CORRECT_TO_4357
2863331,131,2026-05-02 20:00:00,0,0,0,0,0,False,2026-05-02 20:00:45,4357,2025-08-22 19:00:00,CORRECT_TO_4357
2863549,131,2026-05-02 21:00:00,0,0,0,0,0,False,2026-05-02 21:00:45,4357,2025-08-22 19:00:00,CORRECT_TO_4357
2863763,131,2026-05-02 22:00:00,0,0,0,0,0,False,2026-05-02 22:00:44,4357,2025-08-22 19:00:00,CORRECT_TO_4357
2863964,131,2026-05-02 23:00:00,0,0,0,0,0,False,2026-05-02 23:00:44,4357,2025-08-22 19:00:00,CORRECT_TO_4357
2864195,131,2026-05-03 00:00:00,0,0,0,0,0,False,2026-05-03 00:00:52,4357,2025-08-22 19:00:00,CORRECT_TO_4357
2864410,131,2026-05-03 01:00:00,0,0,0,0,0,False,2026-05-03 01:00:48,4357,2025-08-22 19:00:00,CORRECT_TO_4357
2864628,131,2026-05-03 02:00:00,0,0,0,0,0,False,2026-05-03 02:00:46,4357,2025-08-22 19:00:00,CORRECT_TO_4357
2864837,131,2026-05-03 03:00:00,0,0,0,0,0,False,2026-05-03 03:00:45,4357,2025-08-22 19:00:00,CORRECT_TO_4357
2865064,131,2026-05-03 04:00:00,0,0,0,0,0,False,2026-05-03 04:00:46,4357,2025-08-22 19:00:00,CORRECT_TO_4357
2865284,131,2026-05-03 05:00:00,0,0,0,0,0,False,2026-05-03 05:00:45,4357,2025-08-22 19:00:00,CORRECT_TO_4357
2865500,131,2026-05-03 06:00:00,0,0,0,0,0,False,2026-05-03 06:00:46,4357,2025-08-22 19:00:00,CORRECT_TO_4357
2865715,131,2026-05-03 07:00:00,0,0,0,0,0,False,2026-05-03 07:00:43,4357,2025-08-22 19:00:00,CORRECT_TO_4357
2865932,131,2026-05-03 08:00:00,0,0,0,0,0,False,2026-05-03 08:00:45,4357,2025-08-22 19:00:00,CORRECT_TO_4357
2866152,131,2026-05-03 09:00:00,0,0,0,0,0,False,2026-05-03 09:00:46,4357,2025-08-22 19:00:00,CORRECT_TO_4357
2866368,131,2026-05-03 10:00:00,0,0,0,0,0,False,2026-05-03 10:00:44,4357,2025-08-22 19:00:00,CORRECT_TO_4357
2866580,131,2026-05-03 11:00:00,0,0,0,0,0,False,2026-05-03 11:00:45,4357,2025-08-22 19:00:00,CORRECT_TO_4357
2866797,131,2026-05-03 12:00:00,0,0,0,0,0,False,2026-05-03 12:00:47,4357,2025-08-22 19:00:00,CORRECT_TO_4357
2867022,131,2026-05-03 13:00:00,0,0,0,0,0,False,2026-05-03 13:00:47,4357,2025-08-22 19:00:00,CORRECT_TO_4357
2867239,131,2026-05-03 14:00:00,0,0,0,0,0,False,2026-05-03 14:00:46,4357,2025-08-22 19:00:00,CORRECT_TO_4357
2867456,131,2026-05-03 15:00:00,0,0,0,0,0,False,2026-05-03 15:00:46,4357,2025-08-22 19:00:00,CORRECT_TO_4357
2867675,131,2026-05-03 16:00:00,0,0,0,0,0,False,2026-05-03 16:00:47,4357,2025-08-22 19:00:00,CORRECT_TO_4357
2867886,131,2026-05-03 17:00:00,0,0,0,0,0,False,2026-05-03 17:00:47,4357,2025-08-22 19:00:00,CORRECT_TO_4357
2868093,131,2026-05-03 18:00:00,0,0,0,0,0,False,2026-05-03 18:00:46,4357,2025-08-22 19:00:00,CORRECT_TO_4357
2868322,131,2026-05-03 19:00:00,0,0,0,0,0,False,2026-05-03 19:00:46,4357,2025-08-22 19:00:00,CORRECT_TO_4357
2868535,131,2026-05-03 20:00:00,0,0,0,0,0,False,2026-05-03 20:00:45,4357,2025-08-22 19:00:00,CORRECT_TO_4357
2868755,131,2026-05-03 21:00:00,0,0,0,0,0,False,2026-05-03 21:00:44,4357,2025-08-22 19:00:00,CORRECT_TO_4357
2868969,131,2026-05-03 22:00:00,0,0,0,0,0,False,2026-05-03 22:00:45,4357,2025-08-22 19:00:00,CORRECT_TO_4357
2869190,131,2026-05-03 23:00:00,0,0,0,0,0,False,2026-05-03 23:00:45,4357,2025-08-22 19:00:00,CORRECT_TO_4357
2869403,131,2026-05-04 00:00:00,0,0,0,0,0,False,2026-05-04 00:00:52,4357,2025-08-22 19:00:00,CORRECT_TO_4357
2869618,131,2026-05-04 01:00:00,0,0,0,0,0,False,2026-05-04 01:00:47,4357,2025-08-22 19:00:00,CORRECT_TO_4357
2869834,131,2026-05-04 02:00:00,0,0,0,0,0,False,2026-05-04 02:00:45,4357,2025-08-22 19:00:00,CORRECT_TO_4357
2870050,131,2026-05-04 03:00:00,0,0,0,0,0,False,2026-05-04 03:00:46,4357,2025-08-22 19:00:00,CORRECT_TO_4357
2870278,131,2026-05-04 04:00:00,0,0,0,0,0,False,2026-05-04 04:00:46,4357,2025-08-22 19:00:00,CORRECT_TO_4357
2870491,131,2026-05-04 05:00:00,0,0,0,0,0,False,2026-05-04 05:00:45,4357,2025-08-22 19:00:00,CORRECT_TO_4357
2870708,131,2026-05-04 06:00:00,0,0,0,0,0,False,2026-05-04 06:00:46,4357,2025-08-22 19:00:00,CORRECT_TO_4357
2870922,131,2026-05-04 07:00:00,0,0,0,0,0,False,2026-05-04 07:00:45,4357,2025-08-22 19:00:00,CORRECT_TO_4357
2871142,131,2026-05-04 08:00:00,0,0,0,0,0,False,2026-05-04 08:00:44,4357,2025-08-22 19:00:00,CORRECT_TO_4357
2871359,131,2026-05-04 09:00:00,0,0,0,0,0,False,2026-05-04 09:00:43,4357,2025-08-22 19:00:00,CORRECT_TO_4357
2871577,131,2026-05-04 10:00:00,0,0,0,0,0,False,2026-05-04 10:00:46,4357,2025-08-22 19:00:00,CORRECT_TO_4357
2871793,131,2026-05-04 11:00:00,0,0,0,0,0,False,2026-05-04 11:00:44,4357,2025-08-22 19:00:00,CORRECT_TO_4357
2872013,131,2026-05-04 12:00:00,0,0,0,0,0,False,2026-05-04 12:00:45,4357,2025-08-22 19:00:00,CORRECT_TO_4357
2872227,131,2026-05-04 13:00:00,0,0,0,0,0,False,2026-05-04 13:00:48,4357,2025-08-22 19:00:00,CORRECT_TO_4357
2872439,131,2026-05-04 14:00:00,0,0,0,0,0,False,2026-05-04 14:00:45,4357,2025-08-22 19:00:00,CORRECT_TO_4357
2872656,131,2026-05-04 15:00:00,0,0,0,0,0,False,2026-05-04 15:00:43,4357,2025-08-22 19:00:00,CORRECT_TO_4357
2872875,131,2026-05-04 16:00:00,0,0,0,0,0,False,2026-05-04 16:00:45,4357,2025-08-22 19:00:00,CORRECT_TO_4357
2873090,131,2026-05-04 17:00:00,0,0,0,0,0,False,2026-05-04 17:00:44,4357,2025-08-22 19:00:00,CORRECT_TO_4357
2873307,131,2026-05-04 18:00:00,0,0,0,0,0,False,2026-05-04 18:00:46,4357,2025-08-22 19:00:00,CORRECT_TO_4357
2873526,131,2026-05-04 19:00:00,0,0,0,0,0,False,2026-05-04 19:00:45,4357,2025-08-22 19:00:00,CORRECT_TO_4357
2873743,131,2026-05-04 20:00:00,0,0,0,0,0,False,2026-05-04 20:00:45,4357,2025-08-22 19:00:00,CORRECT_TO_4357
2873959,131,2026-05-04 21:00:00,0,0,0,0,0,False,2026-05-04 21:00:44,4357,2025-08-22 19:00:00,CORRECT_TO_4357
2874175,131,2026-05-04 22:00:00,0,0,0,0,0,False,2026-05-04 22:00:43,4357,2025-08-22 19:00:00,CORRECT_TO_4357
2874392,131,2026-05-04 23:00:00,0,0,0,0,0,False,2026-05-04 23:00:43,4357,2025-08-22 19:00:00,CORRECT_TO_4357
2874612,131,2026-05-05 00:00:00,0,0,0,0,0,False,2026-05-05 00:00:48,4357,2025-08-22 19:00:00,CORRECT_TO_4357
2874826,131,2026-05-05 01:00:00,0,0,0,0,0,False,2026-05-05 01:00:46,4357,2025-08-22 19:00:00,CORRECT_TO_4357
2875044,131,2026-05-05 02:00:00,0,0,0,0,0,False,2026-05-05 02:00:44,4357,2025-08-22 19:00:00,CORRECT_TO_4357
2875260,131,2026-05-05 03:00:00,0,0,0,0,0,False,2026-05-05 03:00:44,4357,2025-08-22 19:00:00,CORRECT_TO_4357
2875477,131,2026-05-05 04:00:00,0,0,0,0,0,False,2026-05-05 04:00:43,4357,2025-08-22 19:00:00,CORRECT_TO_4357
2875696,131,2026-05-05 05:00:00,0,0,0,0,0,False,2026-05-05 05:00:44,4357,2025-08-22 19:00:00,CORRECT_TO_4357
2875913,131,2026-05-05 06:00:00,0,0,0,0,0,False,2026-05-05 06:00:43,4357,2025-08-22 19:00:00,CORRECT_TO_4357
2876128,131,2026-05-05 07:00:00,0,0,0,0,0,False,2026-05-05 07:00:43,4357,2025-08-22 19:00:00,CORRECT_TO_4357
2876350,131,2026-05-05 08:00:00,0,0,0,0,0,False,2026-05-05 08:00:44,4357,2025-08-22 19:00:00,CORRECT_TO_4357
2876565,131,2026-05-05 09:00:00,0,0,0,0,0,False,2026-05-05 09:00:43,4357,2025-08-22 19:00:00,CORRECT_TO_4357
2876785,131,2026-05-05 10:00:00,0,0,0,0,0,False,2026-05-05 10:00:44,4357,2025-08-22 19:00:00,CORRECT_TO_4357
2876999,131,2026-05-05 11:00:00,0,0,0,0,0,False,2026-05-05 11:00:43,4357,2025-08-22 19:00:00,CORRECT_TO_4357
2877215,131,2026-05-05 12:00:00,0,0,0,0,0,False,2026-05-05 12:00:46,4357,2025-08-22 19:00:00,CORRECT_TO_4357
2877431,131,2026-05-05 13:00:00,0,0,0,0,0,False,2026-05-05 13:00:47,4357,2025-08-22 19:00:00,CORRECT_TO_4357
2877641,131,2026-05-05 14:00:00,0,0,0,0,0,False,2026-05-05 14:00:46,4357,2025-08-22 19:00:00,CORRECT_TO_4357
2877873,131,2026-05-05 15:00:00,0,0,0,0,0,False,2026-05-05 15:00:46,4357,2025-08-22 19:00:00,CORRECT_TO_4357
2878088,131,2026-05-05 16:00:00,0,0,0,0,0,False,2026-05-05 16:00:44,4357,2025-08-22 19:00:00,CORRECT_TO_4357
2878298,131,2026-05-05 17:00:00,0,0,0,0,0,False,2026-05-05 17:00:45,4357,2025-08-22 19:00:00,CORRECT_TO_4357
2878515,131,2026-05-05 18:00:00,0,0,0,0,0,False,2026-05-05 18:00:43,4357,2025-08-22 19:00:00,CORRECT_TO_4357
2878730,131,2026-05-05 19:00:00,0,0,0,0,0,False,2026-05-05 19:00:45,4357,2025-08-22 19:00:00,CORRECT_TO_4357
2878950,131,2026-05-05 20:00:00,0,0,0,0,0,False,2026-05-05 20:00:45,4357,2025-08-22 19:00:00,CORRECT_TO_4357
2879171,131,2026-05-05 21:00:00,0,0,0,0,0,False,2026-05-05 21:00:44,4357,2025-08-22 19:00:00,CORRECT_TO_4357
2879385,131,2026-05-05 22:00:00,0,0,0,0,0,False,2026-05-05 22:00:44,4357,2025-08-22 19:00:00,CORRECT_TO_4357
2879602,131,2026-05-05 23:00:00,0,0,0,0,0,False,2026-05-05 23:00:43,4357,2025-08-22 19:00:00,CORRECT_TO_4357
2879817,131,2026-05-06 00:00:00,0,0,0,0,0,False,2026-05-06 00:00:49,4357,2025-08-22 19:00:00,CORRECT_TO_4357
2880035,131,2026-05-06 01:00:00,0,0,0,0,0,False,2026-05-06 01:00:45,4357,2025-08-22 19:00:00,CORRECT_TO_4357
2880251,131,2026-05-06 02:00:00,0,0,0,0,0,False,2026-05-06 02:00:44,4357,2025-08-22 19:00:00,CORRECT_TO_4357
2880468,131,2026-05-06 03:00:00,0,0,0,0,0,False,2026-05-06 03:00:44,4357,2025-08-22 19:00:00,CORRECT_TO_4357
2880690,131,2026-05-06 04:00:00,0,0,0,0,0,False,2026-05-06 04:00:43,4357,2025-08-22 19:00:00,CORRECT_TO_4357
2880905,131,2026-05-06 05:00:00,0,0,0,0,0,False,2026-05-06 05:00:43,4357,2025-08-22 19:00:00,CORRECT_TO_4357
2881119,131,2026-05-06 06:00:00,0,0,0,0,0,False,2026-05-06 06:00:44,4357,2025-08-22 19:00:00,CORRECT_TO_4357
2881338,131,2026-05-06 07:00:00,0,0,0,0,0,False,2026-05-06 07:00:44,4357,2025-08-22 19:00:00,CORRECT_TO_4357
2881555,131,2026-05-06 08:00:00,0,0,0,0,0,False,2026-05-06 08:00:43,4357,2025-08-22 19:00:00,CORRECT_TO_4357
2881775,131,2026-05-06 09:00:00,0,0,0,0,0,False,2026-05-06 09:00:43,4357,2025-08-22 19:00:00,CORRECT_TO_4357
2881986,131,2026-05-06 10:00:00,0,0,0,0,0,False,2026-05-06 10:00:44,4357,2025-08-22 19:00:00,CORRECT_TO_4357
2882204,131,2026-05-06 11:00:00,0,0,0,0,0,False,2026-05-06 11:00:43,4357,2025-08-22 19:00:00,CORRECT_TO_4357
2882420,131,2026-05-06 12:00:00,0,0,0,0,0,False,2026-05-06 12:00:46,4357,2025-08-22 19:00:00,CORRECT_TO_4357
2882638,131,2026-05-06 13:00:00,0,0,0,0,0,False,2026-05-06 13:00:48,4357,2025-08-22 19:00:00,CORRECT_TO_4357
2882853,131,2026-05-06 14:00:00,0,0,0,0,0,False,2026-05-06 14:00:46,4357,2025-08-22 19:00:00,CORRECT_TO_4357
2883072,131,2026-05-06 15:00:00,0,0,0,0,0,False,2026-05-06 15:00:44,4357,2025-08-22 19:00:00,CORRECT_TO_4357
2883289,131,2026-05-06 16:00:00,0,0,0,0,0,False,2026-05-06 16:00:45,4357,2025-08-22 19:00:00,CORRECT_TO_4357
2883510,131,2026-05-06 17:00:00,0,0,0,0,0,False,2026-05-06 17:00:44,4357,2025-08-22 19:00:00,CORRECT_TO_4357
2883724,131,2026-05-06 18:00:00,0,0,0,0,0,False,2026-05-06 18:00:46,4357,2025-08-22 19:00:00,CORRECT_TO_4357
2883940,131,2026-05-06 19:00:00,0,0,0,0,0,False,2026-05-06 19:00:44,4357,2025-08-22 19:00:00,CORRECT_TO_4357
2884156,131,2026-05-06 20:00:00,0,0,0,0,0,False,2026-05-06 20:00:44,4357,2025-08-22 19:00:00,CORRECT_TO_4357
2884375,131,2026-05-06 21:00:00,0,0,0,0,0,False,2026-05-06 21:00:43,4357,2025-08-22 19:00:00,CORRECT_TO_4357
2884591,131,2026-05-06 22:00:00,0,0,0,0,0,False,2026-05-06 22:00:43,4357,2025-08-22 19:00:00,CORRECT_TO_4357
2884809,131,2026-05-06 23:00:00,0,0,0,0,0,False,2026-05-06 23:00:44,4357,2025-08-22 19:00:00,CORRECT_TO_4357
2885023,131,2026-05-07 00:00:00,0,0,0,0,0,False,2026-05-07 00:00:50,4357,2025-08-22 19:00:00,CORRECT_TO_4357
2885241,131,2026-05-07 01:00:00,0,0,0,0,0,False,2026-05-07 01:00:47,4357,2025-08-22 19:00:00,CORRECT_TO_4357
2885459,131,2026-05-07 02:00:00,0,0,0,0,0,False,2026-05-07 02:00:44,4357,2025-08-22 19:00:00,CORRECT_TO_4357
2885678,131,2026-05-07 03:00:00,0,0,0,0,0,False,2026-05-07 03:00:43,4357,2025-08-22 19:00:00,CORRECT_TO_4357
2885899,131,2026-05-07 04:00:00,0,0,0,0,0,False,2026-05-07 04:00:44,4357,2025-08-22 19:00:00,CORRECT_TO_4357
2886114,131,2026-05-07 05:00:00,0,0,0,0,0,False,2026-05-07 05:00:45,4357,2025-08-22 19:00:00,CORRECT_TO_4357
2886332,131,2026-05-07 06:00:00,0,0,0,0,0,False,2026-05-07 06:00:44,4357,2025-08-22 19:00:00,CORRECT_TO_4357
2886544,131,2026-05-07 07:00:00,0,0,0,0,0,False,2026-05-07 07:00:43,4357,2025-08-22 19:00:00,CORRECT_TO_4357
2886762,131,2026-05-07 08:00:00,0,0,0,0,0,False,2026-05-07 08:00:44,4357,2025-08-22 19:00:00,CORRECT_TO_4357
2886980,131,2026-05-07 09:00:00,0,0,0,0,0,False,2026-05-07 09:00:44,4357,2025-08-22 19:00:00,CORRECT_TO_4357
2887194,131,2026-05-07 10:00:00,0,0,0,0,0,False,2026-05-07 10:00:45,4357,2025-08-22 19:00:00,CORRECT_TO_4357
2887411,131,2026-05-07 11:00:00,0,0,0,0,0,False,2026-05-07 11:00:44,4357,2025-08-22 19:00:00,CORRECT_TO_4357
2887633,131,2026-05-07 12:00:00,0,0,0,0,0,False,2026-05-07 12:00:47,4357,2025-08-22 19:00:00,CORRECT_TO_4357
2887854,131,2026-05-07 13:00:00,0,0,0,0,0,False,2026-05-07 13:00:48,4357,2025-08-22 19:00:00,CORRECT_TO_4357
2888068,131,2026-05-07 14:00:00,0,0,0,0,0,False,2026-05-07 14:00:48,4357,2025-08-22 19:00:00,CORRECT_TO_4357
2888283,131,2026-05-07 15:00:00,0,0,0,0,0,False,2026-05-07 15:00:46,4357,2025-08-22 19:00:00,CORRECT_TO_4357
2888502,131,2026-05-07 16:00:00,0,0,0,0,0,False,2026-05-07 16:00:48,4357,2025-08-22 19:00:00,CORRECT_TO_4357
2888720,131,2026-05-07 17:00:00,0,0,0,0,0,False,2026-05-07 17:00:46,4357,2025-08-22 19:00:00,CORRECT_TO_4357
2888935,131,2026-05-07 18:00:00,0,0,0,0,0,False,2026-05-07 18:00:46,4357,2025-08-22 19:00:00,CORRECT_TO_4357
2889153,131,2026-05-07 19:00:00,0,0,0,0,0,False,2026-05-07 19:00:46,4357,2025-08-22 19:00:00,CORRECT_TO_4357
2889368,131,2026-05-07 20:00:00,0,0,0,0,0,False,2026-05-07 20:00:47,4357,2025-08-22 19:00:00,CORRECT_TO_4357
2889636,131,2026-05-07 21:00:00,0,0,0,0,0,False,2026-05-07 21:00:46,4357,2025-08-22 19:00:00,CORRECT_TO_4357
2889911,131,2026-05-07 22:00:00,0,0,0,0,0,False,2026-05-07 22:00:46,4357,2025-08-22 19:00:00,CORRECT_TO_4357
2890188,131,2026-05-07 23:00:00,0,0,0,0,0,False,2026-05-07 23:00:46,4357,2025-08-22 19:00:00,CORRECT_TO_4357
2890464,131,2026-05-08 00:00:00,0,0,0,0,0,False,2026-05-08 00:00:51,4357,2025-08-22 19:00:00,CORRECT_TO_4357
2890744,131,2026-05-08 01:00:00,0,0,0,0,0,False,2026-05-08 01:00:52,4357,2025-08-22 19:00:00,CORRECT_TO_4357
2891024,131,2026-05-08 02:00:00,0,0,0,0,0,False,2026-05-08 02:00:52,4357,2025-08-22 19:00:00,CORRECT_TO_4357
2891296,131,2026-05-08 03:00:00,0,0,0,0,0,False,2026-05-08 03:00:45,4357,2025-08-22 19:00:00,CORRECT_TO_4357
2891587,131,2026-05-08 04:00:00,0,0,0,0,0,False,2026-05-08 04:00:57,4357,2025-08-22 19:00:00,CORRECT_TO_4357
2891854,131,2026-05-08 05:00:00,0,0,0,0,0,False,2026-05-08 05:00:56,4357,2025-08-22 19:00:00,CORRECT_TO_4357
2892140,131,2026-05-08 06:00:00,0,0,0,0,0,False,2026-05-08 06:01:03,4357,2025-08-22 19:00:00,CORRECT_TO_4357
2892405,131,2026-05-08 07:00:00,0,0,0,0,0,False,2026-05-08 07:00:46,4357,2025-08-22 19:00:00,CORRECT_TO_4357
2892682,131,2026-05-08 08:00:00,0,0,0,0,0,False,2026-05-08 08:00:45,4357,2025-08-22 19:00:00,CORRECT_TO_4357
2892957,131,2026-05-08 09:00:00,0,0,0,0,0,False,2026-05-08 09:00:45,4357,2025-08-22 19:00:00,CORRECT_TO_4357
2893238,131,2026-05-08 10:00:00,0,0,0,0,0,False,2026-05-08 10:00:45,4357,2025-08-22 19:00:00,CORRECT_TO_4357
2893515,131,2026-05-08 11:00:00,0,0,0,0,0,False,2026-05-08 11:00:44,4357,2025-08-22 19:00:00,CORRECT_TO_4357
2893787,131,2026-05-08 12:00:00,0,0,0,0,0,False,2026-05-08 12:00:46,4357,2025-08-22 19:00:00,CORRECT_TO_4357
2894066,131,2026-05-08 13:00:00,0,0,0,0,0,False,2026-05-08 13:00:47,4357,2025-08-22 19:00:00,CORRECT_TO_4357
2894340,131,2026-05-08 14:00:00,0,0,0,0,0,False,2026-05-08 14:00:47,4357,2025-08-22 19:00:00,CORRECT_TO_4357
2894622,131,2026-05-08 15:00:00,0,0,0,0,0,False,2026-05-08 15:00:48,4357,2025-08-22 19:00:00,CORRECT_TO_4357
2894900,131,2026-05-08 16:00:00,0,0,0,0,0,False,2026-05-08 16:00:54,4357,2025-08-22 19:00:00,CORRECT_TO_4357
2895180,131,2026-05-08 17:00:00,0,0,0,0,0,False,2026-05-08 17:00:47,4357,2025-08-22 19:00:00,CORRECT_TO_4357
2895455,131,2026-05-08 18:00:00,0,0,0,0,0,False,2026-05-08 18:00:48,4357,2025-08-22 19:00:00,CORRECT_TO_4357
2895724,131,2026-05-08 19:00:00,0,0,0,0,0,False,2026-05-08 19:00:48,4357,2025-08-22 19:00:00,CORRECT_TO_4357
2895996,131,2026-05-08 20:00:00,0,0,0,0,0,False,2026-05-08 20:00:45,4357,2025-08-22 19:00:00,CORRECT_TO_4357
2896285,131,2026-05-08 21:00:00,0,0,0,0,0,False,2026-05-08 21:00:45,4357,2025-08-22 19:00:00,CORRECT_TO_4357
2896566,131,2026-05-08 22:00:00,0,0,0,0,0,False,2026-05-08 22:00:46,4357,2025-08-22 19:00:00,CORRECT_TO_4357
2896838,131,2026-05-08 23:00:00,0,0,0,0,0,False,2026-05-08 23:00:54,4357,2025-08-22 19:00:00,CORRECT_TO_4357
2897115,131,2026-05-09 00:00:00,0,0,0,0,0,False,2026-05-09 00:00:54,4357,2025-08-22 19:00:00,CORRECT_TO_4357
2897390,131,2026-05-09 01:00:00,0,0,0,0,0,False,2026-05-09 01:00:50,4357,2025-08-22 19:00:00,CORRECT_TO_4357
2897665,131,2026-05-09 02:00:00,0,0,0,0,0,False,2026-05-09 02:00:45,4357,2025-08-22 19:00:00,CORRECT_TO_4357
2897944,131,2026-05-09 03:00:00,0,0,0,0,0,False,2026-05-09 03:00:44,4357,2025-08-22 19:00:00,CORRECT_TO_4357
2898220,131,2026-05-09 04:00:00,0,0,0,0,0,False,2026-05-09 04:00:46,4357,2025-08-22 19:00:00,CORRECT_TO_4357
2898498,131,2026-05-09 05:00:00,0,0,0,0,0,False,2026-05-09 05:00:49,4357,2025-08-22 19:00:00,CORRECT_TO_4357
2898774,131,2026-05-09 06:00:00,0,0,0,0,0,False,2026-05-09 06:00:45,4357,2025-08-22 19:00:00,CORRECT_TO_4357
2899054,131,2026-05-09 07:00:00,0,0,0,0,0,False,2026-05-09 07:00:47,4357,2025-08-22 19:00:00,CORRECT_TO_4357
2899330,131,2026-05-09 08:00:00,0,0,0,0,0,False,2026-05-09 08:00:45,4357,2025-08-22 19:00:00,CORRECT_TO_4357
2899609,131,2026-05-09 09:00:00,0,0,0,0,0,False,2026-05-09 09:00:45,4357,2025-08-22 19:00:00,CORRECT_TO_4357
2899886,131,2026-05-09 10:00:00,0,0,0,0,0,False,2026-05-09 10:00:45,4357,2025-08-22 19:00:00,CORRECT_TO_4357
2900160,131,2026-05-09 11:00:00,0,0,0,0,0,False,2026-05-09 11:00:45,4357,2025-08-22 19:00:00,CORRECT_TO_4357
2900425,131,2026-05-09 12:00:00,0,0,0,0,0,False,2026-05-09 12:00:48,4357,2025-08-22 19:00:00,CORRECT_TO_4357
2900708,131,2026-05-09 13:00:00,0,0,0,0,0,False,2026-05-09 13:00:48,4357,2025-08-22 19:00:00,CORRECT_TO_4357
2900981,131,2026-05-09 14:00:00,0,0,0,0,0,False,2026-05-09 14:00:46,4357,2025-08-22 19:00:00,CORRECT_TO_4357
2901267,131,2026-05-09 15:00:00,0,0,0,0,0,False,2026-05-09 15:00:45,4357,2025-08-22 19:00:00,CORRECT_TO_4357
2901546,131,2026-05-09 16:00:00,0,0,0,0,0,False,2026-05-09 16:00:46,4357,2025-08-22 19:00:00,CORRECT_TO_4357
2901822,131,2026-05-09 17:00:00,0,0,0,0,0,False,2026-05-09 17:00:45,4357,2025-08-22 19:00:00,CORRECT_TO_4357
2902106,131,2026-05-09 18:00:00,0,0,0,0,0,False,2026-05-09 18:00:45,4357,2025-08-22 19:00:00,CORRECT_TO_4357
2902380,131,2026-05-09 19:00:00,0,0,0,0,0,False,2026-05-09 19:00:45,4357,2025-08-22 19:00:00,CORRECT_TO_4357
2902657,131,2026-05-09 20:00:00,0,0,0,0,0,False,2026-05-09 20:00:45,4357,2025-08-22 19:00:00,CORRECT_TO_4357
2902931,131,2026-05-09 21:00:00,0,0,0,0,0,False,2026-05-09 21:00:45,4357,2025-08-22 19:00:00,CORRECT_TO_4357
2903211,131,2026-05-09 22:00:00,0,0,0,0,0,False,2026-05-09 22:00:45,4357,2025-08-22 19:00:00,CORRECT_TO_4357
2903487,131,2026-05-09 23:00:00,0,0,0,0,0,False,2026-05-09 23:00:45,4357,2025-08-22 19:00:00,CORRECT_TO_4357
2903764,131,2026-05-10 00:00:00,0,0,0,0,0,False,2026-05-10 00:00:51,4357,2025-08-22 19:00:00,CORRECT_TO_4357
2904036,131,2026-05-10 01:00:00,0,0,0,0,0,False,2026-05-10 01:00:48,4357,2025-08-22 19:00:00,CORRECT_TO_4357
2904315,131,2026-05-10 02:00:00,0,0,0,0,0,False,2026-05-10 02:00:45,4357,2025-08-22 19:00:00,CORRECT_TO_4357
2904579,131,2026-05-10 03:00:00,0,0,0,0,0,False,2026-05-10 03:00:45,4357,2025-08-22 19:00:00,CORRECT_TO_4357
2904860,131,2026-05-10 04:00:00,0,0,0,0,0,False,2026-05-10 04:00:45,4357,2025-08-22 19:00:00,CORRECT_TO_4357
2905134,131,2026-05-10 05:00:00,0,0,0,0,0,False,2026-05-10 05:00:45,4357,2025-08-22 19:00:00,CORRECT_TO_4357
2905430,131,2026-05-10 06:00:00,0,0,0,0,0,False,2026-05-10 06:00:46,4357,2025-08-22 19:00:00,CORRECT_TO_4357
2905688,131,2026-05-10 07:00:00,0,0,0,0,0,False,2026-05-10 07:00:44,4357,2025-08-22 19:00:00,CORRECT_TO_4357
2905985,131,2026-05-10 08:00:00,0,0,0,0,0,False,2026-05-10 08:00:47,4357,2025-08-22 19:00:00,CORRECT_TO_4357
2906256,131,2026-05-10 09:00:00,0,0,0,0,0,False,2026-05-10 09:00:46,4357,2025-08-22 19:00:00,CORRECT_TO_4357
2906529,131,2026-05-10 10:00:00,0,0,0,0,0,False,2026-05-10 10:00:45,4357,2025-08-22 19:00:00,CORRECT_TO_4357
2906803,131,2026-05-10 11:00:00,0,0,0,0,0,False,2026-05-10 11:00:43,4357,2025-08-22 19:00:00,CORRECT_TO_4357
2907084,131,2026-05-10 12:00:00,0,0,0,0,0,False,2026-05-10 12:00:47,4357,2025-08-22 19:00:00,CORRECT_TO_4357
2907363,131,2026-05-10 13:00:00,0,0,0,0,0,False,2026-05-10 13:00:49,4357,2025-08-22 19:00:00,CORRECT_TO_4357
2907638,131,2026-05-10 14:00:00,0,0,0,0,0,False,2026-05-10 14:00:44,4357,2025-08-22 19:00:00,CORRECT_TO_4357
2907914,131,2026-05-10 15:00:00,0,0,0,0,0,False,2026-05-10 15:00:46,4357,2025-08-22 19:00:00,CORRECT_TO_4357
2908191,131,2026-05-10 16:00:00,0,0,0,0,0,False,2026-05-10 16:00:47,4357,2025-08-22 19:00:00,CORRECT_TO_4357
2908468,131,2026-05-10 17:00:00,0,0,0,0,0,False,2026-05-10 17:00:46,4357,2025-08-22 19:00:00,CORRECT_TO_4357
2908746,131,2026-05-10 18:00:00,0,0,0,0,0,False,2026-05-10 18:00:48,4357,2025-08-22 19:00:00,CORRECT_TO_4357
2909019,131,2026-05-10 19:00:00,0,0,0,0,0,False,2026-05-10 19:00:47,4357,2025-08-22 19:00:00,CORRECT_TO_4357
2909294,131,2026-05-10 20:00:00,0,0,0,0,0,False,2026-05-10 20:00:45,4357,2025-08-22 19:00:00,CORRECT_TO_4357
2909565,131,2026-05-10 21:00:00,0,0,0,0,0,False,2026-05-10 21:00:45,4357,2025-08-22 19:00:00,CORRECT_TO_4357
2909847,131,2026-05-10 22:00:00,0,0,0,0,0,False,2026-05-10 22:00:45,4357,2025-08-22 19:00:00,CORRECT_TO_4357
2910135,131,2026-05-10 23:00:00,0,0,0,0,0,False,2026-05-10 23:00:45,4357,2025-08-22 19:00:00,CORRECT_TO_4357
2910408,131,2026-05-11 00:00:00,0,0,0,0,0,False,2026-05-11 00:00:50,4357,2025-08-22 19:00:00,CORRECT_TO_4357
2910690,131,2026-05-11 01:00:00,0,0,0,0,0,False,2026-05-11 01:00:49,4357,2025-08-22 19:00:00,CORRECT_TO_4357
2910961,131,2026-05-11 02:00:00,0,0,0,0,0,False,2026-05-11 02:00:45,4357,2025-08-22 19:00:00,CORRECT_TO_4357
2911242,131,2026-05-11 03:00:00,0,0,0,0,0,False,2026-05-11 03:00:46,4357,2025-08-22 19:00:00,CORRECT_TO_4357
2911513,131,2026-05-11 04:00:00,0,0,0,0,0,False,2026-05-11 04:00:45,4357,2025-08-22 19:00:00,CORRECT_TO_4357
2911795,131,2026-05-11 05:00:00,0,0,0,0,0,False,2026-05-11 05:00:48,4357,2025-08-22 19:00:00,CORRECT_TO_4357
2912069,131,2026-05-11 06:00:00,0,0,0,0,0,False,2026-05-11 06:00:48,4357,2025-08-22 19:00:00,CORRECT_TO_4357
2912347,131,2026-05-11 07:00:00,0,0,0,0,0,False,2026-05-11 07:00:47,4357,2025-08-22 19:00:00,CORRECT_TO_4357
2912625,131,2026-05-11 08:00:00,0,0,0,0,0,False,2026-05-11 08:00:48,4357,2025-08-22 19:00:00,CORRECT_TO_4357
2912903,131,2026-05-11 09:00:00,0,0,0,0,0,False,2026-05-11 09:00:45,4357,2025-08-22 19:00:00,CORRECT_TO_4357
2913177,131,2026-05-11 10:00:00,0,0,0,0,0,False,2026-05-11 10:00:47,4357,2025-08-22 19:00:00,CORRECT_TO_4357
2913455,131,2026-05-11 11:00:00,0,0,0,0,0,False,2026-05-11 11:00:46,4357,2025-08-22 19:00:00,CORRECT_TO_4357
2913732,131,2026-05-11 12:00:00,0,0,0,0,0,False,2026-05-11 12:00:49,4357,2025-08-22 19:00:00,CORRECT_TO_4357
2914010,131,2026-05-11 13:00:00,0,0,0,0,0,False,2026-05-11 13:00:52,4357,2025-08-22 19:00:00,CORRECT_TO_4357
2914277,131,2026-05-11 14:00:00,0,0,0,0,0,False,2026-05-11 14:00:50,4357,2025-08-22 19:00:00,CORRECT_TO_4357
2914567,131,2026-05-11 15:00:00,0,0,0,0,0,False,2026-05-11 15:00:48,4357,2025-08-22 19:00:00,CORRECT_TO_4357
2914829,131,2026-05-11 16:00:00,0,0,0,0,0,False,2026-05-11 16:00:47,4357,2025-08-22 19:00:00,CORRECT_TO_4357
2915118,131,2026-05-11 17:00:00,0,0,0,0,0,False,2026-05-11 17:00:49,4357,2025-08-22 19:00:00,CORRECT_TO_4357
2915393,131,2026-05-11 18:00:00,0,0,0,0,0,False,2026-05-11 18:00:49,4357,2025-08-22 19:00:00,CORRECT_TO_4357
2915671,131,2026-05-11 19:00:00,0,0,0,0,0,False,2026-05-11 19:00:48,4357,2025-08-22 19:00:00,CORRECT_TO_4357
2915943,131,2026-05-11 20:00:00,0,0,0,0,0,False,2026-05-11 20:00:47,4357,2025-08-22 19:00:00,CORRECT_TO_4357
2916218,131,2026-05-11 21:00:00,0,0,0,0,0,False,2026-05-11 21:00:46,4357,2025-08-22 19:00:00,CORRECT_TO_4357
2916499,131,2026-05-11 22:00:00,0,0,0,0,0,False,2026-05-11 22:00:46,4357,2025-08-22 19:00:00,CORRECT_TO_4357
2916776,131,2026-05-11 23:00:00,0,0,0,0,0,False,2026-05-11 23:00:46,4357,2025-08-22 19:00:00,CORRECT_TO_4357
2917046,131,2026-05-12 00:00:00,0,0,0,0,0,False,2026-05-12 00:00:50,4357,2025-08-22 19:00:00,CORRECT_TO_4357
2917323,131,2026-05-12 01:00:00,0,0,0,0,0,False,2026-05-12 01:00:47,4357,2025-08-22 19:00:00,CORRECT_TO_4357
2917598,131,2026-05-12 02:00:00,0,0,0,0,0,False,2026-05-12 02:00:46,4357,2025-08-22 19:00:00,CORRECT_TO_4357
2917881,131,2026-05-12 03:00:00,0,0,0,0,0,False,2026-05-12 03:00:46,4357,2025-08-22 19:00:00,CORRECT_TO_4357
2918156,131,2026-05-12 04:00:00,0,0,0,0,0,False,2026-05-12 04:00:44,4357,2025-08-22 19:00:00,CORRECT_TO_4357
2918428,131,2026-05-12 05:00:00,0,0,0,0,0,False,2026-05-12 05:00:47,4357,2025-08-22 19:00:00,CORRECT_TO_4357
2918703,131,2026-05-12 06:00:00,0,0,0,0,0,False,2026-05-12 06:00:47,4357,2025-08-22 19:00:00,CORRECT_TO_4357
2918968,131,2026-05-12 07:00:00,0,0,0,0,0,False,2026-05-12 07:00:47,4357,2025-08-22 19:00:00,CORRECT_TO_4357
2919261,131,2026-05-12 08:00:00,0,0,0,0,0,False,2026-05-12 08:00:48,4357,2025-08-22 19:00:00,CORRECT_TO_4357
2919530,131,2026-05-12 09:00:00,0,0,0,0,0,False,2026-05-12 09:00:45,4357,2025-08-22 19:00:00,CORRECT_TO_4357
2919811,131,2026-05-12 10:00:00,0,0,0,0,0,False,2026-05-12 10:00:47,4357,2025-08-22 19:00:00,CORRECT_TO_4357
2920084,131,2026-05-12 11:00:00,0,0,0,0,0,False,2026-05-12 11:00:46,4357,2025-08-22 19:00:00,CORRECT_TO_4357
2920358,131,2026-05-12 12:00:00,0,0,0,0,0,False,2026-05-12 12:00:49,4357,2025-08-22 19:00:00,CORRECT_TO_4357
2920638,131,2026-05-12 13:00:00,0,0,0,0,0,False,2026-05-12 13:00:53,4357,2025-08-22 19:00:00,CORRECT_TO_4357
2920915,131,2026-05-12 14:00:00,0,0,0,0,0,False,2026-05-12 14:00:48,4357,2025-08-22 19:00:00,CORRECT_TO_4357
2921188,131,2026-05-12 15:00:00,0,0,0,0,0,False,2026-05-12 15:00:46,4357,2025-08-22 19:00:00,CORRECT_TO_4357
2921464,131,2026-05-12 16:00:00,0,0,0,0,0,False,2026-05-12 16:00:47,4357,2025-08-22 19:00:00,CORRECT_TO_4357
2921734,131,2026-05-12 17:00:00,0,0,0,0,0,False,2026-05-12 17:00:49,4357,2025-08-22 19:00:00,CORRECT_TO_4357
2922003,131,2026-05-12 18:00:00,0,0,0,0,0,False,2026-05-12 18:00:49,4357,2025-08-22 19:00:00,CORRECT_TO_4357
2923275,131,2026-05-12 19:00:00,0,0,0,0,0,False,2026-05-12 19:00:52,4357,2025-08-22 19:00:00,CORRECT_TO_4357
2923545,131,2026-05-12 20:00:00,0,0,0,0,0,False,2026-05-12 20:00:48,4357,2025-08-22 19:00:00,CORRECT_TO_4357
2923818,131,2026-05-12 21:00:00,0,0,0,0,0,False,2026-05-12 21:00:48,4357,2025-08-22 19:00:00,CORRECT_TO_4357
2924097,131,2026-05-12 22:00:00,0,0,0,0,0,False,2026-05-12 22:01:00,4357,2025-08-22 19:00:00,CORRECT_TO_4357
2924355,131,2026-05-12 23:00:00,0,0,0,0,0,False,2026-05-12 23:00:47,4357,2025-08-22 19:00:00,CORRECT_TO_4357
2924625,131,2026-05-13 00:00:00,0,0,0,0,0,False,2026-05-13 00:00:56,4357,2025-08-22 19:00:00,CORRECT_TO_4357
2924893,131,2026-05-13 01:00:00,0,0,0,0,0,False,2026-05-13 01:00:54,4357,2025-08-22 19:00:00,CORRECT_TO_4357
2925165,131,2026-05-13 02:00:00,0,0,0,0,0,False,2026-05-13 02:00:47,4357,2025-08-22 19:00:00,CORRECT_TO_4357
2925434,131,2026-05-13 03:00:00,0,0,0,0,0,False,2026-05-13 03:00:47,4357,2025-08-22 19:00:00,CORRECT_TO_4357
2925704,131,2026-05-13 04:00:00,0,0,0,0,0,False,2026-05-13 04:00:46,4357,2025-08-22 19:00:00,CORRECT_TO_4357
2925977,131,2026-05-13 05:00:00,0,0,0,0,0,False,2026-05-13 05:00:46,4357,2025-08-22 19:00:00,CORRECT_TO_4357
2926246,131,2026-05-13 06:00:00,0,0,0,0,0,False,2026-05-13 06:00:47,4357,2025-08-22 19:00:00,CORRECT_TO_4357
2926516,131,2026-05-13 07:00:00,0,0,0,0,0,False,2026-05-13 07:00:48,4357,2025-08-22 19:00:00,CORRECT_TO_4357
2926791,131,2026-05-13 08:00:00,0,0,0,0,0,False,2026-05-13 08:00:52,4357,2025-08-22 19:00:00,CORRECT_TO_4357
2927057,131,2026-05-13 09:00:00,0,0,0,0,0,False,2026-05-13 09:00:49,4357,2025-08-22 19:00:00,CORRECT_TO_4357
2927327,131,2026-05-13 10:00:00,0,0,0,0,0,False,2026-05-13 10:00:50,4357,2025-08-22 19:00:00,CORRECT_TO_4357
2927595,131,2026-05-13 11:00:00,0,0,0,0,0,False,2026-05-13 11:00:48,4357,2025-08-22 19:00:00,CORRECT_TO_4357
2927866,131,2026-05-13 12:00:00,0,0,0,0,0,False,2026-05-13 12:00:52,4357,2025-08-22 19:00:00,CORRECT_TO_4357
2928154,131,2026-05-13 13:00:00,0,0,0,0,0,False,2026-05-13 13:01:09,4357,2025-08-22 19:00:00,CORRECT_TO_4357
2928409,131,2026-05-13 14:00:00,0,0,0,0,0,False,2026-05-13 14:00:51,4357,2025-08-22 19:00:00,CORRECT_TO_4357
2928681,131,2026-05-13 15:00:00,0,0,0,0,0,False,2026-05-13 15:00:55,4357,2025-08-22 19:00:00,CORRECT_TO_4357
2928944,131,2026-05-13 16:00:00,0,0,0,0,0,False,2026-05-13 16:00:49,4357,2025-08-22 19:00:00,CORRECT_TO_4357
2929211,131,2026-05-13 17:00:00,0,0,0,0,0,False,2026-05-13 17:00:50,4357,2025-08-22 19:00:00,CORRECT_TO_4357
2929477,131,2026-05-13 18:00:00,0,0,0,0,0,False,2026-05-13 18:00:49,4357,2025-08-22 19:00:00,CORRECT_TO_4357
2929746,131,2026-05-13 19:00:00,0,0,0,0,0,False,2026-05-13 19:00:51,4357,2025-08-22 19:00:00,CORRECT_TO_4357
2930017,131,2026-05-13 20:00:00,0,0,0,0,0,False,2026-05-13 20:00:50,4357,2025-08-22 19:00:00,CORRECT_TO_4357
2930278,131,2026-05-13 21:00:00,0,0,0,0,0,False,2026-05-13 21:00:50,4357,2025-08-22 19:00:00,CORRECT_TO_4357
2930710,131,2026-05-14 04:00:00,0,0,0,0,0,False,2026-05-14 04:01:48,4357,2025-08-22 19:00:00,CORRECT_TO_4357
2930999,131,2026-05-14 05:00:00,0,0,0,0,0,False,2026-05-14 05:00:50,4357,2025-08-22 19:00:00,CORRECT_TO_4357
2931266,131,2026-05-14 06:00:00,0,0,0,0,0,False,2026-05-14 06:00:54,4357,2025-08-22 19:00:00,CORRECT_TO_4357
2931541,131,2026-05-14 07:00:00,0,0,0,0,0,False,2026-05-14 07:00:57,4357,2025-08-22 19:00:00,CORRECT_TO_4357
2931791,131,2026-05-14 08:00:00,0,0,0,0,0,False,2026-05-14 08:00:53,4357,2025-08-22 19:00:00,CORRECT_TO_4357
2932073,131,2026-05-14 09:00:00,0,0,0,0,0,False,2026-05-14 09:00:56,4357,2025-08-22 19:00:00,CORRECT_TO_4357
2932349,131,2026-05-14 10:00:00,0,0,0,0,0,False,2026-05-14 10:00:53,4357,2025-08-22 19:00:00,CORRECT_TO_4357
2932599,131,2026-05-14 11:00:00,0,0,0,0,0,False,2026-05-14 11:00:50,4357,2025-08-22 19:00:00,CORRECT_TO_4357
2932884,131,2026-05-14 12:00:00,0,0,0,0,0,False,2026-05-14 12:01:00,4357,2025-08-22 19:00:00,CORRECT_TO_4357
2933152,131,2026-05-14 13:00:00,0,0,0,0,0,False,2026-05-14 13:00:55,4357,2025-08-22 19:00:00,CORRECT_TO_4357
2933423,131,2026-05-14 14:00:00,0,0,0,0,0,False,2026-05-14 14:00:56,4357,2025-08-22 19:00:00,CORRECT_TO_4357
2933684,131,2026-05-14 15:00:00,0,0,0,0,0,False,2026-05-14 15:00:56,4357,2025-08-22 19:00:00,CORRECT_TO_4357
2933955,131,2026-05-14 16:00:00,0,0,0,0,0,False,2026-05-14 16:00:53,4357,2025-08-22 19:00:00,CORRECT_TO_4357
2934228,131,2026-05-14 17:00:00,0,0,0,0,0,False,2026-05-14 17:00:56,4357,2025-08-22 19:00:00,CORRECT_TO_4357
2934502,131,2026-05-14 18:00:00,0,0,0,0,0,False,2026-05-14 18:01:03,4357,2025-08-22 19:00:00,CORRECT_TO_4357
2934763,131,2026-05-14 19:00:00,0,0,0,0,0,False,2026-05-14 19:00:54,4357,2025-08-22 19:00:00,CORRECT_TO_4357
2935018,131,2026-05-14 20:00:00,0,0,0,0,0,False,2026-05-14 20:00:54,4357,2025-08-22 19:00:00,CORRECT_TO_4357
2935293,131,2026-05-14 21:00:00,0,0,0,0,0,False,2026-05-14 21:00:51,4357,2025-08-22 19:00:00,CORRECT_TO_4357
2935599,131,2026-05-14 22:00:00,0,0,0,0,0,False,2026-05-14 22:01:17,4357,2025-08-22 19:00:00,CORRECT_TO_4357
2935835,131,2026-05-14 23:00:00,0,0,0,0,0,False,2026-05-14 23:00:48,4357,2025-08-22 19:00:00,CORRECT_TO_4357
2936106,131,2026-05-15 00:00:00,0,0,0,0,0,False,2026-05-15 00:00:54,4357,2025-08-22 19:00:00,CORRECT_TO_4357
2936399,131,2026-05-15 01:00:00,0,0,0,0,0,False,2026-05-15 01:01:16,4357,2025-08-22 19:00:00,CORRECT_TO_4357
2936646,131,2026-05-15 02:00:00,0,0,0,0,0,False,2026-05-15 02:00:51,4357,2025-08-22 19:00:00,CORRECT_TO_4357
2936946,131,2026-05-15 03:00:00,0,0,0,0,0,False,2026-05-15 03:01:22,4357,2025-08-22 19:00:00,CORRECT_TO_4357
2937191,131,2026-05-15 04:00:00,0,0,0,0,0,False,2026-05-15 04:00:54,4357,2025-08-22 19:00:00,CORRECT_TO_4357
2937454,131,2026-05-15 05:00:00,0,0,0,0,0,False,2026-05-15 05:00:52,4357,2025-08-22 19:00:00,CORRECT_TO_4357
2937725,131,2026-05-15 06:00:00,0,0,0,0,0,False,2026-05-15 06:00:50,4357,2025-08-22 19:00:00,CORRECT_TO_4357
2937992,131,2026-05-15 07:00:00,0,0,0,0,0,False,2026-05-15 07:00:48,4357,2025-08-22 19:00:00,CORRECT_TO_4357
2938259,131,2026-05-15 08:00:00,0,0,0,0,0,False,2026-05-15 08:00:47,4357,2025-08-22 19:00:00,CORRECT_TO_4357
2938528,131,2026-05-15 09:00:00,0,0,0,0,0,False,2026-05-15 09:00:49,4357,2025-08-22 19:00:00,CORRECT_TO_4357
2938794,131,2026-05-15 10:00:00,0,0,0,0,0,False,2026-05-15 10:00:49,4357,2025-08-22 19:00:00,CORRECT_TO_4357
2939081,131,2026-05-15 11:00:00,0,0,0,0,0,False,2026-05-15 11:01:04,4357,2025-08-22 19:00:00,CORRECT_TO_4357
2939338,131,2026-05-15 12:00:00,0,0,0,0,0,False,2026-05-15 12:00:52,4357,2025-08-22 19:00:00,CORRECT_TO_4357
2939614,131,2026-05-15 13:00:00,0,0,0,0,0,False,2026-05-15 13:01:02,4357,2025-08-22 19:00:00,CORRECT_TO_4357
2939889,131,2026-05-15 14:00:00,0,0,0,0,0,False,2026-05-15 14:01:15,4357,2025-08-22 19:00:00,CORRECT_TO_4357
2940140,131,2026-05-15 15:00:00,0,0,0,0,0,False,2026-05-15 15:00:55,4357,2025-08-22 19:00:00,CORRECT_TO_4357
2940411,131,2026-05-15 16:00:00,0,0,0,0,0,False,2026-05-15 16:00:55,4357,2025-08-22 19:00:00,CORRECT_TO_4357
2940679,131,2026-05-15 17:00:00,0,0,0,0,0,False,2026-05-15 17:00:57,4357,2025-08-22 19:00:00,CORRECT_TO_4357
2940948,131,2026-05-15 18:00:00,0,0,0,0,0,False,2026-05-15 18:00:58,4357,2025-08-22 19:00:00,CORRECT_TO_4357
2941211,131,2026-05-15 19:00:00,0,0,0,0,0,False,2026-05-15 19:01:06,4357,2025-08-22 19:00:00,CORRECT_TO_4357
2941471,131,2026-05-15 20:00:00,0,0,0,0,0,False,2026-05-15 20:00:49,4357,2025-08-22 19:00:00,CORRECT_TO_4357
2941773,131,2026-05-15 21:00:00,0,0,0,0,0,False,2026-05-15 21:01:27,4357,2025-08-22 19:00:00,CORRECT_TO_4357
2942010,131,2026-05-15 22:00:00,0,0,0,0,0,False,2026-05-15 22:00:47,4357,2025-08-22 19:00:00,CORRECT_TO_4357
2942278,131,2026-05-15 23:00:00,0,0,0,0,0,False,2026-05-15 23:00:50,4357,2025-08-22 19:00:00,CORRECT_TO_4357
2942536,131,2026-05-16 00:00:00,0,0,0,0,0,False,2026-05-16 00:01:01,4357,2025-08-22 19:00:00,CORRECT_TO_4357
2942823,131,2026-05-16 01:00:00,0,0,0,0,0,False,2026-05-16 01:01:07,4357,2025-08-22 19:00:00,CORRECT_TO_4357
2943089,131,2026-05-16 02:00:00,0,0,0,0,0,False,2026-05-16 02:00:52,4357,2025-08-22 19:00:00,CORRECT_TO_4357
2943360,131,2026-05-16 03:00:00,0,0,0,0,0,False,2026-05-16 03:00:53,4357,2025-08-22 19:00:00,CORRECT_TO_4357
2943619,131,2026-05-16 04:00:00,0,0,0,0,0,False,2026-05-16 04:00:48,4357,2025-08-22 19:00:00,CORRECT_TO_4357
2943864,131,2026-05-16 05:00:00,0,0,0,0,0,False,2026-05-16 05:00:50,4357,2025-08-22 19:00:00,CORRECT_TO_4357
2944136,131,2026-05-16 06:00:00,0,0,0,0,0,False,2026-05-16 06:00:58,4357,2025-08-22 19:00:00,CORRECT_TO_4357
2944403,131,2026-05-16 07:00:00,0,0,0,0,0,False,2026-05-16 07:00:51,4357,2025-08-22 19:00:00,CORRECT_TO_4357
2944682,131,2026-05-16 08:00:00,0,0,0,0,0,False,2026-05-16 08:01:02,4357,2025-08-22 19:00:00,CORRECT_TO_4357
2944956,131,2026-05-16 09:00:00,0,0,0,0,0,False,2026-05-16 09:01:02,4357,2025-08-22 19:00:00,CORRECT_TO_4357
2945204,131,2026-05-16 10:00:00,0,0,0,0,0,False,2026-05-16 10:00:47,4357,2025-08-22 19:00:00,CORRECT_TO_4357
2945471,131,2026-05-16 11:00:00,0,0,0,0,0,False,2026-05-16 11:00:47,4357,2025-08-22 19:00:00,CORRECT_TO_4357
2945741,131,2026-05-16 12:00:00,0,0,0,0,0,False,2026-05-16 12:00:51,4357,2025-08-22 19:00:00,CORRECT_TO_4357
2946011,131,2026-05-16 13:00:00,0,0,0,0,0,False,2026-05-16 13:00:51,4357,2025-08-22 19:00:00,CORRECT_TO_4357
2946312,131,2026-05-16 14:00:00,0,0,0,0,0,False,2026-05-16 14:01:31,4357,2025-08-22 19:00:00,CORRECT_TO_4357
2946547,131,2026-05-16 15:00:00,0,0,0,0,0,False,2026-05-16 15:00:45,4357,2025-08-22 19:00:00,CORRECT_TO_4357
2946817,131,2026-05-16 16:00:00,0,0,0,0,0,False,2026-05-16 16:00:48,4357,2025-08-22 19:00:00,CORRECT_TO_4357
2947081,131,2026-05-16 17:00:00,0,0,0,0,0,False,2026-05-16 17:00:46,4357,2025-08-22 19:00:00,CORRECT_TO_4357
2947355,131,2026-05-16 18:00:00,0,0,0,0,0,False,2026-05-16 18:01:09,4357,2025-08-22 19:00:00,CORRECT_TO_4357
2947619,131,2026-05-16 19:00:00,0,0,0,0,0,False,2026-05-16 19:01:05,4357,2025-08-22 19:00:00,CORRECT_TO_4357
2947882,131,2026-05-16 20:00:00,0,0,0,0,0,False,2026-05-16 20:00:48,4357,2025-08-22 19:00:00,CORRECT_TO_4357
2948163,131,2026-05-16 21:00:00,0,0,0,0,0,False,2026-05-16 21:00:45,4357,2025-08-22 19:00:00,CORRECT_TO_4357
2948440,131,2026-05-16 22:00:00,0,0,0,0,0,False,2026-05-16 22:00:45,4357,2025-08-22 19:00:00,CORRECT_TO_4357
2948717,131,2026-05-16 23:00:00,0,0,0,0,0,False,2026-05-16 23:03:34,4357,2025-08-22 19:00:00,CORRECT_TO_4357
2948956,131,2026-05-17 00:00:00,0,0,0,0,0,False,2026-05-17 00:01:41,4357,2025-08-22 19:00:00,CORRECT_TO_4357
2949226,131,2026-05-17 01:00:00,0,0,0,0,0,False,2026-05-17 01:01:35,4357,2025-08-22 19:00:00,CORRECT_TO_4357
2949497,131,2026-05-17 02:00:00,0,0,0,0,0,False,2026-05-17 02:01:28,4357,2025-08-22 19:00:00,CORRECT_TO_4357
2949748,131,2026-05-17 03:00:00,0,0,0,0,0,False,2026-05-17 03:00:43,4357,2025-08-22 19:00:00,CORRECT_TO_4357
2950026,131,2026-05-17 04:00:00,0,0,0,0,0,False,2026-05-17 04:01:02,4357,2025-08-22 19:00:00,CORRECT_TO_4357
2950321,131,2026-05-17 05:00:00,0,0,0,0,0,False,2026-05-17 05:01:04,4357,2025-08-22 19:00:00,CORRECT_TO_4357
2950595,131,2026-05-17 06:00:00,0,0,0,0,0,False,2026-05-17 06:02:26,4357,2025-08-22 19:00:00,CORRECT_TO_4357
2950834,131,2026-05-17 07:00:00,0,0,0,0,0,False,2026-05-17 07:02:26,4357,2025-08-22 19:00:00,CORRECT_TO_4357
2951073,131,2026-05-17 08:00:00,0,0,0,0,0,False,2026-05-17 08:02:25,4357,2025-08-22 19:00:00,CORRECT_TO_4357
2951312,131,2026-05-17 09:00:00,0,0,0,0,0,False,2026-05-17 09:02:26,4357,2025-08-22 19:00:00,CORRECT_TO_4357
2951551,131,2026-05-17 10:00:00,0,0,0,0,0,False,2026-05-17 10:02:26,4357,2025-08-22 19:00:00,CORRECT_TO_4357
2951790,131,2026-05-17 11:00:00,0,0,0,0,0,False,2026-05-17 11:02:24,4357,2025-08-22 19:00:00,CORRECT_TO_4357
2952029,131,2026-05-17 12:00:00,0,0,0,0,0,False,2026-05-17 12:02:40,4357,2025-08-22 19:00:00,CORRECT_TO_4357
2952268,131,2026-05-17 13:00:00,0,0,0,0,0,False,2026-05-17 13:02:27,4357,2025-08-22 19:00:00,CORRECT_TO_4357
2952507,131,2026-05-17 14:00:00,0,0,0,0,0,False,2026-05-17 14:02:26,4357,2025-08-22 19:00:00,CORRECT_TO_4357
2952746,131,2026-05-17 15:00:00,0,0,0,0,0,False,2026-05-17 15:02:25,4357,2025-08-22 19:00:00,CORRECT_TO_4357
2952985,131,2026-05-17 16:00:00,0,0,0,0,0,False,2026-05-17 16:02:28,4357,2025-08-22 19:00:00,CORRECT_TO_4357
2953223,131,2026-05-17 17:00:00,0,0,0,0,0,False,2026-05-17 17:02:25,4357,2025-08-22 19:00:00,CORRECT_TO_4357
2953462,131,2026-05-17 18:00:00,0,0,0,0,0,False,2026-05-17 18:02:25,4357,2025-08-22 19:00:00,CORRECT_TO_4357
2953700,131,2026-05-17 19:00:00,0,0,0,0,0,False,2026-05-17 19:02:25,4357,2025-08-22 19:00:00,CORRECT_TO_4357
2953939,131,2026-05-17 20:00:00,0,0,0,0,0,False,2026-05-17 20:02:33,4357,2025-08-22 19:00:00,CORRECT_TO_4357
2954178,131,2026-05-17 21:00:00,0,0,0,0,0,False,2026-05-17 21:02:25,4357,2025-08-22 19:00:00,CORRECT_TO_4357
2954390,131,2026-05-17 22:00:00,0,0,0,0,0,False,2026-05-17 22:02:32,4357,2025-08-22 19:00:00,CORRECT_TO_4357
2954619,131,2026-05-17 23:00:00,0,0,0,0,0,False,2026-05-17 23:02:31,4357,2025-08-22 19:00:00,CORRECT_TO_4357
2954897,131,2026-05-18 00:00:00,0,0,0,0,0,False,2026-05-18 00:02:29,4357,2025-08-22 19:00:00,CORRECT_TO_4357
2955130,131,2026-05-18 01:00:00,0,0,0,0,0,False,2026-05-18 01:02:36,4357,2025-08-22 19:00:00,CORRECT_TO_4357
2955391,131,2026-05-18 02:00:00,0,0,0,0,0,False,2026-05-18 02:02:28,4357,2025-08-22 19:00:00,CORRECT_TO_4357
2955650,131,2026-05-18 03:00:00,0,0,0,0,0,False,2026-05-18 03:02:26,4357,2025-08-22 19:00:00,CORRECT_TO_4357
2955889,131,2026-05-18 04:00:00,0,0,0,0,0,False,2026-05-18 04:02:24,4357,2025-08-22 19:00:00,CORRECT_TO_4357
2956128,131,2026-05-18 05:00:00,0,0,0,0,0,False,2026-05-18 05:02:38,4357,2025-08-22 19:00:00,CORRECT_TO_4357
2956367,131,2026-05-18 06:00:00,0,0,0,0,0,False,2026-05-18 06:02:27,4357,2025-08-22 19:00:00,CORRECT_TO_4357
2956606,131,2026-05-18 07:00:00,0,0,0,0,0,False,2026-05-18 07:02:25,4357,2025-08-22 19:00:00,CORRECT_TO_4357
2956845,131,2026-05-18 08:00:00,0,0,0,0,0,False,2026-05-18 08:02:30,4357,2025-08-22 19:00:00,CORRECT_TO_4357
2957084,131,2026-05-18 09:00:00,0,0,0,0,0,False,2026-05-18 09:02:26,4357,2025-08-22 19:00:00,CORRECT_TO_4357
2957323,131,2026-05-18 10:00:00,0,0,0,0,0,False,2026-05-18 10:02:25,4357,2025-08-22 19:00:00,CORRECT_TO_4357
2957562,131,2026-05-18 11:00:00,0,0,0,0,0,False,2026-05-18 11:02:26,4357,2025-08-22 19:00:00,CORRECT_TO_4357
2957801,131,2026-05-18 12:00:00,0,0,0,0,0,False,2026-05-18 12:02:26,4357,2025-08-22 19:00:00,CORRECT_TO_4357
2958040,131,2026-05-18 13:00:00,0,0,0,0,0,False,2026-05-18 13:02:32,4357,2025-08-22 19:00:00,CORRECT_TO_4357
2958279,131,2026-05-18 14:00:00,0,0,0,0,0,False,2026-05-18 14:02:26,4357,2025-08-22 19:00:00,CORRECT_TO_4357
2958520,131,2026-05-18 15:00:00,0,0,0,0,0,False,2026-05-18 15:02:26,4357,2025-08-22 19:00:00,CORRECT_TO_4357
2854650,133,2026-05-01 04:00:00,0,0,0,0,39,False,2026-05-01 04:00:44,,,SKIP_NO_PRIOR_VALID
2854866,133,2026-05-01 05:00:00,0,0,0,0,39,False,2026-05-01 05:00:46,,,SKIP_NO_PRIOR_VALID
2855082,133,2026-05-01 06:00:00,0,0,0,0,39,False,2026-05-01 06:00:45,,,SKIP_NO_PRIOR_VALID
2855299,133,2026-05-01 07:00:00,0,0,0,0,39,False,2026-05-01 07:00:43,,,SKIP_NO_PRIOR_VALID
2855518,133,2026-05-01 08:00:00,0,0,0,0,39,False,2026-05-01 08:00:44,,,SKIP_NO_PRIOR_VALID
2855733,133,2026-05-01 09:00:00,0,0,0,0,39,False,2026-05-01 09:00:44,,,SKIP_NO_PRIOR_VALID
2855952,133,2026-05-01 10:00:00,0,0,0,0,39,False,2026-05-01 10:00:44,,,SKIP_NO_PRIOR_VALID
2856172,133,2026-05-01 11:00:00,0,0,0,0,39,False,2026-05-01 11:00:45,,,SKIP_NO_PRIOR_VALID
2856386,133,2026-05-01 12:00:00,0,0,0,0,39,False,2026-05-01 12:00:49,,,SKIP_NO_PRIOR_VALID
2856607,133,2026-05-01 13:00:00,0,0,0,0,39,False,2026-05-01 13:00:50,,,SKIP_NO_PRIOR_VALID
2856820,133,2026-05-01 14:00:00,0,0,0,0,39,False,2026-05-01 14:00:45,,,SKIP_NO_PRIOR_VALID
2857039,133,2026-05-01 15:00:00,0,0,0,0,39,False,2026-05-01 15:00:47,,,SKIP_NO_PRIOR_VALID
2857257,133,2026-05-01 16:00:00,0,0,0,0,39,False,2026-05-01 16:00:46,,,SKIP_NO_PRIOR_VALID
2857471,133,2026-05-01 17:00:00,0,0,0,0,39,False,2026-05-01 17:00:46,,,SKIP_NO_PRIOR_VALID
2857687,133,2026-05-01 18:00:00,0,0,0,0,39,False,2026-05-01 18:00:46,,,SKIP_NO_PRIOR_VALID
2857902,133,2026-05-01 19:00:00,0,0,0,0,40,False,2026-05-01 19:00:45,,,SKIP_NO_PRIOR_VALID
2858106,133,2026-05-01 20:00:00,0,0,0,0,40,False,2026-05-01 20:00:45,,,SKIP_NO_PRIOR_VALID
2858344,133,2026-05-01 21:00:00,0,0,0,0,40,False,2026-05-01 21:00:46,,,SKIP_NO_PRIOR_VALID
2858542,133,2026-05-01 22:00:00,0,0,0,0,40,False,2026-05-01 22:00:46,,,SKIP_NO_PRIOR_VALID
2858778,133,2026-05-01 23:00:00,0,0,0,0,40,False,2026-05-01 23:00:45,,,SKIP_NO_PRIOR_VALID
2858991,133,2026-05-02 00:00:00,0,0,0,0,40,False,2026-05-02 00:00:52,,,SKIP_NO_PRIOR_VALID
2859205,133,2026-05-02 01:00:00,0,0,0,0,40,False,2026-05-02 01:00:48,,,SKIP_NO_PRIOR_VALID
2859423,133,2026-05-02 02:00:00,0,0,0,0,40,False,2026-05-02 02:00:46,,,SKIP_NO_PRIOR_VALID
2859636,133,2026-05-02 03:00:00,0,0,0,0,40,False,2026-05-02 03:00:46,,,SKIP_NO_PRIOR_VALID
2859860,133,2026-05-02 04:00:00,0,0,0,0,40,False,2026-05-02 04:00:47,,,SKIP_NO_PRIOR_VALID
2860068,133,2026-05-02 05:00:00,0,0,0,0,40,False,2026-05-02 05:00:45,,,SKIP_NO_PRIOR_VALID
2860289,133,2026-05-02 06:00:00,0,0,0,0,40,False,2026-05-02 06:00:45,,,SKIP_NO_PRIOR_VALID
2860514,133,2026-05-02 07:00:00,0,0,0,0,40,False,2026-05-02 07:00:45,,,SKIP_NO_PRIOR_VALID
2860728,133,2026-05-02 08:00:00,0,0,0,0,40,False,2026-05-02 08:00:45,,,SKIP_NO_PRIOR_VALID
2860941,133,2026-05-02 09:00:00,0,0,0,0,40,False,2026-05-02 09:00:44,,,SKIP_NO_PRIOR_VALID
2861162,133,2026-05-02 10:00:00,0,0,0,0,40,False,2026-05-02 10:00:45,,,SKIP_NO_PRIOR_VALID
2861379,133,2026-05-02 11:00:00,0,0,0,0,40,False,2026-05-02 11:00:47,,,SKIP_NO_PRIOR_VALID
2861593,133,2026-05-02 12:00:00,0,0,0,0,40,False,2026-05-02 12:00:48,,,SKIP_NO_PRIOR_VALID
2861810,133,2026-05-02 13:00:00,0,0,0,0,40,False,2026-05-02 13:00:48,,,SKIP_NO_PRIOR_VALID
2862033,133,2026-05-02 14:00:00,0,0,0,0,40,False,2026-05-02 14:00:46,,,SKIP_NO_PRIOR_VALID
2862253,133,2026-05-02 15:00:00,0,0,0,0,40,False,2026-05-02 15:00:46,,,SKIP_NO_PRIOR_VALID
2862462,133,2026-05-02 16:00:00,0,0,0,0,40,False,2026-05-02 16:00:47,,,SKIP_NO_PRIOR_VALID
2862681,133,2026-05-02 17:00:00,0,0,0,0,40,False,2026-05-02 17:00:46,,,SKIP_NO_PRIOR_VALID
2862896,133,2026-05-02 18:00:00,0,0,0,0,40,False,2026-05-02 18:00:46,,,SKIP_NO_PRIOR_VALID
2863114,133,2026-05-02 19:00:00,0,0,0,0,41,False,2026-05-02 19:00:47,,,SKIP_NO_PRIOR_VALID
2863332,133,2026-05-02 20:00:00,0,0,0,0,41,False,2026-05-02 20:00:45,,,SKIP_NO_PRIOR_VALID
2863550,133,2026-05-02 21:00:00,0,0,0,0,41,False,2026-05-02 21:00:45,,,SKIP_NO_PRIOR_VALID
2863764,133,2026-05-02 22:00:00,0,0,0,0,41,False,2026-05-02 22:00:44,,,SKIP_NO_PRIOR_VALID
2863965,133,2026-05-02 23:00:00,0,0,0,0,41,False,2026-05-02 23:00:45,,,SKIP_NO_PRIOR_VALID
2864196,133,2026-05-03 00:00:00,0,0,0,0,41,False,2026-05-03 00:00:52,,,SKIP_NO_PRIOR_VALID
2864413,133,2026-05-03 01:00:00,0,0,0,0,41,False,2026-05-03 01:00:49,,,SKIP_NO_PRIOR_VALID
2864631,133,2026-05-03 02:00:00,0,0,0,0,41,False,2026-05-03 02:00:46,,,SKIP_NO_PRIOR_VALID
2864838,133,2026-05-03 03:00:00,0,0,0,0,41,False,2026-05-03 03:00:45,,,SKIP_NO_PRIOR_VALID
2865066,133,2026-05-03 04:00:00,0,0,0,0,41,False,2026-05-03 04:00:46,,,SKIP_NO_PRIOR_VALID
2865285,133,2026-05-03 05:00:00,0,0,0,0,41,False,2026-05-03 05:00:45,,,SKIP_NO_PRIOR_VALID
2865501,133,2026-05-03 06:00:00,0,0,0,0,41,False,2026-05-03 06:00:46,,,SKIP_NO_PRIOR_VALID
2865716,133,2026-05-03 07:00:00,0,0,0,0,41,False,2026-05-03 07:00:43,,,SKIP_NO_PRIOR_VALID
2865933,133,2026-05-03 08:00:00,0,0,0,0,41,False,2026-05-03 08:00:46,,,SKIP_NO_PRIOR_VALID
2866153,133,2026-05-03 09:00:00,0,0,0,0,41,False,2026-05-03 09:00:46,,,SKIP_NO_PRIOR_VALID
2866369,133,2026-05-03 10:00:00,0,0,0,0,41,False,2026-05-03 10:00:44,,,SKIP_NO_PRIOR_VALID
2866581,133,2026-05-03 11:00:00,0,0,0,0,41,False,2026-05-03 11:00:46,,,SKIP_NO_PRIOR_VALID
2866798,133,2026-05-03 12:00:00,0,0,0,0,41,False,2026-05-03 12:00:48,,,SKIP_NO_PRIOR_VALID
2867023,133,2026-05-03 13:00:00,0,0,0,0,41,False,2026-05-03 13:00:47,,,SKIP_NO_PRIOR_VALID
2867240,133,2026-05-03 14:00:00,0,0,0,0,41,False,2026-05-03 14:00:46,,,SKIP_NO_PRIOR_VALID
2867457,133,2026-05-03 15:00:00,0,0,0,0,41,False,2026-05-03 15:00:46,,,SKIP_NO_PRIOR_VALID
2867676,133,2026-05-03 16:00:00,0,0,0,0,41,False,2026-05-03 16:00:47,,,SKIP_NO_PRIOR_VALID
2867887,133,2026-05-03 17:00:00,0,0,0,0,41,False,2026-05-03 17:00:47,,,SKIP_NO_PRIOR_VALID
2868095,133,2026-05-03 18:00:00,0,0,0,0,41,False,2026-05-03 18:00:47,,,SKIP_NO_PRIOR_VALID
2868323,133,2026-05-03 19:00:00,0,0,0,0,42,False,2026-05-03 19:00:47,,,SKIP_NO_PRIOR_VALID
2868537,133,2026-05-03 20:00:00,0,0,0,0,42,False,2026-05-03 20:00:45,,,SKIP_NO_PRIOR_VALID
2868756,133,2026-05-03 21:00:00,0,0,0,0,42,False,2026-05-03 21:00:44,,,SKIP_NO_PRIOR_VALID
2868971,133,2026-05-03 22:00:00,0,0,0,0,42,False,2026-05-03 22:00:45,,,SKIP_NO_PRIOR_VALID
2869191,133,2026-05-03 23:00:00,0,0,0,0,42,False,2026-05-03 23:00:45,,,SKIP_NO_PRIOR_VALID
2869404,133,2026-05-04 00:00:00,0,0,0,0,42,False,2026-05-04 00:00:52,,,SKIP_NO_PRIOR_VALID
2869619,133,2026-05-04 01:00:00,0,0,0,0,42,False,2026-05-04 01:00:48,,,SKIP_NO_PRIOR_VALID
2869835,133,2026-05-04 02:00:00,0,0,0,0,42,False,2026-05-04 02:00:45,,,SKIP_NO_PRIOR_VALID
2870052,133,2026-05-04 03:00:00,0,0,0,0,42,False,2026-05-04 03:00:46,,,SKIP_NO_PRIOR_VALID
2870279,133,2026-05-04 04:00:00,0,0,0,0,42,False,2026-05-04 04:00:46,,,SKIP_NO_PRIOR_VALID
2870492,133,2026-05-04 05:00:00,0,0,0,0,42,False,2026-05-04 05:00:46,,,SKIP_NO_PRIOR_VALID
2870709,133,2026-05-04 06:00:00,0,0,0,0,42,False,2026-05-04 06:00:46,,,SKIP_NO_PRIOR_VALID
2870923,133,2026-05-04 07:00:00,0,0,0,0,42,False,2026-05-04 07:00:45,,,SKIP_NO_PRIOR_VALID
2871143,133,2026-05-04 08:00:00,0,0,0,0,42,False,2026-05-04 08:00:44,,,SKIP_NO_PRIOR_VALID
2871360,133,2026-05-04 09:00:00,0,0,0,0,42,False,2026-05-04 09:00:44,,,SKIP_NO_PRIOR_VALID
2871578,133,2026-05-04 10:00:00,0,0,0,0,42,False,2026-05-04 10:00:46,,,SKIP_NO_PRIOR_VALID
2871794,133,2026-05-04 11:00:00,0,0,0,0,42,False,2026-05-04 11:00:45,,,SKIP_NO_PRIOR_VALID
2872014,133,2026-05-04 12:00:00,0,0,0,0,42,False,2026-05-04 12:00:46,,,SKIP_NO_PRIOR_VALID
2872228,133,2026-05-04 13:00:00,0,0,0,0,42,False,2026-05-04 13:00:48,,,SKIP_NO_PRIOR_VALID
2872440,133,2026-05-04 14:00:00,0,0,0,0,42,False,2026-05-04 14:00:45,,,SKIP_NO_PRIOR_VALID
2872658,133,2026-05-04 15:00:00,0,0,0,0,42,False,2026-05-04 15:00:44,,,SKIP_NO_PRIOR_VALID
2872876,133,2026-05-04 16:00:00,0,0,0,0,42,False,2026-05-04 16:00:45,,,SKIP_NO_PRIOR_VALID
2873091,133,2026-05-04 17:00:00,0,0,0,0,42,False,2026-05-04 17:00:44,,,SKIP_NO_PRIOR_VALID
2873309,133,2026-05-04 18:00:00,0,0,0,0,42,False,2026-05-04 18:00:46,,,SKIP_NO_PRIOR_VALID
2873528,133,2026-05-04 19:00:00,0,0,0,0,43,False,2026-05-04 19:00:45,,,SKIP_NO_PRIOR_VALID
2873744,133,2026-05-04 20:00:00,0,0,0,0,43,False,2026-05-04 20:00:45,,,SKIP_NO_PRIOR_VALID
2873960,133,2026-05-04 21:00:00,0,0,0,0,43,False,2026-05-04 21:00:44,,,SKIP_NO_PRIOR_VALID
2874176,133,2026-05-04 22:00:00,0,0,0,0,43,False,2026-05-04 22:00:43,,,SKIP_NO_PRIOR_VALID
2874393,133,2026-05-04 23:00:00,0,0,0,0,43,False,2026-05-04 23:00:44,,,SKIP_NO_PRIOR_VALID
2874613,133,2026-05-05 00:00:00,0,0,0,0,43,False,2026-05-05 00:00:48,,,SKIP_NO_PRIOR_VALID
2874827,133,2026-05-05 01:00:00,0,0,0,0,43,False,2026-05-05 01:00:46,,,SKIP_NO_PRIOR_VALID
2875046,133,2026-05-05 02:00:00,0,0,0,0,43,False,2026-05-05 02:00:44,,,SKIP_NO_PRIOR_VALID
2875262,133,2026-05-05 03:00:00,0,0,0,0,43,False,2026-05-05 03:00:44,,,SKIP_NO_PRIOR_VALID
2875478,133,2026-05-05 04:00:00,0,0,0,0,43,False,2026-05-05 04:00:43,,,SKIP_NO_PRIOR_VALID
2875697,133,2026-05-05 05:00:00,0,0,0,0,43,False,2026-05-05 05:00:44,,,SKIP_NO_PRIOR_VALID
2875914,133,2026-05-05 06:00:00,0,0,0,0,43,False,2026-05-05 06:00:43,,,SKIP_NO_PRIOR_VALID
2876129,133,2026-05-05 07:00:00,0,0,0,0,43,False,2026-05-05 07:00:44,,,SKIP_NO_PRIOR_VALID
2876351,133,2026-05-05 08:00:00,0,0,0,0,43,False,2026-05-05 08:00:44,,,SKIP_NO_PRIOR_VALID
2876566,133,2026-05-05 09:00:00,0,0,0,0,43,False,2026-05-05 09:00:43,,,SKIP_NO_PRIOR_VALID
2876786,133,2026-05-05 10:00:00,0,0,0,0,43,False,2026-05-05 10:00:44,,,SKIP_NO_PRIOR_VALID
2877001,133,2026-05-05 11:00:00,0,0,0,0,43,False,2026-05-05 11:00:44,,,SKIP_NO_PRIOR_VALID
2877216,133,2026-05-05 12:00:00,0,0,0,0,43,False,2026-05-05 12:00:47,,,SKIP_NO_PRIOR_VALID
2877434,133,2026-05-05 13:00:00,0,0,0,0,43,False,2026-05-05 13:00:47,,,SKIP_NO_PRIOR_VALID
2877642,133,2026-05-05 14:00:00,0,0,0,0,43,False,2026-05-05 14:00:46,,,SKIP_NO_PRIOR_VALID
2877874,133,2026-05-05 15:00:00,0,0,0,0,43,False,2026-05-05 15:00:46,,,SKIP_NO_PRIOR_VALID
2878089,133,2026-05-05 16:00:00,0,0,0,0,43,False,2026-05-05 16:00:45,,,SKIP_NO_PRIOR_VALID
2878300,133,2026-05-05 17:00:00,0,0,0,0,43,False,2026-05-05 17:00:45,,,SKIP_NO_PRIOR_VALID
2878516,133,2026-05-05 18:00:00,0,0,0,0,43,False,2026-05-05 18:00:43,,,SKIP_NO_PRIOR_VALID
2878731,133,2026-05-05 19:00:00,0,0,0,0,44,False,2026-05-05 19:00:46,,,SKIP_NO_PRIOR_VALID
2878951,133,2026-05-05 20:00:00,0,0,0,0,44,False,2026-05-05 20:00:45,,,SKIP_NO_PRIOR_VALID
2879172,133,2026-05-05 21:00:00,0,0,0,0,44,False,2026-05-05 21:00:44,,,SKIP_NO_PRIOR_VALID
2879386,133,2026-05-05 22:00:00,0,0,0,0,44,False,2026-05-05 22:00:44,,,SKIP_NO_PRIOR_VALID
2879603,133,2026-05-05 23:00:00,0,0,0,0,44,False,2026-05-05 23:00:43,,,SKIP_NO_PRIOR_VALID
2879818,133,2026-05-06 00:00:00,0,0,0,0,44,False,2026-05-06 00:00:49,,,SKIP_NO_PRIOR_VALID
2880036,133,2026-05-06 01:00:00,0,0,0,0,44,False,2026-05-06 01:00:45,,,SKIP_NO_PRIOR_VALID
2880252,133,2026-05-06 02:00:00,0,0,0,0,44,False,2026-05-06 02:00:44,,,SKIP_NO_PRIOR_VALID
2880470,133,2026-05-06 03:00:00,0,0,0,0,44,False,2026-05-06 03:00:45,,,SKIP_NO_PRIOR_VALID
2880691,133,2026-05-06 04:00:00,0,0,0,0,44,False,2026-05-06 04:00:44,,,SKIP_NO_PRIOR_VALID
2880906,133,2026-05-06 05:00:00,0,0,0,0,44,False,2026-05-06 05:00:43,,,SKIP_NO_PRIOR_VALID
2881120,133,2026-05-06 06:00:00,0,0,0,0,44,False,2026-05-06 06:00:44,,,SKIP_NO_PRIOR_VALID
2881339,133,2026-05-06 07:00:00,0,0,0,0,44,False,2026-05-06 07:00:44,,,SKIP_NO_PRIOR_VALID
2881557,133,2026-05-06 08:00:00,0,0,0,0,44,False,2026-05-06 08:00:43,,,SKIP_NO_PRIOR_VALID
2881776,133,2026-05-06 09:00:00,0,0,0,0,44,False,2026-05-06 09:00:44,,,SKIP_NO_PRIOR_VALID
2881987,133,2026-05-06 10:00:00,0,0,0,0,44,False,2026-05-06 10:00:45,,,SKIP_NO_PRIOR_VALID
2882205,133,2026-05-06 11:00:00,0,0,0,0,44,False,2026-05-06 11:00:43,,,SKIP_NO_PRIOR_VALID
2882421,133,2026-05-06 12:00:00,0,0,0,0,44,False,2026-05-06 12:00:46,,,SKIP_NO_PRIOR_VALID
2882639,133,2026-05-06 13:00:00,0,0,0,0,44,False,2026-05-06 13:00:48,,,SKIP_NO_PRIOR_VALID
2882854,133,2026-05-06 14:00:00,0,0,0,0,44,False,2026-05-06 14:00:46,,,SKIP_NO_PRIOR_VALID
2883073,133,2026-05-06 15:00:00,0,0,0,0,44,False,2026-05-06 15:00:45,,,SKIP_NO_PRIOR_VALID
2883290,133,2026-05-06 16:00:00,0,0,0,0,44,False,2026-05-06 16:00:46,,,SKIP_NO_PRIOR_VALID
2883511,133,2026-05-06 17:00:00,0,0,0,0,44,False,2026-05-06 17:00:45,,,SKIP_NO_PRIOR_VALID
2883726,133,2026-05-06 18:00:00,0,0,0,0,44,False,2026-05-06 18:00:46,,,SKIP_NO_PRIOR_VALID
2883941,133,2026-05-06 19:00:00,0,0,0,0,45,False,2026-05-06 19:00:45,,,SKIP_NO_PRIOR_VALID
2884157,133,2026-05-06 20:00:00,0,0,0,0,45,False,2026-05-06 20:00:44,,,SKIP_NO_PRIOR_VALID
2884376,133,2026-05-06 21:00:00,0,0,0,0,45,False,2026-05-06 21:00:44,,,SKIP_NO_PRIOR_VALID
2884592,133,2026-05-06 22:00:00,0,0,0,0,45,False,2026-05-06 22:00:44,,,SKIP_NO_PRIOR_VALID
2884810,133,2026-05-06 23:00:00,0,0,0,0,45,False,2026-05-06 23:00:44,,,SKIP_NO_PRIOR_VALID
2885024,133,2026-05-07 00:00:00,0,0,0,0,45,False,2026-05-07 00:00:51,,,SKIP_NO_PRIOR_VALID
2885243,133,2026-05-07 01:00:00,0,0,0,0,45,False,2026-05-07 01:00:47,,,SKIP_NO_PRIOR_VALID
2885460,133,2026-05-07 02:00:00,0,0,0,0,45,False,2026-05-07 02:00:45,,,SKIP_NO_PRIOR_VALID
2885679,133,2026-05-07 03:00:00,0,0,0,0,45,False,2026-05-07 03:00:43,,,SKIP_NO_PRIOR_VALID
2885900,133,2026-05-07 04:00:00,0,0,0,0,45,False,2026-05-07 04:00:44,,,SKIP_NO_PRIOR_VALID
2886115,133,2026-05-07 05:00:00,0,0,0,0,45,False,2026-05-07 05:00:45,,,SKIP_NO_PRIOR_VALID
2886333,133,2026-05-07 06:00:00,0,0,0,0,45,False,2026-05-07 06:00:44,,,SKIP_NO_PRIOR_VALID
2886545,133,2026-05-07 07:00:00,0,0,0,0,45,False,2026-05-07 07:00:43,,,SKIP_NO_PRIOR_VALID
2886763,133,2026-05-07 08:00:00,0,0,0,0,45,False,2026-05-07 08:00:44,,,SKIP_NO_PRIOR_VALID
2886981,133,2026-05-07 09:00:00,0,0,0,0,45,False,2026-05-07 09:00:44,,,SKIP_NO_PRIOR_VALID
2887196,133,2026-05-07 10:00:00,0,0,0,0,45,False,2026-05-07 10:00:45,,,SKIP_NO_PRIOR_VALID
2887412,133,2026-05-07 11:00:00,0,0,0,0,45,False,2026-05-07 11:00:44,,,SKIP_NO_PRIOR_VALID
2887634,133,2026-05-07 12:00:00,0,0,0,0,45,False,2026-05-07 12:00:47,,,SKIP_NO_PRIOR_VALID
2887855,133,2026-05-07 13:00:00,0,0,0,0,45,False,2026-05-07 13:00:49,,,SKIP_NO_PRIOR_VALID
2888069,133,2026-05-07 14:00:00,0,0,0,0,45,False,2026-05-07 14:00:48,,,SKIP_NO_PRIOR_VALID
2888285,133,2026-05-07 15:00:00,0,0,0,0,45,False,2026-05-07 15:00:47,,,SKIP_NO_PRIOR_VALID
2888504,133,2026-05-07 16:00:00,0,0,0,0,45,False,2026-05-07 16:00:48,,,SKIP_NO_PRIOR_VALID
2888721,133,2026-05-07 17:00:00,0,0,0,0,45,False,2026-05-07 17:00:47,,,SKIP_NO_PRIOR_VALID
2888936,133,2026-05-07 18:00:00,0,0,0,0,45,False,2026-05-07 18:00:46,,,SKIP_NO_PRIOR_VALID
2889154,133,2026-05-07 19:00:00,0,0,0,0,46,False,2026-05-07 19:00:46,,,SKIP_NO_PRIOR_VALID
2889369,133,2026-05-07 20:00:00,0,0,0,0,46,False,2026-05-07 20:00:47,,,SKIP_NO_PRIOR_VALID
2889637,133,2026-05-07 21:00:00,0,0,0,0,46,False,2026-05-07 21:00:46,,,SKIP_NO_PRIOR_VALID
2889912,133,2026-05-07 22:00:00,0,0,0,0,46,False,2026-05-07 22:00:46,,,SKIP_NO_PRIOR_VALID
2890189,133,2026-05-07 23:00:00,0,0,0,0,46,False,2026-05-07 23:00:46,,,SKIP_NO_PRIOR_VALID
2890465,133,2026-05-08 00:00:00,0,0,0,0,46,False,2026-05-08 00:00:51,,,SKIP_NO_PRIOR_VALID
2890745,133,2026-05-08 01:00:00,0,0,0,0,46,False,2026-05-08 01:00:53,,,SKIP_NO_PRIOR_VALID
2891025,133,2026-05-08 02:00:00,0,0,0,0,46,False,2026-05-08 02:00:52,,,SKIP_NO_PRIOR_VALID
2891297,133,2026-05-08 03:00:00,0,0,0,0,46,False,2026-05-08 03:00:45,,,SKIP_NO_PRIOR_VALID
2891588,133,2026-05-08 04:00:00,0,0,0,0,46,False,2026-05-08 04:00:58,,,SKIP_NO_PRIOR_VALID
2891855,133,2026-05-08 05:00:00,0,0,0,0,46,False,2026-05-08 05:00:56,,,SKIP_NO_PRIOR_VALID
2892141,133,2026-05-08 06:00:00,0,0,0,0,46,False,2026-05-08 06:01:03,,,SKIP_NO_PRIOR_VALID
2892406,133,2026-05-08 07:00:00,0,0,0,0,46,False,2026-05-08 07:00:46,,,SKIP_NO_PRIOR_VALID
2892683,133,2026-05-08 08:00:00,0,0,0,0,46,False,2026-05-08 08:00:46,,,SKIP_NO_PRIOR_VALID
2892959,133,2026-05-08 09:00:00,0,0,0,0,46,False,2026-05-08 09:00:45,,,SKIP_NO_PRIOR_VALID
2893239,133,2026-05-08 10:00:00,0,0,0,0,46,False,2026-05-08 10:00:45,,,SKIP_NO_PRIOR_VALID
2893516,133,2026-05-08 11:00:00,0,0,0,0,46,False,2026-05-08 11:00:44,,,SKIP_NO_PRIOR_VALID
2893789,133,2026-05-08 12:00:00,0,0,0,0,46,False,2026-05-08 12:00:46,,,SKIP_NO_PRIOR_VALID
2894067,133,2026-05-08 13:00:00,0,0,0,0,46,False,2026-05-08 13:00:48,,,SKIP_NO_PRIOR_VALID
2894342,133,2026-05-08 14:00:00,0,0,0,0,46,False,2026-05-08 14:00:47,,,SKIP_NO_PRIOR_VALID
2894624,133,2026-05-08 15:00:00,0,0,0,0,46,False,2026-05-08 15:00:49,,,SKIP_NO_PRIOR_VALID
2894901,133,2026-05-08 16:00:00,0,0,0,0,46,False,2026-05-08 16:00:54,,,SKIP_NO_PRIOR_VALID
2895181,133,2026-05-08 17:00:00,0,0,0,0,46,False,2026-05-08 17:00:48,,,SKIP_NO_PRIOR_VALID
2895456,133,2026-05-08 18:00:00,0,0,0,0,46,False,2026-05-08 18:00:48,,,SKIP_NO_PRIOR_VALID
2895725,133,2026-05-08 19:00:00,0,0,0,0,47,False,2026-05-08 19:00:48,,,SKIP_NO_PRIOR_VALID
2895997,133,2026-05-08 20:00:00,0,0,0,0,47,False,2026-05-08 20:00:45,,,SKIP_NO_PRIOR_VALID
2896286,133,2026-05-08 21:00:00,0,0,0,0,47,False,2026-05-08 21:00:45,,,SKIP_NO_PRIOR_VALID
2896567,133,2026-05-08 22:00:00,0,0,0,0,47,False,2026-05-08 22:00:46,,,SKIP_NO_PRIOR_VALID
2896841,133,2026-05-08 23:00:00,0,0,0,0,47,False,2026-05-08 23:00:54,,,SKIP_NO_PRIOR_VALID
2897116,133,2026-05-09 00:00:00,0,0,0,0,47,False,2026-05-09 00:00:54,,,SKIP_NO_PRIOR_VALID
2897391,133,2026-05-09 01:00:00,0,0,0,0,47,False,2026-05-09 01:00:50,,,SKIP_NO_PRIOR_VALID
2897666,133,2026-05-09 02:00:00,0,0,0,0,47,False,2026-05-09 02:00:45,,,SKIP_NO_PRIOR_VALID
2897945,133,2026-05-09 03:00:00,0,0,0,0,47,False,2026-05-09 03:00:45,,,SKIP_NO_PRIOR_VALID
2898221,133,2026-05-09 04:00:00,0,0,0,0,47,False,2026-05-09 04:00:46,,,SKIP_NO_PRIOR_VALID
2898499,133,2026-05-09 05:00:00,0,0,0,0,47,False,2026-05-09 05:00:49,,,SKIP_NO_PRIOR_VALID
2898775,133,2026-05-09 06:00:00,0,0,0,0,47,False,2026-05-09 06:00:46,,,SKIP_NO_PRIOR_VALID
2899055,133,2026-05-09 07:00:00,0,0,0,0,47,False,2026-05-09 07:00:48,,,SKIP_NO_PRIOR_VALID
2899331,133,2026-05-09 08:00:00,0,0,0,0,47,False,2026-05-09 08:00:45,,,SKIP_NO_PRIOR_VALID
2899611,133,2026-05-09 09:00:00,0,0,0,0,47,False,2026-05-09 09:00:45,,,SKIP_NO_PRIOR_VALID
2899887,133,2026-05-09 10:00:00,0,0,0,0,47,False,2026-05-09 10:00:46,,,SKIP_NO_PRIOR_VALID
2900162,133,2026-05-09 11:00:00,0,0,0,0,47,False,2026-05-09 11:00:46,,,SKIP_NO_PRIOR_VALID
2900426,133,2026-05-09 12:00:00,0,0,0,0,47,False,2026-05-09 12:00:48,,,SKIP_NO_PRIOR_VALID
2900709,133,2026-05-09 13:00:00,0,0,0,0,47,False,2026-05-09 13:00:49,,,SKIP_NO_PRIOR_VALID
2900982,133,2026-05-09 14:00:00,0,0,0,0,47,False,2026-05-09 14:00:47,,,SKIP_NO_PRIOR_VALID
2901269,133,2026-05-09 15:00:00,0,0,0,0,47,False,2026-05-09 15:00:46,,,SKIP_NO_PRIOR_VALID
2901548,133,2026-05-09 16:00:00,0,0,0,0,47,False,2026-05-09 16:00:46,,,SKIP_NO_PRIOR_VALID
2901824,133,2026-05-09 17:00:00,0,0,0,0,47,False,2026-05-09 17:00:45,,,SKIP_NO_PRIOR_VALID
2902107,133,2026-05-09 18:00:00,0,0,0,0,47,False,2026-05-09 18:00:46,,,SKIP_NO_PRIOR_VALID
2902382,133,2026-05-09 19:00:00,0,0,0,0,48,False,2026-05-09 19:00:45,,,SKIP_NO_PRIOR_VALID
2902658,133,2026-05-09 20:00:00,0,0,0,0,48,False,2026-05-09 20:00:45,,,SKIP_NO_PRIOR_VALID
2902932,133,2026-05-09 21:00:00,0,0,0,0,48,False,2026-05-09 21:00:45,,,SKIP_NO_PRIOR_VALID
2903213,133,2026-05-09 22:00:00,0,0,0,0,48,False,2026-05-09 22:00:45,,,SKIP_NO_PRIOR_VALID
2903488,133,2026-05-09 23:00:00,0,0,0,0,48,False,2026-05-09 23:00:46,,,SKIP_NO_PRIOR_VALID
2903765,133,2026-05-10 00:00:00,0,0,0,0,48,False,2026-05-10 00:00:52,,,SKIP_NO_PRIOR_VALID
2904038,133,2026-05-10 01:00:00,0,0,0,0,48,False,2026-05-10 01:00:48,,,SKIP_NO_PRIOR_VALID
2904316,133,2026-05-10 02:00:00,0,0,0,0,48,False,2026-05-10 02:00:45,,,SKIP_NO_PRIOR_VALID
2904580,133,2026-05-10 03:00:00,0,0,0,0,48,False,2026-05-10 03:00:45,,,SKIP_NO_PRIOR_VALID
2904861,133,2026-05-10 04:00:00,0,0,0,0,48,False,2026-05-10 04:00:45,,,SKIP_NO_PRIOR_VALID
2905135,133,2026-05-10 05:00:00,0,0,0,0,48,False,2026-05-10 05:00:46,,,SKIP_NO_PRIOR_VALID
2905432,133,2026-05-10 06:00:00,0,0,0,0,48,False,2026-05-10 06:00:46,,,SKIP_NO_PRIOR_VALID
2905689,133,2026-05-10 07:00:00,0,0,0,0,48,False,2026-05-10 07:00:45,,,SKIP_NO_PRIOR_VALID
2905987,133,2026-05-10 08:00:00,0,0,0,0,48,False,2026-05-10 08:00:48,,,SKIP_NO_PRIOR_VALID
2906257,133,2026-05-10 09:00:00,0,0,0,0,48,False,2026-05-10 09:00:46,,,SKIP_NO_PRIOR_VALID
2906531,133,2026-05-10 10:00:00,0,0,0,0,48,False,2026-05-10 10:00:45,,,SKIP_NO_PRIOR_VALID
2906804,133,2026-05-10 11:00:00,0,0,0,0,48,False,2026-05-10 11:00:44,,,SKIP_NO_PRIOR_VALID
2907086,133,2026-05-10 12:00:00,0,0,0,0,48,False,2026-05-10 12:00:47,,,SKIP_NO_PRIOR_VALID
2907364,133,2026-05-10 13:00:00,0,0,0,0,48,False,2026-05-10 13:00:50,,,SKIP_NO_PRIOR_VALID
2907639,133,2026-05-10 14:00:00,0,0,0,0,48,False,2026-05-10 14:00:44,,,SKIP_NO_PRIOR_VALID
2907916,133,2026-05-10 15:00:00,0,0,0,0,48,False,2026-05-10 15:00:46,,,SKIP_NO_PRIOR_VALID
2908192,133,2026-05-10 16:00:00,0,0,0,0,48,False,2026-05-10 16:00:47,,,SKIP_NO_PRIOR_VALID
2908469,133,2026-05-10 17:00:00,0,0,0,0,48,False,2026-05-10 17:00:46,,,SKIP_NO_PRIOR_VALID
2908747,133,2026-05-10 18:00:00,0,0,0,0,48,False,2026-05-10 18:00:48,,,SKIP_NO_PRIOR_VALID
2909020,133,2026-05-10 19:00:00,0,0,0,0,49,False,2026-05-10 19:00:48,,,SKIP_NO_PRIOR_VALID
2909295,133,2026-05-10 20:00:00,0,0,0,0,49,False,2026-05-10 20:00:45,,,SKIP_NO_PRIOR_VALID
2909566,133,2026-05-10 21:00:00,0,0,0,0,49,False,2026-05-10 21:00:45,,,SKIP_NO_PRIOR_VALID
2909849,133,2026-05-10 22:00:00,0,0,0,0,49,False,2026-05-10 22:00:45,,,SKIP_NO_PRIOR_VALID
2910136,133,2026-05-10 23:00:00,0,0,0,0,49,False,2026-05-10 23:00:45,,,SKIP_NO_PRIOR_VALID
2910409,133,2026-05-11 00:00:00,0,0,0,0,49,False,2026-05-11 00:00:51,,,SKIP_NO_PRIOR_VALID
2910692,133,2026-05-11 01:00:00,0,0,0,0,49,False,2026-05-11 01:00:50,,,SKIP_NO_PRIOR_VALID
2910962,133,2026-05-11 02:00:00,0,0,0,0,49,False,2026-05-11 02:00:45,,,SKIP_NO_PRIOR_VALID
2911243,133,2026-05-11 03:00:00,0,0,0,0,49,False,2026-05-11 03:00:46,,,SKIP_NO_PRIOR_VALID
2911515,133,2026-05-11 04:00:00,0,0,0,0,49,False,2026-05-11 04:00:45,,,SKIP_NO_PRIOR_VALID
2911796,133,2026-05-11 05:00:00,0,0,0,0,49,False,2026-05-11 05:00:49,,,SKIP_NO_PRIOR_VALID
2912071,133,2026-05-11 06:00:00,0,0,0,0,49,False,2026-05-11 06:00:49,,,SKIP_NO_PRIOR_VALID
2912348,133,2026-05-11 07:00:00,0,0,0,0,49,False,2026-05-11 07:00:47,,,SKIP_NO_PRIOR_VALID
2912626,133,2026-05-11 08:00:00,0,0,0,0,49,False,2026-05-11 08:00:48,,,SKIP_NO_PRIOR_VALID
2912905,133,2026-05-11 09:00:00,0,0,0,0,49,False,2026-05-11 09:00:45,,,SKIP_NO_PRIOR_VALID
2913179,133,2026-05-11 10:00:00,0,0,0,0,49,False,2026-05-11 10:00:48,,,SKIP_NO_PRIOR_VALID
2913456,133,2026-05-11 11:00:00,0,0,0,0,49,False,2026-05-11 11:00:46,,,SKIP_NO_PRIOR_VALID
2913733,133,2026-05-11 12:00:00,0,0,0,0,49,False,2026-05-11 12:00:49,,,SKIP_NO_PRIOR_VALID
2914011,133,2026-05-11 13:00:00,0,0,0,0,49,False,2026-05-11 13:00:53,,,SKIP_NO_PRIOR_VALID
2914278,133,2026-05-11 14:00:00,0,0,0,0,49,False,2026-05-11 14:00:50,,,SKIP_NO_PRIOR_VALID
2914568,133,2026-05-11 15:00:00,0,0,0,0,49,False,2026-05-11 15:00:49,,,SKIP_NO_PRIOR_VALID
2914830,133,2026-05-11 16:00:00,0,0,0,0,49,False,2026-05-11 16:00:48,,,SKIP_NO_PRIOR_VALID
2915120,133,2026-05-11 17:00:00,0,0,0,0,49,False,2026-05-11 17:00:49,,,SKIP_NO_PRIOR_VALID
2915394,133,2026-05-11 18:00:00,0,0,0,0,49,False,2026-05-11 18:00:49,,,SKIP_NO_PRIOR_VALID
2915672,133,2026-05-11 19:00:00,0,0,0,0,50,False,2026-05-11 19:00:48,,,SKIP_NO_PRIOR_VALID
2915944,133,2026-05-11 20:00:00,0,0,0,0,50,False,2026-05-11 20:00:47,,,SKIP_NO_PRIOR_VALID
2916219,133,2026-05-11 21:00:00,0,0,0,0,50,False,2026-05-11 21:00:46,,,SKIP_NO_PRIOR_VALID
2916500,133,2026-05-11 22:00:00,0,0,0,0,50,False,2026-05-11 22:00:46,,,SKIP_NO_PRIOR_VALID
2916777,133,2026-05-11 23:00:00,0,0,0,0,50,False,2026-05-11 23:00:46,,,SKIP_NO_PRIOR_VALID
2917047,133,2026-05-12 00:00:00,0,0,0,0,50,False,2026-05-12 00:00:51,,,SKIP_NO_PRIOR_VALID
2917325,133,2026-05-12 01:00:00,0,0,0,0,50,False,2026-05-12 01:00:48,,,SKIP_NO_PRIOR_VALID
2917599,133,2026-05-12 02:00:00,0,0,0,0,50,False,2026-05-12 02:00:46,,,SKIP_NO_PRIOR_VALID
2917882,133,2026-05-12 03:00:00,0,0,0,0,50,False,2026-05-12 03:00:46,,,SKIP_NO_PRIOR_VALID
2918158,133,2026-05-12 04:00:00,0,0,0,0,50,False,2026-05-12 04:00:44,,,SKIP_NO_PRIOR_VALID
2918429,133,2026-05-12 05:00:00,0,0,0,0,50,False,2026-05-12 05:00:48,,,SKIP_NO_PRIOR_VALID
2918704,133,2026-05-12 06:00:00,0,0,0,0,50,False,2026-05-12 06:00:47,,,SKIP_NO_PRIOR_VALID
2918969,133,2026-05-12 07:00:00,0,0,0,0,50,False,2026-05-12 07:00:47,,,SKIP_NO_PRIOR_VALID
2919262,133,2026-05-12 08:00:00,0,0,0,0,50,False,2026-05-12 08:00:48,,,SKIP_NO_PRIOR_VALID
2919531,133,2026-05-12 09:00:00,0,0,0,0,50,False,2026-05-12 09:00:45,,,SKIP_NO_PRIOR_VALID
2919812,133,2026-05-12 10:00:00,0,0,0,0,50,False,2026-05-12 10:00:48,,,SKIP_NO_PRIOR_VALID
2920085,133,2026-05-12 11:00:00,0,0,0,0,50,False,2026-05-12 11:00:46,,,SKIP_NO_PRIOR_VALID
2920359,133,2026-05-12 12:00:00,0,0,0,0,50,False,2026-05-12 12:00:50,,,SKIP_NO_PRIOR_VALID
2920640,133,2026-05-12 13:00:00,0,0,0,0,50,False,2026-05-12 13:00:53,,,SKIP_NO_PRIOR_VALID
2920917,133,2026-05-12 14:00:00,0,0,0,0,50,False,2026-05-12 14:00:48,,,SKIP_NO_PRIOR_VALID
2921189,133,2026-05-12 15:00:00,0,0,0,0,50,False,2026-05-12 15:00:46,,,SKIP_NO_PRIOR_VALID
2921465,133,2026-05-12 16:00:00,0,0,0,0,50,False,2026-05-12 16:00:47,,,SKIP_NO_PRIOR_VALID
2921736,133,2026-05-12 17:00:00,0,0,0,0,50,False,2026-05-12 17:00:50,,,SKIP_NO_PRIOR_VALID
2922005,133,2026-05-12 18:00:00,0,0,0,0,50,False,2026-05-12 18:00:49,,,SKIP_NO_PRIOR_VALID
2923276,133,2026-05-12 19:00:00,0,0,0,0,51,False,2026-05-12 19:00:53,,,SKIP_NO_PRIOR_VALID
2923547,133,2026-05-12 20:00:00,0,0,0,0,51,False,2026-05-12 20:00:48,,,SKIP_NO_PRIOR_VALID
2923820,133,2026-05-12 21:00:00,0,0,0,0,51,False,2026-05-12 21:00:48,,,SKIP_NO_PRIOR_VALID
2924098,133,2026-05-12 22:00:00,0,0,0,0,51,False,2026-05-12 22:01:01,,,SKIP_NO_PRIOR_VALID
2924356,133,2026-05-12 23:00:00,0,0,0,0,51,False,2026-05-12 23:00:48,,,SKIP_NO_PRIOR_VALID
2924626,133,2026-05-13 00:00:00,0,0,0,0,51,False,2026-05-13 00:00:56,,,SKIP_NO_PRIOR_VALID
2924894,133,2026-05-13 01:00:00,0,0,0,0,51,False,2026-05-13 01:00:54,,,SKIP_NO_PRIOR_VALID
2925166,133,2026-05-13 02:00:00,0,0,0,0,51,False,2026-05-13 02:00:48,,,SKIP_NO_PRIOR_VALID
2925435,133,2026-05-13 03:00:00,0,0,0,0,51,False,2026-05-13 03:00:47,,,SKIP_NO_PRIOR_VALID
2925706,133,2026-05-13 04:00:00,0,0,0,0,51,False,2026-05-13 04:00:47,,,SKIP_NO_PRIOR_VALID
2925978,133,2026-05-13 05:00:00,0,0,0,0,51,False,2026-05-13 05:00:47,,,SKIP_NO_PRIOR_VALID
2926247,133,2026-05-13 06:00:00,0,0,0,0,51,False,2026-05-13 06:00:47,,,SKIP_NO_PRIOR_VALID
2926517,133,2026-05-13 07:00:00,0,0,0,0,51,False,2026-05-13 07:00:49,,,SKIP_NO_PRIOR_VALID
2926793,133,2026-05-13 08:00:00,0,0,0,0,51,False,2026-05-13 08:00:53,,,SKIP_NO_PRIOR_VALID
2927058,133,2026-05-13 09:00:00,0,0,0,0,51,False,2026-05-13 09:00:50,,,SKIP_NO_PRIOR_VALID
2927328,133,2026-05-13 10:00:00,0,0,0,0,51,False,2026-05-13 10:00:50,,,SKIP_NO_PRIOR_VALID
2927596,133,2026-05-13 11:00:00,0,0,0,0,51,False,2026-05-13 11:00:49,,,SKIP_NO_PRIOR_VALID
2927867,133,2026-05-13 12:00:00,0,0,0,0,51,False,2026-05-13 12:00:52,,,SKIP_NO_PRIOR_VALID
2928157,133,2026-05-13 13:00:00,0,0,0,0,51,False,2026-05-13 13:01:09,,,SKIP_NO_PRIOR_VALID
2928410,133,2026-05-13 14:00:00,0,0,0,0,51,False,2026-05-13 14:00:51,,,SKIP_NO_PRIOR_VALID
2928683,133,2026-05-13 15:00:00,0,0,0,0,51,False,2026-05-13 15:00:56,,,SKIP_NO_PRIOR_VALID
2928945,133,2026-05-13 16:00:00,0,0,0,0,51,False,2026-05-13 16:00:49,,,SKIP_NO_PRIOR_VALID
2929212,133,2026-05-13 17:00:00,0,0,0,0,51,False,2026-05-13 17:00:50,,,SKIP_NO_PRIOR_VALID
2929478,133,2026-05-13 18:00:00,0,0,0,0,51,False,2026-05-13 18:00:50,,,SKIP_NO_PRIOR_VALID
2929747,133,2026-05-13 19:00:00,0,0,0,0,52,False,2026-05-13 19:00:51,,,SKIP_NO_PRIOR_VALID
2930018,133,2026-05-13 20:00:00,0,0,0,0,52,False,2026-05-13 20:00:51,,,SKIP_NO_PRIOR_VALID
2930280,133,2026-05-13 21:00:00,0,0,0,0,52,False,2026-05-13 21:00:50,,,SKIP_NO_PRIOR_VALID
2930711,133,2026-05-14 04:00:00,0,0,0,0,52,False,2026-05-14 04:01:49,,,SKIP_NO_PRIOR_VALID
2931000,133,2026-05-14 05:00:00,0,0,0,0,52,False,2026-05-14 05:00:50,,,SKIP_NO_PRIOR_VALID
2931267,133,2026-05-14 06:00:00,0,0,0,0,52,False,2026-05-14 06:00:54,,,SKIP_NO_PRIOR_VALID
2931543,133,2026-05-14 07:00:00,0,0,0,0,52,False,2026-05-14 07:00:57,,,SKIP_NO_PRIOR_VALID
2931792,133,2026-05-14 08:00:00,0,0,0,0,52,False,2026-05-14 08:00:54,,,SKIP_NO_PRIOR_VALID
2932075,133,2026-05-14 09:00:00,0,0,0,0,52,False,2026-05-14 09:00:56,,,SKIP_NO_PRIOR_VALID
2932350,133,2026-05-14 10:00:00,0,0,0,0,52,False,2026-05-14 10:00:54,,,SKIP_NO_PRIOR_VALID
2932600,133,2026-05-14 11:00:00,0,0,0,0,52,False,2026-05-14 11:00:50,,,SKIP_NO_PRIOR_VALID
2932886,133,2026-05-14 12:00:00,0,0,0,0,52,False,2026-05-14 12:01:01,,,SKIP_NO_PRIOR_VALID
2933154,133,2026-05-14 13:00:00,0,0,0,0,52,False,2026-05-14 13:00:55,,,SKIP_NO_PRIOR_VALID
2933424,133,2026-05-14 14:00:00,0,0,0,0,52,False,2026-05-14 14:00:56,,,SKIP_NO_PRIOR_VALID
2933686,133,2026-05-14 15:00:00,0,0,0,0,52,False,2026-05-14 15:00:56,,,SKIP_NO_PRIOR_VALID
2933956,133,2026-05-14 16:00:00,0,0,0,0,52,False,2026-05-14 16:00:54,,,SKIP_NO_PRIOR_VALID
2934230,133,2026-05-14 17:00:00,0,0,0,0,52,False,2026-05-14 17:00:56,,,SKIP_NO_PRIOR_VALID
2934503,133,2026-05-14 18:00:00,0,0,0,0,52,False,2026-05-14 18:01:03,,,SKIP_NO_PRIOR_VALID
2934765,133,2026-05-14 19:00:00,0,0,0,0,53,False,2026-05-14 19:00:55,,,SKIP_NO_PRIOR_VALID
2935019,133,2026-05-14 20:00:00,0,0,0,0,53,False,2026-05-14 20:00:54,,,SKIP_NO_PRIOR_VALID
2935294,133,2026-05-14 21:00:00,0,0,0,0,53,False,2026-05-14 21:00:51,,,SKIP_NO_PRIOR_VALID
2935600,133,2026-05-14 22:00:00,0,0,0,0,53,False,2026-05-14 22:01:17,,,SKIP_NO_PRIOR_VALID
2935836,133,2026-05-14 23:00:00,0,0,0,0,53,False,2026-05-14 23:00:48,,,SKIP_NO_PRIOR_VALID
2936107,133,2026-05-15 00:00:00,0,0,0,0,53,False,2026-05-15 00:00:54,,,SKIP_NO_PRIOR_VALID
2936401,133,2026-05-15 01:00:00,0,0,0,0,53,False,2026-05-15 01:01:16,,,SKIP_NO_PRIOR_VALID
2936647,133,2026-05-15 02:00:00,0,0,0,0,53,False,2026-05-15 02:00:51,,,SKIP_NO_PRIOR_VALID
2936948,133,2026-05-15 03:00:00,0,0,0,0,53,False,2026-05-15 03:01:22,,,SKIP_NO_PRIOR_VALID
2937192,133,2026-05-15 04:00:00,0,0,0,0,53,False,2026-05-15 04:00:54,,,SKIP_NO_PRIOR_VALID
2937455,133,2026-05-15 05:00:00,0,0,0,0,53,False,2026-05-15 05:00:52,,,SKIP_NO_PRIOR_VALID
2937728,133,2026-05-15 06:00:00,0,0,0,0,53,False,2026-05-15 06:00:52,,,SKIP_NO_PRIOR_VALID
2937994,133,2026-05-15 07:00:00,0,0,0,0,53,False,2026-05-15 07:00:48,,,SKIP_NO_PRIOR_VALID
2938260,133,2026-05-15 08:00:00,0,0,0,0,53,False,2026-05-15 08:00:48,,,SKIP_NO_PRIOR_VALID
2938529,133,2026-05-15 09:00:00,0,0,0,0,53,False,2026-05-15 09:00:50,,,SKIP_NO_PRIOR_VALID
2938795,133,2026-05-15 10:00:00,0,0,0,0,53,False,2026-05-15 10:00:49,,,SKIP_NO_PRIOR_VALID
2939082,133,2026-05-15 11:00:00,0,0,0,0,53,False,2026-05-15 11:01:04,,,SKIP_NO_PRIOR_VALID
2939339,133,2026-05-15 12:00:00,0,0,0,0,53,False,2026-05-15 12:00:52,,,SKIP_NO_PRIOR_VALID
2939615,133,2026-05-15 13:00:00,0,0,0,0,53,False,2026-05-15 13:01:02,,,SKIP_NO_PRIOR_VALID
2939891,133,2026-05-15 14:00:00,0,0,0,0,53,False,2026-05-15 14:01:15,,,SKIP_NO_PRIOR_VALID
2940142,133,2026-05-15 15:00:00,0,0,0,0,53,False,2026-05-15 15:00:56,,,SKIP_NO_PRIOR_VALID
2940413,133,2026-05-15 16:00:00,0,0,0,0,53,False,2026-05-15 16:00:55,,,SKIP_NO_PRIOR_VALID
2940680,133,2026-05-15 17:00:00,0,0,0,0,53,False,2026-05-15 17:00:58,,,SKIP_NO_PRIOR_VALID
2940949,133,2026-05-15 18:00:00,0,0,0,0,53,False,2026-05-15 18:00:58,,,SKIP_NO_PRIOR_VALID
2941213,133,2026-05-15 19:00:00,0,0,0,0,54,False,2026-05-15 19:01:07,,,SKIP_NO_PRIOR_VALID
2941472,133,2026-05-15 20:00:00,0,0,0,0,54,False,2026-05-15 20:00:50,,,SKIP_NO_PRIOR_VALID
2941774,133,2026-05-15 21:00:00,0,0,0,0,54,False,2026-05-15 21:01:29,,,SKIP_NO_PRIOR_VALID
2942011,133,2026-05-15 22:00:00,0,0,0,0,54,False,2026-05-15 22:00:47,,,SKIP_NO_PRIOR_VALID
2942279,133,2026-05-15 23:00:00,0,0,0,0,54,False,2026-05-15 23:00:51,,,SKIP_NO_PRIOR_VALID
2942537,133,2026-05-16 00:00:00,0,0,0,0,54,False,2026-05-16 00:01:01,,,SKIP_NO_PRIOR_VALID
2942826,133,2026-05-16 01:00:00,0,0,0,0,54,False,2026-05-16 01:01:14,,,SKIP_NO_PRIOR_VALID
2943090,133,2026-05-16 02:00:00,0,0,0,0,54,False,2026-05-16 02:00:53,,,SKIP_NO_PRIOR_VALID
2943362,133,2026-05-16 03:00:00,0,0,0,0,54,False,2026-05-16 03:00:53,,,SKIP_NO_PRIOR_VALID
2943621,133,2026-05-16 04:00:00,0,0,0,0,54,False,2026-05-16 04:00:49,,,SKIP_NO_PRIOR_VALID
2943865,133,2026-05-16 05:00:00,0,0,0,0,54,False,2026-05-16 05:00:50,,,SKIP_NO_PRIOR_VALID
2944137,133,2026-05-16 06:00:00,0,0,0,0,54,False,2026-05-16 06:00:58,,,SKIP_NO_PRIOR_VALID
2944404,133,2026-05-16 07:00:00,0,0,0,0,54,False,2026-05-16 07:00:51,,,SKIP_NO_PRIOR_VALID
2944684,133,2026-05-16 08:00:00,0,0,0,0,54,False,2026-05-16 08:01:02,,,SKIP_NO_PRIOR_VALID
2944957,133,2026-05-16 09:00:00,0,0,0,0,54,False,2026-05-16 09:01:02,,,SKIP_NO_PRIOR_VALID
2945206,133,2026-05-16 10:00:00,0,0,0,0,54,False,2026-05-16 10:00:47,,,SKIP_NO_PRIOR_VALID
2945472,133,2026-05-16 11:00:00,0,0,0,0,54,False,2026-05-16 11:00:47,,,SKIP_NO_PRIOR_VALID
2945742,133,2026-05-16 12:00:00,0,0,0,0,54,False,2026-05-16 12:00:51,,,SKIP_NO_PRIOR_VALID
2946012,133,2026-05-16 13:00:00,0,0,0,0,54,False,2026-05-16 13:00:52,,,SKIP_NO_PRIOR_VALID
2946316,133,2026-05-16 14:00:00,0,0,0,0,54,False,2026-05-16 14:01:35,,,SKIP_NO_PRIOR_VALID
2946548,133,2026-05-16 15:00:00,0,0,0,0,54,False,2026-05-16 15:00:45,,,SKIP_NO_PRIOR_VALID
2946819,133,2026-05-16 16:00:00,0,0,0,0,54,False,2026-05-16 16:00:49,,,SKIP_NO_PRIOR_VALID
2947082,133,2026-05-16 17:00:00,0,0,0,0,54,False,2026-05-16 17:00:46,,,SKIP_NO_PRIOR_VALID
2947359,133,2026-05-16 18:00:00,0,0,0,0,54,False,2026-05-16 18:01:20,,,SKIP_NO_PRIOR_VALID
2947621,133,2026-05-16 19:00:00,0,0,0,0,55,False,2026-05-16 19:01:05,,,SKIP_NO_PRIOR_VALID
2947883,133,2026-05-16 20:00:00,0,0,0,0,55,False,2026-05-16 20:00:48,,,SKIP_NO_PRIOR_VALID
2948164,133,2026-05-16 21:00:00,0,0,0,0,55,False,2026-05-16 21:00:46,,,SKIP_NO_PRIOR_VALID
2948442,133,2026-05-16 22:00:00,0,0,0,0,55,False,2026-05-16 22:00:46,,,SKIP_NO_PRIOR_VALID
2948720,133,2026-05-16 23:00:00,0,0,0,0,0,False,2026-05-16 23:03:43,,,SKIP_NO_PRIOR_VALID
2948961,133,2026-05-17 00:00:00,0,0,0,0,0,False,2026-05-17 00:01:53,,,SKIP_NO_PRIOR_VALID
2949230,133,2026-05-17 01:00:00,0,0,0,0,0,False,2026-05-17 01:01:48,,,SKIP_NO_PRIOR_VALID
2949499,133,2026-05-17 02:00:00,0,0,0,0,0,False,2026-05-17 02:01:39,,,SKIP_NO_PRIOR_VALID
2949749,133,2026-05-17 03:00:00,0,0,0,0,55,False,2026-05-17 03:00:44,,,SKIP_NO_PRIOR_VALID
2950029,133,2026-05-17 04:00:00,0,0,0,0,55,False,2026-05-17 04:01:03,,,SKIP_NO_PRIOR_VALID
2950322,133,2026-05-17 05:00:00,0,0,0,0,55,False,2026-05-17 05:01:05,,,SKIP_NO_PRIOR_VALID
2950596,133,2026-05-17 06:00:00,0,0,0,0,55,False,2026-05-17 06:02:26,,,SKIP_NO_PRIOR_VALID
2950835,133,2026-05-17 07:00:00,0,0,0,0,55,False,2026-05-17 07:02:26,,,SKIP_NO_PRIOR_VALID
2951074,133,2026-05-17 08:00:00,0,0,0,0,55,False,2026-05-17 08:02:26,,,SKIP_NO_PRIOR_VALID
2951313,133,2026-05-17 09:00:00,0,0,0,0,55,False,2026-05-17 09:02:26,,,SKIP_NO_PRIOR_VALID
2951552,133,2026-05-17 10:00:00,0,0,0,0,55,False,2026-05-17 10:02:27,,,SKIP_NO_PRIOR_VALID
2951791,133,2026-05-17 11:00:00,0,0,0,0,55,False,2026-05-17 11:02:25,,,SKIP_NO_PRIOR_VALID
2952030,133,2026-05-17 12:00:00,0,0,0,0,55,False,2026-05-17 12:02:41,,,SKIP_NO_PRIOR_VALID
2952269,133,2026-05-17 13:00:00,0,0,0,0,55,False,2026-05-17 13:02:27,,,SKIP_NO_PRIOR_VALID
2952508,133,2026-05-17 14:00:00,0,0,0,0,55,False,2026-05-17 14:02:26,,,SKIP_NO_PRIOR_VALID
2952747,133,2026-05-17 15:00:00,0,0,0,0,55,False,2026-05-17 15:02:26,,,SKIP_NO_PRIOR_VALID
2952986,133,2026-05-17 16:00:00,0,0,0,0,55,False,2026-05-17 16:02:29,,,SKIP_NO_PRIOR_VALID
2953224,133,2026-05-17 17:00:00,0,0,0,0,55,False,2026-05-17 17:02:25,,,SKIP_NO_PRIOR_VALID
2953463,133,2026-05-17 18:00:00,0,0,0,0,55,False,2026-05-17 18:02:25,,,SKIP_NO_PRIOR_VALID
2953701,133,2026-05-17 19:00:00,0,0,0,0,56,False,2026-05-17 19:02:25,,,SKIP_NO_PRIOR_VALID
2953940,133,2026-05-17 20:00:00,0,0,0,0,56,False,2026-05-17 20:02:33,,,SKIP_NO_PRIOR_VALID
2954179,133,2026-05-17 21:00:00,0,0,0,0,56,False,2026-05-17 21:02:26,,,SKIP_NO_PRIOR_VALID
2954391,133,2026-05-17 22:00:00,0,0,0,0,56,False,2026-05-17 22:02:32,,,SKIP_NO_PRIOR_VALID
2954620,133,2026-05-17 23:00:00,0,0,0,0,56,False,2026-05-17 23:02:31,,,SKIP_NO_PRIOR_VALID
2954899,133,2026-05-18 00:00:00,0,0,0,0,56,False,2026-05-18 00:02:29,,,SKIP_NO_PRIOR_VALID
2955131,133,2026-05-18 01:00:00,0,0,0,0,56,False,2026-05-18 01:02:37,,,SKIP_NO_PRIOR_VALID
2955392,133,2026-05-18 02:00:00,0,0,0,0,56,False,2026-05-18 02:02:29,,,SKIP_NO_PRIOR_VALID
2955651,133,2026-05-18 03:00:00,0,0,0,0,56,False,2026-05-18 03:02:26,,,SKIP_NO_PRIOR_VALID
2955890,133,2026-05-18 04:00:00,0,0,0,0,56,False,2026-05-18 04:02:25,,,SKIP_NO_PRIOR_VALID
2956129,133,2026-05-18 05:00:00,0,0,0,0,56,False,2026-05-18 05:02:44,,,SKIP_NO_PRIOR_VALID
2956368,133,2026-05-18 06:00:00,0,0,0,0,56,False,2026-05-18 06:02:28,,,SKIP_NO_PRIOR_VALID
2956607,133,2026-05-18 07:00:00,0,0,0,0,56,False,2026-05-18 07:02:26,,,SKIP_NO_PRIOR_VALID
2956846,133,2026-05-18 08:00:00,0,0,0,0,56,False,2026-05-18 08:02:36,,,SKIP_NO_PRIOR_VALID
2957085,133,2026-05-18 09:00:00,0,0,0,0,56,False,2026-05-18 09:02:27,,,SKIP_NO_PRIOR_VALID
2957324,133,2026-05-18 10:00:00,0,0,0,0,56,False,2026-05-18 10:02:26,,,SKIP_NO_PRIOR_VALID
2957563,133,2026-05-18 11:00:00,0,0,0,0,56,False,2026-05-18 11:02:26,,,SKIP_NO_PRIOR_VALID
2957802,133,2026-05-18 12:00:00,0,0,0,0,56,False,2026-05-18 12:02:27,,,SKIP_NO_PRIOR_VALID
2958041,133,2026-05-18 13:00:00,0,0,0,0,56,False,2026-05-18 13:02:32,,,SKIP_NO_PRIOR_VALID
2958280,133,2026-05-18 14:00:00,0,0,0,0,56,False,2026-05-18 14:02:27,,,SKIP_NO_PRIOR_VALID
2958521,133,2026-05-18 15:00:00,0,0,0,0,56,False,2026-05-18 15:02:27,,,SKIP_NO_PRIOR_VALID
2854647,137,2026-05-01 04:00:00,0,0,0,0,0,False,2026-05-01 04:00:44,19484,2025-07-08 17:00:00,CORRECT_TO_19484
2854863,137,2026-05-01 05:00:00,0,0,0,0,0,False,2026-05-01 05:00:45,19484,2025-07-08 17:00:00,CORRECT_TO_19484
2855080,137,2026-05-01 06:00:00,0,0,0,0,0,False,2026-05-01 06:00:44,19484,2025-07-08 17:00:00,CORRECT_TO_19484
2855295,137,2026-05-01 07:00:00,0,0,0,0,0,False,2026-05-01 07:00:43,19484,2025-07-08 17:00:00,CORRECT_TO_19484
2855515,137,2026-05-01 08:00:00,0,0,0,0,0,False,2026-05-01 08:00:44,19484,2025-07-08 17:00:00,CORRECT_TO_19484
2855730,137,2026-05-01 09:00:00,0,0,0,0,0,False,2026-05-01 09:00:43,19484,2025-07-08 17:00:00,CORRECT_TO_19484
2855948,137,2026-05-01 10:00:00,0,0,0,0,0,False,2026-05-01 10:00:44,19484,2025-07-08 17:00:00,CORRECT_TO_19484
2856170,137,2026-05-01 11:00:00,0,0,0,0,0,False,2026-05-01 11:00:45,19484,2025-07-08 17:00:00,CORRECT_TO_19484
2856384,137,2026-05-01 12:00:00,0,0,0,0,0,False,2026-05-01 12:00:49,19484,2025-07-08 17:00:00,CORRECT_TO_19484
2856604,137,2026-05-01 13:00:00,0,0,0,0,0,False,2026-05-01 13:00:49,19484,2025-07-08 17:00:00,CORRECT_TO_19484
2856818,137,2026-05-01 14:00:00,0,0,0,0,0,False,2026-05-01 14:00:45,19484,2025-07-08 17:00:00,CORRECT_TO_19484
2857036,137,2026-05-01 15:00:00,0,0,0,0,0,False,2026-05-01 15:00:46,19484,2025-07-08 17:00:00,CORRECT_TO_19484
2857255,137,2026-05-01 16:00:00,0,0,0,0,0,False,2026-05-01 16:00:45,19484,2025-07-08 17:00:00,CORRECT_TO_19484
2857468,137,2026-05-01 17:00:00,0,0,0,0,0,False,2026-05-01 17:00:45,19484,2025-07-08 17:00:00,CORRECT_TO_19484
2857685,137,2026-05-01 18:00:00,0,0,0,0,0,False,2026-05-01 18:00:45,19484,2025-07-08 17:00:00,CORRECT_TO_19484
2857900,137,2026-05-01 19:00:00,0,0,0,0,0,False,2026-05-01 19:00:45,19484,2025-07-08 17:00:00,CORRECT_TO_19484
2858104,137,2026-05-01 20:00:00,0,0,0,0,0,False,2026-05-01 20:00:45,19484,2025-07-08 17:00:00,CORRECT_TO_19484
2858341,137,2026-05-01 21:00:00,0,0,0,0,0,False,2026-05-01 21:00:45,19484,2025-07-08 17:00:00,CORRECT_TO_19484
2858539,137,2026-05-01 22:00:00,0,0,0,0,0,False,2026-05-01 22:00:45,19484,2025-07-08 17:00:00,CORRECT_TO_19484
2858774,137,2026-05-01 23:00:00,0,0,0,0,0,False,2026-05-01 23:00:44,19484,2025-07-08 17:00:00,CORRECT_TO_19484
2858989,137,2026-05-02 00:00:00,0,0,0,0,0,False,2026-05-02 00:00:51,19484,2025-07-08 17:00:00,CORRECT_TO_19484
2859202,137,2026-05-02 01:00:00,0,0,0,0,0,False,2026-05-02 01:00:48,19484,2025-07-08 17:00:00,CORRECT_TO_19484
2859421,137,2026-05-02 02:00:00,0,0,0,0,0,False,2026-05-02 02:00:45,19484,2025-07-08 17:00:00,CORRECT_TO_19484
2859634,137,2026-05-02 03:00:00,0,0,0,0,0,False,2026-05-02 03:00:45,19484,2025-07-08 17:00:00,CORRECT_TO_19484
2859857,137,2026-05-02 04:00:00,0,0,0,0,0,False,2026-05-02 04:00:46,19484,2025-07-08 17:00:00,CORRECT_TO_19484
2860066,137,2026-05-02 05:00:00,0,0,0,0,0,False,2026-05-02 05:00:45,19484,2025-07-08 17:00:00,CORRECT_TO_19484
2860286,137,2026-05-02 06:00:00,0,0,0,0,0,False,2026-05-02 06:00:45,19484,2025-07-08 17:00:00,CORRECT_TO_19484
2860511,137,2026-05-02 07:00:00,0,0,0,0,0,False,2026-05-02 07:00:45,19484,2025-07-08 17:00:00,CORRECT_TO_19484
2860725,137,2026-05-02 08:00:00,0,0,0,0,0,False,2026-05-02 08:00:44,19484,2025-07-08 17:00:00,CORRECT_TO_19484
2860938,137,2026-05-02 09:00:00,0,0,0,0,0,False,2026-05-02 09:00:44,19484,2025-07-08 17:00:00,CORRECT_TO_19484
2861159,137,2026-05-02 10:00:00,0,0,0,0,0,False,2026-05-02 10:00:45,19484,2025-07-08 17:00:00,CORRECT_TO_19484
2861377,137,2026-05-02 11:00:00,0,0,0,0,0,False,2026-05-02 11:00:46,19484,2025-07-08 17:00:00,CORRECT_TO_19484
2861591,137,2026-05-02 12:00:00,0,0,0,0,0,False,2026-05-02 12:00:47,19484,2025-07-08 17:00:00,CORRECT_TO_19484
2861807,137,2026-05-02 13:00:00,0,0,0,0,0,False,2026-05-02 13:00:47,19484,2025-07-08 17:00:00,CORRECT_TO_19484
2862030,137,2026-05-02 14:00:00,0,0,0,0,0,False,2026-05-02 14:00:46,19484,2025-07-08 17:00:00,CORRECT_TO_19484
2862251,137,2026-05-02 15:00:00,0,0,0,0,0,False,2026-05-02 15:00:46,19484,2025-07-08 17:00:00,CORRECT_TO_19484
2862458,137,2026-05-02 16:00:00,0,0,0,0,0,False,2026-05-02 16:00:47,19484,2025-07-08 17:00:00,CORRECT_TO_19484
2862678,137,2026-05-02 17:00:00,0,0,0,0,0,False,2026-05-02 17:00:46,19484,2025-07-08 17:00:00,CORRECT_TO_19484
2862894,137,2026-05-02 18:00:00,0,0,0,0,0,False,2026-05-02 18:00:45,19484,2025-07-08 17:00:00,CORRECT_TO_19484
2863112,137,2026-05-02 19:00:00,0,0,0,0,0,False,2026-05-02 19:00:46,19484,2025-07-08 17:00:00,CORRECT_TO_19484
2863329,137,2026-05-02 20:00:00,0,0,0,0,0,False,2026-05-02 20:00:45,19484,2025-07-08 17:00:00,CORRECT_TO_19484
2863547,137,2026-05-02 21:00:00,0,0,0,0,0,False,2026-05-02 21:00:45,19484,2025-07-08 17:00:00,CORRECT_TO_19484
2863762,137,2026-05-02 22:00:00,0,0,0,0,0,False,2026-05-02 22:00:44,19484,2025-07-08 17:00:00,CORRECT_TO_19484
2863963,137,2026-05-02 23:00:00,0,0,0,0,0,False,2026-05-02 23:00:44,19484,2025-07-08 17:00:00,CORRECT_TO_19484
2864193,137,2026-05-03 00:00:00,0,0,0,0,0,False,2026-05-03 00:00:52,19484,2025-07-08 17:00:00,CORRECT_TO_19484
2864409,137,2026-05-03 01:00:00,0,0,0,0,0,False,2026-05-03 01:00:48,19484,2025-07-08 17:00:00,CORRECT_TO_19484
2864627,137,2026-05-03 02:00:00,0,0,0,0,0,False,2026-05-03 02:00:46,19484,2025-07-08 17:00:00,CORRECT_TO_19484
2864836,137,2026-05-03 03:00:00,0,0,0,0,0,False,2026-05-03 03:00:45,19484,2025-07-08 17:00:00,CORRECT_TO_19484
2865063,137,2026-05-03 04:00:00,0,0,0,0,0,False,2026-05-03 04:00:45,19484,2025-07-08 17:00:00,CORRECT_TO_19484
2865283,137,2026-05-03 05:00:00,0,0,0,0,0,False,2026-05-03 05:00:45,19484,2025-07-08 17:00:00,CORRECT_TO_19484
2865499,137,2026-05-03 06:00:00,0,0,0,0,0,False,2026-05-03 06:00:46,19484,2025-07-08 17:00:00,CORRECT_TO_19484
2865714,137,2026-05-03 07:00:00,0,0,0,0,0,False,2026-05-03 07:00:43,19484,2025-07-08 17:00:00,CORRECT_TO_19484
2865931,137,2026-05-03 08:00:00,0,0,0,0,0,False,2026-05-03 08:00:45,19484,2025-07-08 17:00:00,CORRECT_TO_19484
2866151,137,2026-05-03 09:00:00,0,0,0,0,0,False,2026-05-03 09:00:46,19484,2025-07-08 17:00:00,CORRECT_TO_19484
2866366,137,2026-05-03 10:00:00,0,0,0,0,0,False,2026-05-03 10:00:44,19484,2025-07-08 17:00:00,CORRECT_TO_19484
2866579,137,2026-05-03 11:00:00,0,0,0,0,0,False,2026-05-03 11:00:45,19484,2025-07-08 17:00:00,CORRECT_TO_19484
2866796,137,2026-05-03 12:00:00,0,0,0,0,0,False,2026-05-03 12:00:47,19484,2025-07-08 17:00:00,CORRECT_TO_19484
2867021,137,2026-05-03 13:00:00,0,0,0,0,0,False,2026-05-03 13:00:46,19484,2025-07-08 17:00:00,CORRECT_TO_19484
2867238,137,2026-05-03 14:00:00,0,0,0,0,0,False,2026-05-03 14:00:45,19484,2025-07-08 17:00:00,CORRECT_TO_19484
2867454,137,2026-05-03 15:00:00,0,0,0,0,0,False,2026-05-03 15:00:46,19484,2025-07-08 17:00:00,CORRECT_TO_19484
2867674,137,2026-05-03 16:00:00,0,0,0,0,0,False,2026-05-03 16:00:46,19484,2025-07-08 17:00:00,CORRECT_TO_19484
2867885,137,2026-05-03 17:00:00,0,0,0,0,0,False,2026-05-03 17:00:47,19484,2025-07-08 17:00:00,CORRECT_TO_19484
2868092,137,2026-05-03 18:00:00,0,0,0,0,0,False,2026-05-03 18:00:46,19484,2025-07-08 17:00:00,CORRECT_TO_19484
2868320,137,2026-05-03 19:00:00,0,0,0,0,0,False,2026-05-03 19:00:46,19484,2025-07-08 17:00:00,CORRECT_TO_19484
2868534,137,2026-05-03 20:00:00,0,0,0,0,0,False,2026-05-03 20:00:45,19484,2025-07-08 17:00:00,CORRECT_TO_19484
2868754,137,2026-05-03 21:00:00,0,0,0,0,0,False,2026-05-03 21:00:44,19484,2025-07-08 17:00:00,CORRECT_TO_19484
2868968,137,2026-05-03 22:00:00,0,0,0,0,0,False,2026-05-03 22:00:44,19484,2025-07-08 17:00:00,CORRECT_TO_19484
2869188,137,2026-05-03 23:00:00,0,0,0,0,0,False,2026-05-03 23:00:44,19484,2025-07-08 17:00:00,CORRECT_TO_19484
2869401,137,2026-05-04 00:00:00,0,0,0,0,0,False,2026-05-04 00:00:52,19484,2025-07-08 17:00:00,CORRECT_TO_19484
2869617,137,2026-05-04 01:00:00,0,0,0,0,0,False,2026-05-04 01:00:47,19484,2025-07-08 17:00:00,CORRECT_TO_19484
2869833,137,2026-05-04 02:00:00,0,0,0,0,0,False,2026-05-04 02:00:45,19484,2025-07-08 17:00:00,CORRECT_TO_19484
2870049,137,2026-05-04 03:00:00,0,0,0,0,0,False,2026-05-04 03:00:45,19484,2025-07-08 17:00:00,CORRECT_TO_19484
2870277,137,2026-05-04 04:00:00,0,0,0,0,0,False,2026-05-04 04:00:46,19484,2025-07-08 17:00:00,CORRECT_TO_19484
2870490,137,2026-05-04 05:00:00,0,0,0,0,0,False,2026-05-04 05:00:45,19484,2025-07-08 17:00:00,CORRECT_TO_19484
2870707,137,2026-05-04 06:00:00,0,0,0,0,0,False,2026-05-04 06:00:45,19484,2025-07-08 17:00:00,CORRECT_TO_19484
2870921,137,2026-05-04 07:00:00,0,0,0,0,0,False,2026-05-04 07:00:45,19484,2025-07-08 17:00:00,CORRECT_TO_19484
2871141,137,2026-05-04 08:00:00,0,0,0,0,0,False,2026-05-04 08:00:44,19484,2025-07-08 17:00:00,CORRECT_TO_19484
2871357,137,2026-05-04 09:00:00,0,0,0,0,0,False,2026-05-04 09:00:43,19484,2025-07-08 17:00:00,CORRECT_TO_19484
2871575,137,2026-05-04 10:00:00,0,0,0,0,0,False,2026-05-04 10:00:45,19484,2025-07-08 17:00:00,CORRECT_TO_19484
2871792,137,2026-05-04 11:00:00,0,0,0,0,0,False,2026-05-04 11:00:44,19484,2025-07-08 17:00:00,CORRECT_TO_19484
2872011,137,2026-05-04 12:00:00,0,0,0,0,0,False,2026-05-04 12:00:45,19484,2025-07-08 17:00:00,CORRECT_TO_19484
2872226,137,2026-05-04 13:00:00,0,0,0,0,0,False,2026-05-04 13:00:47,19484,2025-07-08 17:00:00,CORRECT_TO_19484
2872438,137,2026-05-04 14:00:00,0,0,0,0,0,False,2026-05-04 14:00:44,19484,2025-07-08 17:00:00,CORRECT_TO_19484
2872655,137,2026-05-04 15:00:00,0,0,0,0,0,False,2026-05-04 15:00:43,19484,2025-07-08 17:00:00,CORRECT_TO_19484
2872874,137,2026-05-04 16:00:00,0,0,0,0,0,False,2026-05-04 16:00:45,19484,2025-07-08 17:00:00,CORRECT_TO_19484
2873089,137,2026-05-04 17:00:00,0,0,0,0,0,False,2026-05-04 17:00:44,19484,2025-07-08 17:00:00,CORRECT_TO_19484
2873306,137,2026-05-04 18:00:00,0,0,0,0,0,False,2026-05-04 18:00:46,19484,2025-07-08 17:00:00,CORRECT_TO_19484
2873525,137,2026-05-04 19:00:00,0,0,0,0,0,False,2026-05-04 19:00:45,19484,2025-07-08 17:00:00,CORRECT_TO_19484
2873742,137,2026-05-04 20:00:00,0,0,0,0,0,False,2026-05-04 20:00:45,19484,2025-07-08 17:00:00,CORRECT_TO_19484
2873958,137,2026-05-04 21:00:00,0,0,0,0,0,False,2026-05-04 21:00:43,19484,2025-07-08 17:00:00,CORRECT_TO_19484
2874174,137,2026-05-04 22:00:00,0,0,0,0,0,False,2026-05-04 22:00:43,19484,2025-07-08 17:00:00,CORRECT_TO_19484
2874391,137,2026-05-04 23:00:00,0,0,0,0,0,False,2026-05-04 23:00:43,19484,2025-07-08 17:00:00,CORRECT_TO_19484
2874611,137,2026-05-05 00:00:00,0,0,0,0,0,False,2026-05-05 00:00:48,19484,2025-07-08 17:00:00,CORRECT_TO_19484
2874825,137,2026-05-05 01:00:00,0,0,0,0,0,False,2026-05-05 01:00:46,19484,2025-07-08 17:00:00,CORRECT_TO_19484
2875043,137,2026-05-05 02:00:00,0,0,0,0,0,False,2026-05-05 02:00:44,19484,2025-07-08 17:00:00,CORRECT_TO_19484
2875259,137,2026-05-05 03:00:00,0,0,0,0,0,False,2026-05-05 03:00:43,19484,2025-07-08 17:00:00,CORRECT_TO_19484
2875476,137,2026-05-05 04:00:00,0,0,0,0,0,False,2026-05-05 04:00:42,19484,2025-07-08 17:00:00,CORRECT_TO_19484
2875694,137,2026-05-05 05:00:00,0,0,0,0,0,False,2026-05-05 05:00:43,19484,2025-07-08 17:00:00,CORRECT_TO_19484
2875912,137,2026-05-05 06:00:00,0,0,0,0,0,False,2026-05-05 06:00:43,19484,2025-07-08 17:00:00,CORRECT_TO_19484
2876127,137,2026-05-05 07:00:00,0,0,0,0,0,False,2026-05-05 07:00:43,19484,2025-07-08 17:00:00,CORRECT_TO_19484
2876349,137,2026-05-05 08:00:00,0,0,0,0,0,False,2026-05-05 08:00:44,19484,2025-07-08 17:00:00,CORRECT_TO_19484
2876564,137,2026-05-05 09:00:00,0,0,0,0,0,False,2026-05-05 09:00:43,19484,2025-07-08 17:00:00,CORRECT_TO_19484
2876784,137,2026-05-05 10:00:00,0,0,0,0,0,False,2026-05-05 10:00:44,19484,2025-07-08 17:00:00,CORRECT_TO_19484
2876998,137,2026-05-05 11:00:00,0,0,0,0,0,False,2026-05-05 11:00:43,19484,2025-07-08 17:00:00,CORRECT_TO_19484
2877214,137,2026-05-05 12:00:00,0,0,0,0,0,False,2026-05-05 12:00:46,19484,2025-07-08 17:00:00,CORRECT_TO_19484
2877430,137,2026-05-05 13:00:00,0,0,0,0,0,False,2026-05-05 13:00:46,19484,2025-07-08 17:00:00,CORRECT_TO_19484
2877640,137,2026-05-05 14:00:00,0,0,0,0,0,False,2026-05-05 14:00:46,19484,2025-07-08 17:00:00,CORRECT_TO_19484
2877872,137,2026-05-05 15:00:00,0,0,0,0,0,False,2026-05-05 15:00:46,19484,2025-07-08 17:00:00,CORRECT_TO_19484
2878086,137,2026-05-05 16:00:00,0,0,0,0,0,False,2026-05-05 16:00:44,19484,2025-07-08 17:00:00,CORRECT_TO_19484
2878297,137,2026-05-05 17:00:00,0,0,0,0,0,False,2026-05-05 17:00:45,19484,2025-07-08 17:00:00,CORRECT_TO_19484
2878514,137,2026-05-05 18:00:00,0,0,0,0,0,False,2026-05-05 18:00:42,19484,2025-07-08 17:00:00,CORRECT_TO_19484
2878728,137,2026-05-05 19:00:00,0,0,0,0,0,False,2026-05-05 19:00:45,19484,2025-07-08 17:00:00,CORRECT_TO_19484
2878949,137,2026-05-05 20:00:00,0,0,0,0,0,False,2026-05-05 20:00:45,19484,2025-07-08 17:00:00,CORRECT_TO_19484
2879170,137,2026-05-05 21:00:00,0,0,0,0,0,False,2026-05-05 21:00:44,19484,2025-07-08 17:00:00,CORRECT_TO_19484
2879384,137,2026-05-05 22:00:00,0,0,0,0,0,False,2026-05-05 22:00:44,19484,2025-07-08 17:00:00,CORRECT_TO_19484
2879600,137,2026-05-05 23:00:00,0,0,0,0,0,False,2026-05-05 23:00:43,19484,2025-07-08 17:00:00,CORRECT_TO_19484
2879816,137,2026-05-06 00:00:00,0,0,0,0,0,False,2026-05-06 00:00:48,19484,2025-07-08 17:00:00,CORRECT_TO_19484
2880034,137,2026-05-06 01:00:00,0,0,0,0,0,False,2026-05-06 01:00:45,19484,2025-07-08 17:00:00,CORRECT_TO_19484
2880250,137,2026-05-06 02:00:00,0,0,0,0,0,False,2026-05-06 02:00:44,19484,2025-07-08 17:00:00,CORRECT_TO_19484
2880466,137,2026-05-06 03:00:00,0,0,0,0,0,False,2026-05-06 03:00:44,19484,2025-07-08 17:00:00,CORRECT_TO_19484
2880689,137,2026-05-06 04:00:00,0,0,0,0,0,False,2026-05-06 04:00:43,19484,2025-07-08 17:00:00,CORRECT_TO_19484
2880904,137,2026-05-06 05:00:00,0,0,0,0,0,False,2026-05-06 05:00:42,19484,2025-07-08 17:00:00,CORRECT_TO_19484
2881118,137,2026-05-06 06:00:00,0,0,0,0,0,False,2026-05-06 06:00:43,19484,2025-07-08 17:00:00,CORRECT_TO_19484
2881337,137,2026-05-06 07:00:00,0,0,0,0,0,False,2026-05-06 07:00:43,19484,2025-07-08 17:00:00,CORRECT_TO_19484
2881554,137,2026-05-06 08:00:00,0,0,0,0,0,False,2026-05-06 08:00:43,19484,2025-07-08 17:00:00,CORRECT_TO_19484
2881773,137,2026-05-06 09:00:00,0,0,0,0,0,False,2026-05-06 09:00:43,19484,2025-07-08 17:00:00,CORRECT_TO_19484
2881984,137,2026-05-06 10:00:00,0,0,0,0,0,False,2026-05-06 10:00:44,19484,2025-07-08 17:00:00,CORRECT_TO_19484
2882202,137,2026-05-06 11:00:00,0,0,0,0,0,False,2026-05-06 11:00:43,19484,2025-07-08 17:00:00,CORRECT_TO_19484
2882419,137,2026-05-06 12:00:00,0,0,0,0,0,False,2026-05-06 12:00:46,19484,2025-07-08 17:00:00,CORRECT_TO_19484
2882636,137,2026-05-06 13:00:00,0,0,0,0,0,False,2026-05-06 13:00:47,19484,2025-07-08 17:00:00,CORRECT_TO_19484
2882852,137,2026-05-06 14:00:00,0,0,0,0,0,False,2026-05-06 14:00:46,19484,2025-07-08 17:00:00,CORRECT_TO_19484
2883071,137,2026-05-06 15:00:00,0,0,0,0,0,False,2026-05-06 15:00:44,19484,2025-07-08 17:00:00,CORRECT_TO_19484
2883288,137,2026-05-06 16:00:00,0,0,0,0,0,False,2026-05-06 16:00:45,19484,2025-07-08 17:00:00,CORRECT_TO_19484
2883509,137,2026-05-06 17:00:00,0,0,0,0,0,False,2026-05-06 17:00:44,19484,2025-07-08 17:00:00,CORRECT_TO_19484
2883723,137,2026-05-06 18:00:00,0,0,0,0,0,False,2026-05-06 18:00:46,19484,2025-07-08 17:00:00,CORRECT_TO_19484
2883939,137,2026-05-06 19:00:00,0,0,0,0,0,False,2026-05-06 19:00:44,19484,2025-07-08 17:00:00,CORRECT_TO_19484
2884154,137,2026-05-06 20:00:00,0,0,0,0,0,False,2026-05-06 20:00:43,19484,2025-07-08 17:00:00,CORRECT_TO_19484
2884374,137,2026-05-06 21:00:00,0,0,0,0,0,False,2026-05-06 21:00:43,19484,2025-07-08 17:00:00,CORRECT_TO_19484
2884590,137,2026-05-06 22:00:00,0,0,0,0,0,False,2026-05-06 22:00:43,19484,2025-07-08 17:00:00,CORRECT_TO_19484
2884807,137,2026-05-06 23:00:00,0,0,0,0,0,False,2026-05-06 23:00:44,19484,2025-07-08 17:00:00,CORRECT_TO_19484
2885022,137,2026-05-07 00:00:00,0,0,0,0,0,False,2026-05-07 00:00:50,19484,2025-07-08 17:00:00,CORRECT_TO_19484
2885240,137,2026-05-07 01:00:00,0,0,0,0,0,False,2026-05-07 01:00:47,19484,2025-07-08 17:00:00,CORRECT_TO_19484
2885458,137,2026-05-07 02:00:00,0,0,0,0,0,False,2026-05-07 02:00:44,19484,2025-07-08 17:00:00,CORRECT_TO_19484
2885677,137,2026-05-07 03:00:00,0,0,0,0,0,False,2026-05-07 03:00:43,19484,2025-07-08 17:00:00,CORRECT_TO_19484
2885898,137,2026-05-07 04:00:00,0,0,0,0,0,False,2026-05-07 04:00:43,19484,2025-07-08 17:00:00,CORRECT_TO_19484
2886112,137,2026-05-07 05:00:00,0,0,0,0,0,False,2026-05-07 05:00:45,19484,2025-07-08 17:00:00,CORRECT_TO_19484
2886331,137,2026-05-07 06:00:00,0,0,0,0,0,False,2026-05-07 06:00:44,19484,2025-07-08 17:00:00,CORRECT_TO_19484
2886543,137,2026-05-07 07:00:00,0,0,0,0,0,False,2026-05-07 07:00:43,19484,2025-07-08 17:00:00,CORRECT_TO_19484
2886760,137,2026-05-07 08:00:00,0,0,0,0,0,False,2026-05-07 08:00:44,19484,2025-07-08 17:00:00,CORRECT_TO_19484
2886979,137,2026-05-07 09:00:00,0,0,0,0,0,False,2026-05-07 09:00:44,19484,2025-07-08 17:00:00,CORRECT_TO_19484
2887193,137,2026-05-07 10:00:00,0,0,0,0,0,False,2026-05-07 10:00:44,19484,2025-07-08 17:00:00,CORRECT_TO_19484
2887410,137,2026-05-07 11:00:00,0,0,0,0,0,False,2026-05-07 11:00:44,19484,2025-07-08 17:00:00,CORRECT_TO_19484
2887632,137,2026-05-07 12:00:00,0,0,0,0,0,False,2026-05-07 12:00:46,19484,2025-07-08 17:00:00,CORRECT_TO_19484
2887853,137,2026-05-07 13:00:00,0,0,0,0,0,False,2026-05-07 13:00:48,19484,2025-07-08 17:00:00,CORRECT_TO_19484
2888066,137,2026-05-07 14:00:00,0,0,0,0,0,False,2026-05-07 14:00:48,19484,2025-07-08 17:00:00,CORRECT_TO_19484
2888282,137,2026-05-07 15:00:00,0,0,0,0,0,False,2026-05-07 15:00:46,19484,2025-07-08 17:00:00,CORRECT_TO_19484
2888501,137,2026-05-07 16:00:00,0,0,0,0,0,False,2026-05-07 16:00:48,19484,2025-07-08 17:00:00,CORRECT_TO_19484
2888718,137,2026-05-07 17:00:00,0,0,0,0,0,False,2026-05-07 17:00:46,19484,2025-07-08 17:00:00,CORRECT_TO_19484
2888934,137,2026-05-07 18:00:00,0,0,0,0,0,False,2026-05-07 18:00:46,19484,2025-07-08 17:00:00,CORRECT_TO_19484
2889151,137,2026-05-07 19:00:00,0,0,0,0,0,False,2026-05-07 19:00:46,19484,2025-07-08 17:00:00,CORRECT_TO_19484
2889367,137,2026-05-07 20:00:00,0,0,0,0,0,False,2026-05-07 20:00:46,19484,2025-07-08 17:00:00,CORRECT_TO_19484
2889635,137,2026-05-07 21:00:00,0,0,0,0,0,False,2026-05-07 21:00:45,19484,2025-07-08 17:00:00,CORRECT_TO_19484
2889909,137,2026-05-07 22:00:00,0,0,0,0,0,False,2026-05-07 22:00:45,19484,2025-07-08 17:00:00,CORRECT_TO_19484
2890186,137,2026-05-07 23:00:00,0,0,0,0,0,False,2026-05-07 23:00:46,19484,2025-07-08 17:00:00,CORRECT_TO_19484
2890463,137,2026-05-08 00:00:00,0,0,0,0,0,False,2026-05-08 00:00:51,19484,2025-07-08 17:00:00,CORRECT_TO_19484
2890743,137,2026-05-08 01:00:00,0,0,0,0,0,False,2026-05-08 01:00:52,19484,2025-07-08 17:00:00,CORRECT_TO_19484
2891022,137,2026-05-08 02:00:00,0,0,0,0,0,False,2026-05-08 02:00:51,19484,2025-07-08 17:00:00,CORRECT_TO_19484
2891295,137,2026-05-08 03:00:00,0,0,0,0,0,False,2026-05-08 03:00:45,19484,2025-07-08 17:00:00,CORRECT_TO_19484
2891586,137,2026-05-08 04:00:00,0,0,0,0,0,False,2026-05-08 04:00:57,19484,2025-07-08 17:00:00,CORRECT_TO_19484
2891853,137,2026-05-08 05:00:00,0,0,0,0,0,False,2026-05-08 05:00:56,19484,2025-07-08 17:00:00,CORRECT_TO_19484
2892139,137,2026-05-08 06:00:00,0,0,0,0,0,False,2026-05-08 06:01:03,19484,2025-07-08 17:00:00,CORRECT_TO_19484
2892404,137,2026-05-08 07:00:00,0,0,0,0,0,False,2026-05-08 07:00:46,19484,2025-07-08 17:00:00,CORRECT_TO_19484
2892681,137,2026-05-08 08:00:00,0,0,0,0,0,False,2026-05-08 08:00:45,19484,2025-07-08 17:00:00,CORRECT_TO_19484
2892956,137,2026-05-08 09:00:00,0,0,0,0,0,False,2026-05-08 09:00:45,19484,2025-07-08 17:00:00,CORRECT_TO_19484
2893237,137,2026-05-08 10:00:00,0,0,0,0,0,False,2026-05-08 10:00:45,19484,2025-07-08 17:00:00,CORRECT_TO_19484
2893514,137,2026-05-08 11:00:00,0,0,0,0,0,False,2026-05-08 11:00:43,19484,2025-07-08 17:00:00,CORRECT_TO_19484
2893786,137,2026-05-08 12:00:00,0,0,0,0,0,False,2026-05-08 12:00:46,19484,2025-07-08 17:00:00,CORRECT_TO_19484
2894063,137,2026-05-08 13:00:00,0,0,0,0,0,False,2026-05-08 13:00:47,19484,2025-07-08 17:00:00,CORRECT_TO_19484
2894339,137,2026-05-08 14:00:00,0,0,0,0,0,False,2026-05-08 14:00:47,19484,2025-07-08 17:00:00,CORRECT_TO_19484
2894621,137,2026-05-08 15:00:00,0,0,0,0,0,False,2026-05-08 15:00:48,19484,2025-07-08 17:00:00,CORRECT_TO_19484
2894899,137,2026-05-08 16:00:00,0,0,0,0,0,False,2026-05-08 16:00:53,19484,2025-07-08 17:00:00,CORRECT_TO_19484
2895179,137,2026-05-08 17:00:00,0,0,0,0,0,False,2026-05-08 17:00:47,19484,2025-07-08 17:00:00,CORRECT_TO_19484
2895454,137,2026-05-08 18:00:00,0,0,0,0,0,False,2026-05-08 18:00:48,19484,2025-07-08 17:00:00,CORRECT_TO_19484
2895723,137,2026-05-08 19:00:00,0,0,0,0,0,False,2026-05-08 19:00:48,19484,2025-07-08 17:00:00,CORRECT_TO_19484
2895995,137,2026-05-08 20:00:00,0,0,0,0,0,False,2026-05-08 20:00:45,19484,2025-07-08 17:00:00,CORRECT_TO_19484
2896284,137,2026-05-08 21:00:00,0,0,0,0,0,False,2026-05-08 21:00:45,19484,2025-07-08 17:00:00,CORRECT_TO_19484
2896565,137,2026-05-08 22:00:00,0,0,0,0,0,False,2026-05-08 22:00:45,19484,2025-07-08 17:00:00,CORRECT_TO_19484
2896837,137,2026-05-08 23:00:00,0,0,0,0,0,False,2026-05-08 23:00:54,19484,2025-07-08 17:00:00,CORRECT_TO_19484
2897114,137,2026-05-09 00:00:00,0,0,0,0,0,False,2026-05-09 00:00:53,19484,2025-07-08 17:00:00,CORRECT_TO_19484
2897389,137,2026-05-09 01:00:00,0,0,0,0,0,False,2026-05-09 01:00:50,19484,2025-07-08 17:00:00,CORRECT_TO_19484
2897664,137,2026-05-09 02:00:00,0,0,0,0,0,False,2026-05-09 02:00:45,19484,2025-07-08 17:00:00,CORRECT_TO_19484
2897943,137,2026-05-09 03:00:00,0,0,0,0,0,False,2026-05-09 03:00:44,19484,2025-07-08 17:00:00,CORRECT_TO_19484
2898219,137,2026-05-09 04:00:00,0,0,0,0,0,False,2026-05-09 04:00:46,19484,2025-07-08 17:00:00,CORRECT_TO_19484
2898497,137,2026-05-09 05:00:00,0,0,0,0,0,False,2026-05-09 05:00:49,19484,2025-07-08 17:00:00,CORRECT_TO_19484
2898773,137,2026-05-09 06:00:00,0,0,0,0,0,False,2026-05-09 06:00:45,19484,2025-07-08 17:00:00,CORRECT_TO_19484
2899053,137,2026-05-09 07:00:00,0,0,0,0,0,False,2026-05-09 07:00:47,19484,2025-07-08 17:00:00,CORRECT_TO_19484
2899329,137,2026-05-09 08:00:00,0,0,0,0,0,False,2026-05-09 08:00:45,19484,2025-07-08 17:00:00,CORRECT_TO_19484
2899608,137,2026-05-09 09:00:00,0,0,0,0,0,False,2026-05-09 09:00:45,19484,2025-07-08 17:00:00,CORRECT_TO_19484
2899884,137,2026-05-09 10:00:00,0,0,0,0,0,False,2026-05-09 10:00:45,19484,2025-07-08 17:00:00,CORRECT_TO_19484
2900159,137,2026-05-09 11:00:00,0,0,0,0,0,False,2026-05-09 11:00:45,19484,2025-07-08 17:00:00,CORRECT_TO_19484
2900424,137,2026-05-09 12:00:00,0,0,0,0,0,False,2026-05-09 12:00:47,19484,2025-07-08 17:00:00,CORRECT_TO_19484
2900707,137,2026-05-09 13:00:00,0,0,0,0,0,False,2026-05-09 13:00:48,19484,2025-07-08 17:00:00,CORRECT_TO_19484
2900980,137,2026-05-09 14:00:00,0,0,0,0,0,False,2026-05-09 14:00:46,19484,2025-07-08 17:00:00,CORRECT_TO_19484
2901266,137,2026-05-09 15:00:00,0,0,0,0,0,False,2026-05-09 15:00:45,19484,2025-07-08 17:00:00,CORRECT_TO_19484
2901545,137,2026-05-09 16:00:00,0,0,0,0,0,False,2026-05-09 16:00:45,19484,2025-07-08 17:00:00,CORRECT_TO_19484
2901821,137,2026-05-09 17:00:00,0,0,0,0,0,False,2026-05-09 17:00:45,19484,2025-07-08 17:00:00,CORRECT_TO_19484
2902105,137,2026-05-09 18:00:00,0,0,0,0,0,False,2026-05-09 18:00:45,19484,2025-07-08 17:00:00,CORRECT_TO_19484
2902379,137,2026-05-09 19:00:00,0,0,0,0,0,False,2026-05-09 19:00:45,19484,2025-07-08 17:00:00,CORRECT_TO_19484
2902656,137,2026-05-09 20:00:00,0,0,0,0,0,False,2026-05-09 20:00:45,19484,2025-07-08 17:00:00,CORRECT_TO_19484
2902930,137,2026-05-09 21:00:00,0,0,0,0,0,False,2026-05-09 21:00:45,19484,2025-07-08 17:00:00,CORRECT_TO_19484
2903210,137,2026-05-09 22:00:00,0,0,0,0,0,False,2026-05-09 22:00:45,19484,2025-07-08 17:00:00,CORRECT_TO_19484
2903485,137,2026-05-09 23:00:00,0,0,0,0,0,False,2026-05-09 23:00:45,19484,2025-07-08 17:00:00,CORRECT_TO_19484
2903762,137,2026-05-10 00:00:00,0,0,0,0,0,False,2026-05-10 00:00:51,19484,2025-07-08 17:00:00,CORRECT_TO_19484
2904035,137,2026-05-10 01:00:00,0,0,0,0,0,False,2026-05-10 01:00:47,19484,2025-07-08 17:00:00,CORRECT_TO_19484
2904313,137,2026-05-10 02:00:00,0,0,0,0,0,False,2026-05-10 02:00:44,19484,2025-07-08 17:00:00,CORRECT_TO_19484
2904578,137,2026-05-10 03:00:00,0,0,0,0,0,False,2026-05-10 03:00:44,19484,2025-07-08 17:00:00,CORRECT_TO_19484
2904859,137,2026-05-10 04:00:00,0,0,0,0,0,False,2026-05-10 04:00:45,19484,2025-07-08 17:00:00,CORRECT_TO_19484
2905133,137,2026-05-10 05:00:00,0,0,0,0,0,False,2026-05-10 05:00:45,19484,2025-07-08 17:00:00,CORRECT_TO_19484
2905429,137,2026-05-10 06:00:00,0,0,0,0,0,False,2026-05-10 06:00:45,19484,2025-07-08 17:00:00,CORRECT_TO_19484
2905687,137,2026-05-10 07:00:00,0,0,0,0,0,False,2026-05-10 07:00:44,19484,2025-07-08 17:00:00,CORRECT_TO_19484
2905983,137,2026-05-10 08:00:00,0,0,0,0,0,False,2026-05-10 08:00:47,19484,2025-07-08 17:00:00,CORRECT_TO_19484
2906254,137,2026-05-10 09:00:00,0,0,0,0,0,False,2026-05-10 09:00:45,19484,2025-07-08 17:00:00,CORRECT_TO_19484
2906528,137,2026-05-10 10:00:00,0,0,0,0,0,False,2026-05-10 10:00:45,19484,2025-07-08 17:00:00,CORRECT_TO_19484
2906802,137,2026-05-10 11:00:00,0,0,0,0,0,False,2026-05-10 11:00:43,19484,2025-07-08 17:00:00,CORRECT_TO_19484
2907083,137,2026-05-10 12:00:00,0,0,0,0,0,False,2026-05-10 12:00:47,19484,2025-07-08 17:00:00,CORRECT_TO_19484
2907361,137,2026-05-10 13:00:00,0,0,0,0,0,False,2026-05-10 13:00:49,19484,2025-07-08 17:00:00,CORRECT_TO_19484
2907637,137,2026-05-10 14:00:00,0,0,0,0,0,False,2026-05-10 14:00:44,19484,2025-07-08 17:00:00,CORRECT_TO_19484
2907913,137,2026-05-10 15:00:00,0,0,0,0,0,False,2026-05-10 15:00:46,19484,2025-07-08 17:00:00,CORRECT_TO_19484
2908189,137,2026-05-10 16:00:00,0,0,0,0,0,False,2026-05-10 16:00:47,19484,2025-07-08 17:00:00,CORRECT_TO_19484
2908467,137,2026-05-10 17:00:00,0,0,0,0,0,False,2026-05-10 17:00:46,19484,2025-07-08 17:00:00,CORRECT_TO_19484
2908745,137,2026-05-10 18:00:00,0,0,0,0,0,False,2026-05-10 18:00:48,19484,2025-07-08 17:00:00,CORRECT_TO_19484
2909018,137,2026-05-10 19:00:00,0,0,0,0,0,False,2026-05-10 19:00:47,19484,2025-07-08 17:00:00,CORRECT_TO_19484
2909293,137,2026-05-10 20:00:00,0,0,0,0,0,False,2026-05-10 20:00:45,19484,2025-07-08 17:00:00,CORRECT_TO_19484
2909564,137,2026-05-10 21:00:00,0,0,0,0,0,False,2026-05-10 21:00:45,19484,2025-07-08 17:00:00,CORRECT_TO_19484
2909845,137,2026-05-10 22:00:00,0,0,0,0,0,False,2026-05-10 22:00:45,19484,2025-07-08 17:00:00,CORRECT_TO_19484
2910134,137,2026-05-10 23:00:00,0,0,0,0,0,False,2026-05-10 23:00:45,19484,2025-07-08 17:00:00,CORRECT_TO_19484
2910407,137,2026-05-11 00:00:00,0,0,0,0,0,False,2026-05-11 00:00:50,19484,2025-07-08 17:00:00,CORRECT_TO_19484
2910689,137,2026-05-11 01:00:00,0,0,0,0,0,False,2026-05-11 01:00:49,19484,2025-07-08 17:00:00,CORRECT_TO_19484
2910960,137,2026-05-11 02:00:00,0,0,0,0,0,False,2026-05-11 02:00:45,19484,2025-07-08 17:00:00,CORRECT_TO_19484
2911241,137,2026-05-11 03:00:00,0,0,0,0,0,False,2026-05-11 03:00:46,19484,2025-07-08 17:00:00,CORRECT_TO_19484
2911512,137,2026-05-11 04:00:00,0,0,0,0,0,False,2026-05-11 04:00:45,19484,2025-07-08 17:00:00,CORRECT_TO_19484
2911794,137,2026-05-11 05:00:00,0,0,0,0,0,False,2026-05-11 05:00:48,19484,2025-07-08 17:00:00,CORRECT_TO_19484
2912068,137,2026-05-11 06:00:00,0,0,0,0,0,False,2026-05-11 06:00:48,19484,2025-07-08 17:00:00,CORRECT_TO_19484
2912346,137,2026-05-11 07:00:00,0,0,0,0,0,False,2026-05-11 07:00:47,19484,2025-07-08 17:00:00,CORRECT_TO_19484
2912624,137,2026-05-11 08:00:00,0,0,0,0,0,False,2026-05-11 08:00:47,19484,2025-07-08 17:00:00,CORRECT_TO_19484
2912902,137,2026-05-11 09:00:00,0,0,0,0,0,False,2026-05-11 09:00:45,19484,2025-07-08 17:00:00,CORRECT_TO_19484
2913176,137,2026-05-11 10:00:00,0,0,0,0,0,False,2026-05-11 10:00:47,19484,2025-07-08 17:00:00,CORRECT_TO_19484
2913454,137,2026-05-11 11:00:00,0,0,0,0,0,False,2026-05-11 11:00:45,19484,2025-07-08 17:00:00,CORRECT_TO_19484
2913731,137,2026-05-11 12:00:00,0,0,0,0,0,False,2026-05-11 12:00:49,19484,2025-07-08 17:00:00,CORRECT_TO_19484
2914009,137,2026-05-11 13:00:00,0,0,0,0,0,False,2026-05-11 13:00:52,19484,2025-07-08 17:00:00,CORRECT_TO_19484
2914276,137,2026-05-11 14:00:00,0,0,0,0,0,False,2026-05-11 14:00:49,19484,2025-07-08 17:00:00,CORRECT_TO_19484
2914566,137,2026-05-11 15:00:00,0,0,0,0,0,False,2026-05-11 15:00:48,19484,2025-07-08 17:00:00,CORRECT_TO_19484
2914827,137,2026-05-11 16:00:00,0,0,0,0,0,False,2026-05-11 16:00:47,19484,2025-07-08 17:00:00,CORRECT_TO_19484
2915117,137,2026-05-11 17:00:00,0,0,0,0,0,False,2026-05-11 17:00:48,19484,2025-07-08 17:00:00,CORRECT_TO_19484
2915392,137,2026-05-11 18:00:00,0,0,0,0,0,False,2026-05-11 18:00:48,19484,2025-07-08 17:00:00,CORRECT_TO_19484
2915669,137,2026-05-11 19:00:00,0,0,0,0,0,False,2026-05-11 19:00:48,19484,2025-07-08 17:00:00,CORRECT_TO_19484
2915941,137,2026-05-11 20:00:00,0,0,0,0,0,False,2026-05-11 20:00:47,19484,2025-07-08 17:00:00,CORRECT_TO_19484
2916217,137,2026-05-11 21:00:00,0,0,0,0,0,False,2026-05-11 21:00:46,19484,2025-07-08 17:00:00,CORRECT_TO_19484
2916497,137,2026-05-11 22:00:00,0,0,0,0,0,False,2026-05-11 22:00:46,19484,2025-07-08 17:00:00,CORRECT_TO_19484
2916775,137,2026-05-11 23:00:00,0,0,0,0,0,False,2026-05-11 23:00:45,19484,2025-07-08 17:00:00,CORRECT_TO_19484
2917044,137,2026-05-12 00:00:00,0,0,0,0,0,False,2026-05-12 00:00:50,19484,2025-07-08 17:00:00,CORRECT_TO_19484
2917322,137,2026-05-12 01:00:00,0,0,0,0,0,False,2026-05-12 01:00:47,19484,2025-07-08 17:00:00,CORRECT_TO_19484
2917597,137,2026-05-12 02:00:00,0,0,0,0,0,False,2026-05-12 02:00:45,19484,2025-07-08 17:00:00,CORRECT_TO_19484
2917879,137,2026-05-12 03:00:00,0,0,0,0,0,False,2026-05-12 03:00:46,19484,2025-07-08 17:00:00,CORRECT_TO_19484
2918155,137,2026-05-12 04:00:00,0,0,0,0,0,False,2026-05-12 04:00:43,19484,2025-07-08 17:00:00,CORRECT_TO_19484
2918427,137,2026-05-12 05:00:00,0,0,0,0,0,False,2026-05-12 05:00:47,19484,2025-07-08 17:00:00,CORRECT_TO_19484
2918702,137,2026-05-12 06:00:00,0,0,0,0,0,False,2026-05-12 06:00:47,19484,2025-07-08 17:00:00,CORRECT_TO_19484
2918967,137,2026-05-12 07:00:00,0,0,0,0,0,False,2026-05-12 07:00:46,19484,2025-07-08 17:00:00,CORRECT_TO_19484
2919260,137,2026-05-12 08:00:00,0,0,0,0,0,False,2026-05-12 08:00:47,19484,2025-07-08 17:00:00,CORRECT_TO_19484
2919529,137,2026-05-12 09:00:00,0,0,0,0,0,False,2026-05-12 09:00:45,19484,2025-07-08 17:00:00,CORRECT_TO_19484
2919809,137,2026-05-12 10:00:00,0,0,0,0,0,False,2026-05-12 10:00:47,19484,2025-07-08 17:00:00,CORRECT_TO_19484
2920082,137,2026-05-12 11:00:00,0,0,0,0,0,False,2026-05-12 11:00:46,19484,2025-07-08 17:00:00,CORRECT_TO_19484
2920357,137,2026-05-12 12:00:00,0,0,0,0,0,False,2026-05-12 12:00:49,19484,2025-07-08 17:00:00,CORRECT_TO_19484
2920637,137,2026-05-12 13:00:00,0,0,0,0,0,False,2026-05-12 13:00:53,19484,2025-07-08 17:00:00,CORRECT_TO_19484
2920914,137,2026-05-12 14:00:00,0,0,0,0,0,False,2026-05-12 14:00:47,19484,2025-07-08 17:00:00,CORRECT_TO_19484
2921187,137,2026-05-12 15:00:00,0,0,0,0,0,False,2026-05-12 15:00:46,19484,2025-07-08 17:00:00,CORRECT_TO_19484
2921462,137,2026-05-12 16:00:00,0,0,0,0,0,False,2026-05-12 16:00:46,19484,2025-07-08 17:00:00,CORRECT_TO_19484
2921733,137,2026-05-12 17:00:00,0,0,0,0,0,False,2026-05-12 17:00:49,19484,2025-07-08 17:00:00,CORRECT_TO_19484
2922001,137,2026-05-12 18:00:00,0,0,0,0,0,False,2026-05-12 18:00:48,19484,2025-07-08 17:00:00,CORRECT_TO_19484
2923273,137,2026-05-12 19:00:00,0,0,0,0,0,False,2026-05-12 19:00:52,19484,2025-07-08 17:00:00,CORRECT_TO_19484
2923544,137,2026-05-12 20:00:00,0,0,0,0,0,False,2026-05-12 20:00:48,19484,2025-07-08 17:00:00,CORRECT_TO_19484
2923817,137,2026-05-12 21:00:00,0,0,0,0,0,False,2026-05-12 21:00:48,19484,2025-07-08 17:00:00,CORRECT_TO_19484
2924096,137,2026-05-12 22:00:00,0,0,0,0,0,False,2026-05-12 22:01:00,19484,2025-07-08 17:00:00,CORRECT_TO_19484
2924354,137,2026-05-12 23:00:00,0,0,0,0,0,False,2026-05-12 23:00:47,19484,2025-07-08 17:00:00,CORRECT_TO_19484
2924623,137,2026-05-13 00:00:00,0,0,0,0,0,False,2026-05-13 00:00:55,19484,2025-07-08 17:00:00,CORRECT_TO_19484
2924892,137,2026-05-13 01:00:00,0,0,0,0,0,False,2026-05-13 01:00:54,19484,2025-07-08 17:00:00,CORRECT_TO_19484
2925164,137,2026-05-13 02:00:00,0,0,0,0,0,False,2026-05-13 02:00:47,19484,2025-07-08 17:00:00,CORRECT_TO_19484
2925432,137,2026-05-13 03:00:00,0,0,0,0,0,False,2026-05-13 03:00:47,19484,2025-07-08 17:00:00,CORRECT_TO_19484
2925702,137,2026-05-13 04:00:00,0,0,0,0,0,False,2026-05-13 04:00:45,19484,2025-07-08 17:00:00,CORRECT_TO_19484
2925976,137,2026-05-13 05:00:00,0,0,0,0,0,False,2026-05-13 05:00:46,19484,2025-07-08 17:00:00,CORRECT_TO_19484
2926244,137,2026-05-13 06:00:00,0,0,0,0,0,False,2026-05-13 06:00:47,19484,2025-07-08 17:00:00,CORRECT_TO_19484
2926515,137,2026-05-13 07:00:00,0,0,0,0,0,False,2026-05-13 07:00:48,19484,2025-07-08 17:00:00,CORRECT_TO_19484
2926790,137,2026-05-13 08:00:00,0,0,0,0,0,False,2026-05-13 08:00:52,19484,2025-07-08 17:00:00,CORRECT_TO_19484
2927056,137,2026-05-13 09:00:00,0,0,0,0,0,False,2026-05-13 09:00:49,19484,2025-07-08 17:00:00,CORRECT_TO_19484
2927325,137,2026-05-13 10:00:00,0,0,0,0,0,False,2026-05-13 10:00:49,19484,2025-07-08 17:00:00,CORRECT_TO_19484
2927594,137,2026-05-13 11:00:00,0,0,0,0,0,False,2026-05-13 11:00:48,19484,2025-07-08 17:00:00,CORRECT_TO_19484
2927864,137,2026-05-13 12:00:00,0,0,0,0,0,False,2026-05-13 12:00:51,19484,2025-07-08 17:00:00,CORRECT_TO_19484
2928153,137,2026-05-13 13:00:00,0,0,0,0,0,False,2026-05-13 13:01:08,19484,2025-07-08 17:00:00,CORRECT_TO_19484
2928408,137,2026-05-13 14:00:00,0,0,0,0,0,False,2026-05-13 14:00:51,19484,2025-07-08 17:00:00,CORRECT_TO_19484
2928680,137,2026-05-13 15:00:00,0,0,0,0,0,False,2026-05-13 15:00:55,19484,2025-07-08 17:00:00,CORRECT_TO_19484
2928943,137,2026-05-13 16:00:00,0,0,0,0,0,False,2026-05-13 16:00:49,19484,2025-07-08 17:00:00,CORRECT_TO_19484
2929209,137,2026-05-13 17:00:00,0,0,0,0,0,False,2026-05-13 17:00:50,19484,2025-07-08 17:00:00,CORRECT_TO_19484
2929476,137,2026-05-13 18:00:00,0,0,0,0,0,False,2026-05-13 18:00:49,19484,2025-07-08 17:00:00,CORRECT_TO_19484
2929745,137,2026-05-13 19:00:00,0,0,0,0,0,False,2026-05-13 19:00:50,19484,2025-07-08 17:00:00,CORRECT_TO_19484
2930016,137,2026-05-13 20:00:00,0,0,0,0,0,False,2026-05-13 20:00:50,19484,2025-07-08 17:00:00,CORRECT_TO_19484
2930276,137,2026-05-13 21:00:00,0,0,0,0,0,False,2026-05-13 21:00:50,19484,2025-07-08 17:00:00,CORRECT_TO_19484
2930708,137,2026-05-14 04:00:00,0,0,0,0,0,False,2026-05-14 04:01:47,19484,2025-07-08 17:00:00,CORRECT_TO_19484
2930998,137,2026-05-14 05:00:00,0,0,0,0,0,False,2026-05-14 05:00:50,19484,2025-07-08 17:00:00,CORRECT_TO_19484
2931265,137,2026-05-14 06:00:00,0,0,0,0,0,False,2026-05-14 06:00:54,19484,2025-07-08 17:00:00,CORRECT_TO_19484
2931540,137,2026-05-14 07:00:00,0,0,0,0,0,False,2026-05-14 07:00:57,19484,2025-07-08 17:00:00,CORRECT_TO_19484
2931790,137,2026-05-14 08:00:00,0,0,0,0,0,False,2026-05-14 08:00:53,19484,2025-07-08 17:00:00,CORRECT_TO_19484
2932071,137,2026-05-14 09:00:00,0,0,0,0,0,False,2026-05-14 09:00:56,19484,2025-07-08 17:00:00,CORRECT_TO_19484
2932347,137,2026-05-14 10:00:00,0,0,0,0,0,False,2026-05-14 10:00:53,19484,2025-07-08 17:00:00,CORRECT_TO_19484
2932598,137,2026-05-14 11:00:00,0,0,0,0,0,False,2026-05-14 11:00:49,19484,2025-07-08 17:00:00,CORRECT_TO_19484
2932883,137,2026-05-14 12:00:00,0,0,0,0,0,False,2026-05-14 12:01:00,19484,2025-07-08 17:00:00,CORRECT_TO_19484
2933150,137,2026-05-14 13:00:00,0,0,0,0,0,False,2026-05-14 13:00:54,19484,2025-07-08 17:00:00,CORRECT_TO_19484
2933421,137,2026-05-14 14:00:00,0,0,0,0,0,False,2026-05-14 14:00:56,19484,2025-07-08 17:00:00,CORRECT_TO_19484
2933683,137,2026-05-14 15:00:00,0,0,0,0,0,False,2026-05-14 15:00:55,19484,2025-07-08 17:00:00,CORRECT_TO_19484
2933954,137,2026-05-14 16:00:00,0,0,0,0,0,False,2026-05-14 16:00:53,19484,2025-07-08 17:00:00,CORRECT_TO_19484
2934227,137,2026-05-14 17:00:00,0,0,0,0,0,False,2026-05-14 17:00:55,19484,2025-07-08 17:00:00,CORRECT_TO_19484
2934501,137,2026-05-14 18:00:00,0,0,0,0,0,False,2026-05-14 18:01:02,19484,2025-07-08 17:00:00,CORRECT_TO_19484
2934762,137,2026-05-14 19:00:00,0,0,0,0,0,False,2026-05-14 19:00:54,19484,2025-07-08 17:00:00,CORRECT_TO_19484
2935017,137,2026-05-14 20:00:00,0,0,0,0,0,False,2026-05-14 20:00:54,19484,2025-07-08 17:00:00,CORRECT_TO_19484
2935292,137,2026-05-14 21:00:00,0,0,0,0,0,False,2026-05-14 21:00:50,19484,2025-07-08 17:00:00,CORRECT_TO_19484
2935597,137,2026-05-14 22:00:00,0,0,0,0,0,False,2026-05-14 22:01:15,19484,2025-07-08 17:00:00,CORRECT_TO_19484
2935833,137,2026-05-14 23:00:00,0,0,0,0,0,False,2026-05-14 23:00:48,19484,2025-07-08 17:00:00,CORRECT_TO_19484
2936105,137,2026-05-15 00:00:00,0,0,0,0,0,False,2026-05-15 00:00:54,19484,2025-07-08 17:00:00,CORRECT_TO_19484
2936395,137,2026-05-15 01:00:00,0,0,0,0,0,False,2026-05-15 01:01:13,19484,2025-07-08 17:00:00,CORRECT_TO_19484
2936644,137,2026-05-15 02:00:00,0,0,0,0,0,False,2026-05-15 02:00:51,19484,2025-07-08 17:00:00,CORRECT_TO_19484
2936945,137,2026-05-15 03:00:00,0,0,0,0,0,False,2026-05-15 03:01:20,19484,2025-07-08 17:00:00,CORRECT_TO_19484
2937190,137,2026-05-15 04:00:00,0,0,0,0,0,False,2026-05-15 04:00:54,19484,2025-07-08 17:00:00,CORRECT_TO_19484
2937453,137,2026-05-15 05:00:00,0,0,0,0,0,False,2026-05-15 05:00:51,19484,2025-07-08 17:00:00,CORRECT_TO_19484
2937722,137,2026-05-15 06:00:00,0,0,0,0,0,False,2026-05-15 06:00:49,19484,2025-07-08 17:00:00,CORRECT_TO_19484
2937991,137,2026-05-15 07:00:00,0,0,0,0,0,False,2026-05-15 07:00:48,19484,2025-07-08 17:00:00,CORRECT_TO_19484
2938258,137,2026-05-15 08:00:00,0,0,0,0,0,False,2026-05-15 08:00:47,19484,2025-07-08 17:00:00,CORRECT_TO_19484
2938527,137,2026-05-15 09:00:00,0,0,0,0,0,False,2026-05-15 09:00:49,19484,2025-07-08 17:00:00,CORRECT_TO_19484
2938793,137,2026-05-15 10:00:00,0,0,0,0,0,False,2026-05-15 10:00:49,19484,2025-07-08 17:00:00,CORRECT_TO_19484
2939080,137,2026-05-15 11:00:00,0,0,0,0,0,False,2026-05-15 11:01:03,19484,2025-07-08 17:00:00,CORRECT_TO_19484
2939336,137,2026-05-15 12:00:00,0,0,0,0,0,False,2026-05-15 12:00:52,19484,2025-07-08 17:00:00,CORRECT_TO_19484
2939613,137,2026-05-15 13:00:00,0,0,0,0,0,False,2026-05-15 13:01:02,19484,2025-07-08 17:00:00,CORRECT_TO_19484
2939888,137,2026-05-15 14:00:00,0,0,0,0,0,False,2026-05-15 14:01:14,19484,2025-07-08 17:00:00,CORRECT_TO_19484
2940139,137,2026-05-15 15:00:00,0,0,0,0,0,False,2026-05-15 15:00:55,19484,2025-07-08 17:00:00,CORRECT_TO_19484
2940410,137,2026-05-15 16:00:00,0,0,0,0,0,False,2026-05-15 16:00:55,19484,2025-07-08 17:00:00,CORRECT_TO_19484
2940677,137,2026-05-15 17:00:00,0,0,0,0,0,False,2026-05-15 17:00:57,19484,2025-07-08 17:00:00,CORRECT_TO_19484
2940946,137,2026-05-15 18:00:00,0,0,0,0,0,False,2026-05-15 18:00:57,19484,2025-07-08 17:00:00,CORRECT_TO_19484
2941210,137,2026-05-15 19:00:00,0,0,0,0,0,False,2026-05-15 19:01:06,19484,2025-07-08 17:00:00,CORRECT_TO_19484
2941469,137,2026-05-15 20:00:00,0,0,0,0,0,False,2026-05-15 20:00:49,19484,2025-07-08 17:00:00,CORRECT_TO_19484
2941772,137,2026-05-15 21:00:00,0,0,0,0,0,False,2026-05-15 21:01:26,19484,2025-07-08 17:00:00,CORRECT_TO_19484
2942008,137,2026-05-15 22:00:00,0,0,0,0,0,False,2026-05-15 22:00:46,19484,2025-07-08 17:00:00,CORRECT_TO_19484
2942276,137,2026-05-15 23:00:00,0,0,0,0,0,False,2026-05-15 23:00:50,19484,2025-07-08 17:00:00,CORRECT_TO_19484
2942535,137,2026-05-16 00:00:00,0,0,0,0,0,False,2026-05-16 00:01:00,19484,2025-07-08 17:00:00,CORRECT_TO_19484
2942821,137,2026-05-16 01:00:00,0,0,0,0,0,False,2026-05-16 01:01:07,19484,2025-07-08 17:00:00,CORRECT_TO_19484
2943088,137,2026-05-16 02:00:00,0,0,0,0,0,False,2026-05-16 02:00:52,19484,2025-07-08 17:00:00,CORRECT_TO_19484
2943359,137,2026-05-16 03:00:00,0,0,0,0,0,False,2026-05-16 03:00:53,19484,2025-07-08 17:00:00,CORRECT_TO_19484
2943618,137,2026-05-16 04:00:00,0,0,0,0,0,False,2026-05-16 04:00:48,19484,2025-07-08 17:00:00,CORRECT_TO_19484
2943863,137,2026-05-16 05:00:00,0,0,0,0,0,False,2026-05-16 05:00:50,19484,2025-07-08 17:00:00,CORRECT_TO_19484
2944135,137,2026-05-16 06:00:00,0,0,0,0,0,False,2026-05-16 06:00:58,19484,2025-07-08 17:00:00,CORRECT_TO_19484
2944402,137,2026-05-16 07:00:00,0,0,0,0,0,False,2026-05-16 07:00:51,19484,2025-07-08 17:00:00,CORRECT_TO_19484
2944681,137,2026-05-16 08:00:00,0,0,0,0,0,False,2026-05-16 08:01:01,19484,2025-07-08 17:00:00,CORRECT_TO_19484
2944953,137,2026-05-16 09:00:00,0,0,0,0,0,False,2026-05-16 09:01:01,19484,2025-07-08 17:00:00,CORRECT_TO_19484
2945203,137,2026-05-16 10:00:00,0,0,0,0,0,False,2026-05-16 10:00:46,19484,2025-07-08 17:00:00,CORRECT_TO_19484
2945470,137,2026-05-16 11:00:00,0,0,0,0,0,False,2026-05-16 11:00:46,19484,2025-07-08 17:00:00,CORRECT_TO_19484
2945740,137,2026-05-16 12:00:00,0,0,0,0,0,False,2026-05-16 12:00:51,19484,2025-07-08 17:00:00,CORRECT_TO_19484
2946010,137,2026-05-16 13:00:00,0,0,0,0,0,False,2026-05-16 13:00:51,19484,2025-07-08 17:00:00,CORRECT_TO_19484
2946311,137,2026-05-16 14:00:00,0,0,0,0,0,False,2026-05-16 14:01:30,19484,2025-07-08 17:00:00,CORRECT_TO_19484
2946545,137,2026-05-16 15:00:00,0,0,0,0,0,False,2026-05-16 15:00:45,19484,2025-07-08 17:00:00,CORRECT_TO_19484
2946815,137,2026-05-16 16:00:00,0,0,0,0,0,False,2026-05-16 16:00:47,19484,2025-07-08 17:00:00,CORRECT_TO_19484
2947080,137,2026-05-16 17:00:00,0,0,0,0,0,False,2026-05-16 17:00:46,19484,2025-07-08 17:00:00,CORRECT_TO_19484
2947353,137,2026-05-16 18:00:00,0,0,0,0,0,False,2026-05-16 18:01:09,19484,2025-07-08 17:00:00,CORRECT_TO_19484
2947617,137,2026-05-16 19:00:00,0,0,0,0,0,False,2026-05-16 19:01:03,19484,2025-07-08 17:00:00,CORRECT_TO_19484
2947881,137,2026-05-16 20:00:00,0,0,0,0,0,False,2026-05-16 20:00:48,19484,2025-07-08 17:00:00,CORRECT_TO_19484
2948161,137,2026-05-16 21:00:00,0,0,0,0,0,False,2026-05-16 21:00:45,19484,2025-07-08 17:00:00,CORRECT_TO_19484
2948439,137,2026-05-16 22:00:00,0,0,0,0,0,False,2026-05-16 22:00:45,19484,2025-07-08 17:00:00,CORRECT_TO_19484
2948714,137,2026-05-16 23:00:00,0,0,0,0,0,False,2026-05-16 23:03:25,19484,2025-07-08 17:00:00,CORRECT_TO_19484
2948946,137,2026-05-17 00:00:00,0,0,0,0,0,False,2026-05-17 00:01:28,19484,2025-07-08 17:00:00,CORRECT_TO_19484
2949215,137,2026-05-17 01:00:00,0,0,0,0,0,False,2026-05-17 01:01:23,19484,2025-07-08 17:00:00,CORRECT_TO_19484
2949495,137,2026-05-17 02:00:00,0,0,0,0,0,False,2026-05-17 02:01:16,19484,2025-07-08 17:00:00,CORRECT_TO_19484
2949746,137,2026-05-17 03:00:00,0,0,0,0,0,False,2026-05-17 03:00:43,19484,2025-07-08 17:00:00,CORRECT_TO_19484
2950024,137,2026-05-17 04:00:00,0,0,0,0,0,False,2026-05-17 04:01:01,19484,2025-07-08 17:00:00,CORRECT_TO_19484
2950319,137,2026-05-17 05:00:00,0,0,0,0,0,False,2026-05-17 05:01:04,19484,2025-07-08 17:00:00,CORRECT_TO_19484
2950594,137,2026-05-17 06:00:00,0,0,0,0,0,False,2026-05-17 06:02:26,19484,2025-07-08 17:00:00,CORRECT_TO_19484
2950833,137,2026-05-17 07:00:00,0,0,0,0,0,False,2026-05-17 07:02:25,19484,2025-07-08 17:00:00,CORRECT_TO_19484
2951072,137,2026-05-17 08:00:00,0,0,0,0,0,False,2026-05-17 08:02:25,19484,2025-07-08 17:00:00,CORRECT_TO_19484
2951311,137,2026-05-17 09:00:00,0,0,0,0,0,False,2026-05-17 09:02:26,19484,2025-07-08 17:00:00,CORRECT_TO_19484
2951550,137,2026-05-17 10:00:00,0,0,0,0,0,False,2026-05-17 10:02:26,19484,2025-07-08 17:00:00,CORRECT_TO_19484
2951789,137,2026-05-17 11:00:00,0,0,0,0,0,False,2026-05-17 11:02:24,19484,2025-07-08 17:00:00,CORRECT_TO_19484
2952028,137,2026-05-17 12:00:00,0,0,0,0,0,False,2026-05-17 12:02:40,19484,2025-07-08 17:00:00,CORRECT_TO_19484
2952267,137,2026-05-17 13:00:00,0,0,0,0,0,False,2026-05-17 13:02:26,19484,2025-07-08 17:00:00,CORRECT_TO_19484
2952506,137,2026-05-17 14:00:00,0,0,0,0,0,False,2026-05-17 14:02:25,19484,2025-07-08 17:00:00,CORRECT_TO_19484
2952745,137,2026-05-17 15:00:00,0,0,0,0,0,False,2026-05-17 15:02:25,19484,2025-07-08 17:00:00,CORRECT_TO_19484
2952984,137,2026-05-17 16:00:00,0,0,0,0,0,False,2026-05-17 16:02:28,19484,2025-07-08 17:00:00,CORRECT_TO_19484
2953222,137,2026-05-17 17:00:00,0,0,0,0,0,False,2026-05-17 17:02:25,19484,2025-07-08 17:00:00,CORRECT_TO_19484
2953461,137,2026-05-17 18:00:00,0,0,0,0,0,False,2026-05-17 18:02:25,19484,2025-07-08 17:00:00,CORRECT_TO_19484
2953699,137,2026-05-17 19:00:00,0,0,0,0,0,False,2026-05-17 19:02:24,19484,2025-07-08 17:00:00,CORRECT_TO_19484
2953938,137,2026-05-17 20:00:00,0,0,0,0,0,False,2026-05-17 20:02:33,19484,2025-07-08 17:00:00,CORRECT_TO_19484
2954177,137,2026-05-17 21:00:00,0,0,0,0,0,False,2026-05-17 21:02:25,19484,2025-07-08 17:00:00,CORRECT_TO_19484
2954389,137,2026-05-17 22:00:00,0,0,0,0,0,False,2026-05-17 22:02:31,19484,2025-07-08 17:00:00,CORRECT_TO_19484
2954618,137,2026-05-17 23:00:00,0,0,0,0,0,False,2026-05-17 23:02:30,19484,2025-07-08 17:00:00,CORRECT_TO_19484
2954896,137,2026-05-18 00:00:00,0,0,0,0,0,False,2026-05-18 00:02:29,19484,2025-07-08 17:00:00,CORRECT_TO_19484
2955129,137,2026-05-18 01:00:00,0,0,0,0,0,False,2026-05-18 01:02:36,19484,2025-07-08 17:00:00,CORRECT_TO_19484
2955390,137,2026-05-18 02:00:00,0,0,0,0,0,False,2026-05-18 02:02:28,19484,2025-07-08 17:00:00,CORRECT_TO_19484
2955649,137,2026-05-18 03:00:00,0,0,0,0,0,False,2026-05-18 03:02:26,19484,2025-07-08 17:00:00,CORRECT_TO_19484
2955888,137,2026-05-18 04:00:00,0,0,0,0,0,False,2026-05-18 04:02:24,19484,2025-07-08 17:00:00,CORRECT_TO_19484
2956127,137,2026-05-18 05:00:00,0,0,0,0,0,False,2026-05-18 05:02:37,19484,2025-07-08 17:00:00,CORRECT_TO_19484
2956366,137,2026-05-18 06:00:00,0,0,0,0,0,False,2026-05-18 06:02:27,19484,2025-07-08 17:00:00,CORRECT_TO_19484
2956605,137,2026-05-18 07:00:00,0,0,0,0,0,False,2026-05-18 07:02:25,19484,2025-07-08 17:00:00,CORRECT_TO_19484
2956844,137,2026-05-18 08:00:00,0,0,0,0,0,False,2026-05-18 08:02:26,19484,2025-07-08 17:00:00,CORRECT_TO_19484
2957083,137,2026-05-18 09:00:00,0,0,0,0,0,False,2026-05-18 09:02:26,19484,2025-07-08 17:00:00,CORRECT_TO_19484
2957322,137,2026-05-18 10:00:00,0,0,0,0,0,False,2026-05-18 10:02:25,19484,2025-07-08 17:00:00,CORRECT_TO_19484
2957561,137,2026-05-18 11:00:00,0,0,0,0,0,False,2026-05-18 11:02:25,19484,2025-07-08 17:00:00,CORRECT_TO_19484
2957800,137,2026-05-18 12:00:00,0,0,0,0,0,False,2026-05-18 12:02:26,19484,2025-07-08 17:00:00,CORRECT_TO_19484
2958039,137,2026-05-18 13:00:00,0,0,0,0,0,False,2026-05-18 13:02:25,19484,2025-07-08 17:00:00,CORRECT_TO_19484
2958278,137,2026-05-18 14:00:00,0,0,0,0,0,False,2026-05-18 14:02:26,19484,2025-07-08 17:00:00,CORRECT_TO_19484
2958519,137,2026-05-18 15:00:00,0,0,0,0,0,False,2026-05-18 15:02:26,19484,2025-07-08 17:00:00,CORRECT_TO_19484
2930633,146,2026-05-14 03:55:00,0,68,0,0,0,False,2026-05-14 03:55:33,68,2026-05-14 03:50:00,SKIP_ALREADY_OK
2941149,146,2026-05-15 18:56:00,0,246,0,67,0,False,2026-05-15 18:56:54,246,2026-05-15 18:35:00,SKIP_ALREADY_OK
2941185,146,2026-05-15 19:00:00,0,11,0,0,0,False,2026-05-15 19:00:46,246,2026-05-15 18:35:00,CORRECT_TO_246
2941291,146,2026-05-15 19:05:00,0,11,0,0,0,False,2026-05-15 19:05:34,246,2026-05-15 18:35:00,CORRECT_TO_246
2941317,146,2026-05-15 19:10:00,0,11,0,0,0,False,2026-05-15 19:10:34,246,2026-05-15 18:35:00,CORRECT_TO_246
2941327,146,2026-05-15 19:15:00,0,11,0,0,0,False,2026-05-15 19:15:38,246,2026-05-15 18:35:00,CORRECT_TO_246
2941340,146,2026-05-15 19:20:00,0,11,0,0,0,False,2026-05-15 19:20:35,246,2026-05-15 18:35:00,CORRECT_TO_246
2941350,146,2026-05-15 19:25:00,0,11,0,0,0,False,2026-05-15 19:25:33,246,2026-05-15 18:35:00,CORRECT_TO_246
2941363,146,2026-05-15 19:30:00,0,11,0,0,0,False,2026-05-15 19:30:43,246,2026-05-15 18:35:00,CORRECT_TO_246
2941373,146,2026-05-15 19:35:00,0,11,0,0,0,False,2026-05-15 19:35:33,246,2026-05-15 18:35:00,CORRECT_TO_246
2941386,146,2026-05-15 19:40:00,0,11,0,0,0,False,2026-05-15 19:40:37,246,2026-05-15 18:35:00,CORRECT_TO_246
2941396,146,2026-05-15 19:45:00,0,11,0,0,0,False,2026-05-15 19:45:39,246,2026-05-15 18:35:00,CORRECT_TO_246
2941409,146,2026-05-15 19:50:00,0,11,0,0,0,False,2026-05-15 19:50:38,246,2026-05-15 18:35:00,CORRECT_TO_246
2941419,146,2026-05-15 19:55:00,0,11,0,0,0,False,2026-05-15 19:55:32,246,2026-05-15 18:35:00,CORRECT_TO_246
2941466,146,2026-05-15 20:00:00,0,11,0,0,0,False,2026-05-15 20:00:47,246,2026-05-15 18:35:00,CORRECT_TO_246
2941561,146,2026-05-15 20:05:00,0,11,0,0,0,False,2026-05-15 20:05:33,246,2026-05-15 18:35:00,CORRECT_TO_246
2941586,146,2026-05-15 20:10:00,0,11,0,0,0,False,2026-05-15 20:10:35,246,2026-05-15 18:35:00,CORRECT_TO_246
2941596,146,2026-05-15 20:15:00,0,11,0,0,0,False,2026-05-15 20:15:38,246,2026-05-15 18:35:00,CORRECT_TO_246
2941609,146,2026-05-15 20:20:00,0,11,0,0,0,False,2026-05-15 20:20:35,246,2026-05-15 18:35:00,CORRECT_TO_246
2941619,146,2026-05-15 20:25:00,0,11,0,0,0,False,2026-05-15 20:25:33,246,2026-05-15 18:35:00,CORRECT_TO_246
2941632,146,2026-05-15 20:30:00,0,11,0,0,0,False,2026-05-15 20:30:43,246,2026-05-15 18:35:00,CORRECT_TO_246
2941642,146,2026-05-15 20:35:00,0,11,0,0,0,False,2026-05-15 20:35:33,246,2026-05-15 18:35:00,CORRECT_TO_246
2941655,146,2026-05-15 20:40:00,0,11,0,0,0,False,2026-05-15 20:40:35,246,2026-05-15 18:35:00,CORRECT_TO_246
2941665,146,2026-05-15 20:45:00,0,11,0,0,0,False,2026-05-15 20:45:38,246,2026-05-15 18:35:00,CORRECT_TO_246
2941678,146,2026-05-15 20:50:00,0,11,0,0,0,False,2026-05-15 20:50:35,246,2026-05-15 18:35:00,CORRECT_TO_246
2941688,146,2026-05-15 20:55:00,0,11,0,0,0,False,2026-05-15 20:55:33,246,2026-05-15 18:35:00,CORRECT_TO_246
2941724,146,2026-05-15 21:00:00,0,11,0,0,0,False,2026-05-15 21:00:46,246,2026-05-15 18:35:00,CORRECT_TO_246
2941830,146,2026-05-15 21:05:00,0,11,0,0,0,False,2026-05-15 21:05:33,246,2026-05-15 18:35:00,CORRECT_TO_246
2941855,146,2026-05-15 21:10:00,0,11,0,0,0,False,2026-05-15 21:10:35,246,2026-05-15 18:35:00,CORRECT_TO_246
2941865,146,2026-05-15 21:15:00,0,11,0,0,0,False,2026-05-15 21:15:37,246,2026-05-15 18:35:00,CORRECT_TO_246
2941878,146,2026-05-15 21:20:00,0,11,0,0,0,False,2026-05-15 21:20:35,246,2026-05-15 18:35:00,CORRECT_TO_246
2941888,146,2026-05-15 21:25:00,0,11,0,0,0,False,2026-05-15 21:25:32,246,2026-05-15 18:35:00,CORRECT_TO_246
2941901,146,2026-05-15 21:30:00,0,11,0,0,0,False,2026-05-15 21:30:41,246,2026-05-15 18:35:00,CORRECT_TO_246
2941911,146,2026-05-15 21:35:00,0,11,0,0,0,False,2026-05-15 21:35:33,246,2026-05-15 18:35:00,CORRECT_TO_246
2941924,146,2026-05-15 21:40:00,0,11,0,0,0,False,2026-05-15 21:40:36,246,2026-05-15 18:35:00,CORRECT_TO_246
2941934,146,2026-05-15 21:45:00,0,11,0,0,0,False,2026-05-15 21:45:37,246,2026-05-15 18:35:00,CORRECT_TO_246
2941947,146,2026-05-15 21:50:00,0,11,0,0,0,False,2026-05-15 21:50:35,246,2026-05-15 18:35:00,CORRECT_TO_246
2941957,146,2026-05-15 21:55:00,0,11,0,0,0,False,2026-05-15 21:55:33,246,2026-05-15 18:35:00,CORRECT_TO_246
2942007,146,2026-05-15 22:00:00,0,11,0,0,0,False,2026-05-15 22:00:45,246,2026-05-15 18:35:00,CORRECT_TO_246
2942099,146,2026-05-15 22:05:00,0,11,0,0,0,False,2026-05-15 22:05:32,246,2026-05-15 18:35:00,CORRECT_TO_246
2942124,146,2026-05-15 22:10:00,0,11,0,0,0,False,2026-05-15 22:10:35,246,2026-05-15 18:35:00,CORRECT_TO_246
2942134,146,2026-05-15 22:15:00,0,11,0,0,0,False,2026-05-15 22:15:37,246,2026-05-15 18:35:00,CORRECT_TO_246
2942147,146,2026-05-15 22:20:00,0,11,0,0,0,False,2026-05-15 22:20:35,246,2026-05-15 18:35:00,CORRECT_TO_246
2942157,146,2026-05-15 22:25:00,0,11,0,0,0,False,2026-05-15 22:25:32,246,2026-05-15 18:35:00,CORRECT_TO_246
2942170,146,2026-05-15 22:30:00,0,11,0,0,0,False,2026-05-15 22:30:42,246,2026-05-15 18:35:00,CORRECT_TO_246
2942180,146,2026-05-15 22:35:00,0,11,0,0,0,False,2026-05-15 22:35:33,246,2026-05-15 18:35:00,CORRECT_TO_246
2942193,146,2026-05-15 22:40:00,0,11,0,0,0,False,2026-05-15 22:40:35,246,2026-05-15 18:35:00,CORRECT_TO_246
2942203,146,2026-05-15 22:45:00,0,11,0,0,0,False,2026-05-15 22:45:38,246,2026-05-15 18:35:00,CORRECT_TO_246
2942216,146,2026-05-15 22:50:00,0,11,0,0,0,False,2026-05-15 22:50:35,246,2026-05-15 18:35:00,CORRECT_TO_246
2942226,146,2026-05-15 22:55:00,0,11,0,0,0,False,2026-05-15 22:55:33,246,2026-05-15 18:35:00,CORRECT_TO_246
2942274,146,2026-05-15 23:00:00,0,11,0,0,0,False,2026-05-15 23:00:48,246,2026-05-15 18:35:00,CORRECT_TO_246
2942367,146,2026-05-15 23:05:00,0,11,0,0,0,False,2026-05-15 23:05:34,246,2026-05-15 18:35:00,CORRECT_TO_246
2942393,146,2026-05-15 23:10:00,0,11,0,0,0,False,2026-05-15 23:10:34,246,2026-05-15 18:35:00,CORRECT_TO_246
2942403,146,2026-05-15 23:15:00,0,11,0,0,0,False,2026-05-15 23:15:38,246,2026-05-15 18:35:00,CORRECT_TO_246
2942416,146,2026-05-15 23:20:00,0,11,0,0,0,False,2026-05-15 23:20:35,246,2026-05-15 18:35:00,CORRECT_TO_246
2942426,146,2026-05-15 23:25:00,0,11,0,0,0,False,2026-05-15 23:25:32,246,2026-05-15 18:35:00,CORRECT_TO_246
2942439,146,2026-05-15 23:30:00,0,11,0,0,0,False,2026-05-15 23:30:42,246,2026-05-15 18:35:00,CORRECT_TO_246
2942449,146,2026-05-15 23:35:00,0,11,0,0,0,False,2026-05-15 23:35:32,246,2026-05-15 18:35:00,CORRECT_TO_246
2942462,146,2026-05-15 23:40:00,0,11,0,0,0,False,2026-05-15 23:40:38,246,2026-05-15 18:35:00,CORRECT_TO_246
2942472,146,2026-05-15 23:45:00,0,11,0,0,0,False,2026-05-15 23:45:38,246,2026-05-15 18:35:00,CORRECT_TO_246
2942485,146,2026-05-15 23:50:00,0,11,0,0,0,False,2026-05-15 23:50:47,246,2026-05-15 18:35:00,CORRECT_TO_246
2942495,146,2026-05-15 23:55:00,0,11,0,0,0,False,2026-05-15 23:55:33,246,2026-05-15 18:35:00,CORRECT_TO_246
2942533,146,2026-05-16 00:00:00,0,11,0,0,0,False,2026-05-16 00:00:57,246,2026-05-15 18:35:00,CORRECT_TO_246
2942636,146,2026-05-16 00:05:00,0,11,0,0,0,False,2026-05-16 00:05:34,246,2026-05-15 18:35:00,CORRECT_TO_246
2942662,146,2026-05-16 00:10:00,0,11,0,0,0,False,2026-05-16 00:10:35,246,2026-05-15 18:35:00,CORRECT_TO_246
2942672,146,2026-05-16 00:15:00,0,11,0,0,0,False,2026-05-16 00:15:37,246,2026-05-15 18:35:00,CORRECT_TO_246
2942685,146,2026-05-16 00:20:00,0,11,0,0,0,False,2026-05-16 00:20:36,246,2026-05-15 18:35:00,CORRECT_TO_246
2942695,146,2026-05-16 00:25:00,0,11,0,0,0,False,2026-05-16 00:25:33,246,2026-05-15 18:35:00,CORRECT_TO_246
2942708,146,2026-05-16 00:30:00,0,11,0,0,0,False,2026-05-16 00:30:43,246,2026-05-15 18:35:00,CORRECT_TO_246
2942718,146,2026-05-16 00:35:00,0,11,0,0,0,False,2026-05-16 00:35:32,246,2026-05-15 18:35:00,CORRECT_TO_246
2942731,146,2026-05-16 00:40:00,0,11,0,0,0,False,2026-05-16 00:40:35,246,2026-05-15 18:35:00,CORRECT_TO_246
2942741,146,2026-05-16 00:45:00,0,11,0,0,0,False,2026-05-16 00:45:38,246,2026-05-15 18:35:00,CORRECT_TO_246
2942754,146,2026-05-16 00:50:00,0,11,0,0,0,False,2026-05-16 00:50:35,246,2026-05-15 18:35:00,CORRECT_TO_246
2942764,146,2026-05-16 00:55:00,0,11,0,0,0,False,2026-05-16 00:55:33,246,2026-05-15 18:35:00,CORRECT_TO_246
2942802,146,2026-05-16 01:00:00,0,11,0,0,0,False,2026-05-16 01:00:48,246,2026-05-15 18:35:00,CORRECT_TO_246
2942905,146,2026-05-16 01:05:00,0,11,0,0,0,False,2026-05-16 01:05:33,246,2026-05-15 18:35:00,CORRECT_TO_246
2942931,146,2026-05-16 01:10:00,0,11,0,0,0,False,2026-05-16 01:10:34,246,2026-05-15 18:35:00,CORRECT_TO_246
2942941,146,2026-05-16 01:15:00,0,11,0,0,0,False,2026-05-16 01:15:36,246,2026-05-15 18:35:00,CORRECT_TO_246
2942954,146,2026-05-16 01:20:00,0,11,0,0,0,False,2026-05-16 01:20:35,246,2026-05-15 18:35:00,CORRECT_TO_246
2942964,146,2026-05-16 01:25:00,0,11,0,0,0,False,2026-05-16 01:25:32,246,2026-05-15 18:35:00,CORRECT_TO_246
2942977,146,2026-05-16 01:30:00,0,11,0,0,0,False,2026-05-16 01:30:42,246,2026-05-15 18:35:00,CORRECT_TO_246
2942987,146,2026-05-16 01:35:00,0,11,0,0,0,False,2026-05-16 01:35:32,246,2026-05-15 18:35:00,CORRECT_TO_246
2943000,146,2026-05-16 01:40:00,0,11,0,0,0,False,2026-05-16 01:40:37,246,2026-05-15 18:35:00,CORRECT_TO_246
2943010,146,2026-05-16 01:45:00,0,11,0,0,0,False,2026-05-16 01:45:40,246,2026-05-15 18:35:00,CORRECT_TO_246
2943023,146,2026-05-16 01:50:00,0,11,0,0,0,False,2026-05-16 01:50:36,246,2026-05-15 18:35:00,CORRECT_TO_246
2943033,146,2026-05-16 01:55:00,0,11,0,0,0,False,2026-05-16 01:55:33,246,2026-05-15 18:35:00,CORRECT_TO_246
2943086,146,2026-05-16 02:00:00,0,11,0,0,0,False,2026-05-16 02:00:50,246,2026-05-15 18:35:00,CORRECT_TO_246
2943174,146,2026-05-16 02:05:00,0,11,0,0,0,False,2026-05-16 02:05:34,246,2026-05-15 18:35:00,CORRECT_TO_246
2943200,146,2026-05-16 02:10:00,0,11,0,0,0,False,2026-05-16 02:10:35,246,2026-05-15 18:35:00,CORRECT_TO_246
2943210,146,2026-05-16 02:15:00,0,11,0,0,0,False,2026-05-16 02:15:41,246,2026-05-15 18:35:00,CORRECT_TO_246
2943223,146,2026-05-16 02:20:00,0,11,0,0,0,False,2026-05-16 02:20:42,246,2026-05-15 18:35:00,CORRECT_TO_246
2943233,146,2026-05-16 02:25:00,0,11,0,0,0,False,2026-05-16 02:25:33,246,2026-05-15 18:35:00,CORRECT_TO_246
2943246,146,2026-05-16 02:30:00,0,11,0,0,0,False,2026-05-16 02:30:45,246,2026-05-15 18:35:00,CORRECT_TO_246
2943268,146,2026-05-16 02:40:00,0,285,274,0,0,False,2026-05-16 02:40:36,11,2026-05-16 02:35:00,CORRECT_TO_11
2941284,148,2026-05-15 19:00:00,0,3664,0,30,0,False,2026-05-15 19:05:02,3664,2026-05-15 18:00:00,SKIP_ALREADY_OK
2941553,148,2026-05-15 20:00:00,0,1518,0,0,0,False,2026-05-15 20:04:57,3664,2026-05-15 18:00:00,CORRECT_TO_3664
2941822,148,2026-05-15 21:00:00,0,1518,0,0,0,False,2026-05-15 21:04:57,3664,2026-05-15 18:00:00,CORRECT_TO_3664
2942091,148,2026-05-15 22:00:00,0,1518,0,0,0,False,2026-05-15 22:04:54,3664,2026-05-15 18:00:00,CORRECT_TO_3664
2942360,148,2026-05-15 23:00:00,0,1518,0,0,0,False,2026-05-15 23:04:58,3664,2026-05-15 18:00:00,CORRECT_TO_3664
2942629,148,2026-05-16 00:00:00,0,1518,0,0,0,False,2026-05-16 00:05:06,3664,2026-05-15 18:00:00,CORRECT_TO_3664
2942898,148,2026-05-16 01:00:00,0,1518,0,0,0,False,2026-05-16 01:05:00,3664,2026-05-15 18:00:00,CORRECT_TO_3664
2943167,148,2026-05-16 02:00:00,0,1518,0,0,0,False,2026-05-16 02:05:00,3664,2026-05-15 18:00:00,CORRECT_TO_3664
2941286,149,2026-05-15 19:00:00,0,60243,0,638,0,False,2026-05-15 19:05:12,60243,2026-05-15 18:00:00,SKIP_ALREADY_OK
2941554,149,2026-05-15 20:00:00,0,0,0,0,0,False,2026-05-15 20:05:06,60243,2026-05-15 18:00:00,CORRECT_TO_60243
2941823,149,2026-05-15 21:00:00,0,0,0,0,0,False,2026-05-15 21:05:06,60243,2026-05-15 18:00:00,CORRECT_TO_60243
2942092,149,2026-05-15 22:00:00,0,0,0,0,0,False,2026-05-15 22:05:03,60243,2026-05-15 18:00:00,CORRECT_TO_60243
2942361,149,2026-05-15 23:00:00,0,0,0,0,0,False,2026-05-15 23:05:07,60243,2026-05-15 18:00:00,CORRECT_TO_60243
2942631,149,2026-05-16 00:00:00,0,0,0,0,0,False,2026-05-16 00:05:15,60243,2026-05-15 18:00:00,CORRECT_TO_60243
2942899,149,2026-05-16 01:00:00,0,0,0,0,0,False,2026-05-16 01:05:09,60243,2026-05-15 18:00:00,CORRECT_TO_60243
2943168,149,2026-05-16 02:00:00,0,0,0,0,0,False,2026-05-16 02:05:09,60243,2026-05-15 18:00:00,CORRECT_TO_60243
2941261,151,2026-05-15 19:00:00,0,210822,0,0,0,False,2026-05-15 19:01:56,210822,2026-05-15 18:00:00,SKIP_ALREADY_OK
2941530,151,2026-05-15 20:00:00,0,0,0,0,0,False,2026-05-15 20:01:56,210822,2026-05-15 18:00:00,CORRECT_TO_210822
2941790,151,2026-05-15 21:00:00,0,0,0,0,0,False,2026-05-15 21:01:56,210822,2026-05-15 18:00:00,CORRECT_TO_210822
2942068,151,2026-05-15 22:00:00,0,0,0,0,0,False,2026-05-15 22:01:53,210822,2026-05-15 18:00:00,CORRECT_TO_210822
2942337,151,2026-05-15 23:00:00,0,0,0,0,0,False,2026-05-15 23:01:57,210822,2026-05-15 18:00:00,CORRECT_TO_210822
2942598,151,2026-05-16 00:00:00,0,0,0,0,0,False,2026-05-16 00:02:05,210822,2026-05-15 18:00:00,CORRECT_TO_210822
2942848,151,2026-05-16 01:00:00,0,0,0,0,0,False,2026-05-16 01:01:59,210822,2026-05-15 18:00:00,CORRECT_TO_210822
2943144,151,2026-05-16 02:00:00,0,0,0,0,0,False,2026-05-16 02:01:59,210822,2026-05-15 18:00:00,CORRECT_TO_210822
2941272,156,2026-05-15 19:00:00,0,2704,0,0,0,False,2026-05-15 19:03:20,2704,2026-05-15 18:00:00,SKIP_ALREADY_OK
2941541,156,2026-05-15 20:00:00,0,0,0,0,0,False,2026-05-15 20:03:17,2704,2026-05-15 18:00:00,CORRECT_TO_2704
2941810,156,2026-05-15 21:00:00,0,0,0,0,0,False,2026-05-15 21:03:17,2704,2026-05-15 18:00:00,CORRECT_TO_2704
2942079,156,2026-05-15 22:00:00,0,0,0,0,0,False,2026-05-15 22:03:14,2704,2026-05-15 18:00:00,CORRECT_TO_2704
2942348,156,2026-05-15 23:00:00,0,0,0,0,0,False,2026-05-15 23:03:18,2704,2026-05-15 18:00:00,CORRECT_TO_2704
2942617,156,2026-05-16 00:00:00,0,0,0,0,0,False,2026-05-16 00:03:26,2704,2026-05-15 18:00:00,CORRECT_TO_2704
2942868,156,2026-05-16 01:00:00,0,0,0,0,0,False,2026-05-16 01:03:20,2704,2026-05-15 18:00:00,CORRECT_TO_2704
2943155,156,2026-05-16 02:00:00,0,0,0,0,0,False,2026-05-16 02:03:20,2704,2026-05-15 18:00:00,CORRECT_TO_2704
2941277,157,2026-05-15 19:00:00,0,85359,0,0,0,False,2026-05-15 19:04:05,85359,2026-05-15 18:00:00,SKIP_ALREADY_OK
2941546,157,2026-05-15 20:00:00,0,0,0,0,0,False,2026-05-15 20:04:03,85359,2026-05-15 18:00:00,CORRECT_TO_85359
2941815,157,2026-05-15 21:00:00,0,0,0,0,0,False,2026-05-15 21:04:03,85359,2026-05-15 18:00:00,CORRECT_TO_85359
2942084,157,2026-05-15 22:00:00,0,0,0,0,0,False,2026-05-15 22:04:00,85359,2026-05-15 18:00:00,CORRECT_TO_85359
2942353,157,2026-05-15 23:00:00,0,0,0,0,0,False,2026-05-15 23:04:04,85359,2026-05-15 18:00:00,CORRECT_TO_85359
2942623,157,2026-05-16 00:00:00,0,0,0,0,0,False,2026-05-16 00:04:12,85359,2026-05-15 18:00:00,CORRECT_TO_85359
2942891,157,2026-05-16 01:00:00,0,0,0,0,0,False,2026-05-16 01:04:05,85359,2026-05-15 18:00:00,CORRECT_TO_85359
2943160,157,2026-05-16 02:00:00,0,0,0,0,0,False,2026-05-16 02:04:06,85359,2026-05-15 18:00:00,CORRECT_TO_85359
2854717,158,2026-05-01 04:00:00,0,0,0,0,24,False,2026-05-01 04:01:37,,,SKIP_NO_PRIOR_VALID
2854931,158,2026-05-01 05:00:00,0,0,0,0,24,False,2026-05-01 05:01:35,,,SKIP_NO_PRIOR_VALID
2855153,158,2026-05-01 06:00:00,0,0,0,0,24,False,2026-05-01 06:01:41,,,SKIP_NO_PRIOR_VALID
2855371,158,2026-05-01 07:00:00,0,0,0,0,24,False,2026-05-01 07:01:39,,,SKIP_NO_PRIOR_VALID
2855586,158,2026-05-01 08:00:00,0,0,0,0,24,False,2026-05-01 08:01:37,,,SKIP_NO_PRIOR_VALID
2855805,158,2026-05-01 09:00:00,0,0,0,0,24,False,2026-05-01 09:01:36,,,SKIP_NO_PRIOR_VALID
2856022,158,2026-05-01 10:00:00,0,0,0,0,24,False,2026-05-01 10:01:37,,,SKIP_NO_PRIOR_VALID
2856239,158,2026-05-01 11:00:00,0,0,0,0,24,False,2026-05-01 11:01:37,,,SKIP_NO_PRIOR_VALID
2856456,158,2026-05-01 12:00:00,0,0,0,0,24,False,2026-05-01 12:01:41,,,SKIP_NO_PRIOR_VALID
2856672,158,2026-05-01 13:00:00,0,0,0,0,25,False,2026-05-01 13:01:39,,,SKIP_NO_PRIOR_VALID
2856890,158,2026-05-01 14:00:00,0,0,0,0,25,False,2026-05-01 14:01:38,,,SKIP_NO_PRIOR_VALID
2857107,158,2026-05-01 15:00:00,0,0,0,0,25,False,2026-05-01 15:01:38,,,SKIP_NO_PRIOR_VALID
2857324,158,2026-05-01 16:00:00,0,0,0,0,25,False,2026-05-01 16:01:38,,,SKIP_NO_PRIOR_VALID
2857537,158,2026-05-01 17:00:00,0,0,0,0,25,False,2026-05-01 17:01:36,,,SKIP_NO_PRIOR_VALID
2857758,158,2026-05-01 18:00:00,0,0,0,0,25,False,2026-05-01 18:01:36,,,SKIP_NO_PRIOR_VALID
2857968,158,2026-05-01 19:00:00,0,0,0,0,25,False,2026-05-01 19:01:37,,,SKIP_NO_PRIOR_VALID
2858168,158,2026-05-01 20:00:00,0,0,0,0,25,False,2026-05-01 20:01:36,,,SKIP_NO_PRIOR_VALID
2858409,158,2026-05-01 21:00:00,0,0,0,0,25,False,2026-05-01 21:01:35,,,SKIP_NO_PRIOR_VALID
2858600,158,2026-05-01 22:00:00,0,0,0,0,25,False,2026-05-01 22:01:35,,,SKIP_NO_PRIOR_VALID
2858843,158,2026-05-01 23:00:00,0,0,0,0,25,False,2026-05-01 23:01:34,,,SKIP_NO_PRIOR_VALID
2859060,158,2026-05-02 00:00:00,0,0,0,0,25,False,2026-05-02 00:01:45,,,SKIP_NO_PRIOR_VALID
2859275,158,2026-05-02 01:00:00,0,0,0,0,25,False,2026-05-02 01:01:39,,,SKIP_NO_PRIOR_VALID
2859488,158,2026-05-02 02:00:00,0,0,0,0,25,False,2026-05-02 02:01:35,,,SKIP_NO_PRIOR_VALID
2859702,158,2026-05-02 03:00:00,0,0,0,0,25,False,2026-05-02 03:01:35,,,SKIP_NO_PRIOR_VALID
2859926,158,2026-05-02 04:00:00,0,0,0,0,25,False,2026-05-02 04:01:36,,,SKIP_NO_PRIOR_VALID
2860135,158,2026-05-02 05:00:00,0,0,0,0,25,False,2026-05-02 05:01:33,,,SKIP_NO_PRIOR_VALID
2860354,158,2026-05-02 06:00:00,0,0,0,0,25,False,2026-05-02 06:01:35,,,SKIP_NO_PRIOR_VALID
2860579,158,2026-05-02 07:00:00,0,0,0,0,25,False,2026-05-02 07:01:37,,,SKIP_NO_PRIOR_VALID
2860796,158,2026-05-02 08:00:00,0,0,0,0,25,False,2026-05-02 08:01:37,,,SKIP_NO_PRIOR_VALID
2861011,158,2026-05-02 09:00:00,0,0,0,0,25,False,2026-05-02 09:01:35,,,SKIP_NO_PRIOR_VALID
2861230,158,2026-05-02 10:00:00,0,0,0,0,25,False,2026-05-02 10:01:36,,,SKIP_NO_PRIOR_VALID
2861447,158,2026-05-02 11:00:00,0,0,0,0,25,False,2026-05-02 11:01:36,,,SKIP_NO_PRIOR_VALID
2861664,158,2026-05-02 12:00:00,0,0,0,0,25,False,2026-05-02 12:01:38,,,SKIP_NO_PRIOR_VALID
2861874,158,2026-05-02 13:00:00,0,0,0,0,26,False,2026-05-02 13:01:35,,,SKIP_NO_PRIOR_VALID
2862097,158,2026-05-02 14:00:00,0,0,0,0,26,False,2026-05-02 14:01:34,,,SKIP_NO_PRIOR_VALID
2862315,158,2026-05-02 15:00:00,0,0,0,0,26,False,2026-05-02 15:01:34,,,SKIP_NO_PRIOR_VALID
2862527,158,2026-05-02 16:00:00,0,0,0,0,26,False,2026-05-02 16:01:36,,,SKIP_NO_PRIOR_VALID
2862746,158,2026-05-02 17:00:00,0,0,0,0,26,False,2026-05-02 17:01:35,,,SKIP_NO_PRIOR_VALID
2862958,158,2026-05-02 18:00:00,0,0,0,0,26,False,2026-05-02 18:01:36,,,SKIP_NO_PRIOR_VALID
2863183,158,2026-05-02 19:00:00,0,0,0,0,26,False,2026-05-02 19:01:35,,,SKIP_NO_PRIOR_VALID
2863396,158,2026-05-02 20:00:00,0,0,0,0,26,False,2026-05-02 20:01:34,,,SKIP_NO_PRIOR_VALID
2863617,158,2026-05-02 21:00:00,0,0,0,0,26,False,2026-05-02 21:01:35,,,SKIP_NO_PRIOR_VALID
2863829,158,2026-05-02 22:00:00,0,0,0,0,26,False,2026-05-02 22:01:34,,,SKIP_NO_PRIOR_VALID
2864015,158,2026-05-02 23:00:00,0,0,0,0,26,False,2026-05-02 23:01:35,,,SKIP_NO_PRIOR_VALID
2864268,158,2026-05-03 00:00:00,0,0,0,0,26,False,2026-05-03 00:01:49,,,SKIP_NO_PRIOR_VALID
2864479,158,2026-05-03 01:00:00,0,0,0,0,26,False,2026-05-03 01:01:37,,,SKIP_NO_PRIOR_VALID
2864692,158,2026-05-03 02:00:00,0,0,0,0,26,False,2026-05-03 02:01:35,,,SKIP_NO_PRIOR_VALID
2864897,158,2026-05-03 03:00:00,0,0,0,0,26,False,2026-05-03 03:01:34,,,SKIP_NO_PRIOR_VALID
2865132,158,2026-05-03 04:00:00,0,0,0,0,26,False,2026-05-03 04:01:35,,,SKIP_NO_PRIOR_VALID
2865353,158,2026-05-03 05:00:00,0,0,0,0,26,False,2026-05-03 05:01:34,,,SKIP_NO_PRIOR_VALID
2865570,158,2026-05-03 06:00:00,0,0,0,0,26,False,2026-05-03 06:01:36,,,SKIP_NO_PRIOR_VALID
2865785,158,2026-05-03 07:00:00,0,0,0,0,26,False,2026-05-03 07:01:34,,,SKIP_NO_PRIOR_VALID
2866003,158,2026-05-03 08:00:00,0,0,0,0,26,False,2026-05-03 08:01:36,,,SKIP_NO_PRIOR_VALID
2866220,158,2026-05-03 09:00:00,0,0,0,0,26,False,2026-05-03 09:01:36,,,SKIP_NO_PRIOR_VALID
2866438,158,2026-05-03 10:00:00,0,0,0,0,26,False,2026-05-03 10:01:34,,,SKIP_NO_PRIOR_VALID
2866654,158,2026-05-03 11:00:00,0,0,0,0,26,False,2026-05-03 11:01:35,,,SKIP_NO_PRIOR_VALID
2866867,158,2026-05-03 12:00:00,0,0,0,0,26,False,2026-05-03 12:01:37,,,SKIP_NO_PRIOR_VALID
2867089,158,2026-05-03 13:00:00,0,0,0,0,27,False,2026-05-03 13:01:37,,,SKIP_NO_PRIOR_VALID
2867300,158,2026-05-03 14:00:00,0,0,0,0,27,False,2026-05-03 14:01:36,,,SKIP_NO_PRIOR_VALID
2867523,158,2026-05-03 15:00:00,0,0,0,0,27,False,2026-05-03 15:01:35,,,SKIP_NO_PRIOR_VALID
2867740,158,2026-05-03 16:00:00,0,0,0,0,27,False,2026-05-03 16:01:37,,,SKIP_NO_PRIOR_VALID
2867957,158,2026-05-03 17:00:00,0,0,0,0,27,False,2026-05-03 17:01:37,,,SKIP_NO_PRIOR_VALID
2868167,158,2026-05-03 18:00:00,0,0,0,0,27,False,2026-05-03 18:01:36,,,SKIP_NO_PRIOR_VALID
2868391,158,2026-05-03 19:00:00,0,0,0,0,27,False,2026-05-03 19:01:36,,,SKIP_NO_PRIOR_VALID
2868608,158,2026-05-03 20:00:00,0,0,0,0,27,False,2026-05-03 20:01:38,,,SKIP_NO_PRIOR_VALID
2868825,158,2026-05-03 21:00:00,0,0,0,0,27,False,2026-05-03 21:01:34,,,SKIP_NO_PRIOR_VALID
2869040,158,2026-05-03 22:00:00,0,0,0,0,27,False,2026-05-03 22:01:34,,,SKIP_NO_PRIOR_VALID
2869259,158,2026-05-03 23:00:00,0,0,0,0,27,False,2026-05-03 23:01:35,,,SKIP_NO_PRIOR_VALID
2869476,158,2026-05-04 00:00:00,0,0,0,0,27,False,2026-05-04 00:01:48,,,SKIP_NO_PRIOR_VALID
2869679,158,2026-05-04 01:00:00,0,0,0,0,27,False,2026-05-04 01:01:38,,,SKIP_NO_PRIOR_VALID
2869900,158,2026-05-04 02:00:00,0,0,0,0,27,False,2026-05-04 02:01:35,,,SKIP_NO_PRIOR_VALID
2870124,158,2026-05-04 03:00:00,0,0,0,0,27,False,2026-05-04 03:01:38,,,SKIP_NO_PRIOR_VALID
2870344,158,2026-05-04 04:00:00,0,0,0,0,27,False,2026-05-04 04:01:37,,,SKIP_NO_PRIOR_VALID
2870561,158,2026-05-04 05:00:00,0,0,0,0,27,False,2026-05-04 05:01:35,,,SKIP_NO_PRIOR_VALID
2870778,158,2026-05-04 06:00:00,0,0,0,0,27,False,2026-05-04 06:01:37,,,SKIP_NO_PRIOR_VALID
2870992,158,2026-05-04 07:00:00,0,0,0,0,27,False,2026-05-04 07:01:37,,,SKIP_NO_PRIOR_VALID
2871212,158,2026-05-04 08:00:00,0,0,0,0,27,False,2026-05-04 08:01:35,,,SKIP_NO_PRIOR_VALID
2871429,158,2026-05-04 09:00:00,0,0,0,0,27,False,2026-05-04 09:01:36,,,SKIP_NO_PRIOR_VALID
2871646,158,2026-05-04 10:00:00,0,0,0,0,27,False,2026-05-04 10:01:36,,,SKIP_NO_PRIOR_VALID
2871863,158,2026-05-04 11:00:00,0,0,0,0,27,False,2026-05-04 11:01:35,,,SKIP_NO_PRIOR_VALID
2872080,158,2026-05-04 12:00:00,0,0,0,0,27,False,2026-05-04 12:01:36,,,SKIP_NO_PRIOR_VALID
2872297,158,2026-05-04 13:00:00,0,0,0,0,28,False,2026-05-04 13:01:36,,,SKIP_NO_PRIOR_VALID
2872511,158,2026-05-04 14:00:00,0,0,0,0,28,False,2026-05-04 14:01:37,,,SKIP_NO_PRIOR_VALID
2872725,158,2026-05-04 15:00:00,0,0,0,0,28,False,2026-05-04 15:01:33,,,SKIP_NO_PRIOR_VALID
2872948,158,2026-05-04 16:00:00,0,0,0,0,28,False,2026-05-04 16:01:36,,,SKIP_NO_PRIOR_VALID
2873161,158,2026-05-04 17:00:00,0,0,0,0,28,False,2026-05-04 17:01:35,,,SKIP_NO_PRIOR_VALID
2873376,158,2026-05-04 18:00:00,0,0,0,0,28,False,2026-05-04 18:01:37,,,SKIP_NO_PRIOR_VALID
2873595,158,2026-05-04 19:00:00,0,0,0,0,28,False,2026-05-04 19:01:34,,,SKIP_NO_PRIOR_VALID
2873812,158,2026-05-04 20:00:00,0,0,0,0,28,False,2026-05-04 20:01:37,,,SKIP_NO_PRIOR_VALID
2874027,158,2026-05-04 21:00:00,0,0,0,0,28,False,2026-05-04 21:01:35,,,SKIP_NO_PRIOR_VALID
2874243,158,2026-05-04 22:00:00,0,0,0,0,28,False,2026-05-04 22:01:35,,,SKIP_NO_PRIOR_VALID
2874460,158,2026-05-04 23:00:00,0,0,0,0,28,False,2026-05-04 23:01:34,,,SKIP_NO_PRIOR_VALID
2874683,158,2026-05-05 00:00:00,0,0,0,0,28,False,2026-05-05 00:01:41,,,SKIP_NO_PRIOR_VALID
2874892,158,2026-05-05 01:00:00,0,0,0,0,28,False,2026-05-05 01:01:36,,,SKIP_NO_PRIOR_VALID
2875117,158,2026-05-05 02:00:00,0,0,0,0,28,False,2026-05-05 02:01:33,,,SKIP_NO_PRIOR_VALID
2875331,158,2026-05-05 03:00:00,0,0,0,0,28,False,2026-05-05 03:01:33,,,SKIP_NO_PRIOR_VALID
2875545,158,2026-05-05 04:00:00,0,0,0,0,28,False,2026-05-05 04:01:32,,,SKIP_NO_PRIOR_VALID
2875756,158,2026-05-05 05:00:00,0,0,0,0,28,False,2026-05-05 05:01:32,,,SKIP_NO_PRIOR_VALID
2875978,158,2026-05-05 06:00:00,0,0,0,0,28,False,2026-05-05 06:01:32,,,SKIP_NO_PRIOR_VALID
2876198,158,2026-05-05 07:00:00,0,0,0,0,28,False,2026-05-05 07:01:34,,,SKIP_NO_PRIOR_VALID
2876420,158,2026-05-05 08:00:00,0,0,0,0,28,False,2026-05-05 08:01:37,,,SKIP_NO_PRIOR_VALID
2876637,158,2026-05-05 09:00:00,0,0,0,0,28,False,2026-05-05 09:01:37,,,SKIP_NO_PRIOR_VALID
2876854,158,2026-05-05 10:00:00,0,0,0,0,28,False,2026-05-05 10:01:37,,,SKIP_NO_PRIOR_VALID
2877069,158,2026-05-05 11:00:00,0,0,0,0,28,False,2026-05-05 11:01:32,,,SKIP_NO_PRIOR_VALID
2877283,158,2026-05-05 12:00:00,0,0,0,0,28,False,2026-05-05 12:01:35,,,SKIP_NO_PRIOR_VALID
2877496,158,2026-05-05 13:00:00,0,0,0,0,29,False,2026-05-05 13:01:36,,,SKIP_NO_PRIOR_VALID
2877703,158,2026-05-05 14:00:00,0,0,0,0,29,False,2026-05-05 14:01:36,,,SKIP_NO_PRIOR_VALID
2877939,158,2026-05-05 15:00:00,0,0,0,0,29,False,2026-05-05 15:01:35,,,SKIP_NO_PRIOR_VALID
2878156,158,2026-05-05 16:00:00,0,0,0,0,29,False,2026-05-05 16:01:34,,,SKIP_NO_PRIOR_VALID
2878367,158,2026-05-05 17:00:00,0,0,0,0,29,False,2026-05-05 17:01:35,,,SKIP_NO_PRIOR_VALID
2878583,158,2026-05-05 18:00:00,0,0,0,0,29,False,2026-05-05 18:01:34,,,SKIP_NO_PRIOR_VALID
2878794,158,2026-05-05 19:00:00,0,0,0,0,29,False,2026-05-05 19:01:35,,,SKIP_NO_PRIOR_VALID
2879013,158,2026-05-05 20:00:00,0,0,0,0,29,False,2026-05-05 20:01:35,,,SKIP_NO_PRIOR_VALID
2879239,158,2026-05-05 21:00:00,0,0,0,0,29,False,2026-05-05 21:01:33,,,SKIP_NO_PRIOR_VALID
2879452,158,2026-05-05 22:00:00,0,0,0,0,29,False,2026-05-05 22:01:34,,,SKIP_NO_PRIOR_VALID
2879669,158,2026-05-05 23:00:00,0,0,0,0,29,False,2026-05-05 23:01:32,,,SKIP_NO_PRIOR_VALID
2879884,158,2026-05-06 00:00:00,0,0,0,0,29,False,2026-05-06 00:01:41,,,SKIP_NO_PRIOR_VALID
2880104,158,2026-05-06 01:00:00,0,0,0,0,29,False,2026-05-06 01:01:34,,,SKIP_NO_PRIOR_VALID
2880320,158,2026-05-06 02:00:00,0,0,0,0,29,False,2026-05-06 02:01:34,,,SKIP_NO_PRIOR_VALID
2880535,158,2026-05-06 03:00:00,0,0,0,0,29,False,2026-05-06 03:01:33,,,SKIP_NO_PRIOR_VALID
2880759,158,2026-05-06 04:00:00,0,0,0,0,29,False,2026-05-06 04:01:31,,,SKIP_NO_PRIOR_VALID
2880974,158,2026-05-06 05:00:00,0,0,0,0,29,False,2026-05-06 05:01:31,,,SKIP_NO_PRIOR_VALID
2881186,158,2026-05-06 06:00:00,0,0,0,0,29,False,2026-05-06 06:01:33,,,SKIP_NO_PRIOR_VALID
2881407,158,2026-05-06 07:00:00,0,0,0,0,29,False,2026-05-06 07:01:33,,,SKIP_NO_PRIOR_VALID
2881626,158,2026-05-06 08:00:00,0,0,0,0,29,False,2026-05-06 08:01:34,,,SKIP_NO_PRIOR_VALID
2881842,158,2026-05-06 09:00:00,0,0,0,0,29,False,2026-05-06 09:01:33,,,SKIP_NO_PRIOR_VALID
2882051,158,2026-05-06 10:00:00,0,0,0,0,29,False,2026-05-06 10:01:35,,,SKIP_NO_PRIOR_VALID
2882271,158,2026-05-06 11:00:00,0,0,0,0,29,False,2026-05-06 11:01:32,,,SKIP_NO_PRIOR_VALID
2882487,158,2026-05-06 12:00:00,0,0,0,0,29,False,2026-05-06 12:01:37,,,SKIP_NO_PRIOR_VALID
2882700,158,2026-05-06 13:00:00,0,0,0,0,30,False,2026-05-06 13:01:35,,,SKIP_NO_PRIOR_VALID
2882915,158,2026-05-06 14:00:00,0,0,0,0,30,False,2026-05-06 14:01:34,,,SKIP_NO_PRIOR_VALID
2883136,158,2026-05-06 15:00:00,0,0,0,0,30,False,2026-05-06 15:01:36,,,SKIP_NO_PRIOR_VALID
2883354,158,2026-05-06 16:00:00,0,0,0,0,30,False,2026-05-06 16:01:37,,,SKIP_NO_PRIOR_VALID
2883578,158,2026-05-06 17:00:00,0,0,0,0,30,False,2026-05-06 17:01:35,,,SKIP_NO_PRIOR_VALID
2883794,158,2026-05-06 18:00:00,0,0,0,0,30,False,2026-05-06 18:01:35,,,SKIP_NO_PRIOR_VALID
2884009,158,2026-05-06 19:00:00,0,0,0,0,30,False,2026-05-06 19:01:34,,,SKIP_NO_PRIOR_VALID
2884225,158,2026-05-06 20:00:00,0,0,0,0,30,False,2026-05-06 20:01:36,,,SKIP_NO_PRIOR_VALID
2884447,158,2026-05-06 21:00:00,0,0,0,0,30,False,2026-05-06 21:01:33,,,SKIP_NO_PRIOR_VALID
2884666,158,2026-05-06 22:00:00,0,0,0,0,30,False,2026-05-06 22:01:38,,,SKIP_NO_PRIOR_VALID
2884875,158,2026-05-06 23:00:00,0,0,0,0,30,False,2026-05-06 23:01:33,,,SKIP_NO_PRIOR_VALID
2885093,158,2026-05-07 00:00:00,0,0,0,0,30,False,2026-05-07 00:01:44,,,SKIP_NO_PRIOR_VALID
2885306,158,2026-05-07 01:00:00,0,0,0,0,30,False,2026-05-07 01:01:36,,,SKIP_NO_PRIOR_VALID
2885526,158,2026-05-07 02:00:00,0,0,0,0,30,False,2026-05-07 02:01:35,,,SKIP_NO_PRIOR_VALID
2885750,158,2026-05-07 03:00:00,0,0,0,0,30,False,2026-05-07 03:01:34,,,SKIP_NO_PRIOR_VALID
2885968,158,2026-05-07 04:00:00,0,0,0,0,30,False,2026-05-07 04:01:35,,,SKIP_NO_PRIOR_VALID
2886185,158,2026-05-07 05:00:00,0,0,0,0,30,False,2026-05-07 05:01:34,,,SKIP_NO_PRIOR_VALID
2886402,158,2026-05-07 06:00:00,0,0,0,0,30,False,2026-05-07 06:01:34,,,SKIP_NO_PRIOR_VALID
2886610,158,2026-05-07 07:00:00,0,0,0,0,30,False,2026-05-07 07:01:35,,,SKIP_NO_PRIOR_VALID
2886836,158,2026-05-07 08:00:00,0,0,0,0,30,False,2026-05-07 08:01:34,,,SKIP_NO_PRIOR_VALID
2887053,158,2026-05-07 09:00:00,0,0,0,0,30,False,2026-05-07 09:01:34,,,SKIP_NO_PRIOR_VALID
2887261,158,2026-05-07 10:00:00,0,0,0,0,30,False,2026-05-07 10:01:33,,,SKIP_NO_PRIOR_VALID
2887479,158,2026-05-07 11:00:00,0,0,0,0,30,False,2026-05-07 11:01:34,,,SKIP_NO_PRIOR_VALID
2887701,158,2026-05-07 12:00:00,0,0,0,0,30,False,2026-05-07 12:01:35,,,SKIP_NO_PRIOR_VALID
2887921,158,2026-05-07 13:00:00,0,0,0,0,31,False,2026-05-07 13:01:35,,,SKIP_NO_PRIOR_VALID
2888138,158,2026-05-07 14:00:00,0,0,0,0,31,False,2026-05-07 14:01:38,,,SKIP_NO_PRIOR_VALID
2888355,158,2026-05-07 15:00:00,0,0,0,0,31,False,2026-05-07 15:01:37,,,SKIP_NO_PRIOR_VALID
2888572,158,2026-05-07 16:00:00,0,0,0,0,31,False,2026-05-07 16:01:38,,,SKIP_NO_PRIOR_VALID
2888789,158,2026-05-07 17:00:00,0,0,0,0,31,False,2026-05-07 17:01:36,,,SKIP_NO_PRIOR_VALID
2889006,158,2026-05-07 18:00:00,0,0,0,0,31,False,2026-05-07 18:01:37,,,SKIP_NO_PRIOR_VALID
2889223,158,2026-05-07 19:00:00,0,0,0,0,31,False,2026-05-07 19:01:36,,,SKIP_NO_PRIOR_VALID
2889439,158,2026-05-07 20:00:00,0,0,0,0,31,False,2026-05-07 20:01:37,,,SKIP_NO_PRIOR_VALID
2889709,158,2026-05-07 21:00:00,0,0,0,0,31,False,2026-05-07 21:01:35,,,SKIP_NO_PRIOR_VALID
2889982,158,2026-05-07 22:00:00,0,0,0,0,31,False,2026-05-07 22:01:37,,,SKIP_NO_PRIOR_VALID
2890253,158,2026-05-07 23:00:00,0,0,0,0,31,False,2026-05-07 23:01:35,,,SKIP_NO_PRIOR_VALID
2890528,158,2026-05-08 00:00:00,0,0,0,0,31,False,2026-05-08 00:01:42,,,SKIP_NO_PRIOR_VALID
2890809,158,2026-05-08 01:00:00,0,0,0,0,31,False,2026-05-08 01:01:43,,,SKIP_NO_PRIOR_VALID
2891089,158,2026-05-08 02:00:00,0,0,0,0,31,False,2026-05-08 02:01:37,,,SKIP_NO_PRIOR_VALID
2891370,158,2026-05-08 03:00:00,0,0,0,0,31,False,2026-05-08 03:01:35,,,SKIP_NO_PRIOR_VALID
2891644,158,2026-05-08 04:00:00,0,0,0,0,31,False,2026-05-08 04:01:35,,,SKIP_NO_PRIOR_VALID
2891913,158,2026-05-08 05:00:00,0,0,0,0,31,False,2026-05-08 05:01:34,,,SKIP_NO_PRIOR_VALID
2892176,158,2026-05-08 06:00:00,0,0,0,0,0,False,2026-05-08 06:01:38,,,SKIP_NO_PRIOR_VALID
2892479,158,2026-05-08 07:00:00,0,0,0,0,0,False,2026-05-08 07:01:36,,,SKIP_NO_PRIOR_VALID
2892756,158,2026-05-08 08:00:00,0,0,0,0,0,False,2026-05-08 08:01:35,,,SKIP_NO_PRIOR_VALID
2893029,158,2026-05-08 09:00:00,0,0,0,0,0,False,2026-05-08 09:01:34,,,SKIP_NO_PRIOR_VALID
2893310,158,2026-05-08 10:00:00,0,0,0,0,0,False,2026-05-08 10:01:34,,,SKIP_NO_PRIOR_VALID
2893587,158,2026-05-08 11:00:00,0,0,0,0,0,False,2026-05-08 11:01:33,,,SKIP_NO_PRIOR_VALID
2893855,158,2026-05-08 12:00:00,0,0,0,0,0,False,2026-05-08 12:01:35,,,SKIP_NO_PRIOR_VALID
2894128,158,2026-05-08 13:00:00,0,0,0,0,0,False,2026-05-08 13:01:36,,,SKIP_NO_PRIOR_VALID
2894408,158,2026-05-08 14:00:00,0,0,0,0,0,False,2026-05-08 14:01:36,,,SKIP_NO_PRIOR_VALID
2894695,158,2026-05-08 15:00:00,0,0,0,0,0,False,2026-05-08 15:01:38,,,SKIP_NO_PRIOR_VALID
2894966,158,2026-05-08 16:00:00,0,0,0,0,0,False,2026-05-08 16:01:42,,,SKIP_NO_PRIOR_VALID
2895249,158,2026-05-08 17:00:00,0,0,0,0,0,False,2026-05-08 17:01:36,,,SKIP_NO_PRIOR_VALID
2895526,158,2026-05-08 18:00:00,0,0,0,0,0,False,2026-05-08 18:01:37,,,SKIP_NO_PRIOR_VALID
2895779,158,2026-05-08 19:00:00,0,0,0,0,0,False,2026-05-08 19:01:37,,,SKIP_NO_PRIOR_VALID
2896069,158,2026-05-08 20:00:00,0,0,0,0,0,False,2026-05-08 20:01:35,,,SKIP_NO_PRIOR_VALID
2896348,158,2026-05-08 21:00:00,0,0,0,0,0,False,2026-05-08 21:01:34,,,SKIP_NO_PRIOR_VALID
2896634,158,2026-05-08 22:00:00,0,0,0,0,0,False,2026-05-08 22:01:35,,,SKIP_NO_PRIOR_VALID
2896911,158,2026-05-08 23:00:00,0,0,0,0,0,False,2026-05-08 23:01:43,,,SKIP_NO_PRIOR_VALID
2897188,158,2026-05-09 00:00:00,0,0,0,0,0,False,2026-05-09 00:01:46,,,SKIP_NO_PRIOR_VALID
2897457,158,2026-05-09 01:00:00,0,0,0,0,0,False,2026-05-09 01:01:39,,,SKIP_NO_PRIOR_VALID
2897732,158,2026-05-09 02:00:00,0,0,0,0,0,False,2026-05-09 02:01:35,,,SKIP_NO_PRIOR_VALID
2898017,158,2026-05-09 03:00:00,0,0,0,0,0,False,2026-05-09 03:01:36,,,SKIP_NO_PRIOR_VALID
2898286,158,2026-05-09 04:00:00,0,0,0,0,0,False,2026-05-09 04:01:37,,,SKIP_NO_PRIOR_VALID
2898568,158,2026-05-09 05:00:00,0,0,0,0,0,False,2026-05-09 05:01:39,,,SKIP_NO_PRIOR_VALID
2898842,158,2026-05-09 06:00:00,0,0,0,0,0,False,2026-05-09 06:01:35,,,SKIP_NO_PRIOR_VALID
2899122,158,2026-05-09 07:00:00,0,0,0,0,0,False,2026-05-09 07:01:37,,,SKIP_NO_PRIOR_VALID
2899403,158,2026-05-09 08:00:00,0,0,0,0,0,False,2026-05-09 08:01:36,,,SKIP_NO_PRIOR_VALID
2899673,158,2026-05-09 09:00:00,0,0,0,0,0,False,2026-05-09 09:01:34,,,SKIP_NO_PRIOR_VALID
2899950,158,2026-05-09 10:00:00,0,0,0,0,0,False,2026-05-09 10:01:35,,,SKIP_NO_PRIOR_VALID
2900218,158,2026-05-09 11:00:00,0,0,0,0,0,False,2026-05-09 11:01:34,,,SKIP_NO_PRIOR_VALID
2900492,158,2026-05-09 12:00:00,0,0,0,0,0,False,2026-05-09 12:01:38,,,SKIP_NO_PRIOR_VALID
2900750,158,2026-05-09 13:00:00,0,0,0,0,0,False,2026-05-09 13:01:35,,,SKIP_NO_PRIOR_VALID
2901025,158,2026-05-09 14:00:00,0,0,0,0,0,False,2026-05-09 14:01:34,,,SKIP_NO_PRIOR_VALID
2901339,158,2026-05-09 15:00:00,0,0,0,0,0,False,2026-05-09 15:01:34,,,SKIP_NO_PRIOR_VALID
2901615,158,2026-05-09 16:00:00,0,0,0,0,0,False,2026-05-09 16:01:35,,,SKIP_NO_PRIOR_VALID
2901897,158,2026-05-09 17:00:00,0,0,0,0,0,False,2026-05-09 17:01:35,,,SKIP_NO_PRIOR_VALID
2902174,158,2026-05-09 18:00:00,0,0,0,0,0,False,2026-05-09 18:01:35,,,SKIP_NO_PRIOR_VALID
2902451,158,2026-05-09 19:00:00,0,0,0,0,0,False,2026-05-09 19:01:34,,,SKIP_NO_PRIOR_VALID
2902727,158,2026-05-09 20:00:00,0,0,0,0,0,False,2026-05-09 20:01:33,,,SKIP_NO_PRIOR_VALID
2902999,158,2026-05-09 21:00:00,0,0,0,0,0,False,2026-05-09 21:01:34,,,SKIP_NO_PRIOR_VALID
2903279,158,2026-05-09 22:00:00,0,0,0,0,0,False,2026-05-09 22:01:34,,,SKIP_NO_PRIOR_VALID
2903559,158,2026-05-09 23:00:00,0,0,0,0,0,False,2026-05-09 23:01:34,,,SKIP_NO_PRIOR_VALID
2903836,158,2026-05-10 00:00:00,0,0,0,0,0,False,2026-05-10 00:01:46,,,SKIP_NO_PRIOR_VALID
2904103,158,2026-05-10 01:00:00,0,0,0,0,0,False,2026-05-10 01:01:37,,,SKIP_NO_PRIOR_VALID
2904381,158,2026-05-10 02:00:00,0,0,0,0,0,False,2026-05-10 02:01:34,,,SKIP_NO_PRIOR_VALID
2904625,158,2026-05-10 03:00:00,0,0,0,0,0,False,2026-05-10 03:01:35,,,SKIP_NO_PRIOR_VALID
2904918,158,2026-05-10 04:00:00,0,0,0,0,0,False,2026-05-10 04:01:35,,,SKIP_NO_PRIOR_VALID
2905179,158,2026-05-10 05:00:00,0,0,0,0,0,False,2026-05-10 05:01:34,,,SKIP_NO_PRIOR_VALID
2905488,158,2026-05-10 06:00:00,0,0,0,0,0,False,2026-05-10 06:01:34,,,SKIP_NO_PRIOR_VALID
2905732,158,2026-05-10 07:00:00,0,0,0,0,0,False,2026-05-10 07:01:34,,,SKIP_NO_PRIOR_VALID
2906052,158,2026-05-10 08:00:00,0,0,0,0,0,False,2026-05-10 08:01:36,,,SKIP_NO_PRIOR_VALID
2906325,158,2026-05-10 09:00:00,0,0,0,0,0,False,2026-05-10 09:01:34,,,SKIP_NO_PRIOR_VALID
2906595,158,2026-05-10 10:00:00,0,0,0,0,0,False,2026-05-10 10:01:34,,,SKIP_NO_PRIOR_VALID
2906872,158,2026-05-10 11:00:00,0,0,0,0,0,False,2026-05-10 11:01:33,,,SKIP_NO_PRIOR_VALID
2907153,158,2026-05-10 12:00:00,0,0,0,0,0,False,2026-05-10 12:01:36,,,SKIP_NO_PRIOR_VALID
2907430,158,2026-05-10 13:00:00,0,0,0,0,0,False,2026-05-10 13:01:37,,,SKIP_NO_PRIOR_VALID
2907706,158,2026-05-10 14:00:00,0,0,0,0,0,False,2026-05-10 14:01:34,,,SKIP_NO_PRIOR_VALID
2907980,158,2026-05-10 15:00:00,0,0,0,0,0,False,2026-05-10 15:01:35,,,SKIP_NO_PRIOR_VALID
2908254,158,2026-05-10 16:00:00,0,0,0,0,0,False,2026-05-10 16:01:36,,,SKIP_NO_PRIOR_VALID
2908535,158,2026-05-10 17:00:00,0,0,0,0,0,False,2026-05-10 17:01:36,,,SKIP_NO_PRIOR_VALID
2908812,158,2026-05-10 18:00:00,0,0,0,0,0,False,2026-05-10 18:01:38,,,SKIP_NO_PRIOR_VALID
2909088,158,2026-05-10 19:00:00,0,0,0,0,0,False,2026-05-10 19:01:35,,,SKIP_NO_PRIOR_VALID
2909342,158,2026-05-10 20:00:00,0,0,0,0,0,False,2026-05-10 20:01:34,,,SKIP_NO_PRIOR_VALID
2909609,158,2026-05-10 21:00:00,0,0,0,0,0,False,2026-05-10 21:01:33,,,SKIP_NO_PRIOR_VALID
2909926,158,2026-05-10 22:00:00,0,0,0,0,0,False,2026-05-10 22:01:34,,,SKIP_NO_PRIOR_VALID
2910207,158,2026-05-10 23:00:00,0,0,0,0,0,False,2026-05-10 23:01:35,,,SKIP_NO_PRIOR_VALID
2910473,158,2026-05-11 00:00:00,0,0,0,0,0,False,2026-05-11 00:01:42,,,SKIP_NO_PRIOR_VALID
2910758,158,2026-05-11 01:00:00,0,0,0,0,0,False,2026-05-11 01:01:37,,,SKIP_NO_PRIOR_VALID
2911027,158,2026-05-11 02:00:00,0,0,0,0,0,False,2026-05-11 02:01:34,,,SKIP_NO_PRIOR_VALID
2911309,158,2026-05-11 03:00:00,0,0,0,0,0,False,2026-05-11 03:01:36,,,SKIP_NO_PRIOR_VALID
2911579,158,2026-05-11 04:00:00,0,0,0,0,0,False,2026-05-11 04:01:34,,,SKIP_NO_PRIOR_VALID
2911860,158,2026-05-11 05:00:00,0,0,0,0,0,False,2026-05-11 05:01:35,,,SKIP_NO_PRIOR_VALID
2912137,158,2026-05-11 06:00:00,0,0,0,0,0,False,2026-05-11 06:01:37,,,SKIP_NO_PRIOR_VALID
2912416,158,2026-05-11 07:00:00,0,0,0,0,0,False,2026-05-11 07:01:38,,,SKIP_NO_PRIOR_VALID
2912691,158,2026-05-11 08:00:00,0,0,0,0,0,False,2026-05-11 08:01:37,,,SKIP_NO_PRIOR_VALID
2912972,158,2026-05-11 09:00:00,0,0,0,0,0,False,2026-05-11 09:01:35,,,SKIP_NO_PRIOR_VALID
2913243,158,2026-05-11 10:00:00,0,0,0,0,0,False,2026-05-11 10:01:36,,,SKIP_NO_PRIOR_VALID
2913519,158,2026-05-11 11:00:00,0,0,0,0,0,False,2026-05-11 11:01:34,,,SKIP_NO_PRIOR_VALID
2913798,158,2026-05-11 12:00:00,0,0,0,0,0,False,2026-05-11 12:01:39,,,SKIP_NO_PRIOR_VALID
2914074,158,2026-05-11 13:00:00,0,0,0,0,0,False,2026-05-11 13:01:39,,,SKIP_NO_PRIOR_VALID
2914320,158,2026-05-11 14:00:00,0,0,0,0,0,False,2026-05-11 14:01:37,,,SKIP_NO_PRIOR_VALID
2914634,158,2026-05-11 15:00:00,0,0,0,0,0,False,2026-05-11 15:01:37,,,SKIP_NO_PRIOR_VALID
2914879,158,2026-05-11 16:00:00,0,0,0,0,0,False,2026-05-11 16:01:36,,,SKIP_NO_PRIOR_VALID
2915183,158,2026-05-11 17:00:00,0,0,0,0,0,False,2026-05-11 17:01:39,,,SKIP_NO_PRIOR_VALID
2915462,158,2026-05-11 18:00:00,0,0,0,0,0,False,2026-05-11 18:01:38,,,SKIP_NO_PRIOR_VALID
2915737,158,2026-05-11 19:00:00,0,0,0,0,0,False,2026-05-11 19:01:36,,,SKIP_NO_PRIOR_VALID
2916009,158,2026-05-11 20:00:00,0,0,0,0,0,False,2026-05-11 20:01:36,,,SKIP_NO_PRIOR_VALID
2916286,158,2026-05-11 21:00:00,0,0,0,0,0,False,2026-05-11 21:01:36,,,SKIP_NO_PRIOR_VALID
2916566,158,2026-05-11 22:00:00,0,0,0,0,0,False,2026-05-11 22:01:34,,,SKIP_NO_PRIOR_VALID
2916840,158,2026-05-11 23:00:00,0,0,0,0,0,False,2026-05-11 23:01:33,,,SKIP_NO_PRIOR_VALID
2917112,158,2026-05-12 00:00:00,0,0,0,0,0,False,2026-05-12 00:01:41,,,SKIP_NO_PRIOR_VALID
2917390,158,2026-05-12 01:00:00,0,0,0,0,0,False,2026-05-12 01:01:36,,,SKIP_NO_PRIOR_VALID
2917661,158,2026-05-12 02:00:00,0,0,0,0,0,False,2026-05-12 02:01:34,,,SKIP_NO_PRIOR_VALID
2917947,158,2026-05-12 03:00:00,0,0,0,0,0,False,2026-05-12 03:01:35,,,SKIP_NO_PRIOR_VALID
2918226,158,2026-05-12 04:00:00,0,0,0,0,0,False,2026-05-12 04:01:34,,,SKIP_NO_PRIOR_VALID
2918491,158,2026-05-12 05:00:00,0,0,0,0,0,False,2026-05-12 05:01:34,,,SKIP_NO_PRIOR_VALID
2918767,158,2026-05-12 06:00:00,0,0,0,0,0,False,2026-05-12 06:01:35,,,SKIP_NO_PRIOR_VALID
2919013,158,2026-05-12 07:00:00,0,0,0,0,0,False,2026-05-12 07:01:34,,,SKIP_NO_PRIOR_VALID
2919330,158,2026-05-12 08:00:00,0,0,0,0,0,False,2026-05-12 08:01:35,,,SKIP_NO_PRIOR_VALID
2919598,158,2026-05-12 09:00:00,0,0,0,0,0,False,2026-05-12 09:01:33,,,SKIP_NO_PRIOR_VALID
2919878,158,2026-05-12 10:00:00,0,0,0,0,0,False,2026-05-12 10:01:35,,,SKIP_NO_PRIOR_VALID
2920146,158,2026-05-12 11:00:00,0,0,0,0,0,False,2026-05-12 11:01:34,,,SKIP_NO_PRIOR_VALID
2920427,158,2026-05-12 12:00:00,0,0,0,0,0,False,2026-05-12 12:01:38,,,SKIP_NO_PRIOR_VALID
2920701,158,2026-05-12 13:00:00,0,0,0,0,0,False,2026-05-12 13:01:38,,,SKIP_NO_PRIOR_VALID
2920981,158,2026-05-12 14:00:00,0,0,0,0,0,False,2026-05-12 14:01:35,,,SKIP_NO_PRIOR_VALID
2921255,158,2026-05-12 15:00:00,0,0,0,0,0,False,2026-05-12 15:01:34,,,SKIP_NO_PRIOR_VALID
2921531,158,2026-05-12 16:00:00,0,0,0,0,0,False,2026-05-12 16:01:36,,,SKIP_NO_PRIOR_VALID
2921801,158,2026-05-12 17:00:00,0,0,0,0,0,False,2026-05-12 17:01:36,,,SKIP_NO_PRIOR_VALID
2922067,158,2026-05-12 18:00:00,0,0,0,0,0,False,2026-05-12 18:01:38,,,SKIP_NO_PRIOR_VALID
2923338,158,2026-05-12 19:00:00,0,0,0,0,0,False,2026-05-12 19:01:38,,,SKIP_NO_PRIOR_VALID
2923613,158,2026-05-12 20:00:00,0,0,0,0,0,False,2026-05-12 20:01:36,,,SKIP_NO_PRIOR_VALID
2923883,158,2026-05-12 21:00:00,0,0,0,0,0,False,2026-05-12 21:01:35,,,SKIP_NO_PRIOR_VALID
2924151,158,2026-05-12 22:00:00,0,0,0,0,0,False,2026-05-12 22:01:36,,,SKIP_NO_PRIOR_VALID
2924417,158,2026-05-12 23:00:00,0,0,0,0,0,False,2026-05-12 23:01:36,,,SKIP_NO_PRIOR_VALID
2924691,158,2026-05-13 00:00:00,0,0,0,0,0,False,2026-05-13 00:01:46,,,SKIP_NO_PRIOR_VALID
2924953,158,2026-05-13 01:00:00,0,0,0,0,0,False,2026-05-13 01:01:40,,,SKIP_NO_PRIOR_VALID
2925232,158,2026-05-13 02:00:00,0,0,0,0,0,False,2026-05-13 02:01:35,,,SKIP_NO_PRIOR_VALID
2925495,158,2026-05-13 03:00:00,0,0,0,0,0,False,2026-05-13 03:01:35,,,SKIP_NO_PRIOR_VALID
2925770,158,2026-05-13 04:00:00,0,0,0,0,0,False,2026-05-13 04:01:35,,,SKIP_NO_PRIOR_VALID
2926037,158,2026-05-13 05:00:00,0,0,0,0,0,False,2026-05-13 05:01:34,,,SKIP_NO_PRIOR_VALID
2926313,158,2026-05-13 06:00:00,0,0,0,0,0,False,2026-05-13 06:01:36,,,SKIP_NO_PRIOR_VALID
2926583,158,2026-05-13 07:00:00,0,0,0,0,0,False,2026-05-13 07:01:36,,,SKIP_NO_PRIOR_VALID
2926850,158,2026-05-13 08:00:00,0,0,0,0,0,False,2026-05-13 08:01:35,,,SKIP_NO_PRIOR_VALID
2927122,158,2026-05-13 09:00:00,0,0,0,0,0,False,2026-05-13 09:01:36,,,SKIP_NO_PRIOR_VALID
2927389,158,2026-05-13 10:00:00,0,0,0,0,0,False,2026-05-13 10:01:37,,,SKIP_NO_PRIOR_VALID
2927660,158,2026-05-13 11:00:00,0,0,0,0,0,False,2026-05-13 11:01:34,,,SKIP_NO_PRIOR_VALID
2927929,158,2026-05-13 12:00:00,0,0,0,0,0,False,2026-05-13 12:01:39,,,SKIP_NO_PRIOR_VALID
2928196,158,2026-05-13 13:00:00,0,0,0,0,0,False,2026-05-13 13:01:39,,,SKIP_NO_PRIOR_VALID
2928473,158,2026-05-13 14:00:00,0,0,0,0,0,False,2026-05-13 14:01:41,,,SKIP_NO_PRIOR_VALID
2928742,158,2026-05-13 15:00:00,0,0,0,0,0,False,2026-05-13 15:01:43,,,SKIP_NO_PRIOR_VALID
2929008,158,2026-05-13 16:00:00,0,0,0,0,0,False,2026-05-13 16:01:37,,,SKIP_NO_PRIOR_VALID
2929272,158,2026-05-13 17:00:00,0,0,0,0,0,False,2026-05-13 17:01:36,,,SKIP_NO_PRIOR_VALID
2929537,158,2026-05-13 18:00:00,0,0,0,0,0,False,2026-05-13 18:01:36,,,SKIP_NO_PRIOR_VALID
2929810,158,2026-05-13 19:00:00,0,0,0,0,0,False,2026-05-13 19:01:41,,,SKIP_NO_PRIOR_VALID
2930077,158,2026-05-13 20:00:00,0,0,0,0,0,False,2026-05-13 20:01:38,,,SKIP_NO_PRIOR_VALID
2930338,158,2026-05-13 21:00:00,0,0,0,0,0,False,2026-05-13 21:01:35,,,SKIP_NO_PRIOR_VALID
2930777,158,2026-05-14 04:00:00,0,0,0,0,0,False,2026-05-14 04:02:43,,,SKIP_NO_PRIOR_VALID
2931061,158,2026-05-14 05:00:00,0,0,0,0,0,False,2026-05-14 05:01:36,,,SKIP_NO_PRIOR_VALID
2931325,158,2026-05-14 06:00:00,0,0,0,0,0,False,2026-05-14 06:01:35,,,SKIP_NO_PRIOR_VALID
2931597,158,2026-05-14 07:00:00,0,0,0,0,0,False,2026-05-14 07:01:36,,,SKIP_NO_PRIOR_VALID
2931841,158,2026-05-14 08:00:00,0,0,0,0,0,False,2026-05-14 08:01:36,,,SKIP_NO_PRIOR_VALID
2932129,158,2026-05-14 09:00:00,0,0,0,0,0,True,2026-05-14 09:01:35,,,SKIP_NO_PRIOR_VALID
2932408,158,2026-05-14 10:00:00,0,0,0,0,0,False,2026-05-14 10:01:37,,,SKIP_NO_PRIOR_VALID
2932644,158,2026-05-14 11:00:00,0,0,0,0,0,False,2026-05-14 11:01:34,,,SKIP_NO_PRIOR_VALID
2932941,158,2026-05-14 12:00:00,0,0,0,0,0,False,2026-05-14 12:01:41,,,SKIP_NO_PRIOR_VALID
2933215,158,2026-05-14 13:00:00,0,0,0,0,0,False,2026-05-14 13:01:38,,,SKIP_NO_PRIOR_VALID
2933480,158,2026-05-14 14:00:00,0,0,0,0,0,False,2026-05-14 14:01:37,,,SKIP_NO_PRIOR_VALID
2933746,158,2026-05-14 15:00:00,0,0,0,0,0,False,2026-05-14 15:01:40,,,SKIP_NO_PRIOR_VALID
2934013,158,2026-05-14 16:00:00,0,0,0,0,0,False,2026-05-14 16:01:36,,,SKIP_NO_PRIOR_VALID
2934289,158,2026-05-14 17:00:00,0,0,0,0,0,False,2026-05-14 17:01:38,,,SKIP_NO_PRIOR_VALID
2934555,158,2026-05-14 18:00:00,0,0,0,0,0,False,2026-05-14 18:01:38,,,SKIP_NO_PRIOR_VALID
2934822,158,2026-05-14 19:00:00,0,0,0,0,0,False,2026-05-14 19:01:37,,,SKIP_NO_PRIOR_VALID
2935059,158,2026-05-14 20:00:00,0,0,0,0,0,False,2026-05-14 20:01:37,,,SKIP_NO_PRIOR_VALID
2935348,158,2026-05-14 21:00:00,0,0,0,0,0,False,2026-05-14 21:01:38,,,SKIP_NO_PRIOR_VALID
2935631,158,2026-05-14 22:00:00,0,0,0,0,0,False,2026-05-14 22:01:32,,,SKIP_NO_PRIOR_VALID
2935894,158,2026-05-14 23:00:00,0,0,0,0,0,False,2026-05-14 23:01:32,,,SKIP_NO_PRIOR_VALID
2936168,158,2026-05-15 00:00:00,0,0,0,0,0,False,2026-05-15 00:01:41,,,SKIP_NO_PRIOR_VALID
2936420,158,2026-05-15 01:00:00,0,0,0,0,0,False,2026-05-15 01:01:34,,,SKIP_NO_PRIOR_VALID
2936702,158,2026-05-15 02:00:00,0,0,0,0,1,False,2026-05-15 02:01:34,,,SKIP_NO_PRIOR_VALID
2936963,158,2026-05-15 03:00:00,0,0,0,0,1,False,2026-05-15 03:01:34,,,SKIP_NO_PRIOR_VALID
2937248,158,2026-05-15 04:00:00,0,0,0,0,1,False,2026-05-15 04:01:33,,,SKIP_NO_PRIOR_VALID
2937510,158,2026-05-15 05:00:00,0,0,0,0,1,False,2026-05-15 05:01:32,,,SKIP_NO_PRIOR_VALID
2937786,158,2026-05-15 06:00:00,0,0,0,0,1,False,2026-05-15 06:01:33,,,SKIP_NO_PRIOR_VALID
2938054,158,2026-05-15 07:00:00,0,0,0,0,1,False,2026-05-15 07:01:33,,,SKIP_NO_PRIOR_VALID
2938319,158,2026-05-15 08:00:00,0,0,0,0,1,False,2026-05-15 08:01:30,,,SKIP_NO_PRIOR_VALID
2938590,158,2026-05-15 09:00:00,0,0,0,0,1,False,2026-05-15 09:01:36,,,SKIP_NO_PRIOR_VALID
2938854,158,2026-05-15 10:00:00,0,0,0,0,1,False,2026-05-15 10:01:35,,,SKIP_NO_PRIOR_VALID
2939126,158,2026-05-15 11:00:00,0,0,0,0,1,False,2026-05-15 11:01:32,,,SKIP_NO_PRIOR_VALID
2939397,158,2026-05-15 12:00:00,0,0,0,0,1,False,2026-05-15 12:01:35,,,SKIP_NO_PRIOR_VALID
2939664,158,2026-05-15 13:00:00,0,0,0,0,1,False,2026-05-15 13:01:35,,,SKIP_NO_PRIOR_VALID
2939929,158,2026-05-15 14:00:00,0,0,0,0,1,False,2026-05-15 14:01:38,,,SKIP_NO_PRIOR_VALID
2940200,158,2026-05-15 15:00:00,0,0,0,0,1,False,2026-05-15 15:01:38,,,SKIP_NO_PRIOR_VALID
2940472,158,2026-05-15 16:00:00,0,0,0,0,1,False,2026-05-15 16:01:41,,,SKIP_NO_PRIOR_VALID
2940740,158,2026-05-15 17:00:00,0,0,0,0,1,False,2026-05-15 17:01:42,,,SKIP_NO_PRIOR_VALID
2941005,158,2026-05-15 18:00:00,0,0,0,0,1,False,2026-05-15 18:01:39,,,SKIP_NO_PRIOR_VALID
2941279,158,2026-05-15 19:00:00,0,0,0,0,0,False,2026-05-15 19:04:15,,,SKIP_NO_PRIOR_VALID
2941548,158,2026-05-15 20:00:00,0,0,0,0,0,False,2026-05-15 20:04:12,,,SKIP_NO_PRIOR_VALID
2941817,158,2026-05-15 21:00:00,0,0,0,0,0,False,2026-05-15 21:04:12,,,SKIP_NO_PRIOR_VALID
2942086,158,2026-05-15 22:00:00,0,0,0,0,0,False,2026-05-15 22:04:09,,,SKIP_NO_PRIOR_VALID
2942355,158,2026-05-15 23:00:00,0,0,0,0,0,False,2026-05-15 23:04:13,,,SKIP_NO_PRIOR_VALID
2942624,158,2026-05-16 00:00:00,0,0,0,0,0,False,2026-05-16 00:04:21,,,SKIP_NO_PRIOR_VALID
2942893,158,2026-05-16 01:00:00,0,0,0,0,0,False,2026-05-16 01:04:14,,,SKIP_NO_PRIOR_VALID
2943162,158,2026-05-16 02:00:00,0,0,0,0,0,False,2026-05-16 02:04:15,,,SKIP_NO_PRIOR_VALID
2943418,158,2026-05-16 03:00:00,0,0,0,0,2,False,2026-05-16 03:01:38,,,SKIP_NO_PRIOR_VALID
2943925,158,2026-05-16 05:00:00,0,0,0,0,2,False,2026-05-16 05:01:34,,,SKIP_NO_PRIOR_VALID
2944191,158,2026-05-16 06:00:00,0,0,0,0,2,False,2026-05-16 06:01:34,,,SKIP_NO_PRIOR_VALID
2944463,158,2026-05-16 07:00:00,0,0,0,0,2,False,2026-05-16 07:01:33,,,SKIP_NO_PRIOR_VALID
2944732,158,2026-05-16 08:00:00,0,0,0,0,2,False,2026-05-16 08:01:34,,,SKIP_NO_PRIOR_VALID
2945001,158,2026-05-16 09:00:00,0,0,0,0,2,False,2026-05-16 09:01:32,,,SKIP_NO_PRIOR_VALID
2945268,158,2026-05-16 10:00:00,0,0,0,0,2,False,2026-05-16 10:01:34,,,SKIP_NO_PRIOR_VALID
2945535,158,2026-05-16 11:00:00,0,0,0,0,2,False,2026-05-16 11:01:32,,,SKIP_NO_PRIOR_VALID
2945805,158,2026-05-16 12:00:00,0,0,0,0,2,False,2026-05-16 12:01:36,,,SKIP_NO_PRIOR_VALID
2946071,158,2026-05-16 13:00:00,0,0,0,0,2,False,2026-05-16 13:01:35,,,SKIP_NO_PRIOR_VALID
2946317,158,2026-05-16 14:00:00,0,0,0,0,2,False,2026-05-16 14:01:36,,,SKIP_NO_PRIOR_VALID
2946611,158,2026-05-16 15:00:00,0,0,0,0,2,False,2026-05-16 15:01:32,,,SKIP_NO_PRIOR_VALID
2946884,158,2026-05-16 16:00:00,0,0,0,0,2,False,2026-05-16 16:01:33,,,SKIP_NO_PRIOR_VALID
2947122,158,2026-05-16 17:00:00,0,0,0,0,2,False,2026-05-16 17:01:32,,,SKIP_NO_PRIOR_VALID
2947364,158,2026-05-16 18:00:00,0,0,0,0,2,False,2026-05-16 18:01:33,,,SKIP_NO_PRIOR_VALID
2947653,158,2026-05-16 19:00:00,0,0,0,0,2,False,2026-05-16 19:01:31,,,SKIP_NO_PRIOR_VALID
2947925,158,2026-05-16 20:00:00,0,0,0,0,2,False,2026-05-16 20:01:33,,,SKIP_NO_PRIOR_VALID
2948214,158,2026-05-16 21:00:00,0,0,0,0,2,False,2026-05-16 21:01:32,,,SKIP_NO_PRIOR_VALID
2948501,158,2026-05-16 22:00:00,0,0,0,0,2,False,2026-05-16 22:01:32,,,SKIP_NO_PRIOR_VALID
2948729,158,2026-05-16 23:00:00,0,0,0,0,0,False,2026-05-16 23:04:09,,,SKIP_NO_PRIOR_VALID
2948912,158,2026-05-17 00:00:00,0,0,0,0,2,False,2026-05-17 00:00:49,,,SKIP_NO_PRIOR_VALID
2949181,158,2026-05-17 01:00:00,0,0,0,0,2,False,2026-05-17 01:00:44,,,SKIP_NO_PRIOR_VALID
2949449,158,2026-05-17 02:00:00,0,0,0,0,3,False,2026-05-17 02:00:32,,,SKIP_NO_PRIOR_VALID
2949732,158,2026-05-17 03:00:00,0,0,0,0,3,False,2026-05-17 03:00:35,,,SKIP_NO_PRIOR_VALID
2950011,158,2026-05-17 04:00:00,0,0,0,0,3,False,2026-05-17 04:00:54,,,SKIP_NO_PRIOR_VALID
2950307,158,2026-05-17 05:00:00,0,0,0,0,0,False,2026-05-17 05:00:58,,,SKIP_NO_PRIOR_VALID
2950694,158,2026-05-17 06:00:00,0,0,0,0,0,False,2026-05-17 06:06:16,,,SKIP_NO_PRIOR_VALID
2950933,158,2026-05-17 07:00:00,0,0,0,0,0,False,2026-05-17 07:06:19,,,SKIP_NO_PRIOR_VALID
2951172,158,2026-05-17 08:00:00,0,0,0,0,0,False,2026-05-17 08:06:18,,,SKIP_NO_PRIOR_VALID
2951411,158,2026-05-17 09:00:00,0,0,0,0,0,False,2026-05-17 09:06:18,,,SKIP_NO_PRIOR_VALID
2951650,158,2026-05-17 10:00:00,0,0,0,0,0,False,2026-05-17 10:06:17,,,SKIP_NO_PRIOR_VALID
2951878,158,2026-05-17 11:00:00,0,0,0,0,0,False,2026-05-17 11:06:18,,,SKIP_NO_PRIOR_VALID
2952105,158,2026-05-17 12:00:00,0,0,0,0,0,False,2026-05-17 12:06:18,,,SKIP_NO_PRIOR_VALID
2952338,158,2026-05-17 13:00:00,0,0,0,0,0,False,2026-05-17 13:06:18,,,SKIP_NO_PRIOR_VALID
2952584,158,2026-05-17 14:00:00,0,0,0,0,0,False,2026-05-17 14:06:18,,,SKIP_NO_PRIOR_VALID
2952845,158,2026-05-17 15:00:00,0,0,0,0,0,False,2026-05-17 15:06:18,,,SKIP_NO_PRIOR_VALID
2953084,158,2026-05-17 16:00:00,0,0,0,0,0,False,2026-05-17 16:06:20,,,SKIP_NO_PRIOR_VALID
2953322,158,2026-05-17 17:00:00,0,0,0,0,0,False,2026-05-17 17:06:18,,,SKIP_NO_PRIOR_VALID
2953561,158,2026-05-17 18:00:00,0,0,0,0,0,False,2026-05-17 18:06:18,,,SKIP_NO_PRIOR_VALID
2953799,158,2026-05-17 19:00:00,0,0,0,0,0,False,2026-05-17 19:06:18,,,SKIP_NO_PRIOR_VALID
2954038,158,2026-05-17 20:00:00,0,0,0,0,0,False,2026-05-17 20:06:18,,,SKIP_NO_PRIOR_VALID
2954277,158,2026-05-17 21:00:00,0,0,0,0,0,False,2026-05-17 21:06:20,,,SKIP_NO_PRIOR_VALID
2954470,158,2026-05-17 22:00:00,0,0,0,0,0,False,2026-05-17 22:06:18,,,SKIP_NO_PRIOR_VALID
2954748,158,2026-05-17 23:00:00,0,0,0,0,0,False,2026-05-17 23:06:24,,,SKIP_NO_PRIOR_VALID
2955020,158,2026-05-18 00:00:00,0,0,0,0,0,False,2026-05-18 00:06:24,,,SKIP_NO_PRIOR_VALID
2955251,158,2026-05-18 01:00:00,0,0,0,0,0,False,2026-05-18 01:06:25,,,SKIP_NO_PRIOR_VALID
2955510,158,2026-05-18 02:00:00,0,0,0,0,0,False,2026-05-18 02:06:18,,,SKIP_NO_PRIOR_VALID
2955749,158,2026-05-18 03:00:00,0,0,0,0,0,False,2026-05-18 03:06:19,,,SKIP_NO_PRIOR_VALID
2955988,158,2026-05-18 04:00:00,0,0,0,0,0,False,2026-05-18 04:06:18,,,SKIP_NO_PRIOR_VALID
2956227,158,2026-05-18 05:00:00,0,0,0,0,0,False,2026-05-18 05:06:18,,,SKIP_NO_PRIOR_VALID
2956466,158,2026-05-18 06:00:00,0,0,0,0,0,False,2026-05-18 06:06:17,,,SKIP_NO_PRIOR_VALID
2956705,158,2026-05-18 07:00:00,0,0,0,0,0,False,2026-05-18 07:06:18,,,SKIP_NO_PRIOR_VALID
2956944,158,2026-05-18 08:00:00,0,0,0,0,0,False,2026-05-18 08:06:17,,,SKIP_NO_PRIOR_VALID
2957183,158,2026-05-18 09:00:00,0,0,0,0,0,False,2026-05-18 09:06:17,,,SKIP_NO_PRIOR_VALID
2957422,158,2026-05-18 10:00:00,0,0,0,0,0,False,2026-05-18 10:06:18,,,SKIP_NO_PRIOR_VALID
2957661,158,2026-05-18 11:00:00,0,0,0,0,0,False,2026-05-18 11:06:18,,,SKIP_NO_PRIOR_VALID
2957900,158,2026-05-18 12:00:00,0,0,0,0,0,False,2026-05-18 12:06:18,,,SKIP_NO_PRIOR_VALID
2958139,158,2026-05-18 13:00:00,0,0,0,0,0,False,2026-05-18 13:06:18,,,SKIP_NO_PRIOR_VALID
2958378,158,2026-05-18 14:00:00,0,0,0,0,0,False,2026-05-18 14:06:18,,,SKIP_NO_PRIOR_VALID
2958636,158,2026-05-18 15:00:00,0,0,0,0,0,False,2026-05-18 15:06:31,,,SKIP_NO_PRIOR_VALID
2941274,159,2026-05-15 19:00:00,0,184083,0,0,0,False,2026-05-15 19:03:38,184083,2026-05-15 18:00:00,SKIP_ALREADY_OK
2941543,159,2026-05-15 20:00:00,0,0,0,0,0,False,2026-05-15 20:03:36,184083,2026-05-15 18:00:00,CORRECT_TO_184083
2941812,159,2026-05-15 21:00:00,0,0,0,0,0,False,2026-05-15 21:03:35,184083,2026-05-15 18:00:00,CORRECT_TO_184083
2942081,159,2026-05-15 22:00:00,0,0,0,0,0,False,2026-05-15 22:03:32,184083,2026-05-15 18:00:00,CORRECT_TO_184083
2942350,159,2026-05-15 23:00:00,0,0,0,0,0,False,2026-05-15 23:03:36,184083,2026-05-15 18:00:00,CORRECT_TO_184083
2942619,159,2026-05-16 00:00:00,0,0,0,0,0,False,2026-05-16 00:03:44,184083,2026-05-15 18:00:00,CORRECT_TO_184083
2942878,159,2026-05-16 01:00:00,0,0,0,0,0,False,2026-05-16 01:03:38,184083,2026-05-15 18:00:00,CORRECT_TO_184083
2943157,159,2026-05-16 02:00:00,0,0,0,0,0,False,2026-05-16 02:03:39,184083,2026-05-15 18:00:00,CORRECT_TO_184083
2941267,160,2026-05-15 19:00:00,0,57387,0,0,0,False,2026-05-15 19:02:42,57387,2026-05-15 18:00:00,SKIP_ALREADY_OK
2941536,160,2026-05-15 20:00:00,0,35645,0,0,0,False,2026-05-15 20:02:41,57387,2026-05-15 18:00:00,CORRECT_TO_57387
2941805,160,2026-05-15 21:00:00,0,35645,0,0,0,False,2026-05-15 21:02:41,57387,2026-05-15 18:00:00,CORRECT_TO_57387
2942074,160,2026-05-15 22:00:00,0,35645,0,0,0,False,2026-05-15 22:02:38,57387,2026-05-15 18:00:00,CORRECT_TO_57387
2942343,160,2026-05-15 23:00:00,0,35645,0,0,0,False,2026-05-15 23:02:42,57387,2026-05-15 18:00:00,CORRECT_TO_57387
2942612,160,2026-05-16 00:00:00,0,35645,0,0,0,False,2026-05-16 00:02:50,57387,2026-05-15 18:00:00,CORRECT_TO_57387
2942861,160,2026-05-16 01:00:00,0,35645,0,0,0,False,2026-05-16 01:02:44,57387,2026-05-15 18:00:00,CORRECT_TO_57387
2943150,160,2026-05-16 02:00:00,0,35645,0,0,0,False,2026-05-16 02:02:44,57387,2026-05-15 18:00:00,CORRECT_TO_57387
2948698,160,2026-05-16 23:00:00,0,0,0,0,0,False,2026-05-16 23:02:41,35645,2026-05-16 03:00:00,CORRECT_TO_35645
2941294,161,2026-05-15 19:00:00,0,248823,0,0,0,False,2026-05-15 19:05:50,248823,2026-05-15 18:00:00,SKIP_ALREADY_OK
2941562,161,2026-05-15 20:00:00,0,127301,0,0,0,False,2026-05-15 20:05:42,248823,2026-05-15 18:00:00,CORRECT_TO_248823
2941831,161,2026-05-15 21:00:00,0,127301,0,0,0,False,2026-05-15 21:05:42,248823,2026-05-15 18:00:00,CORRECT_TO_248823
2942100,161,2026-05-15 22:00:00,0,127301,0,0,0,False,2026-05-15 22:05:39,248823,2026-05-15 18:00:00,CORRECT_TO_248823
2942370,161,2026-05-15 23:00:00,0,127301,0,0,0,False,2026-05-15 23:05:43,248823,2026-05-15 18:00:00,CORRECT_TO_248823
2942639,161,2026-05-16 00:00:00,0,127301,0,0,0,False,2026-05-16 00:05:51,248823,2026-05-15 18:00:00,CORRECT_TO_248823
2942908,161,2026-05-16 01:00:00,0,127301,0,0,0,False,2026-05-16 01:05:45,248823,2026-05-15 18:00:00,CORRECT_TO_248823
2943177,161,2026-05-16 02:00:00,0,127301,0,0,0,False,2026-05-16 02:05:45,248823,2026-05-15 18:00:00,CORRECT_TO_248823
2941262,162,2026-05-15 19:00:00,0,480066,0,13,0,False,2026-05-15 19:02:05,480066,2026-05-15 18:00:00,SKIP_ALREADY_OK
2941531,162,2026-05-15 20:00:00,0,0,0,0,0,False,2026-05-15 20:02:05,480066,2026-05-15 18:00:00,CORRECT_TO_480066
2941795,162,2026-05-15 21:00:00,0,0,0,0,0,False,2026-05-15 21:02:05,480066,2026-05-15 18:00:00,CORRECT_TO_480066
2942069,162,2026-05-15 22:00:00,0,0,0,0,0,False,2026-05-15 22:02:02,480066,2026-05-15 18:00:00,CORRECT_TO_480066
2942338,162,2026-05-15 23:00:00,0,0,0,0,0,False,2026-05-15 23:02:06,480066,2026-05-15 18:00:00,CORRECT_TO_480066
2942603,162,2026-05-16 00:00:00,0,0,0,0,0,False,2026-05-16 00:02:14,480066,2026-05-15 18:00:00,CORRECT_TO_480066
2942854,162,2026-05-16 01:00:00,0,0,0,0,0,False,2026-05-16 01:02:08,480066,2026-05-15 18:00:00,CORRECT_TO_480066
2943145,162,2026-05-16 02:00:00,0,0,0,0,0,False,2026-05-16 02:02:08,480066,2026-05-15 18:00:00,CORRECT_TO_480066
2941275,163,2026-05-15 19:00:00,0,91058,0,0,0,False,2026-05-15 19:03:47,91058,2026-05-15 18:00:00,SKIP_ALREADY_OK
2941544,163,2026-05-15 20:00:00,0,0,0,0,0,False,2026-05-15 20:03:45,91058,2026-05-15 18:00:00,CORRECT_TO_91058
2941813,163,2026-05-15 21:00:00,0,0,0,0,0,False,2026-05-15 21:03:44,91058,2026-05-15 18:00:00,CORRECT_TO_91058
2942082,163,2026-05-15 22:00:00,0,0,0,0,0,False,2026-05-15 22:03:41,91058,2026-05-15 18:00:00,CORRECT_TO_91058
2942351,163,2026-05-15 23:00:00,0,0,0,0,0,False,2026-05-15 23:03:45,91058,2026-05-15 18:00:00,CORRECT_TO_91058
2942620,163,2026-05-16 00:00:00,0,0,0,0,0,False,2026-05-16 00:03:53,91058,2026-05-15 18:00:00,CORRECT_TO_91058
2942882,163,2026-05-16 01:00:00,0,0,0,0,0,False,2026-05-16 01:03:47,91058,2026-05-15 18:00:00,CORRECT_TO_91058
2943158,163,2026-05-16 02:00:00,0,0,0,0,0,False,2026-05-16 02:03:48,91058,2026-05-15 18:00:00,CORRECT_TO_91058
2941282,165,2026-05-15 19:00:00,0,52,0,0,0,False,2026-05-15 19:04:43,52,2026-05-15 18:00:00,SKIP_ALREADY_OK
2941551,165,2026-05-15 20:00:00,0,47,0,0,0,False,2026-05-15 20:04:39,52,2026-05-15 18:00:00,CORRECT_TO_52
2941820,165,2026-05-15 21:00:00,0,47,0,0,0,False,2026-05-15 21:04:39,52,2026-05-15 18:00:00,CORRECT_TO_52
2942089,165,2026-05-15 22:00:00,0,47,0,0,0,False,2026-05-15 22:04:36,52,2026-05-15 18:00:00,CORRECT_TO_52
2942358,165,2026-05-15 23:00:00,0,47,0,0,0,False,2026-05-15 23:04:40,52,2026-05-15 18:00:00,CORRECT_TO_52
2942627,165,2026-05-16 00:00:00,0,47,0,0,0,False,2026-05-16 00:04:48,52,2026-05-15 18:00:00,CORRECT_TO_52
2942896,165,2026-05-16 01:00:00,0,47,0,0,0,False,2026-05-16 01:04:41,52,2026-05-15 18:00:00,CORRECT_TO_52
2943165,165,2026-05-16 02:00:00,0,47,0,0,0,False,2026-05-16 02:04:42,52,2026-05-15 18:00:00,CORRECT_TO_52
2889962,166,2026-05-07 22:00:00,0,16,0,0,0,False,2026-05-07 22:01:10,16,2026-05-07 21:00:00,SKIP_ALREADY_OK
2941268,166,2026-05-15 19:00:00,0,161,0,0,0,False,2026-05-15 19:02:51,161,2026-05-15 18:00:00,SKIP_ALREADY_OK
2941537,166,2026-05-15 20:00:00,0,0,0,0,0,False,2026-05-15 20:02:50,161,2026-05-15 18:00:00,CORRECT_TO_161
2941806,166,2026-05-15 21:00:00,0,0,0,0,0,False,2026-05-15 21:02:50,161,2026-05-15 18:00:00,CORRECT_TO_161
2942075,166,2026-05-15 22:00:00,0,0,0,0,0,False,2026-05-15 22:02:47,161,2026-05-15 18:00:00,CORRECT_TO_161
2942344,166,2026-05-15 23:00:00,0,0,0,0,0,False,2026-05-15 23:02:51,161,2026-05-15 18:00:00,CORRECT_TO_161
2942613,166,2026-05-16 00:00:00,0,0,0,0,0,False,2026-05-16 00:02:59,161,2026-05-15 18:00:00,CORRECT_TO_161
2942862,166,2026-05-16 01:00:00,0,0,0,0,0,False,2026-05-16 01:02:53,161,2026-05-15 18:00:00,CORRECT_TO_161
2943151,166,2026-05-16 02:00:00,0,0,0,0,0,False,2026-05-16 02:02:53,161,2026-05-15 18:00:00,CORRECT_TO_161
2941271,167,2026-05-15 19:00:00,0,60296,0,0,0,False,2026-05-15 19:03:11,60296,2026-05-15 18:00:00,SKIP_ALREADY_OK
2941540,167,2026-05-15 20:00:00,0,0,0,0,0,False,2026-05-15 20:03:08,60296,2026-05-15 18:00:00,CORRECT_TO_60296
2941808,167,2026-05-15 21:00:00,0,0,0,0,0,False,2026-05-15 21:03:08,60296,2026-05-15 18:00:00,CORRECT_TO_60296
2942077,167,2026-05-15 22:00:00,0,0,0,0,0,False,2026-05-15 22:03:05,60296,2026-05-15 18:00:00,CORRECT_TO_60296
2942347,167,2026-05-15 23:00:00,0,0,0,0,0,False,2026-05-15 23:03:09,60296,2026-05-15 18:00:00,CORRECT_TO_60296
2942616,167,2026-05-16 00:00:00,0,0,0,0,0,False,2026-05-16 00:03:17,60296,2026-05-15 18:00:00,CORRECT_TO_60296
2942866,167,2026-05-16 01:00:00,0,0,0,0,0,False,2026-05-16 01:03:11,60296,2026-05-15 18:00:00,CORRECT_TO_60296
2943154,167,2026-05-16 02:00:00,0,0,0,0,0,False,2026-05-16 02:03:11,60296,2026-05-15 18:00:00,CORRECT_TO_60296
2941276,172,2026-05-15 19:00:00,0,59838,0,171,0,False,2026-05-15 19:03:56,59838,2026-05-15 18:00:00,SKIP_ALREADY_OK
2941545,172,2026-05-15 20:00:00,0,0,0,0,0,False,2026-05-15 20:03:54,59838,2026-05-15 18:00:00,CORRECT_TO_59838
2941814,172,2026-05-15 21:00:00,0,0,0,0,0,False,2026-05-15 21:03:54,59838,2026-05-15 18:00:00,CORRECT_TO_59838
2942083,172,2026-05-15 22:00:00,0,0,0,0,0,False,2026-05-15 22:03:51,59838,2026-05-15 18:00:00,CORRECT_TO_59838
2942352,172,2026-05-15 23:00:00,0,0,0,0,0,False,2026-05-15 23:03:54,59838,2026-05-15 18:00:00,CORRECT_TO_59838
2942621,172,2026-05-16 00:00:00,0,0,0,0,0,False,2026-05-16 00:04:02,59838,2026-05-15 18:00:00,CORRECT_TO_59838
2942886,172,2026-05-16 01:00:00,0,0,0,0,0,False,2026-05-16 01:03:56,59838,2026-05-15 18:00:00,CORRECT_TO_59838
2943159,172,2026-05-16 02:00:00,0,0,0,0,0,False,2026-05-16 02:03:57,59838,2026-05-15 18:00:00,CORRECT_TO_59838
2941269,173,2026-05-15 19:00:00,0,8845,0,0,0,False,2026-05-15 19:03:02,8845,2026-05-15 18:00:00,SKIP_ALREADY_OK
2941538,173,2026-05-15 20:00:00,0,0,0,0,0,False,2026-05-15 20:02:59,8845,2026-05-15 18:00:00,CORRECT_TO_8845
2941807,173,2026-05-15 21:00:00,0,0,0,0,0,False,2026-05-15 21:02:59,8845,2026-05-15 18:00:00,CORRECT_TO_8845
2942076,173,2026-05-15 22:00:00,0,0,0,0,0,False,2026-05-15 22:02:56,8845,2026-05-15 18:00:00,CORRECT_TO_8845
2942345,173,2026-05-15 23:00:00,0,0,0,0,0,False,2026-05-15 23:03:00,8845,2026-05-15 18:00:00,CORRECT_TO_8845
2942614,173,2026-05-16 00:00:00,0,0,0,0,0,False,2026-05-16 00:03:08,8845,2026-05-15 18:00:00,CORRECT_TO_8845
2942863,173,2026-05-16 01:00:00,0,0,0,0,0,False,2026-05-16 01:03:02,8845,2026-05-15 18:00:00,CORRECT_TO_8845
2943152,173,2026-05-16 02:00:00,0,0,0,0,0,False,2026-05-16 02:03:02,8845,2026-05-15 18:00:00,CORRECT_TO_8845
2864505,174,2026-05-03 01:00:00,0,7343,0,0,34,False,2026-05-03 01:02:50,7343,2026-05-03 00:00:00,SKIP_ALREADY_OK
2904966,174,2026-05-10 04:00:00,0,7343,0,0,41,False,2026-05-10 04:03:22,7343,2026-05-10 03:00:00,SKIP_ALREADY_OK
2935130,174,2026-05-14 20:00:00,0,7343,0,0,0,False,2026-05-14 20:09:37,7343,2026-05-14 19:00:00,SKIP_ALREADY_OK
2941281,175,2026-05-15 19:00:00,0,170398,0,0,0,False,2026-05-15 19:04:33,170398,2026-05-15 18:00:00,SKIP_ALREADY_OK
2941550,175,2026-05-15 20:00:00,0,0,0,0,0,False,2026-05-15 20:04:30,170398,2026-05-15 18:00:00,CORRECT_TO_170398
2941819,175,2026-05-15 21:00:00,0,0,0,0,0,False,2026-05-15 21:04:30,170398,2026-05-15 18:00:00,CORRECT_TO_170398
2942088,175,2026-05-15 22:00:00,0,0,0,0,0,False,2026-05-15 22:04:27,170398,2026-05-15 18:00:00,CORRECT_TO_170398
2942357,175,2026-05-15 23:00:00,0,0,0,0,0,False,2026-05-15 23:04:31,170398,2026-05-15 18:00:00,CORRECT_TO_170398
2942626,175,2026-05-16 00:00:00,0,0,0,0,0,False,2026-05-16 00:04:39,170398,2026-05-15 18:00:00,CORRECT_TO_170398
2942895,175,2026-05-16 01:00:00,0,0,0,0,0,False,2026-05-16 01:04:32,170398,2026-05-15 18:00:00,CORRECT_TO_170398
2943164,175,2026-05-16 02:00:00,0,0,0,0,0,False,2026-05-16 02:04:33,170398,2026-05-15 18:00:00,CORRECT_TO_170398
2941264,176,2026-05-15 19:00:00,0,1488,0,0,0,False,2026-05-15 19:02:14,1488,2026-05-15 18:00:00,SKIP_ALREADY_OK
2941533,176,2026-05-15 20:00:00,0,0,0,0,0,False,2026-05-15 20:02:14,1488,2026-05-15 18:00:00,CORRECT_TO_1488
2941802,176,2026-05-15 21:00:00,0,0,0,0,0,False,2026-05-15 21:02:14,1488,2026-05-15 18:00:00,CORRECT_TO_1488
2942071,176,2026-05-15 22:00:00,0,0,0,0,0,False,2026-05-15 22:02:11,1488,2026-05-15 18:00:00,CORRECT_TO_1488
2942340,176,2026-05-15 23:00:00,0,0,0,0,0,False,2026-05-15 23:02:15,1488,2026-05-15 18:00:00,CORRECT_TO_1488
2942607,176,2026-05-16 00:00:00,0,0,0,0,0,False,2026-05-16 00:02:23,1488,2026-05-15 18:00:00,CORRECT_TO_1488
2942858,176,2026-05-16 01:00:00,0,0,0,0,0,False,2026-05-16 01:02:17,1488,2026-05-15 18:00:00,CORRECT_TO_1488
2943147,176,2026-05-16 02:00:00,0,0,0,0,0,False,2026-05-16 02:02:17,1488,2026-05-15 18:00:00,CORRECT_TO_1488
2941265,177,2026-05-15 19:00:00,0,985303,0,0,0,False,2026-05-15 19:02:23,985303,2026-05-15 18:00:00,SKIP_ALREADY_OK
2941534,177,2026-05-15 20:00:00,0,0,0,0,0,False,2026-05-15 20:02:23,985303,2026-05-15 18:00:00,CORRECT_TO_985303
2941803,177,2026-05-15 21:00:00,0,0,0,0,0,False,2026-05-15 21:02:23,985303,2026-05-15 18:00:00,CORRECT_TO_985303
2942072,177,2026-05-15 22:00:00,0,0,0,0,0,False,2026-05-15 22:02:20,985303,2026-05-15 18:00:00,CORRECT_TO_985303
2942341,177,2026-05-15 23:00:00,0,0,0,0,0,False,2026-05-15 23:02:24,985303,2026-05-15 18:00:00,CORRECT_TO_985303
2942610,177,2026-05-16 00:00:00,0,0,0,0,0,False,2026-05-16 00:02:32,985303,2026-05-15 18:00:00,CORRECT_TO_985303
2942859,177,2026-05-16 01:00:00,0,0,0,0,0,False,2026-05-16 01:02:26,985303,2026-05-15 18:00:00,CORRECT_TO_985303
2943148,177,2026-05-16 02:00:00,0,0,0,0,0,False,2026-05-16 02:02:26,985303,2026-05-15 18:00:00,CORRECT_TO_985303
2854690,178,2026-05-01 04:00:00,0,0,0,0,55,False,2026-05-01 04:01:03,,,SKIP_NO_PRIOR_VALID
2854902,178,2026-05-01 05:00:00,0,0,0,0,55,False,2026-05-01 05:01:02,,,SKIP_NO_PRIOR_VALID
2855120,178,2026-05-01 06:00:00,0,0,0,0,55,False,2026-05-01 06:01:04,,,SKIP_NO_PRIOR_VALID
2855343,178,2026-05-01 07:00:00,0,0,0,0,55,False,2026-05-01 07:01:06,,,SKIP_NO_PRIOR_VALID
2855556,178,2026-05-01 08:00:00,0,0,0,0,55,False,2026-05-01 08:01:04,,,SKIP_NO_PRIOR_VALID
2855775,178,2026-05-01 09:00:00,0,0,0,0,55,False,2026-05-01 09:01:03,,,SKIP_NO_PRIOR_VALID
2855994,178,2026-05-01 10:00:00,0,0,0,0,55,False,2026-05-01 10:01:04,,,SKIP_NO_PRIOR_VALID
2856212,178,2026-05-01 11:00:00,0,0,0,0,55,False,2026-05-01 11:01:04,,,SKIP_NO_PRIOR_VALID
2856429,178,2026-05-01 12:00:00,0,0,0,0,55,False,2026-05-01 12:01:07,,,SKIP_NO_PRIOR_VALID
2856646,178,2026-05-01 13:00:00,0,0,0,0,55,False,2026-05-01 13:01:05,,,SKIP_NO_PRIOR_VALID
2856863,178,2026-05-01 14:00:00,0,0,0,0,55,False,2026-05-01 14:01:04,,,SKIP_NO_PRIOR_VALID
2857077,178,2026-05-01 15:00:00,0,0,0,0,55,False,2026-05-01 15:01:05,,,SKIP_NO_PRIOR_VALID
2857297,178,2026-05-01 16:00:00,0,0,0,0,55,False,2026-05-01 16:01:05,,,SKIP_NO_PRIOR_VALID
2857509,178,2026-05-01 17:00:00,0,0,0,0,55,False,2026-05-01 17:01:03,,,SKIP_NO_PRIOR_VALID
2857729,178,2026-05-01 18:00:00,0,0,0,0,55,False,2026-05-01 18:01:04,,,SKIP_NO_PRIOR_VALID
2857938,178,2026-05-01 19:00:00,0,0,0,0,55,False,2026-05-01 19:01:04,,,SKIP_NO_PRIOR_VALID
2858135,178,2026-05-01 20:00:00,0,0,0,0,55,False,2026-05-01 20:01:03,,,SKIP_NO_PRIOR_VALID
2858384,178,2026-05-01 21:00:00,0,0,0,0,55,False,2026-05-01 21:01:03,,,SKIP_NO_PRIOR_VALID
2858570,178,2026-05-01 22:00:00,0,0,0,0,55,False,2026-05-01 22:01:02,,,SKIP_NO_PRIOR_VALID
2858817,178,2026-05-01 23:00:00,0,0,0,0,55,False,2026-05-01 23:01:02,,,SKIP_NO_PRIOR_VALID
2859030,178,2026-05-02 00:00:00,0,0,0,0,56,False,2026-05-02 00:01:11,,,SKIP_NO_PRIOR_VALID
2859243,178,2026-05-02 01:00:00,0,0,0,0,56,False,2026-05-02 01:01:06,,,SKIP_NO_PRIOR_VALID
2859460,178,2026-05-02 02:00:00,0,0,0,0,56,False,2026-05-02 02:01:02,,,SKIP_NO_PRIOR_VALID
2859674,178,2026-05-02 03:00:00,0,0,0,0,56,False,2026-05-02 03:01:02,,,SKIP_NO_PRIOR_VALID
2859895,178,2026-05-02 04:00:00,0,0,0,0,56,False,2026-05-02 04:01:02,,,SKIP_NO_PRIOR_VALID
2860104,178,2026-05-02 05:00:00,0,0,0,0,56,False,2026-05-02 05:01:01,,,SKIP_NO_PRIOR_VALID
2860325,178,2026-05-02 06:00:00,0,0,0,0,56,False,2026-05-02 06:01:03,,,SKIP_NO_PRIOR_VALID
2860554,178,2026-05-02 07:00:00,0,0,0,0,56,False,2026-05-02 07:01:04,,,SKIP_NO_PRIOR_VALID
2860768,178,2026-05-02 08:00:00,0,0,0,0,56,False,2026-05-02 08:01:03,,,SKIP_NO_PRIOR_VALID
2860981,178,2026-05-02 09:00:00,0,0,0,0,56,False,2026-05-02 09:01:02,,,SKIP_NO_PRIOR_VALID
2861204,178,2026-05-02 10:00:00,0,0,0,0,56,False,2026-05-02 10:01:04,,,SKIP_NO_PRIOR_VALID
2861421,178,2026-05-02 11:00:00,0,0,0,0,56,False,2026-05-02 11:01:04,,,SKIP_NO_PRIOR_VALID
2861636,178,2026-05-02 12:00:00,0,0,0,0,56,False,2026-05-02 12:01:05,,,SKIP_NO_PRIOR_VALID
2861844,178,2026-05-02 13:00:00,0,0,0,0,56,False,2026-05-02 13:01:02,,,SKIP_NO_PRIOR_VALID
2862068,178,2026-05-02 14:00:00,0,0,0,0,56,False,2026-05-02 14:01:02,,,SKIP_NO_PRIOR_VALID
2862290,178,2026-05-02 15:00:00,0,0,0,0,56,False,2026-05-02 15:01:02,,,SKIP_NO_PRIOR_VALID
2862498,178,2026-05-02 16:00:00,0,0,0,0,56,False,2026-05-02 16:01:03,,,SKIP_NO_PRIOR_VALID
2862719,178,2026-05-02 17:00:00,0,0,0,0,56,False,2026-05-02 17:01:02,,,SKIP_NO_PRIOR_VALID
2862933,178,2026-05-02 18:00:00,0,0,0,0,56,False,2026-05-02 18:01:03,,,SKIP_NO_PRIOR_VALID
2863156,178,2026-05-02 19:00:00,0,0,0,0,56,False,2026-05-02 19:01:03,,,SKIP_NO_PRIOR_VALID
2863370,178,2026-05-02 20:00:00,0,0,0,0,56,False,2026-05-02 20:01:02,,,SKIP_NO_PRIOR_VALID
2863591,178,2026-05-02 21:00:00,0,0,0,0,56,False,2026-05-02 21:01:03,,,SKIP_NO_PRIOR_VALID
2863802,178,2026-05-02 22:00:00,0,0,0,0,56,False,2026-05-02 22:01:02,,,SKIP_NO_PRIOR_VALID
2863995,178,2026-05-02 23:00:00,0,0,0,0,56,False,2026-05-02 23:01:02,,,SKIP_NO_PRIOR_VALID
2864243,178,2026-05-03 00:00:00,0,0,0,0,57,False,2026-05-03 00:01:16,,,SKIP_NO_PRIOR_VALID
2864450,178,2026-05-03 01:00:00,0,0,0,0,57,False,2026-05-03 01:01:05,,,SKIP_NO_PRIOR_VALID
2864665,178,2026-05-03 02:00:00,0,0,0,0,57,False,2026-05-03 02:01:03,,,SKIP_NO_PRIOR_VALID
2864867,178,2026-05-03 03:00:00,0,0,0,0,57,False,2026-05-03 03:01:02,,,SKIP_NO_PRIOR_VALID
2865102,178,2026-05-03 04:00:00,0,0,0,0,57,False,2026-05-03 04:01:02,,,SKIP_NO_PRIOR_VALID
2865326,178,2026-05-03 05:00:00,0,0,0,0,57,False,2026-05-03 05:01:02,,,SKIP_NO_PRIOR_VALID
2865543,178,2026-05-03 06:00:00,0,0,0,0,57,False,2026-05-03 06:01:04,,,SKIP_NO_PRIOR_VALID
2865755,178,2026-05-03 07:00:00,0,0,0,0,57,False,2026-05-03 07:01:02,,,SKIP_NO_PRIOR_VALID
2865970,178,2026-05-03 08:00:00,0,0,0,0,57,False,2026-05-03 08:01:03,,,SKIP_NO_PRIOR_VALID
2866193,178,2026-05-03 09:00:00,0,0,0,0,57,False,2026-05-03 09:01:03,,,SKIP_NO_PRIOR_VALID
2866407,178,2026-05-03 10:00:00,0,0,0,0,57,False,2026-05-03 10:01:02,,,SKIP_NO_PRIOR_VALID
2866621,178,2026-05-03 11:00:00,0,0,0,0,57,False,2026-05-03 11:01:02,,,SKIP_NO_PRIOR_VALID
2866837,178,2026-05-03 12:00:00,0,0,0,0,57,False,2026-05-03 12:01:05,,,SKIP_NO_PRIOR_VALID
2867062,178,2026-05-03 13:00:00,0,0,0,0,57,False,2026-05-03 13:01:05,,,SKIP_NO_PRIOR_VALID
2867276,178,2026-05-03 14:00:00,0,0,0,0,57,False,2026-05-03 14:01:03,,,SKIP_NO_PRIOR_VALID
2867495,178,2026-05-03 15:00:00,0,0,0,0,57,False,2026-05-03 15:01:03,,,SKIP_NO_PRIOR_VALID
2867716,178,2026-05-03 16:00:00,0,0,0,0,57,False,2026-05-03 16:01:04,,,SKIP_NO_PRIOR_VALID
2867927,178,2026-05-03 17:00:00,0,0,0,0,57,False,2026-05-03 17:01:05,,,SKIP_NO_PRIOR_VALID
2868136,178,2026-05-03 18:00:00,0,0,0,0,57,False,2026-05-03 18:01:04,,,SKIP_NO_PRIOR_VALID
2868369,178,2026-05-03 19:00:00,0,0,0,0,57,False,2026-05-03 19:01:04,,,SKIP_NO_PRIOR_VALID
2868578,178,2026-05-03 20:00:00,0,0,0,0,57,False,2026-05-03 20:01:05,,,SKIP_NO_PRIOR_VALID
2868798,178,2026-05-03 21:00:00,0,0,0,0,57,False,2026-05-03 21:01:02,,,SKIP_NO_PRIOR_VALID
2869010,178,2026-05-03 22:00:00,0,0,0,0,57,False,2026-05-03 22:01:02,,,SKIP_NO_PRIOR_VALID
2869234,178,2026-05-03 23:00:00,0,0,0,0,57,False,2026-05-03 23:01:03,,,SKIP_NO_PRIOR_VALID
2869452,178,2026-05-04 00:00:00,0,0,0,0,58,False,2026-05-04 00:01:16,,,SKIP_NO_PRIOR_VALID
2869651,178,2026-05-04 01:00:00,0,0,0,0,58,False,2026-05-04 01:01:05,,,SKIP_NO_PRIOR_VALID
2869871,178,2026-05-04 02:00:00,0,0,0,0,58,False,2026-05-04 02:01:02,,,SKIP_NO_PRIOR_VALID
2870094,178,2026-05-04 03:00:00,0,0,0,0,58,False,2026-05-04 03:01:06,,,SKIP_NO_PRIOR_VALID
2870321,178,2026-05-04 04:00:00,0,0,0,0,58,False,2026-05-04 04:01:05,,,SKIP_NO_PRIOR_VALID
2870534,178,2026-05-04 05:00:00,0,0,0,0,58,False,2026-05-04 05:01:03,,,SKIP_NO_PRIOR_VALID
2870746,178,2026-05-04 06:00:00,0,0,0,0,58,False,2026-05-04 06:01:04,,,SKIP_NO_PRIOR_VALID
2870963,178,2026-05-04 07:00:00,0,0,0,0,58,False,2026-05-04 07:01:04,,,SKIP_NO_PRIOR_VALID
2871183,178,2026-05-04 08:00:00,0,0,0,0,58,False,2026-05-04 08:01:02,,,SKIP_NO_PRIOR_VALID
2871400,178,2026-05-04 09:00:00,0,0,0,0,58,False,2026-05-04 09:01:02,,,SKIP_NO_PRIOR_VALID
2871614,178,2026-05-04 10:00:00,0,0,0,0,58,False,2026-05-04 10:01:03,,,SKIP_NO_PRIOR_VALID
2871836,178,2026-05-04 11:00:00,0,0,0,0,58,False,2026-05-04 11:01:02,,,SKIP_NO_PRIOR_VALID
2872055,178,2026-05-04 12:00:00,0,0,0,0,58,False,2026-05-04 12:01:03,,,SKIP_NO_PRIOR_VALID
2872266,178,2026-05-04 13:00:00,0,0,0,0,58,False,2026-05-04 13:01:03,,,SKIP_NO_PRIOR_VALID
2872480,178,2026-05-04 14:00:00,0,0,0,0,58,False,2026-05-04 14:01:03,,,SKIP_NO_PRIOR_VALID
2872696,178,2026-05-04 15:00:00,0,0,0,0,58,False,2026-05-04 15:00:59,,,SKIP_NO_PRIOR_VALID
2872914,178,2026-05-04 16:00:00,0,0,0,0,58,False,2026-05-04 16:01:03,,,SKIP_NO_PRIOR_VALID
2873131,178,2026-05-04 17:00:00,0,0,0,0,58,False,2026-05-04 17:01:02,,,SKIP_NO_PRIOR_VALID
2873349,178,2026-05-04 18:00:00,0,0,0,0,58,False,2026-05-04 18:01:04,,,SKIP_NO_PRIOR_VALID
2873566,178,2026-05-04 19:00:00,0,0,0,0,58,False,2026-05-04 19:01:02,,,SKIP_NO_PRIOR_VALID
2873781,178,2026-05-04 20:00:00,0,0,0,0,58,False,2026-05-04 20:01:03,,,SKIP_NO_PRIOR_VALID
2873999,178,2026-05-04 21:00:00,0,0,0,0,58,False,2026-05-04 21:01:02,,,SKIP_NO_PRIOR_VALID
2874214,178,2026-05-04 22:00:00,0,0,0,0,58,False,2026-05-04 22:01:02,,,SKIP_NO_PRIOR_VALID
2874432,178,2026-05-04 23:00:00,0,0,0,0,58,False,2026-05-04 23:01:01,,,SKIP_NO_PRIOR_VALID
2874654,178,2026-05-05 00:00:00,0,0,0,0,59,False,2026-05-05 00:01:07,,,SKIP_NO_PRIOR_VALID
2874864,178,2026-05-05 01:00:00,0,0,0,0,59,False,2026-05-05 01:01:03,,,SKIP_NO_PRIOR_VALID
2875085,178,2026-05-05 02:00:00,0,0,0,0,59,False,2026-05-05 02:01:01,,,SKIP_NO_PRIOR_VALID
2875301,178,2026-05-05 03:00:00,0,0,0,0,59,False,2026-05-05 03:01:01,,,SKIP_NO_PRIOR_VALID
2875515,178,2026-05-05 04:00:00,0,0,0,0,59,False,2026-05-05 04:01:00,,,SKIP_NO_PRIOR_VALID
2875732,178,2026-05-05 05:00:00,0,0,0,0,59,False,2026-05-05 05:00:59,,,SKIP_NO_PRIOR_VALID
2875945,178,2026-05-05 06:00:00,0,0,0,0,59,False,2026-05-05 06:01:00,,,SKIP_NO_PRIOR_VALID
2876169,178,2026-05-05 07:00:00,0,0,0,0,59,False,2026-05-05 07:01:01,,,SKIP_NO_PRIOR_VALID
2876391,178,2026-05-05 08:00:00,0,0,0,0,59,False,2026-05-05 08:01:03,,,SKIP_NO_PRIOR_VALID
2876607,178,2026-05-05 09:00:00,0,0,0,0,59,False,2026-05-05 09:01:02,,,SKIP_NO_PRIOR_VALID
2876826,178,2026-05-05 10:00:00,0,0,0,0,59,False,2026-05-05 10:01:03,,,SKIP_NO_PRIOR_VALID
2877042,178,2026-05-05 11:00:00,0,0,0,0,59,False,2026-05-05 11:01:00,,,SKIP_NO_PRIOR_VALID
2877255,178,2026-05-05 12:00:00,0,0,0,0,59,False,2026-05-05 12:01:03,,,SKIP_NO_PRIOR_VALID
2877468,178,2026-05-05 13:00:00,0,0,0,0,59,False,2026-05-05 13:01:04,,,SKIP_NO_PRIOR_VALID
2877674,178,2026-05-05 14:00:00,0,0,0,0,59,False,2026-05-05 14:01:03,,,SKIP_NO_PRIOR_VALID
2877914,178,2026-05-05 15:00:00,0,0,0,0,59,False,2026-05-05 15:01:02,,,SKIP_NO_PRIOR_VALID
2878129,178,2026-05-05 16:00:00,0,0,0,0,59,False,2026-05-05 16:01:02,,,SKIP_NO_PRIOR_VALID
2878339,178,2026-05-05 17:00:00,0,0,0,0,59,False,2026-05-05 17:01:03,,,SKIP_NO_PRIOR_VALID
2878556,178,2026-05-05 18:00:00,0,0,0,0,59,False,2026-05-05 18:01:01,,,SKIP_NO_PRIOR_VALID
2878765,178,2026-05-05 19:00:00,0,0,0,0,59,False,2026-05-05 19:01:02,,,SKIP_NO_PRIOR_VALID
2878985,178,2026-05-05 20:00:00,0,0,0,0,59,False,2026-05-05 20:01:03,,,SKIP_NO_PRIOR_VALID
2879212,178,2026-05-05 21:00:00,0,0,0,0,59,False,2026-05-05 21:01:01,,,SKIP_NO_PRIOR_VALID
2879426,178,2026-05-05 22:00:00,0,0,0,0,59,False,2026-05-05 22:01:02,,,SKIP_NO_PRIOR_VALID
2879641,178,2026-05-05 23:00:00,0,0,0,0,59,False,2026-05-05 23:01:00,,,SKIP_NO_PRIOR_VALID
2879858,178,2026-05-06 00:00:00,0,0,0,0,60,False,2026-05-06 00:01:08,,,SKIP_NO_PRIOR_VALID
2880074,178,2026-05-06 01:00:00,0,0,0,0,60,False,2026-05-06 01:01:02,,,SKIP_NO_PRIOR_VALID
2880291,178,2026-05-06 02:00:00,0,0,0,0,60,False,2026-05-06 02:01:01,,,SKIP_NO_PRIOR_VALID
2880506,178,2026-05-06 03:00:00,0,0,0,0,60,False,2026-05-06 03:01:01,,,SKIP_NO_PRIOR_VALID
2880730,178,2026-05-06 04:00:00,0,0,0,0,60,False,2026-05-06 04:00:59,,,SKIP_NO_PRIOR_VALID
2880945,178,2026-05-06 05:00:00,0,0,0,0,60,False,2026-05-06 05:00:59,,,SKIP_NO_PRIOR_VALID
2881153,178,2026-05-06 06:00:00,0,0,0,0,60,False,2026-05-06 06:01:01,,,SKIP_NO_PRIOR_VALID
2881379,178,2026-05-06 07:00:00,0,0,0,0,60,False,2026-05-06 07:01:01,,,SKIP_NO_PRIOR_VALID
2881595,178,2026-05-06 08:00:00,0,0,0,0,60,False,2026-05-06 08:01:01,,,SKIP_NO_PRIOR_VALID
2881813,178,2026-05-06 09:00:00,0,0,0,0,60,False,2026-05-06 09:01:01,,,SKIP_NO_PRIOR_VALID
2882021,178,2026-05-06 10:00:00,0,0,0,0,60,False,2026-05-06 10:01:02,,,SKIP_NO_PRIOR_VALID
2882241,178,2026-05-06 11:00:00,0,0,0,0,60,False,2026-05-06 11:01:00,,,SKIP_NO_PRIOR_VALID
2882459,178,2026-05-06 12:00:00,0,0,0,0,60,False,2026-05-06 12:01:04,,,SKIP_NO_PRIOR_VALID
2882672,178,2026-05-06 13:00:00,0,0,0,0,60,False,2026-05-06 13:01:03,,,SKIP_NO_PRIOR_VALID
2882889,178,2026-05-06 14:00:00,0,0,0,0,60,False,2026-05-06 14:01:02,,,SKIP_NO_PRIOR_VALID
2883112,178,2026-05-06 15:00:00,0,0,0,0,60,False,2026-05-06 15:01:03,,,SKIP_NO_PRIOR_VALID
2883330,178,2026-05-06 16:00:00,0,0,0,0,60,False,2026-05-06 16:01:05,,,SKIP_NO_PRIOR_VALID
2883552,178,2026-05-06 17:00:00,0,0,0,0,60,False,2026-05-06 17:01:02,,,SKIP_NO_PRIOR_VALID
2883766,178,2026-05-06 18:00:00,0,0,0,0,60,False,2026-05-06 18:01:03,,,SKIP_NO_PRIOR_VALID
2883980,178,2026-05-06 19:00:00,0,0,0,0,60,False,2026-05-06 19:01:02,,,SKIP_NO_PRIOR_VALID
2884195,178,2026-05-06 20:00:00,0,0,0,0,60,False,2026-05-06 20:01:03,,,SKIP_NO_PRIOR_VALID
2884416,178,2026-05-06 21:00:00,0,0,0,0,60,False,2026-05-06 21:01:01,,,SKIP_NO_PRIOR_VALID
2884635,178,2026-05-06 22:00:00,0,0,0,0,60,False,2026-05-06 22:01:02,,,SKIP_NO_PRIOR_VALID
2884848,178,2026-05-06 23:00:00,0,0,0,0,60,False,2026-05-06 23:01:01,,,SKIP_NO_PRIOR_VALID
2885065,178,2026-05-07 00:00:00,0,0,0,0,61,False,2026-05-07 00:01:11,,,SKIP_NO_PRIOR_VALID
2885278,178,2026-05-07 01:00:00,0,0,0,0,61,False,2026-05-07 01:01:04,,,SKIP_NO_PRIOR_VALID
2885498,178,2026-05-07 02:00:00,0,0,0,0,61,False,2026-05-07 02:01:02,,,SKIP_NO_PRIOR_VALID
2885718,178,2026-05-07 03:00:00,0,0,0,0,61,False,2026-05-07 03:01:01,,,SKIP_NO_PRIOR_VALID
2885940,178,2026-05-07 04:00:00,0,0,0,0,61,False,2026-05-07 04:01:02,,,SKIP_NO_PRIOR_VALID
2886155,178,2026-05-07 05:00:00,0,0,0,0,61,False,2026-05-07 05:01:01,,,SKIP_NO_PRIOR_VALID
2886374,178,2026-05-07 06:00:00,0,0,0,0,61,False,2026-05-07 06:01:01,,,SKIP_NO_PRIOR_VALID
2886585,178,2026-05-07 07:00:00,0,0,0,0,61,False,2026-05-07 07:01:02,,,SKIP_NO_PRIOR_VALID
2886804,178,2026-05-07 08:00:00,0,0,0,0,61,False,2026-05-07 08:01:02,,,SKIP_NO_PRIOR_VALID
2887020,178,2026-05-07 09:00:00,0,0,0,0,61,False,2026-05-07 09:01:01,,,SKIP_NO_PRIOR_VALID
2887232,178,2026-05-07 10:00:00,0,0,0,0,61,False,2026-05-07 10:01:01,,,SKIP_NO_PRIOR_VALID
2887447,178,2026-05-07 11:00:00,0,0,0,0,61,False,2026-05-07 11:01:01,,,SKIP_NO_PRIOR_VALID
2887670,178,2026-05-07 12:00:00,0,0,0,0,61,False,2026-05-07 12:01:03,,,SKIP_NO_PRIOR_VALID
2887893,178,2026-05-07 13:00:00,0,0,0,0,61,False,2026-05-07 13:01:03,,,SKIP_NO_PRIOR_VALID
2888106,178,2026-05-07 14:00:00,0,0,0,0,61,False,2026-05-07 14:01:05,,,SKIP_NO_PRIOR_VALID
2888321,178,2026-05-07 15:00:00,0,0,0,0,61,False,2026-05-07 15:01:03,,,SKIP_NO_PRIOR_VALID
2888544,178,2026-05-07 16:00:00,0,0,0,0,61,False,2026-05-07 16:01:05,,,SKIP_NO_PRIOR_VALID
2888761,178,2026-05-07 17:00:00,0,0,0,0,61,False,2026-05-07 17:01:03,,,SKIP_NO_PRIOR_VALID
2888977,178,2026-05-07 18:00:00,0,0,0,0,61,False,2026-05-07 18:01:03,,,SKIP_NO_PRIOR_VALID
2889194,178,2026-05-07 19:00:00,0,0,0,0,61,False,2026-05-07 19:01:03,,,SKIP_NO_PRIOR_VALID
2889408,178,2026-05-07 20:00:00,0,0,0,0,61,False,2026-05-07 20:01:03,,,SKIP_NO_PRIOR_VALID
2889677,178,2026-05-07 21:00:00,0,0,0,0,61,False,2026-05-07 21:01:03,,,SKIP_NO_PRIOR_VALID
2889953,178,2026-05-07 22:00:00,0,0,0,0,61,False,2026-05-07 22:01:02,,,SKIP_NO_PRIOR_VALID
2890225,178,2026-05-07 23:00:00,0,0,0,0,61,False,2026-05-07 23:01:02,,,SKIP_NO_PRIOR_VALID
2890504,178,2026-05-08 00:00:00,0,0,0,0,62,False,2026-05-08 00:01:09,,,SKIP_NO_PRIOR_VALID
2890782,178,2026-05-08 01:00:00,0,0,0,0,62,False,2026-05-08 01:01:10,,,SKIP_NO_PRIOR_VALID
2891058,178,2026-05-08 02:00:00,0,0,0,0,62,False,2026-05-08 02:01:03,,,SKIP_NO_PRIOR_VALID
2891336,178,2026-05-08 03:00:00,0,0,0,0,62,False,2026-05-08 03:01:03,,,SKIP_NO_PRIOR_VALID
2891603,178,2026-05-08 04:00:00,0,0,0,0,62,False,2026-05-08 04:01:02,,,SKIP_NO_PRIOR_VALID
2891876,178,2026-05-08 05:00:00,0,0,0,0,62,False,2026-05-08 05:01:01,,,SKIP_NO_PRIOR_VALID
2892144,178,2026-05-08 06:00:00,0,0,0,0,62,False,2026-05-08 06:01:04,,,SKIP_NO_PRIOR_VALID
2892446,178,2026-05-08 07:00:00,0,0,0,0,62,False,2026-05-08 07:01:04,,,SKIP_NO_PRIOR_VALID
2892723,178,2026-05-08 08:00:00,0,0,0,0,62,False,2026-05-08 08:01:02,,,SKIP_NO_PRIOR_VALID
2892997,178,2026-05-08 09:00:00,0,0,0,0,62,False,2026-05-08 09:01:02,,,SKIP_NO_PRIOR_VALID
2893279,178,2026-05-08 10:00:00,0,0,0,0,62,False,2026-05-08 10:01:02,,,SKIP_NO_PRIOR_VALID
2893557,178,2026-05-08 11:00:00,0,0,0,0,62,False,2026-05-08 11:01:01,,,SKIP_NO_PRIOR_VALID
2893826,178,2026-05-08 12:00:00,0,0,0,0,62,False,2026-05-08 12:01:03,,,SKIP_NO_PRIOR_VALID
2894102,178,2026-05-08 13:00:00,0,0,0,0,62,False,2026-05-08 13:01:03,,,SKIP_NO_PRIOR_VALID
2894378,178,2026-05-08 14:00:00,0,0,0,0,62,False,2026-05-08 14:01:04,,,SKIP_NO_PRIOR_VALID
2894661,178,2026-05-08 15:00:00,0,0,0,0,62,False,2026-05-08 15:01:05,,,SKIP_NO_PRIOR_VALID
2894939,178,2026-05-08 16:00:00,0,0,0,0,62,False,2026-05-08 16:01:10,,,SKIP_NO_PRIOR_VALID
2895220,178,2026-05-08 17:00:00,0,0,0,0,62,False,2026-05-08 17:01:03,,,SKIP_NO_PRIOR_VALID
2895497,178,2026-05-08 18:00:00,0,0,0,0,62,False,2026-05-08 18:01:05,,,SKIP_NO_PRIOR_VALID
2895756,178,2026-05-08 19:00:00,0,0,0,0,62,False,2026-05-08 19:01:04,,,SKIP_NO_PRIOR_VALID
2896031,178,2026-05-08 20:00:00,0,0,0,0,62,False,2026-05-08 20:01:02,,,SKIP_NO_PRIOR_VALID
2896327,178,2026-05-08 21:00:00,0,0,0,0,62,False,2026-05-08 21:01:01,,,SKIP_NO_PRIOR_VALID
2896606,178,2026-05-08 22:00:00,0,0,0,0,62,False,2026-05-08 22:01:03,,,SKIP_NO_PRIOR_VALID
2896880,178,2026-05-08 23:00:00,0,0,0,0,62,False,2026-05-08 23:01:11,,,SKIP_NO_PRIOR_VALID
2897158,178,2026-05-09 00:00:00,0,0,0,0,63,False,2026-05-09 00:01:13,,,SKIP_NO_PRIOR_VALID
2897429,178,2026-05-09 01:00:00,0,0,0,0,63,False,2026-05-09 01:01:06,,,SKIP_NO_PRIOR_VALID
2897703,178,2026-05-09 02:00:00,0,0,0,0,63,False,2026-05-09 02:01:02,,,SKIP_NO_PRIOR_VALID
2897986,178,2026-05-09 03:00:00,0,0,0,0,63,False,2026-05-09 03:01:03,,,SKIP_NO_PRIOR_VALID
2898258,178,2026-05-09 04:00:00,0,0,0,0,63,False,2026-05-09 04:01:04,,,SKIP_NO_PRIOR_VALID
2898539,178,2026-05-09 05:00:00,0,0,0,0,63,False,2026-05-09 05:01:06,,,SKIP_NO_PRIOR_VALID
2898814,178,2026-05-09 06:00:00,0,0,0,0,63,False,2026-05-09 06:01:03,,,SKIP_NO_PRIOR_VALID
2899095,178,2026-05-09 07:00:00,0,0,0,0,63,False,2026-05-09 07:01:05,,,SKIP_NO_PRIOR_VALID
2899371,178,2026-05-09 08:00:00,0,0,0,0,63,False,2026-05-09 08:01:02,,,SKIP_NO_PRIOR_VALID
2899648,178,2026-05-09 09:00:00,0,0,0,0,63,False,2026-05-09 09:01:01,,,SKIP_NO_PRIOR_VALID
2899925,178,2026-05-09 10:00:00,0,0,0,0,63,False,2026-05-09 10:01:02,,,SKIP_NO_PRIOR_VALID
2900198,178,2026-05-09 11:00:00,0,0,0,0,63,False,2026-05-09 11:01:01,,,SKIP_NO_PRIOR_VALID
2900456,178,2026-05-09 12:00:00,0,0,0,0,63,False,2026-05-09 12:01:05,,,SKIP_NO_PRIOR_VALID
2900736,178,2026-05-09 13:00:00,0,0,0,0,63,False,2026-05-09 13:01:02,,,SKIP_NO_PRIOR_VALID
2901009,178,2026-05-09 14:00:00,0,0,0,0,63,False,2026-05-09 14:01:02,,,SKIP_NO_PRIOR_VALID
2901308,178,2026-05-09 15:00:00,0,0,0,0,63,False,2026-05-09 15:01:02,,,SKIP_NO_PRIOR_VALID
2901587,178,2026-05-09 16:00:00,0,0,0,0,63,False,2026-05-09 16:01:02,,,SKIP_NO_PRIOR_VALID
2901864,178,2026-05-09 17:00:00,0,0,0,0,63,False,2026-05-09 17:01:03,,,SKIP_NO_PRIOR_VALID
2902148,178,2026-05-09 18:00:00,0,0,0,0,63,False,2026-05-09 18:01:02,,,SKIP_NO_PRIOR_VALID
2902422,178,2026-05-09 19:00:00,0,0,0,0,63,False,2026-05-09 19:01:02,,,SKIP_NO_PRIOR_VALID
2902695,178,2026-05-09 20:00:00,0,0,0,0,63,False,2026-05-09 20:01:01,,,SKIP_NO_PRIOR_VALID
2902964,178,2026-05-09 21:00:00,0,0,0,0,63,False,2026-05-09 21:01:02,,,SKIP_NO_PRIOR_VALID
2903250,178,2026-05-09 22:00:00,0,0,0,0,63,False,2026-05-09 22:01:02,,,SKIP_NO_PRIOR_VALID
2903532,178,2026-05-09 23:00:00,0,0,0,0,63,False,2026-05-09 23:01:02,,,SKIP_NO_PRIOR_VALID
2903807,178,2026-05-10 00:00:00,0,0,0,0,64,False,2026-05-10 00:01:13,,,SKIP_NO_PRIOR_VALID
2904076,178,2026-05-10 01:00:00,0,0,0,0,64,False,2026-05-10 01:01:05,,,SKIP_NO_PRIOR_VALID
2904354,178,2026-05-10 02:00:00,0,0,0,0,64,False,2026-05-10 02:01:02,,,SKIP_NO_PRIOR_VALID
2904609,178,2026-05-10 03:00:00,0,0,0,0,64,False,2026-05-10 03:01:03,,,SKIP_NO_PRIOR_VALID
2904890,178,2026-05-10 04:00:00,0,0,0,0,64,False,2026-05-10 04:01:02,,,SKIP_NO_PRIOR_VALID
2905164,178,2026-05-10 05:00:00,0,0,0,0,64,False,2026-05-10 05:01:02,,,SKIP_NO_PRIOR_VALID
2905473,178,2026-05-10 06:00:00,0,0,0,0,64,False,2026-05-10 06:01:02,,,SKIP_NO_PRIOR_VALID
2905718,178,2026-05-10 07:00:00,0,0,0,0,64,False,2026-05-10 07:01:02,,,SKIP_NO_PRIOR_VALID
2906026,178,2026-05-10 08:00:00,0,0,0,0,64,False,2026-05-10 08:01:03,,,SKIP_NO_PRIOR_VALID
2906294,178,2026-05-10 09:00:00,0,0,0,0,64,False,2026-05-10 09:01:02,,,SKIP_NO_PRIOR_VALID
2906569,178,2026-05-10 10:00:00,0,0,0,0,64,False,2026-05-10 10:01:01,,,SKIP_NO_PRIOR_VALID
2906842,178,2026-05-10 11:00:00,0,0,0,0,64,False,2026-05-10 11:01:01,,,SKIP_NO_PRIOR_VALID
2907124,178,2026-05-10 12:00:00,0,0,0,0,64,False,2026-05-10 12:01:04,,,SKIP_NO_PRIOR_VALID
2907401,178,2026-05-10 13:00:00,0,0,0,0,64,False,2026-05-10 13:01:04,,,SKIP_NO_PRIOR_VALID
2907677,178,2026-05-10 14:00:00,0,0,0,0,64,False,2026-05-10 14:01:01,,,SKIP_NO_PRIOR_VALID
2907952,178,2026-05-10 15:00:00,0,0,0,0,64,False,2026-05-10 15:01:03,,,SKIP_NO_PRIOR_VALID
2908225,178,2026-05-10 16:00:00,0,0,0,0,64,False,2026-05-10 16:01:03,,,SKIP_NO_PRIOR_VALID
2908506,178,2026-05-10 17:00:00,0,0,0,0,64,False,2026-05-10 17:01:03,,,SKIP_NO_PRIOR_VALID
2908783,178,2026-05-10 18:00:00,0,0,0,0,64,False,2026-05-10 18:01:05,,,SKIP_NO_PRIOR_VALID
2909055,178,2026-05-10 19:00:00,0,0,0,0,64,False,2026-05-10 19:01:03,,,SKIP_NO_PRIOR_VALID
2909328,178,2026-05-10 20:00:00,0,0,0,0,64,False,2026-05-10 20:01:02,,,SKIP_NO_PRIOR_VALID
2909594,178,2026-05-10 21:00:00,0,0,0,0,64,False,2026-05-10 21:01:01,,,SKIP_NO_PRIOR_VALID
2909888,178,2026-05-10 22:00:00,0,0,0,0,64,False,2026-05-10 22:01:01,,,SKIP_NO_PRIOR_VALID
2910176,178,2026-05-10 23:00:00,0,0,0,0,64,False,2026-05-10 23:01:02,,,SKIP_NO_PRIOR_VALID
2910447,178,2026-05-11 00:00:00,0,0,0,0,65,False,2026-05-11 00:01:10,,,SKIP_NO_PRIOR_VALID
2910729,178,2026-05-11 01:00:00,0,0,0,0,65,False,2026-05-11 01:01:04,,,SKIP_NO_PRIOR_VALID
2910999,178,2026-05-11 02:00:00,0,0,0,0,65,False,2026-05-11 02:01:01,,,SKIP_NO_PRIOR_VALID
2911280,178,2026-05-11 03:00:00,0,0,0,0,65,False,2026-05-11 03:01:03,,,SKIP_NO_PRIOR_VALID
2911551,178,2026-05-11 04:00:00,0,0,0,0,65,False,2026-05-11 04:01:01,,,SKIP_NO_PRIOR_VALID
2911831,178,2026-05-11 05:00:00,0,0,0,0,65,False,2026-05-11 05:01:03,,,SKIP_NO_PRIOR_VALID
2912109,178,2026-05-11 06:00:00,0,0,0,0,65,False,2026-05-11 06:01:05,,,SKIP_NO_PRIOR_VALID
2912387,178,2026-05-11 07:00:00,0,0,0,0,65,False,2026-05-11 07:01:04,,,SKIP_NO_PRIOR_VALID
2912664,178,2026-05-11 08:00:00,0,0,0,0,65,False,2026-05-11 08:01:04,,,SKIP_NO_PRIOR_VALID
2912943,178,2026-05-11 09:00:00,0,0,0,0,65,False,2026-05-11 09:01:03,,,SKIP_NO_PRIOR_VALID
2913216,178,2026-05-11 10:00:00,0,0,0,0,65,False,2026-05-11 10:01:04,,,SKIP_NO_PRIOR_VALID
2913491,178,2026-05-11 11:00:00,0,0,0,0,65,False,2026-05-11 11:01:02,,,SKIP_NO_PRIOR_VALID
2913771,178,2026-05-11 12:00:00,0,0,0,0,65,False,2026-05-11 12:01:06,,,SKIP_NO_PRIOR_VALID
2914047,178,2026-05-11 13:00:00,0,0,0,0,65,False,2026-05-11 13:01:07,,,SKIP_NO_PRIOR_VALID
2914306,178,2026-05-11 14:00:00,0,0,0,0,65,False,2026-05-11 14:01:05,,,SKIP_NO_PRIOR_VALID
2914605,178,2026-05-11 15:00:00,0,0,0,0,65,False,2026-05-11 15:01:05,,,SKIP_NO_PRIOR_VALID
2914858,178,2026-05-11 16:00:00,0,0,0,0,65,False,2026-05-11 16:01:04,,,SKIP_NO_PRIOR_VALID
2915157,178,2026-05-11 17:00:00,0,0,0,0,65,False,2026-05-11 17:01:06,,,SKIP_NO_PRIOR_VALID
2915435,178,2026-05-11 18:00:00,0,0,0,0,65,False,2026-05-11 18:01:06,,,SKIP_NO_PRIOR_VALID
2915708,178,2026-05-11 19:00:00,0,0,0,0,65,False,2026-05-11 19:01:04,,,SKIP_NO_PRIOR_VALID
2915979,178,2026-05-11 20:00:00,0,0,0,0,65,False,2026-05-11 20:01:03,,,SKIP_NO_PRIOR_VALID
2916256,178,2026-05-11 21:00:00,0,0,0,0,65,False,2026-05-11 21:01:03,,,SKIP_NO_PRIOR_VALID
2916536,178,2026-05-11 22:00:00,0,0,0,0,65,False,2026-05-11 22:01:02,,,SKIP_NO_PRIOR_VALID
2916811,178,2026-05-11 23:00:00,0,0,0,0,65,False,2026-05-11 23:01:01,,,SKIP_NO_PRIOR_VALID
2917085,178,2026-05-12 00:00:00,0,0,0,0,66,False,2026-05-12 00:01:08,,,SKIP_NO_PRIOR_VALID
2917361,178,2026-05-12 01:00:00,0,0,0,0,66,False,2026-05-12 01:01:04,,,SKIP_NO_PRIOR_VALID
2917635,178,2026-05-12 02:00:00,0,0,0,0,66,False,2026-05-12 02:01:02,,,SKIP_NO_PRIOR_VALID
2917917,178,2026-05-12 03:00:00,0,0,0,0,66,False,2026-05-12 03:01:02,,,SKIP_NO_PRIOR_VALID
2918198,178,2026-05-12 04:00:00,0,0,0,0,66,False,2026-05-12 04:01:00,,,SKIP_NO_PRIOR_VALID
2918463,178,2026-05-12 05:00:00,0,0,0,0,66,False,2026-05-12 05:01:02,,,SKIP_NO_PRIOR_VALID
2918740,178,2026-05-12 06:00:00,0,0,0,0,66,False,2026-05-12 06:01:03,,,SKIP_NO_PRIOR_VALID
2918999,178,2026-05-12 07:00:00,0,0,0,0,66,False,2026-05-12 07:01:02,,,SKIP_NO_PRIOR_VALID
2919298,178,2026-05-12 08:00:00,0,0,0,0,66,False,2026-05-12 08:01:03,,,SKIP_NO_PRIOR_VALID
2919566,178,2026-05-12 09:00:00,0,0,0,0,66,False,2026-05-12 09:01:01,,,SKIP_NO_PRIOR_VALID
2919848,178,2026-05-12 10:00:00,0,0,0,0,66,False,2026-05-12 10:01:03,,,SKIP_NO_PRIOR_VALID
2920120,178,2026-05-12 11:00:00,0,0,0,0,66,False,2026-05-12 11:01:02,,,SKIP_NO_PRIOR_VALID
2920397,178,2026-05-12 12:00:00,0,0,0,0,66,False,2026-05-12 12:01:06,,,SKIP_NO_PRIOR_VALID
2920673,178,2026-05-12 13:00:00,0,0,0,0,66,False,2026-05-12 13:01:05,,,SKIP_NO_PRIOR_VALID
2920954,178,2026-05-12 14:00:00,0,0,0,0,66,False,2026-05-12 14:01:03,,,SKIP_NO_PRIOR_VALID
2921225,178,2026-05-12 15:00:00,0,0,0,0,66,False,2026-05-12 15:01:02,,,SKIP_NO_PRIOR_VALID
2921505,178,2026-05-12 16:00:00,0,0,0,0,66,False,2026-05-12 16:01:04,,,SKIP_NO_PRIOR_VALID
2921771,178,2026-05-12 17:00:00,0,0,0,0,66,False,2026-05-12 17:01:04,,,SKIP_NO_PRIOR_VALID
2922042,178,2026-05-12 18:00:00,0,0,0,0,66,False,2026-05-12 18:01:05,,,SKIP_NO_PRIOR_VALID
2923311,178,2026-05-12 19:00:00,0,0,0,0,66,False,2026-05-12 19:01:06,,,SKIP_NO_PRIOR_VALID
2923585,178,2026-05-12 20:00:00,0,0,0,0,66,False,2026-05-12 20:01:04,,,SKIP_NO_PRIOR_VALID
2923856,178,2026-05-12 21:00:00,0,0,0,0,66,False,2026-05-12 21:01:03,,,SKIP_NO_PRIOR_VALID
2924109,178,2026-05-12 22:00:00,0,0,0,0,66,False,2026-05-12 22:01:04,,,SKIP_NO_PRIOR_VALID
2924391,178,2026-05-12 23:00:00,0,0,0,0,66,False,2026-05-12 23:01:03,,,SKIP_NO_PRIOR_VALID
2924667,178,2026-05-13 00:00:00,0,0,0,0,67,False,2026-05-13 00:01:13,,,SKIP_NO_PRIOR_VALID
2924925,178,2026-05-13 01:00:00,0,0,0,0,67,False,2026-05-13 01:01:08,,,SKIP_NO_PRIOR_VALID
2925203,178,2026-05-13 02:00:00,0,0,0,0,67,False,2026-05-13 02:01:03,,,SKIP_NO_PRIOR_VALID
2925469,178,2026-05-13 03:00:00,0,0,0,0,67,False,2026-05-13 03:01:03,,,SKIP_NO_PRIOR_VALID
2925741,178,2026-05-13 04:00:00,0,0,0,0,67,False,2026-05-13 04:01:01,,,SKIP_NO_PRIOR_VALID
2926012,178,2026-05-13 05:00:00,0,0,0,0,67,False,2026-05-13 05:01:02,,,SKIP_NO_PRIOR_VALID
2926284,178,2026-05-13 06:00:00,0,0,0,0,67,False,2026-05-13 06:01:03,,,SKIP_NO_PRIOR_VALID
2926554,178,2026-05-13 07:00:00,0,0,0,0,67,False,2026-05-13 07:01:04,,,SKIP_NO_PRIOR_VALID
2926824,178,2026-05-13 08:00:00,0,0,0,0,67,False,2026-05-13 08:01:03,,,SKIP_NO_PRIOR_VALID
2927094,178,2026-05-13 09:00:00,0,0,0,0,67,False,2026-05-13 09:01:04,,,SKIP_NO_PRIOR_VALID
2927363,178,2026-05-13 10:00:00,0,0,0,0,67,False,2026-05-13 10:01:05,,,SKIP_NO_PRIOR_VALID
2927631,178,2026-05-13 11:00:00,0,0,0,0,67,False,2026-05-13 11:01:02,,,SKIP_NO_PRIOR_VALID
2927901,178,2026-05-13 12:00:00,0,0,0,0,67,False,2026-05-13 12:01:06,,,SKIP_NO_PRIOR_VALID
2928150,178,2026-05-13 13:00:00,0,0,0,0,67,False,2026-05-13 13:01:06,,,SKIP_NO_PRIOR_VALID
2928448,178,2026-05-13 14:00:00,0,0,0,0,67,False,2026-05-13 14:01:07,,,SKIP_NO_PRIOR_VALID
2928719,178,2026-05-13 15:00:00,0,0,0,0,67,False,2026-05-13 15:01:09,,,SKIP_NO_PRIOR_VALID
2928980,178,2026-05-13 16:00:00,0,0,0,0,67,False,2026-05-13 16:01:04,,,SKIP_NO_PRIOR_VALID
2929247,178,2026-05-13 17:00:00,0,0,0,0,67,False,2026-05-13 17:01:04,,,SKIP_NO_PRIOR_VALID
2929513,178,2026-05-13 18:00:00,0,0,0,0,67,False,2026-05-13 18:01:04,,,SKIP_NO_PRIOR_VALID
2929788,178,2026-05-13 19:00:00,0,0,0,0,67,False,2026-05-13 19:01:08,,,SKIP_NO_PRIOR_VALID
2930056,178,2026-05-13 20:00:00,0,0,0,0,67,False,2026-05-13 20:01:06,,,SKIP_NO_PRIOR_VALID
2930314,178,2026-05-13 21:00:00,0,0,0,0,67,False,2026-05-13 21:01:03,,,SKIP_NO_PRIOR_VALID
2930733,178,2026-05-14 04:00:00,0,0,0,0,68,False,2026-05-14 04:02:02,,,SKIP_NO_PRIOR_VALID
2931038,178,2026-05-14 05:00:00,0,0,0,0,68,False,2026-05-14 05:01:05,,,SKIP_NO_PRIOR_VALID
2931299,178,2026-05-14 06:00:00,0,0,0,0,68,False,2026-05-14 06:01:05,,,SKIP_NO_PRIOR_VALID
2931569,178,2026-05-14 07:00:00,0,0,0,0,68,False,2026-05-14 07:01:05,,,SKIP_NO_PRIOR_VALID
2931820,178,2026-05-14 08:00:00,0,0,0,0,68,False,2026-05-14 08:01:06,,,SKIP_NO_PRIOR_VALID
2932102,178,2026-05-14 09:00:00,0,0,0,0,68,False,2026-05-14 09:01:05,,,SKIP_NO_PRIOR_VALID
2932386,178,2026-05-14 10:00:00,0,0,0,0,68,False,2026-05-14 10:01:06,,,SKIP_NO_PRIOR_VALID
2932628,178,2026-05-14 11:00:00,0,0,0,0,68,False,2026-05-14 11:01:04,,,SKIP_NO_PRIOR_VALID
2932914,178,2026-05-14 12:00:00,0,0,0,0,68,False,2026-05-14 12:01:10,,,SKIP_NO_PRIOR_VALID
2933186,178,2026-05-14 13:00:00,0,0,0,0,68,False,2026-05-14 13:01:07,,,SKIP_NO_PRIOR_VALID
2933456,178,2026-05-14 14:00:00,0,0,0,0,68,False,2026-05-14 14:01:07,,,SKIP_NO_PRIOR_VALID
2933722,178,2026-05-14 15:00:00,0,0,0,0,68,False,2026-05-14 15:01:10,,,SKIP_NO_PRIOR_VALID
2933987,178,2026-05-14 16:00:00,0,0,0,0,68,False,2026-05-14 16:01:05,,,SKIP_NO_PRIOR_VALID
2934263,178,2026-05-14 17:00:00,0,0,0,0,68,False,2026-05-14 17:01:07,,,SKIP_NO_PRIOR_VALID
2934517,178,2026-05-14 18:00:00,0,0,0,0,68,False,2026-05-14 18:01:07,,,SKIP_NO_PRIOR_VALID
2934798,178,2026-05-14 19:00:00,0,0,0,0,68,False,2026-05-14 19:01:06,,,SKIP_NO_PRIOR_VALID
2935046,178,2026-05-14 20:00:00,0,0,0,0,68,False,2026-05-14 20:01:06,,,SKIP_NO_PRIOR_VALID
2935325,178,2026-05-14 21:00:00,0,0,0,0,68,False,2026-05-14 21:01:06,,,SKIP_NO_PRIOR_VALID
2935582,178,2026-05-14 22:00:00,0,0,0,0,68,False,2026-05-14 22:01:01,,,SKIP_NO_PRIOR_VALID
2935868,178,2026-05-14 23:00:00,0,0,0,0,68,False,2026-05-14 23:01:01,,,SKIP_NO_PRIOR_VALID
2936145,178,2026-05-15 00:00:00,0,0,0,0,69,False,2026-05-15 00:01:10,,,SKIP_NO_PRIOR_VALID
2936384,178,2026-05-15 01:00:00,0,0,0,0,69,False,2026-05-15 01:01:04,,,SKIP_NO_PRIOR_VALID
2936678,178,2026-05-15 02:00:00,0,0,0,0,69,False,2026-05-15 02:01:02,,,SKIP_NO_PRIOR_VALID
2936924,178,2026-05-15 03:00:00,0,0,0,0,69,False,2026-05-15 03:01:03,,,SKIP_NO_PRIOR_VALID
2937219,178,2026-05-15 04:00:00,0,0,0,0,69,False,2026-05-15 04:01:02,,,SKIP_NO_PRIOR_VALID
2937486,178,2026-05-15 05:00:00,0,0,0,0,69,False,2026-05-15 05:01:02,,,SKIP_NO_PRIOR_VALID
2937748,178,2026-05-15 06:00:00,0,0,0,0,69,False,2026-05-15 06:01:02,,,SKIP_NO_PRIOR_VALID
2938029,178,2026-05-15 07:00:00,0,0,0,0,69,False,2026-05-15 07:01:02,,,SKIP_NO_PRIOR_VALID
2938293,178,2026-05-15 08:00:00,0,0,0,0,69,False,2026-05-15 08:01:00,,,SKIP_NO_PRIOR_VALID
2938566,178,2026-05-15 09:00:00,0,0,0,0,69,False,2026-05-15 09:01:05,,,SKIP_NO_PRIOR_VALID
2938829,178,2026-05-15 10:00:00,0,0,0,0,69,False,2026-05-15 10:01:04,,,SKIP_NO_PRIOR_VALID
2939078,178,2026-05-15 11:00:00,0,0,0,0,69,False,2026-05-15 11:01:01,,,SKIP_NO_PRIOR_VALID
2939370,178,2026-05-15 12:00:00,0,0,0,0,69,False,2026-05-15 12:01:04,,,SKIP_NO_PRIOR_VALID
2939619,178,2026-05-15 13:00:00,0,0,0,0,69,False,2026-05-15 13:01:04,,,SKIP_NO_PRIOR_VALID
2939881,178,2026-05-15 14:00:00,0,0,0,0,69,False,2026-05-15 14:01:07,,,SKIP_NO_PRIOR_VALID
2940159,178,2026-05-15 15:00:00,0,0,0,0,69,False,2026-05-15 15:01:08,,,SKIP_NO_PRIOR_VALID
2940451,178,2026-05-15 16:00:00,0,0,0,0,69,False,2026-05-15 16:01:11,,,SKIP_NO_PRIOR_VALID
2940715,178,2026-05-15 17:00:00,0,0,0,0,69,False,2026-05-15 17:01:11,,,SKIP_NO_PRIOR_VALID
2940975,178,2026-05-15 18:00:00,0,0,0,0,69,False,2026-05-15 18:01:09,,,SKIP_NO_PRIOR_VALID
2941266,178,2026-05-15 19:00:00,0,0,0,0,0,False,2026-05-15 19:02:33,,,SKIP_NO_PRIOR_VALID
2941535,178,2026-05-15 20:00:00,0,0,0,0,0,False,2026-05-15 20:02:32,,,SKIP_NO_PRIOR_VALID
2941804,178,2026-05-15 21:00:00,0,0,0,0,0,False,2026-05-15 21:02:32,,,SKIP_NO_PRIOR_VALID
2942073,178,2026-05-15 22:00:00,0,0,0,0,0,False,2026-05-15 22:02:29,,,SKIP_NO_PRIOR_VALID
2942342,178,2026-05-15 23:00:00,0,0,0,0,0,False,2026-05-15 23:02:33,,,SKIP_NO_PRIOR_VALID
2942611,178,2026-05-16 00:00:00,0,0,0,0,0,False,2026-05-16 00:02:41,,,SKIP_NO_PRIOR_VALID
2942860,178,2026-05-16 01:00:00,0,0,0,0,0,False,2026-05-16 01:02:35,,,SKIP_NO_PRIOR_VALID
2943149,178,2026-05-16 02:00:00,0,0,0,0,0,False,2026-05-16 02:02:35,,,SKIP_NO_PRIOR_VALID
2943399,178,2026-05-16 03:00:00,0,0,0,0,70,False,2026-05-16 03:01:07,,,SKIP_NO_PRIOR_VALID
2943655,178,2026-05-16 04:00:00,0,0,0,0,70,False,2026-05-16 04:01:02,,,SKIP_NO_PRIOR_VALID
2943900,178,2026-05-16 05:00:00,0,0,0,0,70,False,2026-05-16 05:01:03,,,SKIP_NO_PRIOR_VALID
2944151,178,2026-05-16 06:00:00,0,0,0,0,70,False,2026-05-16 06:01:03,,,SKIP_NO_PRIOR_VALID
2944423,178,2026-05-16 07:00:00,0,0,0,0,70,False,2026-05-16 07:01:02,,,SKIP_NO_PRIOR_VALID
2944683,178,2026-05-16 08:00:00,0,0,0,0,70,False,2026-05-16 08:01:02,,,SKIP_NO_PRIOR_VALID
2944955,178,2026-05-16 09:00:00,0,0,0,0,70,False,2026-05-16 09:01:02,,,SKIP_NO_PRIOR_VALID
2945243,178,2026-05-16 10:00:00,0,0,0,0,70,False,2026-05-16 10:01:03,,,SKIP_NO_PRIOR_VALID
2945508,178,2026-05-16 11:00:00,0,0,0,0,70,False,2026-05-16 11:01:01,,,SKIP_NO_PRIOR_VALID
2945779,178,2026-05-16 12:00:00,0,0,0,0,70,False,2026-05-16 12:01:06,,,SKIP_NO_PRIOR_VALID
2946044,178,2026-05-16 13:00:00,0,0,0,0,70,False,2026-05-16 13:01:04,,,SKIP_NO_PRIOR_VALID
2946284,178,2026-05-16 14:00:00,0,0,0,0,70,False,2026-05-16 14:01:05,,,SKIP_NO_PRIOR_VALID
2946583,178,2026-05-16 15:00:00,0,0,0,0,70,False,2026-05-16 15:01:02,,,SKIP_NO_PRIOR_VALID
2946854,178,2026-05-16 16:00:00,0,0,0,0,70,False,2026-05-16 16:01:03,,,SKIP_NO_PRIOR_VALID
2947109,178,2026-05-16 17:00:00,0,0,0,0,70,False,2026-05-16 17:01:02,,,SKIP_NO_PRIOR_VALID
2947348,178,2026-05-16 18:00:00,0,0,0,0,70,False,2026-05-16 18:01:02,,,SKIP_NO_PRIOR_VALID
2947616,178,2026-05-16 19:00:00,0,0,0,0,70,False,2026-05-16 19:01:01,,,SKIP_NO_PRIOR_VALID
2947910,178,2026-05-16 20:00:00,0,0,0,0,70,False,2026-05-16 20:01:02,,,SKIP_NO_PRIOR_VALID
2948202,178,2026-05-16 21:00:00,0,0,0,0,70,False,2026-05-16 21:01:01,,,SKIP_NO_PRIOR_VALID
2948478,178,2026-05-16 22:00:00,0,0,0,0,70,False,2026-05-16 22:01:01,,,SKIP_NO_PRIOR_VALID
2948695,178,2026-05-16 23:00:00,0,0,0,0,0,False,2026-05-16 23:02:32,,,SKIP_NO_PRIOR_VALID
2948909,178,2026-05-17 00:00:00,0,0,0,0,71,False,2026-05-17 00:00:44,,,SKIP_NO_PRIOR_VALID
2949178,178,2026-05-17 01:00:00,0,0,0,0,71,False,2026-05-17 01:00:39,,,SKIP_NO_PRIOR_VALID
2949445,178,2026-05-17 02:00:00,0,0,0,0,71,False,2026-05-17 02:00:30,,,SKIP_NO_PRIOR_VALID
2949716,178,2026-05-17 03:00:00,0,0,0,0,71,False,2026-05-17 03:00:26,,,SKIP_NO_PRIOR_VALID
2949992,178,2026-05-17 04:00:00,0,0,0,0,71,False,2026-05-17 04:00:44,,,SKIP_NO_PRIOR_VALID
2950285,178,2026-05-17 05:00:00,0,0,0,0,71,False,2026-05-17 05:00:47,,,SKIP_NO_PRIOR_VALID
2950685,178,2026-05-17 06:00:00,0,0,0,0,71,False,2026-05-17 06:06:08,,,SKIP_NO_PRIOR_VALID
2950924,178,2026-05-17 07:00:00,0,0,0,0,71,False,2026-05-17 07:06:11,,,SKIP_NO_PRIOR_VALID
2951163,178,2026-05-17 08:00:00,0,0,0,0,71,False,2026-05-17 08:06:10,,,SKIP_NO_PRIOR_VALID
2951402,178,2026-05-17 09:00:00,0,0,0,0,71,False,2026-05-17 09:06:10,,,SKIP_NO_PRIOR_VALID
2951641,178,2026-05-17 10:00:00,0,0,0,0,71,False,2026-05-17 10:06:09,,,SKIP_NO_PRIOR_VALID
2951868,178,2026-05-17 11:00:00,0,0,0,0,71,False,2026-05-17 11:06:10,,,SKIP_NO_PRIOR_VALID
2952096,178,2026-05-17 12:00:00,0,0,0,0,71,False,2026-05-17 12:06:10,,,SKIP_NO_PRIOR_VALID
2952329,178,2026-05-17 13:00:00,0,0,0,0,71,False,2026-05-17 13:06:09,,,SKIP_NO_PRIOR_VALID
2952574,178,2026-05-17 14:00:00,0,0,0,0,71,False,2026-05-17 14:06:10,,,SKIP_NO_PRIOR_VALID
2952836,178,2026-05-17 15:00:00,0,0,0,0,71,False,2026-05-17 15:06:10,,,SKIP_NO_PRIOR_VALID
2953076,178,2026-05-17 16:00:00,0,0,0,0,71,False,2026-05-17 16:06:11,,,SKIP_NO_PRIOR_VALID
2953313,178,2026-05-17 17:00:00,0,0,0,0,71,False,2026-05-17 17:06:09,,,SKIP_NO_PRIOR_VALID
2953552,178,2026-05-17 18:00:00,0,0,0,0,71,False,2026-05-17 18:06:10,,,SKIP_NO_PRIOR_VALID
2953790,178,2026-05-17 19:00:00,0,0,0,0,71,False,2026-05-17 19:06:10,,,SKIP_NO_PRIOR_VALID
2954029,178,2026-05-17 20:00:00,0,0,0,0,71,False,2026-05-17 20:06:10,,,SKIP_NO_PRIOR_VALID
2954268,178,2026-05-17 21:00:00,0,0,0,0,71,False,2026-05-17 21:06:11,,,SKIP_NO_PRIOR_VALID
2954461,178,2026-05-17 22:00:00,0,0,0,0,71,False,2026-05-17 22:06:10,,,SKIP_NO_PRIOR_VALID
2954737,178,2026-05-17 23:00:00,0,0,0,0,71,False,2026-05-17 23:06:15,,,SKIP_NO_PRIOR_VALID
2955012,178,2026-05-18 00:00:00,0,0,0,0,72,False,2026-05-18 00:06:15,,,SKIP_NO_PRIOR_VALID
2955243,178,2026-05-18 01:00:00,0,0,0,0,72,False,2026-05-18 01:06:16,,,SKIP_NO_PRIOR_VALID
2955500,178,2026-05-18 02:00:00,0,0,0,0,72,False,2026-05-18 02:06:09,,,SKIP_NO_PRIOR_VALID
2955741,178,2026-05-18 03:00:00,0,0,0,0,72,False,2026-05-18 03:06:10,,,SKIP_NO_PRIOR_VALID
2955979,178,2026-05-18 04:00:00,0,0,0,0,72,False,2026-05-18 04:06:10,,,SKIP_NO_PRIOR_VALID
2956218,178,2026-05-18 05:00:00,0,0,0,0,72,False,2026-05-18 05:06:09,,,SKIP_NO_PRIOR_VALID
2956457,178,2026-05-18 06:00:00,0,0,0,0,72,False,2026-05-18 06:06:09,,,SKIP_NO_PRIOR_VALID
2956696,178,2026-05-18 07:00:00,0,0,0,0,72,False,2026-05-18 07:06:10,,,SKIP_NO_PRIOR_VALID
2956935,178,2026-05-18 08:00:00,0,0,0,0,72,False,2026-05-18 08:06:09,,,SKIP_NO_PRIOR_VALID
2957174,178,2026-05-18 09:00:00,0,0,0,0,72,False,2026-05-18 09:06:09,,,SKIP_NO_PRIOR_VALID
2957413,178,2026-05-18 10:00:00,0,0,0,0,72,False,2026-05-18 10:06:10,,,SKIP_NO_PRIOR_VALID
2957652,178,2026-05-18 11:00:00,0,0,0,0,72,False,2026-05-18 11:06:10,,,SKIP_NO_PRIOR_VALID
2957891,178,2026-05-18 12:00:00,0,0,0,0,72,False,2026-05-18 12:06:10,,,SKIP_NO_PRIOR_VALID
2958130,178,2026-05-18 13:00:00,0,0,0,0,72,False,2026-05-18 13:06:09,,,SKIP_NO_PRIOR_VALID
2958369,178,2026-05-18 14:00:00,0,0,0,0,72,False,2026-05-18 14:06:10,,,SKIP_NO_PRIOR_VALID
2958612,178,2026-05-18 15:00:00,0,0,0,0,72,False,2026-05-18 15:06:17,,,SKIP_NO_PRIOR_VALID
2941283,179,2026-05-15 19:00:00,0,9557,0,0,0,False,2026-05-15 19:04:53,9557,2026-05-15 18:00:00,SKIP_ALREADY_OK
2941552,179,2026-05-15 20:00:00,0,0,0,0,0,False,2026-05-15 20:04:48,9557,2026-05-15 18:00:00,CORRECT_TO_9557
2941821,179,2026-05-15 21:00:00,0,0,0,0,0,False,2026-05-15 21:04:48,9557,2026-05-15 18:00:00,CORRECT_TO_9557
2942090,179,2026-05-15 22:00:00,0,0,0,0,0,False,2026-05-15 22:04:45,9557,2026-05-15 18:00:00,CORRECT_TO_9557
2942359,179,2026-05-15 23:00:00,0,0,0,0,0,False,2026-05-15 23:04:49,9557,2026-05-15 18:00:00,CORRECT_TO_9557
2942628,179,2026-05-16 00:00:00,0,0,0,0,0,False,2026-05-16 00:04:57,9557,2026-05-15 18:00:00,CORRECT_TO_9557
2942897,179,2026-05-16 01:00:00,0,0,0,0,0,False,2026-05-16 01:04:50,9557,2026-05-15 18:00:00,CORRECT_TO_9557
2943166,179,2026-05-16 02:00:00,0,0,0,0,0,False,2026-05-16 02:04:51,9557,2026-05-15 18:00:00,CORRECT_TO_9557
2941303,182,2026-05-15 19:00:00,0,18164,0,0,0,False,2026-05-15 19:06:53,18164,2026-05-15 18:00:00,SKIP_ALREADY_OK
2941572,182,2026-05-15 20:00:00,0,0,0,0,0,False,2026-05-15 20:06:45,18164,2026-05-15 18:00:00,CORRECT_TO_18164
2941841,182,2026-05-15 21:00:00,0,0,0,0,0,False,2026-05-15 21:06:45,18164,2026-05-15 18:00:00,CORRECT_TO_18164
2942110,182,2026-05-15 22:00:00,0,0,0,0,0,False,2026-05-15 22:06:42,18164,2026-05-15 18:00:00,CORRECT_TO_18164
2942379,182,2026-05-15 23:00:00,0,0,0,0,0,False,2026-05-15 23:06:46,18164,2026-05-15 18:00:00,CORRECT_TO_18164
2942648,182,2026-05-16 00:00:00,0,0,0,0,0,False,2026-05-16 00:06:54,18164,2026-05-15 18:00:00,CORRECT_TO_18164
2942917,182,2026-05-16 01:00:00,0,0,0,0,0,False,2026-05-16 01:06:48,18164,2026-05-15 18:00:00,CORRECT_TO_18164
2943186,182,2026-05-16 02:00:00,0,0,0,0,0,False,2026-05-16 02:06:48,18164,2026-05-15 18:00:00,CORRECT_TO_18164
2941280,183,2026-05-15 19:00:00,0,2832,0,10,0,False,2026-05-15 19:04:24,2832,2026-05-15 18:00:00,SKIP_ALREADY_OK
2941549,183,2026-05-15 20:00:00,0,0,0,0,0,False,2026-05-15 20:04:21,2832,2026-05-15 18:00:00,CORRECT_TO_2832
2941818,183,2026-05-15 21:00:00,0,0,0,0,0,False,2026-05-15 21:04:21,2832,2026-05-15 18:00:00,CORRECT_TO_2832
2942087,183,2026-05-15 22:00:00,0,0,0,0,0,False,2026-05-15 22:04:18,2832,2026-05-15 18:00:00,CORRECT_TO_2832
2942356,183,2026-05-15 23:00:00,0,0,0,0,0,False,2026-05-15 23:04:22,2832,2026-05-15 18:00:00,CORRECT_TO_2832
2942625,183,2026-05-16 00:00:00,0,0,0,0,0,False,2026-05-16 00:04:30,2832,2026-05-15 18:00:00,CORRECT_TO_2832
2942894,183,2026-05-16 01:00:00,0,0,0,0,0,False,2026-05-16 01:04:23,2832,2026-05-15 18:00:00,CORRECT_TO_2832
2943163,183,2026-05-16 02:00:00,0,0,0,0,0,False,2026-05-16 02:04:24,2832,2026-05-15 18:00:00,CORRECT_TO_2832
2941273,184,2026-05-15 19:00:00,0,29956,0,0,0,False,2026-05-15 19:03:29,29956,2026-05-15 18:00:00,SKIP_ALREADY_OK
2941542,184,2026-05-15 20:00:00,0,0,0,0,0,False,2026-05-15 20:03:26,29956,2026-05-15 18:00:00,CORRECT_TO_29956
2941811,184,2026-05-15 21:00:00,0,0,0,0,0,False,2026-05-15 21:03:26,29956,2026-05-15 18:00:00,CORRECT_TO_29956
2942080,184,2026-05-15 22:00:00,0,0,0,0,0,False,2026-05-15 22:03:23,29956,2026-05-15 18:00:00,CORRECT_TO_29956
2942349,184,2026-05-15 23:00:00,0,0,0,0,0,False,2026-05-15 23:03:27,29956,2026-05-15 18:00:00,CORRECT_TO_29956
2942618,184,2026-05-16 00:00:00,0,0,0,0,0,False,2026-05-16 00:03:35,29956,2026-05-15 18:00:00,CORRECT_TO_29956
2942874,184,2026-05-16 01:00:00,0,0,0,0,0,False,2026-05-16 01:03:29,29956,2026-05-15 18:00:00,CORRECT_TO_29956
2943156,184,2026-05-16 02:00:00,0,0,0,0,0,False,2026-05-16 02:03:29,29956,2026-05-15 18:00:00,CORRECT_TO_29956
2941299,186,2026-05-15 19:00:00,0,250553,0,0,0,False,2026-05-15 19:06:17,250553,2026-05-15 18:00:00,SKIP_ALREADY_OK
2941568,186,2026-05-15 20:00:00,0,26370,0,0,0,False,2026-05-15 20:06:09,250553,2026-05-15 18:00:00,CORRECT_TO_250553
2941837,186,2026-05-15 21:00:00,0,26370,0,0,0,False,2026-05-15 21:06:09,250553,2026-05-15 18:00:00,CORRECT_TO_250553
2942105,186,2026-05-15 22:00:00,0,26370,0,0,0,False,2026-05-15 22:06:06,250553,2026-05-15 18:00:00,CORRECT_TO_250553
2942375,186,2026-05-15 23:00:00,0,26370,0,0,0,False,2026-05-15 23:06:10,250553,2026-05-15 18:00:00,CORRECT_TO_250553
2942644,186,2026-05-16 00:00:00,0,26370,0,0,0,False,2026-05-16 00:06:18,250553,2026-05-15 18:00:00,CORRECT_TO_250553
2942913,186,2026-05-16 01:00:00,0,26370,0,0,0,False,2026-05-16 01:06:12,250553,2026-05-15 18:00:00,CORRECT_TO_250553
2943182,186,2026-05-16 02:00:00,0,26370,0,0,0,False,2026-05-16 02:06:12,250553,2026-05-15 18:00:00,CORRECT_TO_250553
2941288,190,2026-05-15 19:00:00,0,53179,0,0,0,False,2026-05-15 19:05:21,53179,2026-05-15 18:00:00,SKIP_ALREADY_OK
2941557,190,2026-05-15 20:00:00,0,0,0,0,0,False,2026-05-15 20:05:15,53179,2026-05-15 18:00:00,CORRECT_TO_53179
2941826,190,2026-05-15 21:00:00,0,0,0,0,0,False,2026-05-15 21:05:15,53179,2026-05-15 18:00:00,CORRECT_TO_53179
2942094,190,2026-05-15 22:00:00,0,0,0,0,0,False,2026-05-15 22:05:12,53179,2026-05-15 18:00:00,CORRECT_TO_53179
2942364,190,2026-05-15 23:00:00,0,0,0,0,0,False,2026-05-15 23:05:16,53179,2026-05-15 18:00:00,CORRECT_TO_53179
2942633,190,2026-05-16 00:00:00,0,0,0,0,0,False,2026-05-16 00:05:24,53179,2026-05-15 18:00:00,CORRECT_TO_53179
2942902,190,2026-05-16 01:00:00,0,0,0,0,0,False,2026-05-16 01:05:18,53179,2026-05-15 18:00:00,CORRECT_TO_53179
2943171,190,2026-05-16 02:00:00,0,0,0,0,0,False,2026-05-16 02:05:18,53179,2026-05-15 18:00:00,CORRECT_TO_53179
2941292,191,2026-05-15 19:00:00,0,40904,0,0,0,False,2026-05-15 19:05:40,40904,2026-05-15 18:00:00,SKIP_ALREADY_OK
2941560,191,2026-05-15 20:00:00,0,0,0,0,0,False,2026-05-15 20:05:33,40904,2026-05-15 18:00:00,CORRECT_TO_40904
2941829,191,2026-05-15 21:00:00,0,0,0,0,0,False,2026-05-15 21:05:33,40904,2026-05-15 18:00:00,CORRECT_TO_40904
2942098,191,2026-05-15 22:00:00,0,0,0,0,0,False,2026-05-15 22:05:30,40904,2026-05-15 18:00:00,CORRECT_TO_40904
2942368,191,2026-05-15 23:00:00,0,0,0,0,0,False,2026-05-15 23:05:34,40904,2026-05-15 18:00:00,CORRECT_TO_40904
2942637,191,2026-05-16 00:00:00,0,0,0,0,0,False,2026-05-16 00:05:42,40904,2026-05-15 18:00:00,CORRECT_TO_40904
2942906,191,2026-05-16 01:00:00,0,0,0,0,0,False,2026-05-16 01:05:36,40904,2026-05-15 18:00:00,CORRECT_TO_40904
2943175,191,2026-05-16 02:00:00,0,0,0,0,0,False,2026-05-16 02:05:36,40904,2026-05-15 18:00:00,CORRECT_TO_40904
2854728,192,2026-05-01 04:00:00,0,0,0,0,6,False,2026-05-01 04:01:58,,,SKIP_NO_PRIOR_VALID
2854945,192,2026-05-01 05:00:00,0,0,0,0,6,False,2026-05-01 05:01:56,,,SKIP_NO_PRIOR_VALID
2855162,192,2026-05-01 06:00:00,0,0,0,0,6,False,2026-05-01 06:02:03,,,SKIP_NO_PRIOR_VALID
2855379,192,2026-05-01 07:00:00,0,0,0,0,6,False,2026-05-01 07:02:01,,,SKIP_NO_PRIOR_VALID
2855596,192,2026-05-01 08:00:00,0,0,0,0,7,False,2026-05-01 08:01:59,,,SKIP_NO_PRIOR_VALID
2855813,192,2026-05-01 09:00:00,0,0,0,0,7,False,2026-05-01 09:01:57,,,SKIP_NO_PRIOR_VALID
2856030,192,2026-05-01 10:00:00,0,0,0,0,7,False,2026-05-01 10:01:58,,,SKIP_NO_PRIOR_VALID
2856247,192,2026-05-01 11:00:00,0,0,0,0,7,False,2026-05-01 11:01:58,,,SKIP_NO_PRIOR_VALID
2856464,192,2026-05-01 12:00:00,0,0,0,0,7,False,2026-05-01 12:02:03,,,SKIP_NO_PRIOR_VALID
2856681,192,2026-05-01 13:00:00,0,0,0,0,7,False,2026-05-01 13:02:00,,,SKIP_NO_PRIOR_VALID
2856898,192,2026-05-01 14:00:00,0,0,0,0,7,False,2026-05-01 14:01:59,,,SKIP_NO_PRIOR_VALID
2857115,192,2026-05-01 15:00:00,0,0,0,0,7,False,2026-05-01 15:02:00,,,SKIP_NO_PRIOR_VALID
2857332,192,2026-05-01 16:00:00,0,0,0,0,7,False,2026-05-01 16:02:00,,,SKIP_NO_PRIOR_VALID
2857549,192,2026-05-01 17:00:00,0,0,0,0,7,False,2026-05-01 17:01:57,,,SKIP_NO_PRIOR_VALID
2857766,192,2026-05-01 18:00:00,0,0,0,0,7,False,2026-05-01 18:01:57,,,SKIP_NO_PRIOR_VALID
2857983,192,2026-05-01 19:00:00,0,0,0,0,7,False,2026-05-01 19:01:59,,,SKIP_NO_PRIOR_VALID
2858190,192,2026-05-01 20:00:00,0,0,0,0,7,False,2026-05-01 20:01:57,,,SKIP_NO_PRIOR_VALID
2858417,192,2026-05-01 21:00:00,0,0,0,0,7,False,2026-05-01 21:01:56,,,SKIP_NO_PRIOR_VALID
2858624,192,2026-05-01 22:00:00,0,0,0,0,7,False,2026-05-01 22:01:56,,,SKIP_NO_PRIOR_VALID
2858851,192,2026-05-01 23:00:00,0,0,0,0,7,False,2026-05-01 23:01:55,,,SKIP_NO_PRIOR_VALID
2859068,192,2026-05-02 00:00:00,0,0,0,0,7,False,2026-05-02 00:02:06,,,SKIP_NO_PRIOR_VALID
2859285,192,2026-05-02 01:00:00,0,0,0,0,7,False,2026-05-02 01:02:00,,,SKIP_NO_PRIOR_VALID
2859502,192,2026-05-02 02:00:00,0,0,0,0,7,False,2026-05-02 02:01:55,,,SKIP_NO_PRIOR_VALID
2859719,192,2026-05-02 03:00:00,0,0,0,0,7,False,2026-05-02 03:01:57,,,SKIP_NO_PRIOR_VALID
2859936,192,2026-05-02 04:00:00,0,0,0,0,7,False,2026-05-02 04:01:57,,,SKIP_NO_PRIOR_VALID
2860153,192,2026-05-02 05:00:00,0,0,0,0,7,False,2026-05-02 05:01:55,,,SKIP_NO_PRIOR_VALID
2860370,192,2026-05-02 06:00:00,0,0,0,0,7,False,2026-05-02 06:01:57,,,SKIP_NO_PRIOR_VALID
2860587,192,2026-05-02 07:00:00,0,0,0,0,7,False,2026-05-02 07:01:58,,,SKIP_NO_PRIOR_VALID
2860804,192,2026-05-02 08:00:00,0,0,0,0,8,False,2026-05-02 08:02:00,,,SKIP_NO_PRIOR_VALID
2861021,192,2026-05-02 09:00:00,0,0,0,0,8,False,2026-05-02 09:01:56,,,SKIP_NO_PRIOR_VALID
2861238,192,2026-05-02 10:00:00,0,0,0,0,8,False,2026-05-02 10:01:58,,,SKIP_NO_PRIOR_VALID
2861455,192,2026-05-02 11:00:00,0,0,0,0,8,False,2026-05-02 11:01:58,,,SKIP_NO_PRIOR_VALID
2861672,192,2026-05-02 12:00:00,0,0,0,0,8,False,2026-05-02 12:01:59,,,SKIP_NO_PRIOR_VALID
2861889,192,2026-05-02 13:00:00,0,0,0,0,8,False,2026-05-02 13:01:56,,,SKIP_NO_PRIOR_VALID
2862106,192,2026-05-02 14:00:00,0,0,0,0,8,False,2026-05-02 14:01:55,,,SKIP_NO_PRIOR_VALID
2862323,192,2026-05-02 15:00:00,0,0,0,0,8,False,2026-05-02 15:01:55,,,SKIP_NO_PRIOR_VALID
2862540,192,2026-05-02 16:00:00,0,0,0,0,8,False,2026-05-02 16:01:57,,,SKIP_NO_PRIOR_VALID
2862757,192,2026-05-02 17:00:00,0,0,0,0,8,False,2026-05-02 17:01:56,,,SKIP_NO_PRIOR_VALID
2862974,192,2026-05-02 18:00:00,0,0,0,0,8,False,2026-05-02 18:01:57,,,SKIP_NO_PRIOR_VALID
2863191,192,2026-05-02 19:00:00,0,0,0,0,8,False,2026-05-02 19:01:57,,,SKIP_NO_PRIOR_VALID
2863408,192,2026-05-02 20:00:00,0,0,0,0,8,False,2026-05-02 20:01:55,,,SKIP_NO_PRIOR_VALID
2863625,192,2026-05-02 21:00:00,0,0,0,0,8,False,2026-05-02 21:01:57,,,SKIP_NO_PRIOR_VALID
2863842,192,2026-05-02 22:00:00,0,0,0,0,8,False,2026-05-02 22:01:55,,,SKIP_NO_PRIOR_VALID
2864023,192,2026-05-02 23:00:00,0,0,0,0,8,False,2026-05-02 23:01:56,,,SKIP_NO_PRIOR_VALID
2864276,192,2026-05-03 00:00:00,0,0,0,0,8,False,2026-05-03 00:02:11,,,SKIP_NO_PRIOR_VALID
2864489,192,2026-05-03 01:00:00,0,0,0,0,8,False,2026-05-03 01:01:58,,,SKIP_NO_PRIOR_VALID
2864710,192,2026-05-03 02:00:00,0,0,0,0,8,False,2026-05-03 02:01:57,,,SKIP_NO_PRIOR_VALID
2864917,192,2026-05-03 03:00:00,0,0,0,0,8,False,2026-05-03 03:01:55,,,SKIP_NO_PRIOR_VALID
2865144,192,2026-05-03 04:00:00,0,0,0,0,8,False,2026-05-03 04:01:56,,,SKIP_NO_PRIOR_VALID
2865361,192,2026-05-03 05:00:00,0,0,0,0,8,False,2026-05-03 05:01:55,,,SKIP_NO_PRIOR_VALID
2865578,192,2026-05-03 06:00:00,0,0,0,0,8,False,2026-05-03 06:01:58,,,SKIP_NO_PRIOR_VALID
2865795,192,2026-05-03 07:00:00,0,0,0,0,8,False,2026-05-03 07:01:55,,,SKIP_NO_PRIOR_VALID
2866012,192,2026-05-03 08:00:00,0,0,0,0,9,False,2026-05-03 08:01:57,,,SKIP_NO_PRIOR_VALID
2866229,192,2026-05-03 09:00:00,0,0,0,0,9,False,2026-05-03 09:01:57,,,SKIP_NO_PRIOR_VALID
2866446,192,2026-05-03 10:00:00,0,0,0,0,9,False,2026-05-03 10:01:55,,,SKIP_NO_PRIOR_VALID
2866663,192,2026-05-03 11:00:00,0,0,0,0,9,False,2026-05-03 11:01:56,,,SKIP_NO_PRIOR_VALID
2866880,192,2026-05-03 12:00:00,0,0,0,0,9,False,2026-05-03 12:01:58,,,SKIP_NO_PRIOR_VALID
2867097,192,2026-05-03 13:00:00,0,0,0,0,9,False,2026-05-03 13:01:58,,,SKIP_NO_PRIOR_VALID
2867314,192,2026-05-03 14:00:00,0,0,0,0,9,False,2026-05-03 14:01:57,,,SKIP_NO_PRIOR_VALID
2867531,192,2026-05-03 15:00:00,0,0,0,0,9,False,2026-05-03 15:01:56,,,SKIP_NO_PRIOR_VALID
2867748,192,2026-05-03 16:00:00,0,0,0,0,9,False,2026-05-03 16:01:59,,,SKIP_NO_PRIOR_VALID
2867965,192,2026-05-03 17:00:00,0,0,0,0,9,False,2026-05-03 17:01:58,,,SKIP_NO_PRIOR_VALID
2868182,192,2026-05-03 18:00:00,0,0,0,0,9,False,2026-05-03 18:01:57,,,SKIP_NO_PRIOR_VALID
2868399,192,2026-05-03 19:00:00,0,0,0,0,9,False,2026-05-03 19:01:57,,,SKIP_NO_PRIOR_VALID
2868616,192,2026-05-03 20:00:00,0,0,0,0,9,False,2026-05-03 20:01:59,,,SKIP_NO_PRIOR_VALID
2868833,192,2026-05-03 21:00:00,0,0,0,0,9,False,2026-05-03 21:01:56,,,SKIP_NO_PRIOR_VALID
2869050,192,2026-05-03 22:00:00,0,0,0,0,9,False,2026-05-03 22:01:55,,,SKIP_NO_PRIOR_VALID
2869267,192,2026-05-03 23:00:00,0,0,0,0,9,False,2026-05-03 23:01:56,,,SKIP_NO_PRIOR_VALID
2869484,192,2026-05-04 00:00:00,0,0,0,0,9,False,2026-05-04 00:02:10,,,SKIP_NO_PRIOR_VALID
2869694,192,2026-05-04 01:00:00,0,0,0,0,9,False,2026-05-04 01:01:59,,,SKIP_NO_PRIOR_VALID
2869915,192,2026-05-04 02:00:00,0,0,0,0,9,False,2026-05-04 02:01:56,,,SKIP_NO_PRIOR_VALID
2870135,192,2026-05-04 03:00:00,0,0,0,0,9,False,2026-05-04 03:01:59,,,SKIP_NO_PRIOR_VALID
2870352,192,2026-05-04 04:00:00,0,0,0,0,9,False,2026-05-04 04:01:58,,,SKIP_NO_PRIOR_VALID
2870569,192,2026-05-04 05:00:00,0,0,0,0,9,False,2026-05-04 05:01:56,,,SKIP_NO_PRIOR_VALID
2870786,192,2026-05-04 06:00:00,0,0,0,0,9,False,2026-05-04 06:01:58,,,SKIP_NO_PRIOR_VALID
2871003,192,2026-05-04 07:00:00,0,0,0,0,9,False,2026-05-04 07:01:57,,,SKIP_NO_PRIOR_VALID
2871220,192,2026-05-04 08:00:00,0,0,0,0,10,False,2026-05-04 08:01:55,,,SKIP_NO_PRIOR_VALID
2871437,192,2026-05-04 09:00:00,0,0,0,0,10,False,2026-05-04 09:01:57,,,SKIP_NO_PRIOR_VALID
2871654,192,2026-05-04 10:00:00,0,0,0,0,10,False,2026-05-04 10:01:57,,,SKIP_NO_PRIOR_VALID
2871871,192,2026-05-04 11:00:00,0,0,0,0,10,False,2026-05-04 11:01:56,,,SKIP_NO_PRIOR_VALID
2872088,192,2026-05-04 12:00:00,0,0,0,0,10,False,2026-05-04 12:01:57,,,SKIP_NO_PRIOR_VALID
2872305,192,2026-05-04 13:00:00,0,0,0,0,10,False,2026-05-04 13:01:57,,,SKIP_NO_PRIOR_VALID
2872522,192,2026-05-04 14:00:00,0,0,0,0,10,False,2026-05-04 14:01:58,,,SKIP_NO_PRIOR_VALID
2872739,192,2026-05-04 15:00:00,0,0,0,0,10,False,2026-05-04 15:01:53,,,SKIP_NO_PRIOR_VALID
2872956,192,2026-05-04 16:00:00,0,0,0,0,10,False,2026-05-04 16:01:58,,,SKIP_NO_PRIOR_VALID
2873173,192,2026-05-04 17:00:00,0,0,0,0,10,False,2026-05-04 17:01:57,,,SKIP_NO_PRIOR_VALID
2873390,192,2026-05-04 18:00:00,0,0,0,0,10,False,2026-05-04 18:01:58,,,SKIP_NO_PRIOR_VALID
2873607,192,2026-05-04 19:00:00,0,0,0,0,10,False,2026-05-04 19:01:55,,,SKIP_NO_PRIOR_VALID
2873824,192,2026-05-04 20:00:00,0,0,0,0,10,False,2026-05-04 20:01:58,,,SKIP_NO_PRIOR_VALID
2874041,192,2026-05-04 21:00:00,0,0,0,0,10,False,2026-05-04 21:01:56,,,SKIP_NO_PRIOR_VALID
2874258,192,2026-05-04 22:00:00,0,0,0,0,10,False,2026-05-04 22:01:57,,,SKIP_NO_PRIOR_VALID
2874475,192,2026-05-04 23:00:00,0,0,0,0,10,False,2026-05-04 23:01:55,,,SKIP_NO_PRIOR_VALID
2874692,192,2026-05-05 00:00:00,0,0,0,0,10,False,2026-05-05 00:02:02,,,SKIP_NO_PRIOR_VALID
2874909,192,2026-05-05 01:00:00,0,0,0,0,10,False,2026-05-05 01:01:57,,,SKIP_NO_PRIOR_VALID
2875126,192,2026-05-05 02:00:00,0,0,0,0,10,False,2026-05-05 02:01:55,,,SKIP_NO_PRIOR_VALID
2875343,192,2026-05-05 03:00:00,0,0,0,0,10,False,2026-05-05 03:01:55,,,SKIP_NO_PRIOR_VALID
2875560,192,2026-05-05 04:00:00,0,0,0,0,10,False,2026-05-05 04:01:53,,,SKIP_NO_PRIOR_VALID
2875773,192,2026-05-05 05:00:00,0,0,0,0,10,False,2026-05-05 05:01:52,,,SKIP_NO_PRIOR_VALID
2875994,192,2026-05-05 06:00:00,0,0,0,0,10,False,2026-05-05 06:01:54,,,SKIP_NO_PRIOR_VALID
2876211,192,2026-05-05 07:00:00,0,0,0,0,10,False,2026-05-05 07:01:55,,,SKIP_NO_PRIOR_VALID
2876428,192,2026-05-05 08:00:00,0,0,0,0,11,False,2026-05-05 08:02:01,,,SKIP_NO_PRIOR_VALID
2876645,192,2026-05-05 09:00:00,0,0,0,0,11,False,2026-05-05 09:02:00,,,SKIP_NO_PRIOR_VALID
2876862,192,2026-05-05 10:00:00,0,0,0,0,11,False,2026-05-05 10:02:00,,,SKIP_NO_PRIOR_VALID
2877079,192,2026-05-05 11:00:00,0,0,0,0,11,False,2026-05-05 11:01:53,,,SKIP_NO_PRIOR_VALID
2877296,192,2026-05-05 12:00:00,0,0,0,0,11,False,2026-05-05 12:01:56,,,SKIP_NO_PRIOR_VALID
2877513,192,2026-05-05 13:00:00,0,0,0,0,11,False,2026-05-05 13:01:58,,,SKIP_NO_PRIOR_VALID
2877722,192,2026-05-05 14:00:00,0,0,0,0,11,False,2026-05-05 14:01:57,,,SKIP_NO_PRIOR_VALID
2877947,192,2026-05-05 15:00:00,0,0,0,0,11,False,2026-05-05 15:01:56,,,SKIP_NO_PRIOR_VALID
2878164,192,2026-05-05 16:00:00,0,0,0,0,11,False,2026-05-05 16:01:55,,,SKIP_NO_PRIOR_VALID
2878381,192,2026-05-05 17:00:00,0,0,0,0,11,False,2026-05-05 17:01:57,,,SKIP_NO_PRIOR_VALID
2878598,192,2026-05-05 18:00:00,0,0,0,0,11,False,2026-05-05 18:01:55,,,SKIP_NO_PRIOR_VALID
2878811,192,2026-05-05 19:00:00,0,0,0,0,11,False,2026-05-05 19:01:56,,,SKIP_NO_PRIOR_VALID
2879029,192,2026-05-05 20:00:00,0,0,0,0,11,False,2026-05-05 20:01:56,,,SKIP_NO_PRIOR_VALID
2879249,192,2026-05-05 21:00:00,0,0,0,0,11,False,2026-05-05 21:01:55,,,SKIP_NO_PRIOR_VALID
2879466,192,2026-05-05 22:00:00,0,0,0,0,11,False,2026-05-05 22:01:55,,,SKIP_NO_PRIOR_VALID
2879683,192,2026-05-05 23:00:00,0,0,0,0,11,False,2026-05-05 23:01:53,,,SKIP_NO_PRIOR_VALID
2879900,192,2026-05-06 00:00:00,0,0,0,0,11,False,2026-05-06 00:02:02,,,SKIP_NO_PRIOR_VALID
2880117,192,2026-05-06 01:00:00,0,0,0,0,11,False,2026-05-06 01:01:55,,,SKIP_NO_PRIOR_VALID
2880334,192,2026-05-06 02:00:00,0,0,0,0,11,False,2026-05-06 02:01:55,,,SKIP_NO_PRIOR_VALID
2880551,192,2026-05-06 03:00:00,0,0,0,0,11,False,2026-05-06 03:01:54,,,SKIP_NO_PRIOR_VALID
2880768,192,2026-05-06 04:00:00,0,0,0,0,11,False,2026-05-06 04:01:52,,,SKIP_NO_PRIOR_VALID
2880985,192,2026-05-06 05:00:00,0,0,0,0,11,False,2026-05-06 05:01:52,,,SKIP_NO_PRIOR_VALID
2881202,192,2026-05-06 06:00:00,0,0,0,0,11,False,2026-05-06 06:01:54,,,SKIP_NO_PRIOR_VALID
2881419,192,2026-05-06 07:00:00,0,0,0,0,11,False,2026-05-06 07:01:54,,,SKIP_NO_PRIOR_VALID
2881636,192,2026-05-06 08:00:00,0,0,0,0,12,False,2026-05-06 08:01:54,,,SKIP_NO_PRIOR_VALID
2881853,192,2026-05-06 09:00:00,0,0,0,0,12,False,2026-05-06 09:01:54,,,SKIP_NO_PRIOR_VALID
2882066,192,2026-05-06 10:00:00,0,0,0,0,12,False,2026-05-06 10:01:56,,,SKIP_NO_PRIOR_VALID
2882287,192,2026-05-06 11:00:00,0,0,0,0,12,False,2026-05-06 11:01:53,,,SKIP_NO_PRIOR_VALID
2882504,192,2026-05-06 12:00:00,0,0,0,0,12,False,2026-05-06 12:01:58,,,SKIP_NO_PRIOR_VALID
2882715,192,2026-05-06 13:00:00,0,0,0,0,12,False,2026-05-06 13:01:56,,,SKIP_NO_PRIOR_VALID
2882929,192,2026-05-06 14:00:00,0,0,0,0,12,False,2026-05-06 14:01:55,,,SKIP_NO_PRIOR_VALID
2883151,192,2026-05-06 15:00:00,0,0,0,0,12,False,2026-05-06 15:01:57,,,SKIP_NO_PRIOR_VALID
2883368,192,2026-05-06 16:00:00,0,0,0,0,12,False,2026-05-06 16:01:59,,,SKIP_NO_PRIOR_VALID
2883589,192,2026-05-06 17:00:00,0,0,0,0,12,False,2026-05-06 17:01:56,,,SKIP_NO_PRIOR_VALID
2883806,192,2026-05-06 18:00:00,0,0,0,0,12,False,2026-05-06 18:01:57,,,SKIP_NO_PRIOR_VALID
2884023,192,2026-05-06 19:00:00,0,0,0,0,12,False,2026-05-06 19:01:55,,,SKIP_NO_PRIOR_VALID
2884240,192,2026-05-06 20:00:00,0,0,0,0,12,False,2026-05-06 20:01:57,,,SKIP_NO_PRIOR_VALID
2884457,192,2026-05-06 21:00:00,0,0,0,0,12,False,2026-05-06 21:01:54,,,SKIP_NO_PRIOR_VALID
2884674,192,2026-05-06 22:00:00,0,0,0,0,12,False,2026-05-06 22:01:59,,,SKIP_NO_PRIOR_VALID
2884891,192,2026-05-06 23:00:00,0,0,0,0,12,False,2026-05-06 23:01:54,,,SKIP_NO_PRIOR_VALID
2885108,192,2026-05-07 00:00:00,0,0,0,0,12,False,2026-05-07 00:02:06,,,SKIP_NO_PRIOR_VALID
2885323,192,2026-05-07 01:00:00,0,0,0,0,12,False,2026-05-07 01:01:57,,,SKIP_NO_PRIOR_VALID
2885542,192,2026-05-07 02:00:00,0,0,0,0,12,False,2026-05-07 02:01:55,,,SKIP_NO_PRIOR_VALID
2885759,192,2026-05-07 03:00:00,0,0,0,0,12,False,2026-05-07 03:01:55,,,SKIP_NO_PRIOR_VALID
2885976,192,2026-05-07 04:00:00,0,0,0,0,12,False,2026-05-07 04:01:56,,,SKIP_NO_PRIOR_VALID
2886193,192,2026-05-07 05:00:00,0,0,0,0,12,False,2026-05-07 05:01:55,,,SKIP_NO_PRIOR_VALID
2886410,192,2026-05-07 06:00:00,0,0,0,0,12,False,2026-05-07 06:01:55,,,SKIP_NO_PRIOR_VALID
2886627,192,2026-05-07 07:00:00,0,0,0,0,12,False,2026-05-07 07:01:56,,,SKIP_NO_PRIOR_VALID
2886844,192,2026-05-07 08:00:00,0,0,0,0,13,False,2026-05-07 08:01:55,,,SKIP_NO_PRIOR_VALID
2887061,192,2026-05-07 09:00:00,0,0,0,0,13,False,2026-05-07 09:01:55,,,SKIP_NO_PRIOR_VALID
2887277,192,2026-05-07 10:00:00,0,0,0,0,13,False,2026-05-07 10:01:54,,,SKIP_NO_PRIOR_VALID
2887495,192,2026-05-07 11:00:00,0,0,0,0,13,False,2026-05-07 11:01:55,,,SKIP_NO_PRIOR_VALID
2887712,192,2026-05-07 12:00:00,0,0,0,0,13,False,2026-05-07 12:01:56,,,SKIP_NO_PRIOR_VALID
2887929,192,2026-05-07 13:00:00,0,0,0,0,13,False,2026-05-07 13:01:56,,,SKIP_NO_PRIOR_VALID
2888146,192,2026-05-07 14:00:00,0,0,0,0,13,False,2026-05-07 14:01:58,,,SKIP_NO_PRIOR_VALID
2888363,192,2026-05-07 15:00:00,0,0,0,0,13,False,2026-05-07 15:01:58,,,SKIP_NO_PRIOR_VALID
2888580,192,2026-05-07 16:00:00,0,0,0,0,13,False,2026-05-07 16:02:00,,,SKIP_NO_PRIOR_VALID
2888797,192,2026-05-07 17:00:00,0,0,0,0,13,False,2026-05-07 17:01:58,,,SKIP_NO_PRIOR_VALID
2889014,192,2026-05-07 18:00:00,0,0,0,0,13,False,2026-05-07 18:01:58,,,SKIP_NO_PRIOR_VALID
2889231,192,2026-05-07 19:00:00,0,0,0,0,13,False,2026-05-07 19:01:58,,,SKIP_NO_PRIOR_VALID
2889448,192,2026-05-07 20:00:00,0,0,0,0,13,False,2026-05-07 20:01:58,,,SKIP_NO_PRIOR_VALID
2889717,192,2026-05-07 21:00:00,0,0,0,0,13,False,2026-05-07 21:01:56,,,SKIP_NO_PRIOR_VALID
2889994,192,2026-05-07 22:00:00,0,0,0,0,13,False,2026-05-07 22:01:58,,,SKIP_NO_PRIOR_VALID
2890271,192,2026-05-07 23:00:00,0,0,0,0,13,False,2026-05-07 23:01:56,,,SKIP_NO_PRIOR_VALID
2890548,192,2026-05-08 00:00:00,0,0,0,0,13,False,2026-05-08 00:02:03,,,SKIP_NO_PRIOR_VALID
2890825,192,2026-05-08 01:00:00,0,0,0,0,13,False,2026-05-08 01:02:04,,,SKIP_NO_PRIOR_VALID
2891102,192,2026-05-08 02:00:00,0,0,0,0,13,False,2026-05-08 02:01:59,,,SKIP_NO_PRIOR_VALID
2891379,192,2026-05-08 03:00:00,0,0,0,0,13,False,2026-05-08 03:01:57,,,SKIP_NO_PRIOR_VALID
2891656,192,2026-05-08 04:00:00,0,0,0,0,13,False,2026-05-08 04:01:57,,,SKIP_NO_PRIOR_VALID
2891932,192,2026-05-08 05:00:00,0,0,0,0,13,False,2026-05-08 05:01:55,,,SKIP_NO_PRIOR_VALID
2892185,192,2026-05-08 06:00:00,0,0,0,0,13,False,2026-05-08 06:02:00,,,SKIP_NO_PRIOR_VALID
2892487,192,2026-05-08 07:00:00,0,0,0,0,13,False,2026-05-08 07:01:58,,,SKIP_NO_PRIOR_VALID
2892764,192,2026-05-08 08:00:00,0,0,0,0,14,False,2026-05-08 08:01:57,,,SKIP_NO_PRIOR_VALID
2893041,192,2026-05-08 09:00:00,0,0,0,0,14,False,2026-05-08 09:01:56,,,SKIP_NO_PRIOR_VALID
2893318,192,2026-05-08 10:00:00,0,0,0,0,14,False,2026-05-08 10:01:55,,,SKIP_NO_PRIOR_VALID
2893595,192,2026-05-08 11:00:00,0,0,0,0,14,False,2026-05-08 11:01:54,,,SKIP_NO_PRIOR_VALID
2893869,192,2026-05-08 12:00:00,0,0,0,0,14,False,2026-05-08 12:01:57,,,SKIP_NO_PRIOR_VALID
2894143,192,2026-05-08 13:00:00,0,0,0,0,14,False,2026-05-08 13:01:57,,,SKIP_NO_PRIOR_VALID
2894426,192,2026-05-08 14:00:00,0,0,0,0,14,False,2026-05-08 14:01:57,,,SKIP_NO_PRIOR_VALID
2894703,192,2026-05-08 15:00:00,0,0,0,0,14,False,2026-05-08 15:02:00,,,SKIP_NO_PRIOR_VALID
2894980,192,2026-05-08 16:00:00,0,0,0,0,14,False,2026-05-08 16:02:04,,,SKIP_NO_PRIOR_VALID
2895257,192,2026-05-08 17:00:00,0,0,0,0,14,False,2026-05-08 17:01:57,,,SKIP_NO_PRIOR_VALID
2895534,192,2026-05-08 18:00:00,0,0,0,0,14,False,2026-05-08 18:01:58,,,SKIP_NO_PRIOR_VALID
2895800,192,2026-05-08 19:00:00,0,0,0,0,14,False,2026-05-08 19:01:58,,,SKIP_NO_PRIOR_VALID
2896088,192,2026-05-08 20:00:00,0,0,0,0,14,False,2026-05-08 20:01:56,,,SKIP_NO_PRIOR_VALID
2896357,192,2026-05-08 21:00:00,0,0,0,0,14,False,2026-05-08 21:01:55,,,SKIP_NO_PRIOR_VALID
2896642,192,2026-05-08 22:00:00,0,0,0,0,14,False,2026-05-08 22:01:56,,,SKIP_NO_PRIOR_VALID
2896919,192,2026-05-08 23:00:00,0,0,0,0,14,False,2026-05-08 23:02:04,,,SKIP_NO_PRIOR_VALID
2897197,192,2026-05-09 00:00:00,0,0,0,0,14,False,2026-05-09 00:02:07,,,SKIP_NO_PRIOR_VALID
2897473,192,2026-05-09 01:00:00,0,0,0,0,14,False,2026-05-09 01:02:00,,,SKIP_NO_PRIOR_VALID
2897750,192,2026-05-09 02:00:00,0,0,0,0,14,False,2026-05-09 02:01:56,,,SKIP_NO_PRIOR_VALID
2898027,192,2026-05-09 03:00:00,0,0,0,0,14,False,2026-05-09 03:01:57,,,SKIP_NO_PRIOR_VALID
2898304,192,2026-05-09 04:00:00,0,0,0,0,14,False,2026-05-09 04:01:58,,,SKIP_NO_PRIOR_VALID
2898581,192,2026-05-09 05:00:00,0,0,0,0,14,False,2026-05-09 05:02:00,,,SKIP_NO_PRIOR_VALID
2898858,192,2026-05-09 06:00:00,0,0,0,0,14,False,2026-05-09 06:01:56,,,SKIP_NO_PRIOR_VALID
2899135,192,2026-05-09 07:00:00,0,0,0,0,14,False,2026-05-09 07:01:58,,,SKIP_NO_PRIOR_VALID
2899412,192,2026-05-09 08:00:00,0,0,0,0,15,False,2026-05-09 08:01:57,,,SKIP_NO_PRIOR_VALID
2899689,192,2026-05-09 09:00:00,0,0,0,0,15,False,2026-05-09 09:01:55,,,SKIP_NO_PRIOR_VALID
2899958,192,2026-05-09 10:00:00,0,0,0,0,15,False,2026-05-09 10:01:56,,,SKIP_NO_PRIOR_VALID
2900227,192,2026-05-09 11:00:00,0,0,0,0,15,False,2026-05-09 11:01:54,,,SKIP_NO_PRIOR_VALID
2900519,192,2026-05-09 12:00:00,0,0,0,0,15,False,2026-05-09 12:01:59,,,SKIP_NO_PRIOR_VALID
2900760,192,2026-05-09 13:00:00,0,0,0,0,15,False,2026-05-09 13:01:56,,,SKIP_NO_PRIOR_VALID
2901040,192,2026-05-09 14:00:00,0,0,0,0,15,False,2026-05-09 14:01:55,,,SKIP_NO_PRIOR_VALID
2901351,192,2026-05-09 15:00:00,0,0,0,0,15,False,2026-05-09 15:01:55,,,SKIP_NO_PRIOR_VALID
2901628,192,2026-05-09 16:00:00,0,0,0,0,15,False,2026-05-09 16:01:56,,,SKIP_NO_PRIOR_VALID
2901905,192,2026-05-09 17:00:00,0,0,0,0,15,False,2026-05-09 17:01:56,,,SKIP_NO_PRIOR_VALID
2902182,192,2026-05-09 18:00:00,0,0,0,0,15,False,2026-05-09 18:01:56,,,SKIP_NO_PRIOR_VALID
2902459,192,2026-05-09 19:00:00,0,0,0,0,15,False,2026-05-09 19:01:55,,,SKIP_NO_PRIOR_VALID
2902736,192,2026-05-09 20:00:00,0,0,0,0,15,False,2026-05-09 20:01:54,,,SKIP_NO_PRIOR_VALID
2903013,192,2026-05-09 21:00:00,0,0,0,0,15,False,2026-05-09 21:01:56,,,SKIP_NO_PRIOR_VALID
2903290,192,2026-05-09 22:00:00,0,0,0,0,15,False,2026-05-09 22:01:55,,,SKIP_NO_PRIOR_VALID
2903567,192,2026-05-09 23:00:00,0,0,0,0,15,False,2026-05-09 23:01:56,,,SKIP_NO_PRIOR_VALID
2903845,192,2026-05-10 00:00:00,0,0,0,0,15,False,2026-05-10 00:02:07,,,SKIP_NO_PRIOR_VALID
2904117,192,2026-05-10 01:00:00,0,0,0,0,15,False,2026-05-10 01:01:58,,,SKIP_NO_PRIOR_VALID
2904398,192,2026-05-10 02:00:00,0,0,0,0,15,False,2026-05-10 02:01:55,,,SKIP_NO_PRIOR_VALID
2904633,192,2026-05-10 03:00:00,0,0,0,0,15,False,2026-05-10 03:01:56,,,SKIP_NO_PRIOR_VALID
2904941,192,2026-05-10 04:00:00,0,0,0,0,15,False,2026-05-10 04:01:57,,,SKIP_NO_PRIOR_VALID
2905194,192,2026-05-10 05:00:00,0,0,0,0,15,False,2026-05-10 05:01:55,,,SKIP_NO_PRIOR_VALID
2905497,192,2026-05-10 06:00:00,0,0,0,0,15,False,2026-05-10 06:01:55,,,SKIP_NO_PRIOR_VALID
2905741,192,2026-05-10 07:00:00,0,0,0,0,15,False,2026-05-10 07:01:55,,,SKIP_NO_PRIOR_VALID
2906060,192,2026-05-10 08:00:00,0,0,0,0,16,False,2026-05-10 08:01:57,,,SKIP_NO_PRIOR_VALID
2906337,192,2026-05-10 09:00:00,0,0,0,0,16,False,2026-05-10 09:01:55,,,SKIP_NO_PRIOR_VALID
2906608,192,2026-05-10 10:00:00,0,0,0,0,16,False,2026-05-10 10:01:55,,,SKIP_NO_PRIOR_VALID
2906886,192,2026-05-10 11:00:00,0,0,0,0,16,False,2026-05-10 11:01:54,,,SKIP_NO_PRIOR_VALID
2907168,192,2026-05-10 12:00:00,0,0,0,0,16,False,2026-05-10 12:01:57,,,SKIP_NO_PRIOR_VALID
2907445,192,2026-05-10 13:00:00,0,0,0,0,16,False,2026-05-10 13:01:58,,,SKIP_NO_PRIOR_VALID
2907722,192,2026-05-10 14:00:00,0,0,0,0,16,False,2026-05-10 14:01:55,,,SKIP_NO_PRIOR_VALID
2907992,192,2026-05-10 15:00:00,0,0,0,0,16,False,2026-05-10 15:01:57,,,SKIP_NO_PRIOR_VALID
2908269,192,2026-05-10 16:00:00,0,0,0,0,16,False,2026-05-10 16:01:58,,,SKIP_NO_PRIOR_VALID
2908549,192,2026-05-10 17:00:00,0,0,0,0,16,False,2026-05-10 17:01:57,,,SKIP_NO_PRIOR_VALID
2908830,192,2026-05-10 18:00:00,0,0,0,0,16,False,2026-05-10 18:01:59,,,SKIP_NO_PRIOR_VALID
2909106,192,2026-05-10 19:00:00,0,0,0,0,16,False,2026-05-10 19:01:56,,,SKIP_NO_PRIOR_VALID
2909350,192,2026-05-10 20:00:00,0,0,0,0,16,False,2026-05-10 20:01:55,,,SKIP_NO_PRIOR_VALID
2909618,192,2026-05-10 21:00:00,0,0,0,0,16,False,2026-05-10 21:01:54,,,SKIP_NO_PRIOR_VALID
2909938,192,2026-05-10 22:00:00,0,0,0,0,16,False,2026-05-10 22:01:55,,,SKIP_NO_PRIOR_VALID
2910215,192,2026-05-10 23:00:00,0,0,0,0,16,False,2026-05-10 23:01:56,,,SKIP_NO_PRIOR_VALID
2910488,192,2026-05-11 00:00:00,0,0,0,0,16,False,2026-05-11 00:02:04,,,SKIP_NO_PRIOR_VALID
2910769,192,2026-05-11 01:00:00,0,0,0,0,16,False,2026-05-11 01:01:58,,,SKIP_NO_PRIOR_VALID
2911042,192,2026-05-11 02:00:00,0,0,0,0,16,False,2026-05-11 02:01:55,,,SKIP_NO_PRIOR_VALID
2911323,192,2026-05-11 03:00:00,0,0,0,0,16,False,2026-05-11 03:01:57,,,SKIP_NO_PRIOR_VALID
2911594,192,2026-05-11 04:00:00,0,0,0,0,16,False,2026-05-11 04:01:56,,,SKIP_NO_PRIOR_VALID
2911877,192,2026-05-11 05:00:00,0,0,0,0,16,False,2026-05-11 05:01:57,,,SKIP_NO_PRIOR_VALID
2912154,192,2026-05-11 06:00:00,0,0,0,0,16,False,2026-05-11 06:01:58,,,SKIP_NO_PRIOR_VALID
2912431,192,2026-05-11 07:00:00,0,0,0,0,16,False,2026-05-11 07:01:59,,,SKIP_NO_PRIOR_VALID
2912702,192,2026-05-11 08:00:00,0,0,0,0,17,False,2026-05-11 08:01:58,,,SKIP_NO_PRIOR_VALID
2912985,192,2026-05-11 09:00:00,0,0,0,0,17,False,2026-05-11 09:01:57,,,SKIP_NO_PRIOR_VALID
2913260,192,2026-05-11 10:00:00,0,0,0,0,17,False,2026-05-11 10:01:57,,,SKIP_NO_PRIOR_VALID
2913535,192,2026-05-11 11:00:00,0,0,0,0,17,False,2026-05-11 11:01:55,,,SKIP_NO_PRIOR_VALID
2913813,192,2026-05-11 12:00:00,0,0,0,0,17,False,2026-05-11 12:02:00,,,SKIP_NO_PRIOR_VALID
2914090,192,2026-05-11 13:00:00,0,0,0,0,17,False,2026-05-11 13:02:00,,,SKIP_NO_PRIOR_VALID
2914329,192,2026-05-11 14:00:00,0,0,0,0,17,False,2026-05-11 14:01:58,,,SKIP_NO_PRIOR_VALID
2914646,192,2026-05-11 15:00:00,0,0,0,0,17,False,2026-05-11 15:01:59,,,SKIP_NO_PRIOR_VALID
2914897,192,2026-05-11 16:00:00,0,0,0,0,17,False,2026-05-11 16:01:58,,,SKIP_NO_PRIOR_VALID
2915198,192,2026-05-11 17:00:00,0,0,0,0,17,False,2026-05-11 17:02:01,,,SKIP_NO_PRIOR_VALID
2915474,192,2026-05-11 18:00:00,0,0,0,0,17,False,2026-05-11 18:02:00,,,SKIP_NO_PRIOR_VALID
2915750,192,2026-05-11 19:00:00,0,0,0,0,17,False,2026-05-11 19:01:57,,,SKIP_NO_PRIOR_VALID
2916025,192,2026-05-11 20:00:00,0,0,0,0,17,False,2026-05-11 20:01:57,,,SKIP_NO_PRIOR_VALID
2916302,192,2026-05-11 21:00:00,0,0,0,0,17,False,2026-05-11 21:01:57,,,SKIP_NO_PRIOR_VALID
2916578,192,2026-05-11 22:00:00,0,0,0,0,17,False,2026-05-11 22:01:55,,,SKIP_NO_PRIOR_VALID
2916854,192,2026-05-11 23:00:00,0,0,0,0,17,False,2026-05-11 23:01:53,,,SKIP_NO_PRIOR_VALID
2917129,192,2026-05-12 00:00:00,0,0,0,0,17,False,2026-05-12 00:02:01,,,SKIP_NO_PRIOR_VALID
2917406,192,2026-05-12 01:00:00,0,0,0,0,17,False,2026-05-12 01:01:57,,,SKIP_NO_PRIOR_VALID
2917674,192,2026-05-12 02:00:00,0,0,0,0,17,False,2026-05-12 02:01:55,,,SKIP_NO_PRIOR_VALID
2917958,192,2026-05-12 03:00:00,0,0,0,0,17,False,2026-05-12 03:01:56,,,SKIP_NO_PRIOR_VALID
2918234,192,2026-05-12 04:00:00,0,0,0,0,17,False,2026-05-12 04:01:56,,,SKIP_NO_PRIOR_VALID
2918508,192,2026-05-12 05:00:00,0,0,0,0,17,False,2026-05-12 05:01:55,,,SKIP_NO_PRIOR_VALID
2918783,192,2026-05-12 06:00:00,0,0,0,0,17,False,2026-05-12 06:01:56,,,SKIP_NO_PRIOR_VALID
2919028,192,2026-05-12 07:00:00,0,0,0,0,17,False,2026-05-12 07:01:55,,,SKIP_NO_PRIOR_VALID
2919338,192,2026-05-12 08:00:00,0,0,0,0,18,False,2026-05-12 08:01:56,,,SKIP_NO_PRIOR_VALID
2919614,192,2026-05-12 09:00:00,0,0,0,0,18,False,2026-05-12 09:01:54,,,SKIP_NO_PRIOR_VALID
2919890,192,2026-05-12 10:00:00,0,0,0,0,18,False,2026-05-12 10:01:56,,,SKIP_NO_PRIOR_VALID
2920165,192,2026-05-12 11:00:00,0,0,0,0,18,False,2026-05-12 11:01:55,,,SKIP_NO_PRIOR_VALID
2920442,192,2026-05-12 12:00:00,0,0,0,0,18,False,2026-05-12 12:01:59,,,SKIP_NO_PRIOR_VALID
2920718,192,2026-05-12 13:00:00,0,0,0,0,18,False,2026-05-12 13:01:58,,,SKIP_NO_PRIOR_VALID
2920994,192,2026-05-12 14:00:00,0,0,0,0,18,False,2026-05-12 14:01:56,,,SKIP_NO_PRIOR_VALID
2921270,192,2026-05-12 15:00:00,0,0,0,0,18,False,2026-05-12 15:01:55,,,SKIP_NO_PRIOR_VALID
2921541,192,2026-05-12 16:00:00,0,0,0,0,18,False,2026-05-12 16:01:57,,,SKIP_NO_PRIOR_VALID
2921811,192,2026-05-12 17:00:00,0,0,0,0,18,False,2026-05-12 17:01:57,,,SKIP_NO_PRIOR_VALID
2922081,192,2026-05-12 18:00:00,0,0,0,0,18,False,2026-05-12 18:01:59,,,SKIP_NO_PRIOR_VALID
2923351,192,2026-05-12 19:00:00,0,0,0,0,18,False,2026-05-12 19:01:59,,,SKIP_NO_PRIOR_VALID
2923621,192,2026-05-12 20:00:00,0,0,0,0,18,False,2026-05-12 20:01:57,,,SKIP_NO_PRIOR_VALID
2923891,192,2026-05-12 21:00:00,0,0,0,0,18,False,2026-05-12 21:01:56,,,SKIP_NO_PRIOR_VALID
2924161,192,2026-05-12 22:00:00,0,0,0,0,18,False,2026-05-12 22:01:57,,,SKIP_NO_PRIOR_VALID
2924431,192,2026-05-12 23:00:00,0,0,0,0,18,False,2026-05-12 23:01:56,,,SKIP_NO_PRIOR_VALID
2924702,192,2026-05-13 00:00:00,0,0,0,0,18,False,2026-05-13 00:02:06,,,SKIP_NO_PRIOR_VALID
2924967,192,2026-05-13 01:00:00,0,0,0,0,18,False,2026-05-13 01:02:01,,,SKIP_NO_PRIOR_VALID
2925241,192,2026-05-13 02:00:00,0,0,0,0,18,False,2026-05-13 02:01:56,,,SKIP_NO_PRIOR_VALID
2925511,192,2026-05-13 03:00:00,0,0,0,0,18,False,2026-05-13 03:01:56,,,SKIP_NO_PRIOR_VALID
2925781,192,2026-05-13 04:00:00,0,0,0,0,18,False,2026-05-13 04:01:55,,,SKIP_NO_PRIOR_VALID
2926051,192,2026-05-13 05:00:00,0,0,0,0,18,False,2026-05-13 05:01:55,,,SKIP_NO_PRIOR_VALID
2926321,192,2026-05-13 06:00:00,0,0,0,0,18,False,2026-05-13 06:01:57,,,SKIP_NO_PRIOR_VALID
2926591,192,2026-05-13 07:00:00,0,0,0,0,18,False,2026-05-13 07:01:57,,,SKIP_NO_PRIOR_VALID
2926861,192,2026-05-13 08:00:00,0,0,0,0,19,False,2026-05-13 08:01:56,,,SKIP_NO_PRIOR_VALID
2927131,192,2026-05-13 09:00:00,0,0,0,0,19,False,2026-05-13 09:01:57,,,SKIP_NO_PRIOR_VALID
2927401,192,2026-05-13 10:00:00,0,0,0,0,19,False,2026-05-13 10:01:58,,,SKIP_NO_PRIOR_VALID
2927671,192,2026-05-13 11:00:00,0,0,0,0,19,False,2026-05-13 11:01:55,,,SKIP_NO_PRIOR_VALID
2927941,192,2026-05-13 12:00:00,0,0,0,0,19,False,2026-05-13 12:02:00,,,SKIP_NO_PRIOR_VALID
2928210,192,2026-05-13 13:00:00,0,0,0,0,19,False,2026-05-13 13:01:59,,,SKIP_NO_PRIOR_VALID
2928481,192,2026-05-13 14:00:00,0,0,0,0,19,False,2026-05-13 14:02:02,,,SKIP_NO_PRIOR_VALID
2928750,192,2026-05-13 15:00:00,0,0,0,0,19,False,2026-05-13 15:02:04,,,SKIP_NO_PRIOR_VALID
2929017,192,2026-05-13 16:00:00,0,0,0,0,19,False,2026-05-13 16:01:58,,,SKIP_NO_PRIOR_VALID
2929284,192,2026-05-13 17:00:00,0,0,0,0,19,False,2026-05-13 17:01:57,,,SKIP_NO_PRIOR_VALID
2929551,192,2026-05-13 18:00:00,0,0,0,0,19,False,2026-05-13 18:01:57,,,SKIP_NO_PRIOR_VALID
2929818,192,2026-05-13 19:00:00,0,0,0,0,19,False,2026-05-13 19:02:04,,,SKIP_NO_PRIOR_VALID
2930085,192,2026-05-13 20:00:00,0,0,0,0,19,False,2026-05-13 20:01:59,,,SKIP_NO_PRIOR_VALID
2930354,192,2026-05-13 21:00:00,0,0,0,0,19,False,2026-05-13 21:01:56,,,SKIP_NO_PRIOR_VALID
2930797,192,2026-05-14 04:00:00,0,0,0,0,19,False,2026-05-14 04:03:04,,,SKIP_NO_PRIOR_VALID
2931071,192,2026-05-14 05:00:00,0,0,0,0,19,False,2026-05-14 05:01:58,,,SKIP_NO_PRIOR_VALID
2931340,192,2026-05-14 06:00:00,0,0,0,0,19,False,2026-05-14 06:01:56,,,SKIP_NO_PRIOR_VALID
2931609,192,2026-05-14 07:00:00,0,0,0,0,19,False,2026-05-14 07:01:58,,,SKIP_NO_PRIOR_VALID
2931861,192,2026-05-14 08:00:00,0,0,0,0,20,False,2026-05-14 08:01:57,,,SKIP_NO_PRIOR_VALID
2932143,192,2026-05-14 09:00:00,0,0,0,0,20,False,2026-05-14 09:01:56,,,SKIP_NO_PRIOR_VALID
2932416,192,2026-05-14 10:00:00,0,0,0,0,20,False,2026-05-14 10:01:57,,,SKIP_NO_PRIOR_VALID
2932653,192,2026-05-14 11:00:00,0,0,0,0,20,False,2026-05-14 11:01:55,,,SKIP_NO_PRIOR_VALID
2932954,192,2026-05-14 12:00:00,0,0,0,0,20,False,2026-05-14 12:02:02,,,SKIP_NO_PRIOR_VALID
2933223,192,2026-05-14 13:00:00,0,0,0,0,20,False,2026-05-14 13:01:58,,,SKIP_NO_PRIOR_VALID
2933492,192,2026-05-14 14:00:00,0,0,0,0,20,False,2026-05-14 14:01:58,,,SKIP_NO_PRIOR_VALID
2933760,192,2026-05-14 15:00:00,0,0,0,0,20,False,2026-05-14 15:02:02,,,SKIP_NO_PRIOR_VALID
2934029,192,2026-05-14 16:00:00,0,0,0,0,20,False,2026-05-14 16:01:58,,,SKIP_NO_PRIOR_VALID
2934298,192,2026-05-14 17:00:00,0,0,0,0,20,False,2026-05-14 17:01:59,,,SKIP_NO_PRIOR_VALID
2934567,192,2026-05-14 18:00:00,0,0,0,0,20,False,2026-05-14 18:01:59,,,SKIP_NO_PRIOR_VALID
2934836,192,2026-05-14 19:00:00,0,0,0,0,20,False,2026-05-14 19:01:58,,,SKIP_NO_PRIOR_VALID
2935067,192,2026-05-14 20:00:00,0,0,0,0,20,False,2026-05-14 20:01:59,,,SKIP_NO_PRIOR_VALID
2935363,192,2026-05-14 21:00:00,0,0,0,0,20,False,2026-05-14 21:01:59,,,SKIP_NO_PRIOR_VALID
2935643,192,2026-05-14 22:00:00,0,0,0,0,20,False,2026-05-14 22:01:54,,,SKIP_NO_PRIOR_VALID
2935910,192,2026-05-14 23:00:00,0,0,0,0,20,False,2026-05-14 23:01:53,,,SKIP_NO_PRIOR_VALID
2936181,192,2026-05-15 00:00:00,0,0,0,0,20,False,2026-05-15 00:02:02,,,SKIP_NO_PRIOR_VALID
2936450,192,2026-05-15 01:00:00,0,0,0,0,20,False,2026-05-15 01:01:56,,,SKIP_NO_PRIOR_VALID
2936718,192,2026-05-15 02:00:00,0,0,0,0,20,False,2026-05-15 02:01:55,,,SKIP_NO_PRIOR_VALID
2936976,192,2026-05-15 03:00:00,0,0,0,0,20,False,2026-05-15 03:01:55,,,SKIP_NO_PRIOR_VALID
2937257,192,2026-05-15 04:00:00,0,0,0,0,20,False,2026-05-15 04:01:55,,,SKIP_NO_PRIOR_VALID
2937526,192,2026-05-15 05:00:00,0,0,0,0,20,False,2026-05-15 05:01:54,,,SKIP_NO_PRIOR_VALID
2937795,192,2026-05-15 06:00:00,0,0,0,0,20,False,2026-05-15 06:01:54,,,SKIP_NO_PRIOR_VALID
2938064,192,2026-05-15 07:00:00,0,0,0,0,20,False,2026-05-15 07:01:54,,,SKIP_NO_PRIOR_VALID
2938333,192,2026-05-15 08:00:00,0,0,0,0,21,False,2026-05-15 08:01:52,,,SKIP_NO_PRIOR_VALID
2938602,192,2026-05-15 09:00:00,0,0,0,0,21,False,2026-05-15 09:01:58,,,SKIP_NO_PRIOR_VALID
2938870,192,2026-05-15 10:00:00,0,0,0,0,21,False,2026-05-15 10:01:56,,,SKIP_NO_PRIOR_VALID
2939140,192,2026-05-15 11:00:00,0,0,0,0,21,False,2026-05-15 11:01:53,,,SKIP_NO_PRIOR_VALID
2939409,192,2026-05-15 12:00:00,0,0,0,0,21,False,2026-05-15 12:01:56,,,SKIP_NO_PRIOR_VALID
2939678,192,2026-05-15 13:00:00,0,0,0,0,21,False,2026-05-15 13:01:56,,,SKIP_NO_PRIOR_VALID
2939942,192,2026-05-15 14:00:00,0,0,0,0,21,False,2026-05-15 14:01:59,,,SKIP_NO_PRIOR_VALID
2940216,192,2026-05-15 15:00:00,0,0,0,0,21,False,2026-05-15 15:01:59,,,SKIP_NO_PRIOR_VALID
2940485,192,2026-05-15 16:00:00,0,0,0,0,21,False,2026-05-15 16:02:03,,,SKIP_NO_PRIOR_VALID
2940754,192,2026-05-15 17:00:00,0,0,0,0,21,False,2026-05-15 17:02:03,,,SKIP_NO_PRIOR_VALID
2941020,192,2026-05-15 18:00:00,0,0,0,0,21,False,2026-05-15 18:02:01,,,SKIP_NO_PRIOR_VALID
2941290,192,2026-05-15 19:00:00,0,0,0,0,0,False,2026-05-15 19:05:31,,,SKIP_NO_PRIOR_VALID
2941559,192,2026-05-15 20:00:00,0,0,0,0,0,False,2026-05-15 20:05:24,,,SKIP_NO_PRIOR_VALID
2941828,192,2026-05-15 21:00:00,0,0,0,0,0,False,2026-05-15 21:05:24,,,SKIP_NO_PRIOR_VALID
2942096,192,2026-05-15 22:00:00,0,0,0,0,0,False,2026-05-15 22:05:21,,,SKIP_NO_PRIOR_VALID
2942366,192,2026-05-15 23:00:00,0,0,0,0,0,False,2026-05-15 23:05:25,,,SKIP_NO_PRIOR_VALID
2942635,192,2026-05-16 00:00:00,0,0,0,0,0,False,2026-05-16 00:05:33,,,SKIP_NO_PRIOR_VALID
2942904,192,2026-05-16 01:00:00,0,0,0,0,0,False,2026-05-16 01:05:27,,,SKIP_NO_PRIOR_VALID
2943173,192,2026-05-16 02:00:00,0,0,0,0,0,False,2026-05-16 02:05:27,,,SKIP_NO_PRIOR_VALID
2943427,192,2026-05-16 03:00:00,0,0,0,0,21,False,2026-05-16 03:01:59,,,SKIP_NO_PRIOR_VALID
2943933,192,2026-05-16 05:00:00,0,0,0,0,21,False,2026-05-16 05:01:55,,,SKIP_NO_PRIOR_VALID
2944202,192,2026-05-16 06:00:00,0,0,0,0,21,False,2026-05-16 06:01:55,,,SKIP_NO_PRIOR_VALID
2944471,192,2026-05-16 07:00:00,0,0,0,0,21,False,2026-05-16 07:01:54,,,SKIP_NO_PRIOR_VALID
2944740,192,2026-05-16 08:00:00,0,0,0,0,22,False,2026-05-16 08:01:55,,,SKIP_NO_PRIOR_VALID
2945009,192,2026-05-16 09:00:00,0,0,0,0,22,False,2026-05-16 09:01:53,,,SKIP_NO_PRIOR_VALID
2945278,192,2026-05-16 10:00:00,0,0,0,0,22,False,2026-05-16 10:01:55,,,SKIP_NO_PRIOR_VALID
2945547,192,2026-05-16 11:00:00,0,0,0,0,22,False,2026-05-16 11:01:53,,,SKIP_NO_PRIOR_VALID
2945816,192,2026-05-16 12:00:00,0,0,0,0,22,False,2026-05-16 12:01:57,,,SKIP_NO_PRIOR_VALID
2946085,192,2026-05-16 13:00:00,0,0,0,0,22,False,2026-05-16 13:01:56,,,SKIP_NO_PRIOR_VALID
2946354,192,2026-05-16 14:00:00,0,0,0,0,22,False,2026-05-16 14:01:57,,,SKIP_NO_PRIOR_VALID
2946623,192,2026-05-16 15:00:00,0,0,0,0,22,False,2026-05-16 15:01:54,,,SKIP_NO_PRIOR_VALID
2946892,192,2026-05-16 16:00:00,0,0,0,0,22,False,2026-05-16 16:01:54,,,SKIP_NO_PRIOR_VALID
2947130,192,2026-05-16 17:00:00,0,0,0,0,22,False,2026-05-16 17:01:54,,,SKIP_NO_PRIOR_VALID
2947381,192,2026-05-16 18:00:00,0,0,0,0,22,False,2026-05-16 18:01:54,,,SKIP_NO_PRIOR_VALID
2947662,192,2026-05-16 19:00:00,0,0,0,0,22,False,2026-05-16 19:01:53,,,SKIP_NO_PRIOR_VALID
2947938,192,2026-05-16 20:00:00,0,0,0,0,22,False,2026-05-16 20:01:54,,,SKIP_NO_PRIOR_VALID
2948223,192,2026-05-16 21:00:00,0,0,0,0,22,False,2026-05-16 21:01:52,,,SKIP_NO_PRIOR_VALID
2948509,192,2026-05-16 22:00:00,0,0,0,0,22,False,2026-05-16 22:01:53,,,SKIP_NO_PRIOR_VALID
2948758,192,2026-05-16 23:00:00,0,0,0,0,0,False,2026-05-16 23:05:23,,,SKIP_NO_PRIOR_VALID
2948915,192,2026-05-17 00:00:00,0,0,0,0,22,False,2026-05-17 00:00:52,,,SKIP_NO_PRIOR_VALID
2949184,192,2026-05-17 01:00:00,0,0,0,0,22,False,2026-05-17 01:00:47,,,SKIP_NO_PRIOR_VALID
2949450,192,2026-05-17 02:00:00,0,0,0,0,22,False,2026-05-17 02:00:33,,,SKIP_NO_PRIOR_VALID
2949734,192,2026-05-17 03:00:00,0,0,0,0,22,False,2026-05-17 03:00:37,,,SKIP_NO_PRIOR_VALID
2950014,192,2026-05-17 04:00:00,0,0,0,0,22,False,2026-05-17 04:00:56,,,SKIP_NO_PRIOR_VALID
2950310,192,2026-05-17 05:00:00,0,0,0,0,0,False,2026-05-17 05:00:59,,,SKIP_NO_PRIOR_VALID
2950695,192,2026-05-17 06:00:00,0,0,0,0,0,False,2026-05-17 06:06:18,,,SKIP_NO_PRIOR_VALID
2950934,192,2026-05-17 07:00:00,0,0,0,0,0,False,2026-05-17 07:06:20,,,SKIP_NO_PRIOR_VALID
2951173,192,2026-05-17 08:00:00,0,0,0,0,0,False,2026-05-17 08:06:19,,,SKIP_NO_PRIOR_VALID
2951412,192,2026-05-17 09:00:00,0,0,0,0,0,False,2026-05-17 09:06:19,,,SKIP_NO_PRIOR_VALID
2951651,192,2026-05-17 10:00:00,0,0,0,0,0,False,2026-05-17 10:06:19,,,SKIP_NO_PRIOR_VALID
2951879,192,2026-05-17 11:00:00,0,0,0,0,0,False,2026-05-17 11:06:20,,,SKIP_NO_PRIOR_VALID
2952106,192,2026-05-17 12:00:00,0,0,0,0,0,False,2026-05-17 12:06:19,,,SKIP_NO_PRIOR_VALID
2952339,192,2026-05-17 13:00:00,0,0,0,0,0,False,2026-05-17 13:06:19,,,SKIP_NO_PRIOR_VALID
2952585,192,2026-05-17 14:00:00,0,0,0,0,0,False,2026-05-17 14:06:20,,,SKIP_NO_PRIOR_VALID
2952846,192,2026-05-17 15:00:00,0,0,0,0,0,False,2026-05-17 15:06:19,,,SKIP_NO_PRIOR_VALID
2953085,192,2026-05-17 16:00:00,0,0,0,0,0,False,2026-05-17 16:06:21,,,SKIP_NO_PRIOR_VALID
2953323,192,2026-05-17 17:00:00,0,0,0,0,0,False,2026-05-17 17:06:19,,,SKIP_NO_PRIOR_VALID
2953562,192,2026-05-17 18:00:00,0,0,0,0,0,False,2026-05-17 18:06:19,,,SKIP_NO_PRIOR_VALID
2953800,192,2026-05-17 19:00:00,0,0,0,0,0,False,2026-05-17 19:06:19,,,SKIP_NO_PRIOR_VALID
2954039,192,2026-05-17 20:00:00,0,0,0,0,0,False,2026-05-17 20:06:19,,,SKIP_NO_PRIOR_VALID
2954278,192,2026-05-17 21:00:00,0,0,0,0,0,False,2026-05-17 21:06:21,,,SKIP_NO_PRIOR_VALID
2954471,192,2026-05-17 22:00:00,0,0,0,0,0,False,2026-05-17 22:06:20,,,SKIP_NO_PRIOR_VALID
2954749,192,2026-05-17 23:00:00,0,0,0,0,0,False,2026-05-17 23:06:25,,,SKIP_NO_PRIOR_VALID
2955022,192,2026-05-18 00:00:00,0,0,0,0,0,False,2026-05-18 00:06:25,,,SKIP_NO_PRIOR_VALID
2955252,192,2026-05-18 01:00:00,0,0,0,0,0,False,2026-05-18 01:06:26,,,SKIP_NO_PRIOR_VALID
2955511,192,2026-05-18 02:00:00,0,0,0,0,0,False,2026-05-18 02:06:19,,,SKIP_NO_PRIOR_VALID
2955750,192,2026-05-18 03:00:00,0,0,0,0,0,False,2026-05-18 03:06:20,,,SKIP_NO_PRIOR_VALID
2955989,192,2026-05-18 04:00:00,0,0,0,0,0,False,2026-05-18 04:06:20,,,SKIP_NO_PRIOR_VALID
2956228,192,2026-05-18 05:00:00,0,0,0,0,0,False,2026-05-18 05:06:19,,,SKIP_NO_PRIOR_VALID
2956467,192,2026-05-18 06:00:00,0,0,0,0,0,False,2026-05-18 06:06:19,,,SKIP_NO_PRIOR_VALID
2956706,192,2026-05-18 07:00:00,0,0,0,0,0,False,2026-05-18 07:06:19,,,SKIP_NO_PRIOR_VALID
2956945,192,2026-05-18 08:00:00,0,0,0,0,0,False,2026-05-18 08:06:18,,,SKIP_NO_PRIOR_VALID
2957184,192,2026-05-18 09:00:00,0,0,0,0,0,False,2026-05-18 09:06:19,,,SKIP_NO_PRIOR_VALID
2957423,192,2026-05-18 10:00:00,0,0,0,0,0,False,2026-05-18 10:06:19,,,SKIP_NO_PRIOR_VALID
2957662,192,2026-05-18 11:00:00,0,0,0,0,0,False,2026-05-18 11:06:19,,,SKIP_NO_PRIOR_VALID
2957901,192,2026-05-18 12:00:00,0,0,0,0,0,False,2026-05-18 12:06:19,,,SKIP_NO_PRIOR_VALID
2958140,192,2026-05-18 13:00:00,0,0,0,0,0,False,2026-05-18 13:06:19,,,SKIP_NO_PRIOR_VALID
2958379,192,2026-05-18 14:00:00,0,0,0,0,0,False,2026-05-18 14:06:19,,,SKIP_NO_PRIOR_VALID
2958637,192,2026-05-18 15:00:00,0,0,0,0,0,False,2026-05-18 15:06:32,,,SKIP_NO_PRIOR_VALID
2854729,193,2026-05-01 04:00:00,0,0,0,0,444,False,2026-05-01 04:02:00,,,SKIP_NO_PRIOR_VALID
2854946,193,2026-05-01 05:00:00,0,0,0,0,444,False,2026-05-01 05:01:58,,,SKIP_NO_PRIOR_VALID
2855163,193,2026-05-01 06:00:00,0,0,0,0,444,False,2026-05-01 06:02:05,,,SKIP_NO_PRIOR_VALID
2855380,193,2026-05-01 07:00:00,0,0,0,0,444,False,2026-05-01 07:02:03,,,SKIP_NO_PRIOR_VALID
2855597,193,2026-05-01 08:00:00,0,0,0,0,444,False,2026-05-01 08:02:00,,,SKIP_NO_PRIOR_VALID
2855814,193,2026-05-01 09:00:00,0,0,0,0,444,False,2026-05-01 09:01:59,,,SKIP_NO_PRIOR_VALID
2856031,193,2026-05-01 10:00:00,0,0,0,0,444,False,2026-05-01 10:02:00,,,SKIP_NO_PRIOR_VALID
2856248,193,2026-05-01 11:00:00,0,0,0,0,444,False,2026-05-01 11:02:00,,,SKIP_NO_PRIOR_VALID
2856465,193,2026-05-01 12:00:00,0,0,0,0,444,False,2026-05-01 12:02:05,,,SKIP_NO_PRIOR_VALID
2856682,193,2026-05-01 13:00:00,0,0,0,0,444,False,2026-05-01 13:02:02,,,SKIP_NO_PRIOR_VALID
2856899,193,2026-05-01 14:00:00,0,0,0,0,444,False,2026-05-01 14:02:01,,,SKIP_NO_PRIOR_VALID
2857116,193,2026-05-01 15:00:00,0,0,0,0,444,False,2026-05-01 15:02:02,,,SKIP_NO_PRIOR_VALID
2857333,193,2026-05-01 16:00:00,0,0,0,0,444,False,2026-05-01 16:02:02,,,SKIP_NO_PRIOR_VALID
2857550,193,2026-05-01 17:00:00,0,0,0,0,444,False,2026-05-01 17:01:59,,,SKIP_NO_PRIOR_VALID
2857767,193,2026-05-01 18:00:00,0,0,0,0,444,False,2026-05-01 18:01:59,,,SKIP_NO_PRIOR_VALID
2857984,193,2026-05-01 19:00:00,0,0,0,0,444,False,2026-05-01 19:02:01,,,SKIP_NO_PRIOR_VALID
2858192,193,2026-05-01 20:00:00,0,0,0,0,444,False,2026-05-01 20:01:59,,,SKIP_NO_PRIOR_VALID
2858418,193,2026-05-01 21:00:00,0,0,0,0,444,False,2026-05-01 21:01:58,,,SKIP_NO_PRIOR_VALID
2858626,193,2026-05-01 22:00:00,0,0,0,0,445,False,2026-05-01 22:01:58,,,SKIP_NO_PRIOR_VALID
2858852,193,2026-05-01 23:00:00,0,0,0,0,445,False,2026-05-01 23:01:57,,,SKIP_NO_PRIOR_VALID
2859069,193,2026-05-02 00:00:00,0,0,0,0,445,False,2026-05-02 00:02:08,,,SKIP_NO_PRIOR_VALID
2859286,193,2026-05-02 01:00:00,0,0,0,0,445,False,2026-05-02 01:02:02,,,SKIP_NO_PRIOR_VALID
2859503,193,2026-05-02 02:00:00,0,0,0,0,445,False,2026-05-02 02:01:57,,,SKIP_NO_PRIOR_VALID
2859720,193,2026-05-02 03:00:00,0,0,0,0,445,False,2026-05-02 03:01:58,,,SKIP_NO_PRIOR_VALID
2859937,193,2026-05-02 04:00:00,0,0,0,0,445,False,2026-05-02 04:01:59,,,SKIP_NO_PRIOR_VALID
2860154,193,2026-05-02 05:00:00,0,0,0,0,445,False,2026-05-02 05:01:57,,,SKIP_NO_PRIOR_VALID
2860371,193,2026-05-02 06:00:00,0,0,0,0,445,False,2026-05-02 06:01:59,,,SKIP_NO_PRIOR_VALID
2860588,193,2026-05-02 07:00:00,0,0,0,0,445,False,2026-05-02 07:02:00,,,SKIP_NO_PRIOR_VALID
2860805,193,2026-05-02 08:00:00,0,0,0,0,445,False,2026-05-02 08:02:02,,,SKIP_NO_PRIOR_VALID
2861022,193,2026-05-02 09:00:00,0,0,0,0,445,False,2026-05-02 09:01:58,,,SKIP_NO_PRIOR_VALID
2861239,193,2026-05-02 10:00:00,0,0,0,0,445,False,2026-05-02 10:02:00,,,SKIP_NO_PRIOR_VALID
2861456,193,2026-05-02 11:00:00,0,0,0,0,445,False,2026-05-02 11:01:59,,,SKIP_NO_PRIOR_VALID
2861673,193,2026-05-02 12:00:00,0,0,0,0,445,False,2026-05-02 12:02:01,,,SKIP_NO_PRIOR_VALID
2861890,193,2026-05-02 13:00:00,0,0,0,0,445,False,2026-05-02 13:01:58,,,SKIP_NO_PRIOR_VALID
2862107,193,2026-05-02 14:00:00,0,0,0,0,445,False,2026-05-02 14:01:57,,,SKIP_NO_PRIOR_VALID
2862324,193,2026-05-02 15:00:00,0,0,0,0,445,False,2026-05-02 15:01:57,,,SKIP_NO_PRIOR_VALID
2862541,193,2026-05-02 16:00:00,0,0,0,0,445,False,2026-05-02 16:01:59,,,SKIP_NO_PRIOR_VALID
2862758,193,2026-05-02 17:00:00,0,0,0,0,445,False,2026-05-02 17:01:58,,,SKIP_NO_PRIOR_VALID
2862975,193,2026-05-02 18:00:00,0,0,0,0,445,False,2026-05-02 18:01:58,,,SKIP_NO_PRIOR_VALID
2863192,193,2026-05-02 19:00:00,0,0,0,0,445,False,2026-05-02 19:01:58,,,SKIP_NO_PRIOR_VALID
2863409,193,2026-05-02 20:00:00,0,0,0,0,445,False,2026-05-02 20:01:57,,,SKIP_NO_PRIOR_VALID
2863626,193,2026-05-02 21:00:00,0,0,0,0,445,False,2026-05-02 21:01:59,,,SKIP_NO_PRIOR_VALID
2863843,193,2026-05-02 22:00:00,0,0,0,0,446,False,2026-05-02 22:01:57,,,SKIP_NO_PRIOR_VALID
2864024,193,2026-05-02 23:00:00,0,0,0,0,446,False,2026-05-02 23:01:58,,,SKIP_NO_PRIOR_VALID
2864277,193,2026-05-03 00:00:00,0,0,0,0,446,False,2026-05-03 00:02:13,,,SKIP_NO_PRIOR_VALID
2864490,193,2026-05-03 01:00:00,0,0,0,0,446,False,2026-05-03 01:02:00,,,SKIP_NO_PRIOR_VALID
2864711,193,2026-05-03 02:00:00,0,0,0,0,446,False,2026-05-03 02:01:58,,,SKIP_NO_PRIOR_VALID
2864918,193,2026-05-03 03:00:00,0,0,0,0,446,False,2026-05-03 03:01:57,,,SKIP_NO_PRIOR_VALID
2865145,193,2026-05-03 04:00:00,0,0,0,0,446,False,2026-05-03 04:01:58,,,SKIP_NO_PRIOR_VALID
2865362,193,2026-05-03 05:00:00,0,0,0,0,446,False,2026-05-03 05:01:57,,,SKIP_NO_PRIOR_VALID
2865579,193,2026-05-03 06:00:00,0,0,0,0,446,False,2026-05-03 06:02:00,,,SKIP_NO_PRIOR_VALID
2865796,193,2026-05-03 07:00:00,0,0,0,0,446,False,2026-05-03 07:01:57,,,SKIP_NO_PRIOR_VALID
2866013,193,2026-05-03 08:00:00,0,0,0,0,446,False,2026-05-03 08:01:59,,,SKIP_NO_PRIOR_VALID
2866230,193,2026-05-03 09:00:00,0,0,0,0,446,False,2026-05-03 09:01:59,,,SKIP_NO_PRIOR_VALID
2866447,193,2026-05-03 10:00:00,0,0,0,0,446,False,2026-05-03 10:01:57,,,SKIP_NO_PRIOR_VALID
2866664,193,2026-05-03 11:00:00,0,0,0,0,446,False,2026-05-03 11:01:58,,,SKIP_NO_PRIOR_VALID
2866881,193,2026-05-03 12:00:00,0,0,0,0,446,False,2026-05-03 12:02:00,,,SKIP_NO_PRIOR_VALID
2867098,193,2026-05-03 13:00:00,0,0,0,0,446,False,2026-05-03 13:02:00,,,SKIP_NO_PRIOR_VALID
2867315,193,2026-05-03 14:00:00,0,0,0,0,446,False,2026-05-03 14:01:59,,,SKIP_NO_PRIOR_VALID
2867532,193,2026-05-03 15:00:00,0,0,0,0,446,False,2026-05-03 15:01:58,,,SKIP_NO_PRIOR_VALID
2867749,193,2026-05-03 16:00:00,0,0,0,0,446,False,2026-05-03 16:02:01,,,SKIP_NO_PRIOR_VALID
2867966,193,2026-05-03 17:00:00,0,0,0,0,446,False,2026-05-03 17:02:00,,,SKIP_NO_PRIOR_VALID
2868183,193,2026-05-03 18:00:00,0,0,0,0,446,False,2026-05-03 18:01:59,,,SKIP_NO_PRIOR_VALID
2868400,193,2026-05-03 19:00:00,0,0,0,0,446,False,2026-05-03 19:01:59,,,SKIP_NO_PRIOR_VALID
2868617,193,2026-05-03 20:00:00,0,0,0,0,446,False,2026-05-03 20:02:01,,,SKIP_NO_PRIOR_VALID
2868834,193,2026-05-03 21:00:00,0,0,0,0,446,False,2026-05-03 21:01:57,,,SKIP_NO_PRIOR_VALID
2869051,193,2026-05-03 22:00:00,0,0,0,0,447,False,2026-05-03 22:01:57,,,SKIP_NO_PRIOR_VALID
2869268,193,2026-05-03 23:00:00,0,0,0,0,447,False,2026-05-03 23:01:58,,,SKIP_NO_PRIOR_VALID
2869485,193,2026-05-04 00:00:00,0,0,0,0,447,False,2026-05-04 00:02:11,,,SKIP_NO_PRIOR_VALID
2869695,193,2026-05-04 01:00:00,0,0,0,0,447,False,2026-05-04 01:02:01,,,SKIP_NO_PRIOR_VALID
2869917,193,2026-05-04 02:00:00,0,0,0,0,447,False,2026-05-04 02:01:58,,,SKIP_NO_PRIOR_VALID
2870136,193,2026-05-04 03:00:00,0,0,0,0,447,False,2026-05-04 03:02:01,,,SKIP_NO_PRIOR_VALID
2870353,193,2026-05-04 04:00:00,0,0,0,0,447,False,2026-05-04 04:02:00,,,SKIP_NO_PRIOR_VALID
2870570,193,2026-05-04 05:00:00,0,0,0,0,447,False,2026-05-04 05:01:58,,,SKIP_NO_PRIOR_VALID
2870787,193,2026-05-04 06:00:00,0,0,0,0,447,False,2026-05-04 06:02:00,,,SKIP_NO_PRIOR_VALID
2871004,193,2026-05-04 07:00:00,0,0,0,0,447,False,2026-05-04 07:01:59,,,SKIP_NO_PRIOR_VALID
2871221,193,2026-05-04 08:00:00,0,0,0,0,447,False,2026-05-04 08:01:57,,,SKIP_NO_PRIOR_VALID
2871438,193,2026-05-04 09:00:00,0,0,0,0,447,False,2026-05-04 09:01:58,,,SKIP_NO_PRIOR_VALID
2871655,193,2026-05-04 10:00:00,0,0,0,0,447,False,2026-05-04 10:01:59,,,SKIP_NO_PRIOR_VALID
2871872,193,2026-05-04 11:00:00,0,0,0,0,447,False,2026-05-04 11:01:58,,,SKIP_NO_PRIOR_VALID
2872089,193,2026-05-04 12:00:00,0,0,0,0,447,False,2026-05-04 12:01:59,,,SKIP_NO_PRIOR_VALID
2872306,193,2026-05-04 13:00:00,0,0,0,0,447,False,2026-05-04 13:01:59,,,SKIP_NO_PRIOR_VALID
2872523,193,2026-05-04 14:00:00,0,0,0,0,447,False,2026-05-04 14:02:00,,,SKIP_NO_PRIOR_VALID
2872740,193,2026-05-04 15:00:00,0,0,0,0,447,False,2026-05-04 15:01:55,,,SKIP_NO_PRIOR_VALID
2872957,193,2026-05-04 16:00:00,0,0,0,0,447,False,2026-05-04 16:01:59,,,SKIP_NO_PRIOR_VALID
2873174,193,2026-05-04 17:00:00,0,0,0,0,447,False,2026-05-04 17:01:59,,,SKIP_NO_PRIOR_VALID
2873391,193,2026-05-04 18:00:00,0,0,0,0,447,False,2026-05-04 18:02:00,,,SKIP_NO_PRIOR_VALID
2873608,193,2026-05-04 19:00:00,0,0,0,0,447,False,2026-05-04 19:01:57,,,SKIP_NO_PRIOR_VALID
2873825,193,2026-05-04 20:00:00,0,0,0,0,447,False,2026-05-04 20:02:00,,,SKIP_NO_PRIOR_VALID
2874042,193,2026-05-04 21:00:00,0,0,0,0,447,False,2026-05-04 21:01:58,,,SKIP_NO_PRIOR_VALID
2874259,193,2026-05-04 22:00:00,0,0,0,0,448,False,2026-05-04 22:01:59,,,SKIP_NO_PRIOR_VALID
2874476,193,2026-05-04 23:00:00,0,0,0,0,448,False,2026-05-04 23:01:57,,,SKIP_NO_PRIOR_VALID
2874693,193,2026-05-05 00:00:00,0,0,0,0,448,False,2026-05-05 00:02:04,,,SKIP_NO_PRIOR_VALID
2874910,193,2026-05-05 01:00:00,0,0,0,0,448,False,2026-05-05 01:01:59,,,SKIP_NO_PRIOR_VALID
2875127,193,2026-05-05 02:00:00,0,0,0,0,448,False,2026-05-05 02:01:57,,,SKIP_NO_PRIOR_VALID
2875344,193,2026-05-05 03:00:00,0,0,0,0,448,False,2026-05-05 03:01:57,,,SKIP_NO_PRIOR_VALID
2875561,193,2026-05-05 04:00:00,0,0,0,0,448,False,2026-05-05 04:01:55,,,SKIP_NO_PRIOR_VALID
2875776,193,2026-05-05 05:00:00,0,0,0,0,448,False,2026-05-05 05:01:54,,,SKIP_NO_PRIOR_VALID
2875995,193,2026-05-05 06:00:00,0,0,0,0,448,False,2026-05-05 06:01:55,,,SKIP_NO_PRIOR_VALID
2876212,193,2026-05-05 07:00:00,0,0,0,0,448,False,2026-05-05 07:01:57,,,SKIP_NO_PRIOR_VALID
2876429,193,2026-05-05 08:00:00,0,0,0,0,448,False,2026-05-05 08:02:03,,,SKIP_NO_PRIOR_VALID
2876646,193,2026-05-05 09:00:00,0,0,0,0,448,False,2026-05-05 09:02:02,,,SKIP_NO_PRIOR_VALID
2876863,193,2026-05-05 10:00:00,0,0,0,0,448,False,2026-05-05 10:02:02,,,SKIP_NO_PRIOR_VALID
2877080,193,2026-05-05 11:00:00,0,0,0,0,448,False,2026-05-05 11:01:54,,,SKIP_NO_PRIOR_VALID
2877297,193,2026-05-05 12:00:00,0,0,0,0,448,False,2026-05-05 12:01:58,,,SKIP_NO_PRIOR_VALID
2877514,193,2026-05-05 13:00:00,0,0,0,0,448,False,2026-05-05 13:02:00,,,SKIP_NO_PRIOR_VALID
2877724,193,2026-05-05 14:00:00,0,0,0,0,448,False,2026-05-05 14:01:59,,,SKIP_NO_PRIOR_VALID
2877948,193,2026-05-05 15:00:00,0,0,0,0,448,False,2026-05-05 15:01:58,,,SKIP_NO_PRIOR_VALID
2878165,193,2026-05-05 16:00:00,0,0,0,0,448,False,2026-05-05 16:01:57,,,SKIP_NO_PRIOR_VALID
2878382,193,2026-05-05 17:00:00,0,0,0,0,448,False,2026-05-05 17:01:58,,,SKIP_NO_PRIOR_VALID
2878599,193,2026-05-05 18:00:00,0,0,0,0,448,False,2026-05-05 18:01:57,,,SKIP_NO_PRIOR_VALID
2878812,193,2026-05-05 19:00:00,0,0,0,0,448,False,2026-05-05 19:01:58,,,SKIP_NO_PRIOR_VALID
2879031,193,2026-05-05 20:00:00,0,0,0,0,448,False,2026-05-05 20:01:58,,,SKIP_NO_PRIOR_VALID
2879250,193,2026-05-05 21:00:00,0,0,0,0,448,False,2026-05-05 21:01:57,,,SKIP_NO_PRIOR_VALID
2879467,193,2026-05-05 22:00:00,0,0,0,0,449,False,2026-05-05 22:01:57,,,SKIP_NO_PRIOR_VALID
2879684,193,2026-05-05 23:00:00,0,0,0,0,449,False,2026-05-05 23:01:55,,,SKIP_NO_PRIOR_VALID
2879901,193,2026-05-06 00:00:00,0,0,0,0,449,False,2026-05-06 00:02:04,,,SKIP_NO_PRIOR_VALID
2880118,193,2026-05-06 01:00:00,0,0,0,0,449,False,2026-05-06 01:01:57,,,SKIP_NO_PRIOR_VALID
2880335,193,2026-05-06 02:00:00,0,0,0,0,449,False,2026-05-06 02:01:57,,,SKIP_NO_PRIOR_VALID
2880552,193,2026-05-06 03:00:00,0,0,0,0,449,False,2026-05-06 03:01:56,,,SKIP_NO_PRIOR_VALID
2880769,193,2026-05-06 04:00:00,0,0,0,0,449,False,2026-05-06 04:01:54,,,SKIP_NO_PRIOR_VALID
2880986,193,2026-05-06 05:00:00,0,0,0,0,449,False,2026-05-06 05:01:54,,,SKIP_NO_PRIOR_VALID
2881203,193,2026-05-06 06:00:00,0,0,0,0,449,False,2026-05-06 06:01:56,,,SKIP_NO_PRIOR_VALID
2881420,193,2026-05-06 07:00:00,0,0,0,0,449,False,2026-05-06 07:01:56,,,SKIP_NO_PRIOR_VALID
2881637,193,2026-05-06 08:00:00,0,0,0,0,449,False,2026-05-06 08:01:56,,,SKIP_NO_PRIOR_VALID
2881854,193,2026-05-06 09:00:00,0,0,0,0,449,False,2026-05-06 09:01:56,,,SKIP_NO_PRIOR_VALID
2882067,193,2026-05-06 10:00:00,0,0,0,0,449,False,2026-05-06 10:01:58,,,SKIP_NO_PRIOR_VALID
2882288,193,2026-05-06 11:00:00,0,0,0,0,449,False,2026-05-06 11:01:55,,,SKIP_NO_PRIOR_VALID
2882505,193,2026-05-06 12:00:00,0,0,0,0,449,False,2026-05-06 12:02:00,,,SKIP_NO_PRIOR_VALID
2882717,193,2026-05-06 13:00:00,0,0,0,0,449,False,2026-05-06 13:01:58,,,SKIP_NO_PRIOR_VALID
2882931,193,2026-05-06 14:00:00,0,0,0,0,449,False,2026-05-06 14:01:56,,,SKIP_NO_PRIOR_VALID
2883153,193,2026-05-06 15:00:00,0,0,0,0,449,False,2026-05-06 15:01:59,,,SKIP_NO_PRIOR_VALID
2883369,193,2026-05-06 16:00:00,0,0,0,0,449,False,2026-05-06 16:02:00,,,SKIP_NO_PRIOR_VALID
2883590,193,2026-05-06 17:00:00,0,0,0,0,449,False,2026-05-06 17:01:58,,,SKIP_NO_PRIOR_VALID
2883807,193,2026-05-06 18:00:00,0,0,0,0,449,False,2026-05-06 18:01:59,,,SKIP_NO_PRIOR_VALID
2884024,193,2026-05-06 19:00:00,0,0,0,0,449,False,2026-05-06 19:01:57,,,SKIP_NO_PRIOR_VALID
2884241,193,2026-05-06 20:00:00,0,0,0,0,449,False,2026-05-06 20:01:59,,,SKIP_NO_PRIOR_VALID
2884458,193,2026-05-06 21:00:00,0,0,0,0,449,False,2026-05-06 21:01:56,,,SKIP_NO_PRIOR_VALID
2884675,193,2026-05-06 22:00:00,0,0,0,0,450,False,2026-05-06 22:02:01,,,SKIP_NO_PRIOR_VALID
2884892,193,2026-05-06 23:00:00,0,0,0,0,450,False,2026-05-06 23:01:56,,,SKIP_NO_PRIOR_VALID
2885109,193,2026-05-07 00:00:00,0,0,0,0,450,False,2026-05-07 00:02:08,,,SKIP_NO_PRIOR_VALID
2885326,193,2026-05-07 01:00:00,0,0,0,0,450,False,2026-05-07 01:01:59,,,SKIP_NO_PRIOR_VALID
2885543,193,2026-05-07 02:00:00,0,0,0,0,450,False,2026-05-07 02:01:57,,,SKIP_NO_PRIOR_VALID
2885760,193,2026-05-07 03:00:00,0,0,0,0,450,False,2026-05-07 03:01:57,,,SKIP_NO_PRIOR_VALID
2885977,193,2026-05-07 04:00:00,0,0,0,0,450,False,2026-05-07 04:01:58,,,SKIP_NO_PRIOR_VALID
2886194,193,2026-05-07 05:00:00,0,0,0,0,450,False,2026-05-07 05:01:57,,,SKIP_NO_PRIOR_VALID
2886411,193,2026-05-07 06:00:00,0,0,0,0,450,False,2026-05-07 06:01:57,,,SKIP_NO_PRIOR_VALID
2886628,193,2026-05-07 07:00:00,0,0,0,0,450,False,2026-05-07 07:01:58,,,SKIP_NO_PRIOR_VALID
2886845,193,2026-05-07 08:00:00,0,0,0,0,450,False,2026-05-07 08:01:57,,,SKIP_NO_PRIOR_VALID
2887062,193,2026-05-07 09:00:00,0,0,0,0,450,False,2026-05-07 09:01:57,,,SKIP_NO_PRIOR_VALID
2887278,193,2026-05-07 10:00:00,0,0,0,0,450,False,2026-05-07 10:01:56,,,SKIP_NO_PRIOR_VALID
2887496,193,2026-05-07 11:00:00,0,0,0,0,450,False,2026-05-07 11:01:57,,,SKIP_NO_PRIOR_VALID
2887713,193,2026-05-07 12:00:00,0,0,0,0,450,False,2026-05-07 12:01:58,,,SKIP_NO_PRIOR_VALID
2887930,193,2026-05-07 13:00:00,0,0,0,0,450,False,2026-05-07 13:01:58,,,SKIP_NO_PRIOR_VALID
2888147,193,2026-05-07 14:00:00,0,0,0,0,450,False,2026-05-07 14:02:00,,,SKIP_NO_PRIOR_VALID
2888364,193,2026-05-07 15:00:00,0,0,0,0,450,False,2026-05-07 15:02:00,,,SKIP_NO_PRIOR_VALID
2888581,193,2026-05-07 16:00:00,0,0,0,0,450,False,2026-05-07 16:02:01,,,SKIP_NO_PRIOR_VALID
2888798,193,2026-05-07 17:00:00,0,0,0,0,450,False,2026-05-07 17:01:59,,,SKIP_NO_PRIOR_VALID
2889015,193,2026-05-07 18:00:00,0,0,0,0,450,False,2026-05-07 18:02:00,,,SKIP_NO_PRIOR_VALID
2889232,193,2026-05-07 19:00:00,0,0,0,0,450,False,2026-05-07 19:02:00,,,SKIP_NO_PRIOR_VALID
2889449,193,2026-05-07 20:00:00,0,0,0,0,450,False,2026-05-07 20:02:00,,,SKIP_NO_PRIOR_VALID
2889718,193,2026-05-07 21:00:00,0,0,0,0,450,False,2026-05-07 21:01:58,,,SKIP_NO_PRIOR_VALID
2889995,193,2026-05-07 22:00:00,0,0,0,0,451,False,2026-05-07 22:02:00,,,SKIP_NO_PRIOR_VALID
2890272,193,2026-05-07 23:00:00,0,0,0,0,451,False,2026-05-07 23:01:58,,,SKIP_NO_PRIOR_VALID
2890550,193,2026-05-08 00:00:00,0,0,0,0,451,False,2026-05-08 00:02:05,,,SKIP_NO_PRIOR_VALID
2890827,193,2026-05-08 01:00:00,0,0,0,0,451,False,2026-05-08 01:02:06,,,SKIP_NO_PRIOR_VALID
2891103,193,2026-05-08 02:00:00,0,0,0,0,451,False,2026-05-08 02:02:00,,,SKIP_NO_PRIOR_VALID
2891380,193,2026-05-08 03:00:00,0,0,0,0,451,False,2026-05-08 03:01:58,,,SKIP_NO_PRIOR_VALID
2891657,193,2026-05-08 04:00:00,0,0,0,0,451,False,2026-05-08 04:01:59,,,SKIP_NO_PRIOR_VALID
2891934,193,2026-05-08 05:00:00,0,0,0,0,451,False,2026-05-08 05:01:57,,,SKIP_NO_PRIOR_VALID
2892186,193,2026-05-08 06:00:00,0,0,0,0,451,False,2026-05-08 06:02:02,,,SKIP_NO_PRIOR_VALID
2892488,193,2026-05-08 07:00:00,0,0,0,0,451,False,2026-05-08 07:02:00,,,SKIP_NO_PRIOR_VALID
2892765,193,2026-05-08 08:00:00,0,0,0,0,451,False,2026-05-08 08:01:58,,,SKIP_NO_PRIOR_VALID
2893042,193,2026-05-08 09:00:00,0,0,0,0,451,False,2026-05-08 09:01:58,,,SKIP_NO_PRIOR_VALID
2893319,193,2026-05-08 10:00:00,0,0,0,0,451,False,2026-05-08 10:01:57,,,SKIP_NO_PRIOR_VALID
2893596,193,2026-05-08 11:00:00,0,0,0,0,451,False,2026-05-08 11:01:56,,,SKIP_NO_PRIOR_VALID
2893871,193,2026-05-08 12:00:00,0,0,0,0,451,False,2026-05-08 12:01:59,,,SKIP_NO_PRIOR_VALID
2894145,193,2026-05-08 13:00:00,0,0,0,0,451,False,2026-05-08 13:01:59,,,SKIP_NO_PRIOR_VALID
2894427,193,2026-05-08 14:00:00,0,0,0,0,451,False,2026-05-08 14:01:59,,,SKIP_NO_PRIOR_VALID
2894704,193,2026-05-08 15:00:00,0,0,0,0,451,False,2026-05-08 15:02:02,,,SKIP_NO_PRIOR_VALID
2894982,193,2026-05-08 16:00:00,0,0,0,0,451,False,2026-05-08 16:02:06,,,SKIP_NO_PRIOR_VALID
2895258,193,2026-05-08 17:00:00,0,0,0,0,451,False,2026-05-08 17:01:59,,,SKIP_NO_PRIOR_VALID
2895535,193,2026-05-08 18:00:00,0,0,0,0,451,False,2026-05-08 18:02:00,,,SKIP_NO_PRIOR_VALID
2895803,193,2026-05-08 19:00:00,0,0,0,0,451,False,2026-05-08 19:02:00,,,SKIP_NO_PRIOR_VALID
2896089,193,2026-05-08 20:00:00,0,0,0,0,451,False,2026-05-08 20:01:58,,,SKIP_NO_PRIOR_VALID
2896358,193,2026-05-08 21:00:00,0,0,0,0,451,False,2026-05-08 21:01:57,,,SKIP_NO_PRIOR_VALID
2896643,193,2026-05-08 22:00:00,0,0,0,0,452,False,2026-05-08 22:01:58,,,SKIP_NO_PRIOR_VALID
2896921,193,2026-05-08 23:00:00,0,0,0,0,452,False,2026-05-08 23:02:06,,,SKIP_NO_PRIOR_VALID
2897198,193,2026-05-09 00:00:00,0,0,0,0,452,False,2026-05-09 00:02:09,,,SKIP_NO_PRIOR_VALID
2897474,193,2026-05-09 01:00:00,0,0,0,0,452,False,2026-05-09 01:02:02,,,SKIP_NO_PRIOR_VALID
2897751,193,2026-05-09 02:00:00,0,0,0,0,452,False,2026-05-09 02:01:58,,,SKIP_NO_PRIOR_VALID
2898028,193,2026-05-09 03:00:00,0,0,0,0,452,False,2026-05-09 03:01:59,,,SKIP_NO_PRIOR_VALID
2898305,193,2026-05-09 04:00:00,0,0,0,0,452,False,2026-05-09 04:02:00,,,SKIP_NO_PRIOR_VALID
2898582,193,2026-05-09 05:00:00,0,0,0,0,452,False,2026-05-09 05:02:02,,,SKIP_NO_PRIOR_VALID
2898859,193,2026-05-09 06:00:00,0,0,0,0,452,False,2026-05-09 06:01:58,,,SKIP_NO_PRIOR_VALID
2899136,193,2026-05-09 07:00:00,0,0,0,0,452,False,2026-05-09 07:02:00,,,SKIP_NO_PRIOR_VALID
2899413,193,2026-05-09 08:00:00,0,0,0,0,452,False,2026-05-09 08:01:58,,,SKIP_NO_PRIOR_VALID
2899690,193,2026-05-09 09:00:00,0,0,0,0,452,False,2026-05-09 09:01:57,,,SKIP_NO_PRIOR_VALID
2899959,193,2026-05-09 10:00:00,0,0,0,0,452,False,2026-05-09 10:01:58,,,SKIP_NO_PRIOR_VALID
2900228,193,2026-05-09 11:00:00,0,0,0,0,452,False,2026-05-09 11:01:56,,,SKIP_NO_PRIOR_VALID
2900521,193,2026-05-09 12:00:00,0,0,0,0,452,False,2026-05-09 12:02:01,,,SKIP_NO_PRIOR_VALID
2900761,193,2026-05-09 13:00:00,0,0,0,0,452,False,2026-05-09 13:01:58,,,SKIP_NO_PRIOR_VALID
2901041,193,2026-05-09 14:00:00,0,0,0,0,452,False,2026-05-09 14:01:57,,,SKIP_NO_PRIOR_VALID
2901352,193,2026-05-09 15:00:00,0,0,0,0,452,False,2026-05-09 15:01:57,,,SKIP_NO_PRIOR_VALID
2901629,193,2026-05-09 16:00:00,0,0,0,0,452,False,2026-05-09 16:01:58,,,SKIP_NO_PRIOR_VALID
2901906,193,2026-05-09 17:00:00,0,0,0,0,452,False,2026-05-09 17:01:58,,,SKIP_NO_PRIOR_VALID
2902183,193,2026-05-09 18:00:00,0,0,0,0,452,False,2026-05-09 18:01:58,,,SKIP_NO_PRIOR_VALID
2902460,193,2026-05-09 19:00:00,0,0,0,0,452,False,2026-05-09 19:01:57,,,SKIP_NO_PRIOR_VALID
2902737,193,2026-05-09 20:00:00,0,0,0,0,452,False,2026-05-09 20:01:56,,,SKIP_NO_PRIOR_VALID
2903014,193,2026-05-09 21:00:00,0,0,0,0,452,False,2026-05-09 21:01:58,,,SKIP_NO_PRIOR_VALID
2903291,193,2026-05-09 22:00:00,0,0,0,0,453,False,2026-05-09 22:01:57,,,SKIP_NO_PRIOR_VALID
2903568,193,2026-05-09 23:00:00,0,0,0,0,453,False,2026-05-09 23:01:58,,,SKIP_NO_PRIOR_VALID
2903846,193,2026-05-10 00:00:00,0,0,0,0,453,False,2026-05-10 00:02:09,,,SKIP_NO_PRIOR_VALID
2904118,193,2026-05-10 01:00:00,0,0,0,0,453,False,2026-05-10 01:02:00,,,SKIP_NO_PRIOR_VALID
2904399,193,2026-05-10 02:00:00,0,0,0,0,453,False,2026-05-10 02:01:57,,,SKIP_NO_PRIOR_VALID
2904634,193,2026-05-10 03:00:00,0,0,0,0,453,False,2026-05-10 03:01:57,,,SKIP_NO_PRIOR_VALID
2904944,193,2026-05-10 04:00:00,0,0,0,0,453,False,2026-05-10 04:01:59,,,SKIP_NO_PRIOR_VALID
2905196,193,2026-05-10 05:00:00,0,0,0,0,453,False,2026-05-10 05:01:57,,,SKIP_NO_PRIOR_VALID
2905498,193,2026-05-10 06:00:00,0,0,0,0,453,False,2026-05-10 06:01:57,,,SKIP_NO_PRIOR_VALID
2905743,193,2026-05-10 07:00:00,0,0,0,0,453,False,2026-05-10 07:01:57,,,SKIP_NO_PRIOR_VALID
2906061,193,2026-05-10 08:00:00,0,0,0,0,453,False,2026-05-10 08:01:59,,,SKIP_NO_PRIOR_VALID
2906338,193,2026-05-10 09:00:00,0,0,0,0,453,False,2026-05-10 09:01:57,,,SKIP_NO_PRIOR_VALID
2906610,193,2026-05-10 10:00:00,0,0,0,0,453,False,2026-05-10 10:01:57,,,SKIP_NO_PRIOR_VALID
2906888,193,2026-05-10 11:00:00,0,0,0,0,453,False,2026-05-10 11:01:56,,,SKIP_NO_PRIOR_VALID
2907169,193,2026-05-10 12:00:00,0,0,0,0,453,False,2026-05-10 12:01:59,,,SKIP_NO_PRIOR_VALID
2907446,193,2026-05-10 13:00:00,0,0,0,0,453,False,2026-05-10 13:01:59,,,SKIP_NO_PRIOR_VALID
2907723,193,2026-05-10 14:00:00,0,0,0,0,453,False,2026-05-10 14:01:57,,,SKIP_NO_PRIOR_VALID
2907994,193,2026-05-10 15:00:00,0,0,0,0,453,False,2026-05-10 15:01:59,,,SKIP_NO_PRIOR_VALID
2908271,193,2026-05-10 16:00:00,0,0,0,0,453,False,2026-05-10 16:01:59,,,SKIP_NO_PRIOR_VALID
2908552,193,2026-05-10 17:00:00,0,0,0,0,453,False,2026-05-10 17:01:59,,,SKIP_NO_PRIOR_VALID
2908831,193,2026-05-10 18:00:00,0,0,0,0,453,False,2026-05-10 18:02:01,,,SKIP_NO_PRIOR_VALID
2909108,193,2026-05-10 19:00:00,0,0,0,0,453,False,2026-05-10 19:01:58,,,SKIP_NO_PRIOR_VALID
2909351,193,2026-05-10 20:00:00,0,0,0,0,453,False,2026-05-10 20:01:57,,,SKIP_NO_PRIOR_VALID
2909619,193,2026-05-10 21:00:00,0,0,0,0,453,False,2026-05-10 21:01:56,,,SKIP_NO_PRIOR_VALID
2909939,193,2026-05-10 22:00:00,0,0,0,0,454,False,2026-05-10 22:01:57,,,SKIP_NO_PRIOR_VALID
2910216,193,2026-05-10 23:00:00,0,0,0,0,454,False,2026-05-10 23:01:58,,,SKIP_NO_PRIOR_VALID
2910491,193,2026-05-11 00:00:00,0,0,0,0,454,False,2026-05-11 00:02:05,,,SKIP_NO_PRIOR_VALID
2910770,193,2026-05-11 01:00:00,0,0,0,0,454,False,2026-05-11 01:02:00,,,SKIP_NO_PRIOR_VALID
2911044,193,2026-05-11 02:00:00,0,0,0,0,454,False,2026-05-11 02:01:57,,,SKIP_NO_PRIOR_VALID
2911324,193,2026-05-11 03:00:00,0,0,0,0,454,False,2026-05-11 03:01:59,,,SKIP_NO_PRIOR_VALID
2911596,193,2026-05-11 04:00:00,0,0,0,0,454,False,2026-05-11 04:01:58,,,SKIP_NO_PRIOR_VALID
2911878,193,2026-05-11 05:00:00,0,0,0,0,454,False,2026-05-11 05:01:58,,,SKIP_NO_PRIOR_VALID
2912155,193,2026-05-11 06:00:00,0,0,0,0,454,False,2026-05-11 06:02:00,,,SKIP_NO_PRIOR_VALID
2912432,193,2026-05-11 07:00:00,0,0,0,0,454,False,2026-05-11 07:02:01,,,SKIP_NO_PRIOR_VALID
2912703,193,2026-05-11 08:00:00,0,0,0,0,454,False,2026-05-11 08:01:59,,,SKIP_NO_PRIOR_VALID
2912986,193,2026-05-11 09:00:00,0,0,0,0,454,False,2026-05-11 09:01:58,,,SKIP_NO_PRIOR_VALID
2913262,193,2026-05-11 10:00:00,0,0,0,0,454,False,2026-05-11 10:01:59,,,SKIP_NO_PRIOR_VALID
2913536,193,2026-05-11 11:00:00,0,0,0,0,454,False,2026-05-11 11:01:57,,,SKIP_NO_PRIOR_VALID
2913815,193,2026-05-11 12:00:00,0,0,0,0,454,False,2026-05-11 12:02:02,,,SKIP_NO_PRIOR_VALID
2914091,193,2026-05-11 13:00:00,0,0,0,0,454,False,2026-05-11 13:02:02,,,SKIP_NO_PRIOR_VALID
2914330,193,2026-05-11 14:00:00,0,0,0,0,454,False,2026-05-11 14:02:00,,,SKIP_NO_PRIOR_VALID
2914647,193,2026-05-11 15:00:00,0,0,0,0,454,False,2026-05-11 15:02:01,,,SKIP_NO_PRIOR_VALID
2914899,193,2026-05-11 16:00:00,0,0,0,0,454,False,2026-05-11 16:02:00,,,SKIP_NO_PRIOR_VALID
2915199,193,2026-05-11 17:00:00,0,0,0,0,454,False,2026-05-11 17:02:02,,,SKIP_NO_PRIOR_VALID
2915475,193,2026-05-11 18:00:00,0,0,0,0,454,False,2026-05-11 18:02:01,,,SKIP_NO_PRIOR_VALID
2915751,193,2026-05-11 19:00:00,0,0,0,0,454,False,2026-05-11 19:01:59,,,SKIP_NO_PRIOR_VALID
2916027,193,2026-05-11 20:00:00,0,0,0,0,454,False,2026-05-11 20:01:59,,,SKIP_NO_PRIOR_VALID
2916303,193,2026-05-11 21:00:00,0,0,0,0,454,False,2026-05-11 21:01:59,,,SKIP_NO_PRIOR_VALID
2916579,193,2026-05-11 22:00:00,0,0,0,0,455,False,2026-05-11 22:01:57,,,SKIP_NO_PRIOR_VALID
2916855,193,2026-05-11 23:00:00,0,0,0,0,455,False,2026-05-11 23:01:55,,,SKIP_NO_PRIOR_VALID
2917131,193,2026-05-12 00:00:00,0,0,0,0,455,False,2026-05-12 00:02:03,,,SKIP_NO_PRIOR_VALID
2917407,193,2026-05-12 01:00:00,0,0,0,0,455,False,2026-05-12 01:01:59,,,SKIP_NO_PRIOR_VALID
2917675,193,2026-05-12 02:00:00,0,0,0,0,455,False,2026-05-12 02:01:57,,,SKIP_NO_PRIOR_VALID
2917959,193,2026-05-12 03:00:00,0,0,0,0,455,False,2026-05-12 03:01:58,,,SKIP_NO_PRIOR_VALID
2918235,193,2026-05-12 04:00:00,0,0,0,0,455,False,2026-05-12 04:01:58,,,SKIP_NO_PRIOR_VALID
2918511,193,2026-05-12 05:00:00,0,0,0,0,455,False,2026-05-12 05:01:57,,,SKIP_NO_PRIOR_VALID
2918785,193,2026-05-12 06:00:00,0,0,0,0,455,False,2026-05-12 06:01:58,,,SKIP_NO_PRIOR_VALID
2919029,193,2026-05-12 07:00:00,0,0,0,0,455,False,2026-05-12 07:01:56,,,SKIP_NO_PRIOR_VALID
2919339,193,2026-05-12 08:00:00,0,0,0,0,455,False,2026-05-12 08:01:58,,,SKIP_NO_PRIOR_VALID
2919615,193,2026-05-12 09:00:00,0,0,0,0,455,False,2026-05-12 09:01:56,,,SKIP_NO_PRIOR_VALID
2919891,193,2026-05-12 10:00:00,0,0,0,0,455,False,2026-05-12 10:01:58,,,SKIP_NO_PRIOR_VALID
2920167,193,2026-05-12 11:00:00,0,0,0,0,455,False,2026-05-12 11:01:57,,,SKIP_NO_PRIOR_VALID
2920443,193,2026-05-12 12:00:00,0,0,0,0,455,False,2026-05-12 12:02:01,,,SKIP_NO_PRIOR_VALID
2920719,193,2026-05-12 13:00:00,0,0,0,0,455,False,2026-05-12 13:02:00,,,SKIP_NO_PRIOR_VALID
2920995,193,2026-05-12 14:00:00,0,0,0,0,455,False,2026-05-12 14:01:58,,,SKIP_NO_PRIOR_VALID
2921271,193,2026-05-12 15:00:00,0,0,0,0,455,False,2026-05-12 15:01:57,,,SKIP_NO_PRIOR_VALID
2941304,202,2026-05-15 19:00:00,0,11362,0,0,0,False,2026-05-15 19:07:02,11362,2026-05-15 18:00:00,SKIP_ALREADY_OK
2941573,202,2026-05-15 20:00:00,0,6548,0,0,0,False,2026-05-15 20:06:54,11362,2026-05-15 18:00:00,CORRECT_TO_11362
2941842,202,2026-05-15 21:00:00,0,6548,0,0,0,False,2026-05-15 21:06:54,11362,2026-05-15 18:00:00,CORRECT_TO_11362
2942111,202,2026-05-15 22:00:00,0,6548,0,0,0,False,2026-05-15 22:06:51,11362,2026-05-15 18:00:00,CORRECT_TO_11362
2942380,202,2026-05-15 23:00:00,0,6548,0,0,0,False,2026-05-15 23:06:55,11362,2026-05-15 18:00:00,CORRECT_TO_11362
2942649,202,2026-05-16 00:00:00,0,6548,0,0,0,False,2026-05-16 00:07:03,11362,2026-05-15 18:00:00,CORRECT_TO_11362
2942918,202,2026-05-16 01:00:00,0,6548,0,0,0,False,2026-05-16 01:06:57,11362,2026-05-15 18:00:00,CORRECT_TO_11362
2943187,202,2026-05-16 02:00:00,0,6548,0,0,0,False,2026-05-16 02:06:58,11362,2026-05-15 18:00:00,CORRECT_TO_11362
2941297,203,2026-05-15 19:00:00,0,9602,0,0,0,False,2026-05-15 19:06:08,9602,2026-05-15 18:00:00,SKIP_ALREADY_OK
2941566,203,2026-05-15 20:00:00,0,0,0,0,0,False,2026-05-15 20:06:00,9602,2026-05-15 18:00:00,CORRECT_TO_9602
2941835,203,2026-05-15 21:00:00,0,0,0,0,0,False,2026-05-15 21:06:00,9602,2026-05-15 18:00:00,CORRECT_TO_9602
2942104,203,2026-05-15 22:00:00,0,0,0,0,0,False,2026-05-15 22:05:57,9602,2026-05-15 18:00:00,CORRECT_TO_9602
2942373,203,2026-05-15 23:00:00,0,0,0,0,0,False,2026-05-15 23:06:01,9602,2026-05-15 18:00:00,CORRECT_TO_9602
2942643,203,2026-05-16 00:00:00,0,0,0,0,0,False,2026-05-16 00:06:09,9602,2026-05-15 18:00:00,CORRECT_TO_9602
2942911,203,2026-05-16 01:00:00,0,0,0,0,0,False,2026-05-16 01:06:03,9602,2026-05-15 18:00:00,CORRECT_TO_9602
2943180,203,2026-05-16 02:00:00,0,0,0,0,0,False,2026-05-16 02:06:03,9602,2026-05-15 18:00:00,CORRECT_TO_9602
2941306,204,2026-05-15 19:00:00,0,12975,0,0,0,False,2026-05-15 19:07:11,12975,2026-05-15 18:00:00,SKIP_ALREADY_OK
2941574,204,2026-05-15 20:00:00,0,0,0,0,0,False,2026-05-15 20:07:04,12975,2026-05-15 18:00:00,CORRECT_TO_12975
2941843,204,2026-05-15 21:00:00,0,0,0,0,0,False,2026-05-15 21:07:03,12975,2026-05-15 18:00:00,CORRECT_TO_12975
2942112,204,2026-05-15 22:00:00,0,0,0,0,0,False,2026-05-15 22:07:00,12975,2026-05-15 18:00:00,CORRECT_TO_12975
2942381,204,2026-05-15 23:00:00,0,0,0,0,0,False,2026-05-15 23:07:04,12975,2026-05-15 18:00:00,CORRECT_TO_12975
2942651,204,2026-05-16 00:00:00,0,0,0,0,0,False,2026-05-16 00:07:12,12975,2026-05-15 18:00:00,CORRECT_TO_12975
2942919,204,2026-05-16 01:00:00,0,0,0,0,0,False,2026-05-16 01:07:06,12975,2026-05-15 18:00:00,CORRECT_TO_12975
2943188,204,2026-05-16 02:00:00,0,0,0,0,0,False,2026-05-16 02:07:07,12975,2026-05-15 18:00:00,CORRECT_TO_12975
2941307,205,2026-05-15 19:00:00,0,14370,0,0,0,False,2026-05-15 19:07:21,14370,2026-05-15 18:00:00,SKIP_ALREADY_OK
2941576,205,2026-05-15 20:00:00,0,13851,0,0,0,False,2026-05-15 20:07:13,14370,2026-05-15 18:00:00,CORRECT_TO_14370
2941845,205,2026-05-15 21:00:00,0,13851,0,0,0,False,2026-05-15 21:07:12,14370,2026-05-15 18:00:00,CORRECT_TO_14370
2942114,205,2026-05-15 22:00:00,0,13851,0,0,0,False,2026-05-15 22:07:09,14370,2026-05-15 18:00:00,CORRECT_TO_14370
2942383,205,2026-05-15 23:00:00,0,13851,0,0,0,False,2026-05-15 23:07:13,14370,2026-05-15 18:00:00,CORRECT_TO_14370
2942652,205,2026-05-16 00:00:00,0,13851,0,0,0,False,2026-05-16 00:07:21,14370,2026-05-15 18:00:00,CORRECT_TO_14370
2942921,205,2026-05-16 01:00:00,0,13851,0,0,0,False,2026-05-16 01:07:15,14370,2026-05-15 18:00:00,CORRECT_TO_14370
2943190,205,2026-05-16 02:00:00,0,13851,0,0,0,False,2026-05-16 02:07:16,14370,2026-05-15 18:00:00,CORRECT_TO_14370
2941308,206,2026-05-15 19:00:00,0,0,0,0,0,False,2026-05-15 19:07:30,,,SKIP_NO_PRIOR_VALID
2941577,206,2026-05-15 20:00:00,0,0,0,0,0,False,2026-05-15 20:07:22,,,SKIP_NO_PRIOR_VALID
2941846,206,2026-05-15 21:00:00,0,0,0,0,0,False,2026-05-15 21:07:21,,,SKIP_NO_PRIOR_VALID
2942115,206,2026-05-15 22:00:00,0,0,0,0,0,False,2026-05-15 22:07:19,,,SKIP_NO_PRIOR_VALID
2942384,206,2026-05-15 23:00:00,0,0,0,0,0,False,2026-05-15 23:07:22,,,SKIP_NO_PRIOR_VALID
2942653,206,2026-05-16 00:00:00,0,0,0,0,0,False,2026-05-16 00:07:30,,,SKIP_NO_PRIOR_VALID
2942922,206,2026-05-16 01:00:00,0,0,0,0,0,False,2026-05-16 01:07:24,,,SKIP_NO_PRIOR_VALID
2943191,206,2026-05-16 02:00:00,0,0,0,0,0,False,2026-05-16 02:07:25,,,SKIP_NO_PRIOR_VALID
2941300,209,2026-05-15 19:00:00,0,35506,0,1049,0,False,2026-05-15 19:06:26,35506,2026-05-15 18:00:00,SKIP_ALREADY_OK
2941569,209,2026-05-15 20:00:00,0,0,0,0,0,False,2026-05-15 20:06:18,35506,2026-05-15 18:00:00,CORRECT_TO_35506
2941838,209,2026-05-15 21:00:00,0,0,0,0,0,False,2026-05-15 21:06:18,35506,2026-05-15 18:00:00,CORRECT_TO_35506
2942107,209,2026-05-15 22:00:00,0,0,0,0,0,False,2026-05-15 22:06:15,35506,2026-05-15 18:00:00,CORRECT_TO_35506
2942376,209,2026-05-15 23:00:00,0,0,0,0,0,False,2026-05-15 23:06:19,35506,2026-05-15 18:00:00,CORRECT_TO_35506
2942645,209,2026-05-16 00:00:00,0,0,0,0,0,False,2026-05-16 00:06:27,35506,2026-05-15 18:00:00,CORRECT_TO_35506
2942914,209,2026-05-16 01:00:00,0,0,0,0,0,False,2026-05-16 01:06:21,35506,2026-05-15 18:00:00,CORRECT_TO_35506
2943183,209,2026-05-16 02:00:00,0,0,0,0,0,False,2026-05-16 02:06:21,35506,2026-05-15 18:00:00,CORRECT_TO_35506
2941301,210,2026-05-15 19:00:00,0,3470089,0,1381,0,False,2026-05-15 19:06:35,3470089,2026-05-15 18:00:00,SKIP_ALREADY_OK
2941570,210,2026-05-15 20:00:00,0,0,0,0,0,False,2026-05-15 20:06:27,3470089,2026-05-15 18:00:00,CORRECT_TO_3470089
2941839,210,2026-05-15 21:00:00,0,0,0,0,0,False,2026-05-15 21:06:27,3470089,2026-05-15 18:00:00,CORRECT_TO_3470089
2942108,210,2026-05-15 22:00:00,0,0,0,0,0,False,2026-05-15 22:06:24,3470089,2026-05-15 18:00:00,CORRECT_TO_3470089
2942377,210,2026-05-15 23:00:00,0,0,0,0,0,False,2026-05-15 23:06:28,3470089,2026-05-15 18:00:00,CORRECT_TO_3470089
2942646,210,2026-05-16 00:00:00,0,0,0,0,0,False,2026-05-16 00:06:36,3470089,2026-05-15 18:00:00,CORRECT_TO_3470089
2942915,210,2026-05-16 01:00:00,0,0,0,0,0,False,2026-05-16 01:06:30,3470089,2026-05-15 18:00:00,CORRECT_TO_3470089
2943184,210,2026-05-16 02:00:00,0,0,0,0,0,False,2026-05-16 02:06:30,3470089,2026-05-15 18:00:00,CORRECT_TO_3470089
2941302,211,2026-05-15 19:00:00,0,1927163,0,598,0,False,2026-05-15 19:06:44,1927163,2026-05-15 18:00:00,SKIP_ALREADY_OK
2941571,211,2026-05-15 20:00:00,0,0,0,0,0,False,2026-05-15 20:06:36,1927163,2026-05-15 18:00:00,CORRECT_TO_1927163
2941840,211,2026-05-15 21:00:00,0,0,0,0,0,False,2026-05-15 21:06:36,1927163,2026-05-15 18:00:00,CORRECT_TO_1927163
2942109,211,2026-05-15 22:00:00,0,0,0,0,0,False,2026-05-15 22:06:33,1927163,2026-05-15 18:00:00,CORRECT_TO_1927163
2942378,211,2026-05-15 23:00:00,0,0,0,0,0,False,2026-05-15 23:06:37,1927163,2026-05-15 18:00:00,CORRECT_TO_1927163
2942647,211,2026-05-16 00:00:00,0,0,0,0,0,False,2026-05-16 00:06:45,1927163,2026-05-15 18:00:00,CORRECT_TO_1927163
2942916,211,2026-05-16 01:00:00,0,0,0,0,0,False,2026-05-16 01:06:39,1927163,2026-05-15 18:00:00,CORRECT_TO_1927163
2943185,211,2026-05-16 02:00:00,0,0,0,0,0,False,2026-05-16 02:06:39,1927163,2026-05-15 18:00:00,CORRECT_TO_1927163
