id,catchment_point_id,date_time_medition,pulses,old_total,new_total,old_diff,new_diff,old_today_diff,new_today_diff,action
2970222,1,2026-05-20 00:00:00,249874,,718850,0,,0,,CORRECT_TOTAL_0_718850
2970223,1,2026-05-20 00:02:00,249875,,718714,0,,0,,CORRECT_TOTAL_0_718714
2970224,1,2026-05-20 00:04:00,249877,,718717,0,,0,,CORRECT_TOTAL_0_718717
2970225,1,2026-05-20 00:06:00,249878,,718718,0,,0,,CORRECT_TOTAL_0_718718
2970226,1,2026-05-20 00:08:00,249879,,718719,0,,0,,CORRECT_TOTAL_0_718719
2970227,1,2026-05-20 00:10:00,249880,,718719,0,,0,,CORRECT_TOTAL_0_718719
2970228,1,2026-05-20 00:12:00,249881,,718720,0,,0,,CORRECT_TOTAL_0_718720
2970229,1,2026-05-20 00:14:00,249883,,718723,0,,0,,CORRECT_TOTAL_0_718723
2970230,1,2026-05-20 00:16:00,249884,,718724,0,,0,,CORRECT_TOTAL_0_718724
2970231,1,2026-05-20 00:18:00,249885,,718725,0,,0,,CORRECT_TOTAL_0_718725
2970232,1,2026-05-20 00:20:00,249886,,718725,0,,0,,CORRECT_TOTAL_0_718725
2970233,1,2026-05-20 00:22:00,249887,,718726,0,,0,,CORRECT_TOTAL_0_718726
2970234,1,2026-05-20 00:24:00,249889,,718729,0,,0,,CORRECT_TOTAL_0_718729
2970235,1,2026-05-20 00:26:00,249890,,718730,0,,0,,CORRECT_TOTAL_0_718730
2970236,1,2026-05-20 00:28:00,249891,,718731,0,,0,,CORRECT_TOTAL_0_718731
2970237,1,2026-05-20 00:30:00,249892,,718731,0,,0,,CORRECT_TOTAL_0_718731
2970238,1,2026-05-20 00:32:00,249893,,718732,0,,0,,CORRECT_TOTAL_0_718732
2970239,1,2026-05-20 00:34:00,249895,,718735,0,,0,,CORRECT_TOTAL_0_718735
2970240,1,2026-05-20 00:36:00,249896,,718736,0,,0,,CORRECT_TOTAL_0_718736
2970241,1,2026-05-20 00:38:00,249897,,718737,0,,0,,CORRECT_TOTAL_0_718737
2970242,1,2026-05-20 00:40:00,249898,,718737,0,,0,,CORRECT_TOTAL_0_718737
2970243,1,2026-05-20 00:42:00,249899,,718738,0,,0,,CORRECT_TOTAL_0_718738
2970244,1,2026-05-20 00:44:00,249901,,718740,0,,0,,CORRECT_TOTAL_0_718740
2970245,1,2026-05-20 00:46:00,249902,,718742,0,,0,,CORRECT_TOTAL_0_718742
2970246,1,2026-05-20 00:48:00,249903,,718743,0,,0,,CORRECT_TOTAL_0_718743
2970247,1,2026-05-20 00:50:00,249904,,718743,0,,0,,CORRECT_TOTAL_0_718743
2970248,1,2026-05-20 00:52:00,249905,,718744,0,,0,,CORRECT_TOTAL_0_718744
2970249,1,2026-05-20 00:54:00,249907,,718746,0,,0,,CORRECT_TOTAL_0_718746
2970250,1,2026-05-20 00:56:00,249908,,718747,0,,0,,CORRECT_TOTAL_0_718747
2970251,1,2026-05-20 00:58:00,249909,,718748,0,,0,,CORRECT_TOTAL_0_718748
2970252,1,2026-05-20 01:00:00,249910,,718749,0,,0,,CORRECT_TOTAL_0_718749
2970253,1,2026-05-20 01:02:00,249911,,718750,0,,0,,CORRECT_TOTAL_0_718750
2970254,1,2026-05-20 01:04:00,249913,,718752,0,,0,,CORRECT_TOTAL_0_718752
2970255,1,2026-05-20 01:06:00,249914,,718753,0,,0,,CORRECT_TOTAL_0_718753
2970256,1,2026-05-20 01:08:00,249915,,718754,0,,0,,CORRECT_TOTAL_0_718754
2970257,1,2026-05-20 01:10:00,249916,,718754,0,,0,,CORRECT_TOTAL_0_718754
2970258,1,2026-05-20 01:12:00,249917,,718756,0,,0,,CORRECT_TOTAL_0_718756
2970259,1,2026-05-20 01:14:00,249919,,718758,0,,0,,CORRECT_TOTAL_0_718758
2970260,1,2026-05-20 01:16:00,249920,,718759,0,,0,,CORRECT_TOTAL_0_718759
2970261,1,2026-05-20 01:18:00,249921,,718760,0,,0,,CORRECT_TOTAL_0_718760
2970262,1,2026-05-20 01:20:00,249922,,718761,0,,0,,CORRECT_TOTAL_0_718761
2970263,1,2026-05-20 01:22:00,249923,,718762,0,,0,,CORRECT_TOTAL_0_718762
2970264,1,2026-05-20 01:24:00,249925,,718764,0,,0,,CORRECT_TOTAL_0_718764
2970265,1,2026-05-20 01:26:00,249926,,718765,0,,0,,CORRECT_TOTAL_0_718765
2970266,1,2026-05-20 01:28:00,249927,,718766,0,,0,,CORRECT_TOTAL_0_718766
2970267,1,2026-05-20 01:30:00,249928,,718767,0,,0,,CORRECT_TOTAL_0_718767
2970268,1,2026-05-20 01:32:00,249929,,718768,0,,0,,CORRECT_TOTAL_0_718768
2970269,1,2026-05-20 01:34:00,249931,,718770,0,,0,,CORRECT_TOTAL_0_718770
2970270,1,2026-05-20 01:36:00,249932,,718771,0,,0,,CORRECT_TOTAL_0_718771
2970271,1,2026-05-20 01:38:00,249933,,718772,0,,0,,CORRECT_TOTAL_0_718772
2970272,1,2026-05-20 01:40:00,249934,,718773,0,,0,,CORRECT_TOTAL_0_718773
2970273,1,2026-05-20 01:42:00,249935,,718774,0,,0,,CORRECT_TOTAL_0_718774
2970274,1,2026-05-20 01:44:00,249937,,718776,0,,0,,CORRECT_TOTAL_0_718776
2970275,1,2026-05-20 01:46:00,249938,,718777,0,,0,,CORRECT_TOTAL_0_718777
2970276,1,2026-05-20 01:48:00,249939,,718778,0,,0,,CORRECT_TOTAL_0_718778
2970277,1,2026-05-20 01:50:00,249940,,718779,0,,0,,CORRECT_TOTAL_0_718779
2970278,1,2026-05-20 01:52:00,249941,,718780,0,,0,,CORRECT_TOTAL_0_718780
2970279,1,2026-05-20 01:54:00,249943,,718782,0,,0,,CORRECT_TOTAL_0_718782
2970280,1,2026-05-20 01:56:00,249944,,718783,0,,0,,CORRECT_TOTAL_0_718783
2970281,1,2026-05-20 01:58:00,249945,,718784,0,,0,,CORRECT_TOTAL_0_718784
2970282,1,2026-05-20 02:00:00,249946,,718785,0,,0,,CORRECT_TOTAL_0_718785
2970283,1,2026-05-20 02:02:00,249947,,718786,0,,0,,CORRECT_TOTAL_0_718786
2970284,1,2026-05-20 02:04:00,249949,,718788,0,,0,,CORRECT_TOTAL_0_718788
2970285,1,2026-05-20 02:06:00,249949,,718788,0,,0,,CORRECT_TOTAL_0_718788
2970286,1,2026-05-20 02:08:00,249950,,718789,0,,0,,CORRECT_TOTAL_0_718789
2970287,1,2026-05-20 02:10:00,249951,,718790,0,,0,,CORRECT_TOTAL_0_718790
2970288,1,2026-05-20 02:12:00,249953,,718793,0,,0,,CORRECT_TOTAL_0_718793
2970289,1,2026-05-20 02:14:00,249954,,718794,0,,0,,CORRECT_TOTAL_0_718794
2970290,1,2026-05-20 02:16:00,249955,,718795,0,,0,,CORRECT_TOTAL_0_718795
2970291,1,2026-05-20 02:18:00,249956,,718795,0,,0,,CORRECT_TOTAL_0_718795
2970292,1,2026-05-20 02:20:00,249957,,718797,0,,0,,CORRECT_TOTAL_0_718797
2970293,1,2026-05-20 02:22:00,249958,,718799,0,,0,,CORRECT_TOTAL_0_718799
2970294,1,2026-05-20 02:24:00,249959,,718800,0,,0,,CORRECT_TOTAL_0_718800
2970295,1,2026-05-20 02:26:00,249960,,718800,0,,0,,CORRECT_TOTAL_0_718800
2970296,1,2026-05-20 02:28:00,249961,,718801,0,,0,,CORRECT_TOTAL_0_718801
2970297,1,2026-05-20 02:30:00,249963,,718804,0,,0,,CORRECT_TOTAL_0_718804
2970298,1,2026-05-20 02:32:00,249963,,718804,0,,0,,CORRECT_TOTAL_0_718804
2970300,1,2026-05-20 02:34:00,249964,,718805,0,,0,,CORRECT_TOTAL_0_718805
2970301,1,2026-05-20 02:36:00,249965,,718806,0,,0,,CORRECT_TOTAL_0_718806
2970302,1,2026-05-20 02:38:00,249966,,718807,0,,0,,CORRECT_TOTAL_0_718807
2970303,1,2026-05-20 02:40:00,249968,,718810,0,,0,,CORRECT_TOTAL_0_718810
2970304,1,2026-05-20 02:42:00,249969,,718811,0,,0,,CORRECT_TOTAL_0_718811
2970305,1,2026-05-20 02:44:00,249970,,718812,0,,0,,CORRECT_TOTAL_0_718812
2970306,1,2026-05-20 02:46:00,249970,,718812,0,,0,,CORRECT_TOTAL_0_718812
2970307,1,2026-05-20 02:48:00,249972,,718814,0,,0,,CORRECT_TOTAL_0_718814
2970308,1,2026-05-20 02:50:00,249973,,718816,0,,0,,CORRECT_TOTAL_0_718816
2970309,1,2026-05-20 02:52:00,249974,,718817,0,,0,,CORRECT_TOTAL_0_718817
2970310,1,2026-05-20 02:54:00,249975,,718817,0,,0,,CORRECT_TOTAL_0_718817
2970311,1,2026-05-20 02:56:00,249976,,718818,0,,0,,CORRECT_TOTAL_0_718818
2970312,1,2026-05-20 02:58:00,249977,,718819,0,,0,,CORRECT_TOTAL_0_718819
2970313,1,2026-05-20 03:00:00,249978,,718821,0,,0,,CORRECT_TOTAL_0_718821
2970314,1,2026-05-20 03:02:00,249979,,718822,0,,0,,CORRECT_TOTAL_0_718822
2970315,1,2026-05-20 03:04:00,249980,,718823,0,,0,,CORRECT_TOTAL_0_718823
2970316,1,2026-05-20 03:06:00,249982,,718825,0,,0,,CORRECT_TOTAL_0_718825
2970317,1,2026-05-20 03:08:00,249983,,718826,0,,0,,CORRECT_TOTAL_0_718826
2970318,1,2026-05-20 03:10:00,249983,,718826,0,,0,,CORRECT_TOTAL_0_718826
2970319,1,2026-05-20 03:12:00,249984,,718828,0,,0,,CORRECT_TOTAL_0_718828
2970320,1,2026-05-20 03:14:00,249986,,718829,0,,0,,CORRECT_TOTAL_0_718829
2970321,1,2026-05-20 03:16:00,249987,,718831,0,,0,,CORRECT_TOTAL_0_718831
2970322,1,2026-05-20 03:18:00,249988,,718832,0,,0,,CORRECT_TOTAL_0_718832
2970323,1,2026-05-20 03:20:00,249989,,718832,0,,0,,CORRECT_TOTAL_0_718832
2970324,1,2026-05-20 03:22:00,249990,,718835,0,,0,,CORRECT_TOTAL_0_718835
2970325,1,2026-05-20 03:24:00,249991,,718836,0,,0,,CORRECT_TOTAL_0_718836
2970326,1,2026-05-20 03:26:00,249992,,718837,0,,0,,CORRECT_TOTAL_0_718837
2970327,1,2026-05-20 03:28:00,249993,,718837,0,,0,,CORRECT_TOTAL_0_718837
2970328,1,2026-05-20 03:30:00,249994,,718839,0,,0,,CORRECT_TOTAL_0_718839
2970329,1,2026-05-20 03:32:00,249995,,718840,0,,0,,CORRECT_TOTAL_0_718840
2970330,1,2026-05-20 03:34:00,249996,,718841,0,,0,,CORRECT_TOTAL_0_718841
2970331,1,2026-05-20 03:36:00,249997,,718842,0,,0,,CORRECT_TOTAL_0_718842
2970332,1,2026-05-20 03:38:00,249998,,718843,0,,0,,CORRECT_TOTAL_0_718843
2970333,1,2026-05-20 03:40:00,250000,,718846,0,,0,,CORRECT_TOTAL_0_718846
2970334,1,2026-05-20 03:42:00,250001,,718846,0,,0,,CORRECT_TOTAL_0_718846
2970335,1,2026-05-20 03:44:00,250002,,718846,0,,0,,CORRECT_TOTAL_0_718846
2970336,1,2026-05-20 03:46:00,250003,,718846,0,,0,,CORRECT_TOTAL_0_718846
2970337,1,2026-05-20 03:48:00,250004,,718847,0,,0,,CORRECT_TOTAL_0_718847
2970338,1,2026-05-20 03:50:00,250005,,718847,0,,0,,CORRECT_TOTAL_0_718847
2970339,1,2026-05-20 03:52:00,250006,,718847,0,,0,,CORRECT_TOTAL_0_718847
2970340,1,2026-05-20 03:54:00,250007,,718847,0,,0,,CORRECT_TOTAL_0_718847
2970341,1,2026-05-20 03:56:00,250008,,718847,0,,0,,CORRECT_TOTAL_0_718847
2970342,1,2026-05-20 03:58:00,250009,,718848,0,,0,,CORRECT_TOTAL_0_718848
2970343,1,2026-05-20 04:00:00,250010,,718850,0,,0,,CORRECT_TOTAL_0_718850
2970344,1,2026-05-20 04:02:00,250011,,718987,0,,0,,CORRECT_TOTAL_0_718987
2970345,1,2026-05-20 04:04:00,250012,,718988,0,,0,,CORRECT_TOTAL_0_718988
2970346,1,2026-05-20 04:06:00,250014,,718990,0,,0,,CORRECT_TOTAL_0_718990
2970347,1,2026-05-20 04:08:00,250015,,718991,0,,0,,CORRECT_TOTAL_0_718991
2970348,1,2026-05-20 04:10:00,250015,,718991,0,,0,,CORRECT_TOTAL_0_718991
2970349,1,2026-05-20 04:12:00,250016,,718992,0,,0,,CORRECT_TOTAL_0_718992
2970350,1,2026-05-20 04:14:00,250018,,718994,0,,0,,CORRECT_TOTAL_0_718994
2970351,1,2026-05-20 04:16:00,250019,,718995,0,,0,,CORRECT_TOTAL_0_718995
2970352,1,2026-05-20 04:18:00,250020,,718996,0,,0,,CORRECT_TOTAL_0_718996
2970353,1,2026-05-20 04:20:00,250021,,718997,0,,0,,CORRECT_TOTAL_0_718997
2970354,1,2026-05-20 04:22:00,250022,,718998,0,,0,,CORRECT_TOTAL_0_718998
2970355,1,2026-05-20 04:24:00,250023,,718999,0,,0,,CORRECT_TOTAL_0_718999
2970356,1,2026-05-20 04:26:00,250024,,719000,0,,0,,CORRECT_TOTAL_0_719000
2970357,1,2026-05-20 04:28:00,250025,,719001,0,,0,,CORRECT_TOTAL_0_719001
2970358,1,2026-05-20 04:30:00,250026,,719002,0,,0,,CORRECT_TOTAL_0_719002
2970359,1,2026-05-20 04:32:00,250027,,719003,0,,0,,CORRECT_TOTAL_0_719003
2970360,1,2026-05-20 04:34:00,250028,,719004,0,,0,,CORRECT_TOTAL_0_719004
2970361,1,2026-05-20 04:36:00,250029,,719005,0,,0,,CORRECT_TOTAL_0_719005
2970362,1,2026-05-20 04:38:00,250030,,719006,0,,0,,CORRECT_TOTAL_0_719006
2970363,1,2026-05-20 04:40:00,250032,,719008,0,,0,,CORRECT_TOTAL_0_719008
2970364,1,2026-05-20 04:42:00,250033,,719009,0,,0,,CORRECT_TOTAL_0_719009
2970365,1,2026-05-20 04:44:00,250033,,719009,0,,0,,CORRECT_TOTAL_0_719009
2970366,1,2026-05-20 04:46:00,250034,,719010,0,,0,,CORRECT_TOTAL_0_719010
2970367,1,2026-05-20 04:48:00,250035,,719011,0,,0,,CORRECT_TOTAL_0_719011
2970368,1,2026-05-20 04:50:00,250037,,719013,0,,0,,CORRECT_TOTAL_0_719013
2970369,1,2026-05-20 04:52:00,250038,,719014,0,,0,,CORRECT_TOTAL_0_719014
2970370,1,2026-05-20 04:54:00,250039,,719015,0,,0,,CORRECT_TOTAL_0_719015
2970371,1,2026-05-20 04:56:00,250040,,719016,0,,0,,CORRECT_TOTAL_0_719016
2970372,1,2026-05-20 04:58:00,250041,,719017,0,,0,,CORRECT_TOTAL_0_719017
2970373,1,2026-05-20 05:00:00,250042,,719018,0,,0,,CORRECT_TOTAL_0_719018
2970374,1,2026-05-20 05:02:00,250043,,719019,0,,0,,CORRECT_TOTAL_0_719019
2970375,1,2026-05-20 05:04:00,250044,,719020,0,,0,,CORRECT_TOTAL_0_719020
2970376,1,2026-05-20 05:06:00,250045,,719021,0,,0,,CORRECT_TOTAL_0_719021
2970377,1,2026-05-20 05:08:00,250046,,719022,0,,0,,CORRECT_TOTAL_0_719022
2970378,1,2026-05-20 05:10:00,250047,,719023,0,,0,,CORRECT_TOTAL_0_719023
2970379,1,2026-05-20 05:12:00,250048,,719024,0,,0,,CORRECT_TOTAL_0_719024
2970380,1,2026-05-20 05:14:00,250049,,719025,0,,0,,CORRECT_TOTAL_0_719025
2970381,1,2026-05-20 05:16:00,250051,,719027,0,,0,,CORRECT_TOTAL_0_719027
2970382,1,2026-05-20 05:18:00,250051,,719027,0,,0,,CORRECT_TOTAL_0_719027
2970383,1,2026-05-20 05:20:00,250052,,719028,0,,0,,CORRECT_TOTAL_0_719028
2970384,1,2026-05-20 05:22:00,250053,,719029,0,,0,,CORRECT_TOTAL_0_719029
2970385,1,2026-05-20 05:24:00,250055,,719031,0,,0,,CORRECT_TOTAL_0_719031
2970386,1,2026-05-20 05:26:00,250056,,719032,0,,0,,CORRECT_TOTAL_0_719032
2970387,1,2026-05-20 05:28:00,250057,,719033,0,,0,,CORRECT_TOTAL_0_719033
2970388,1,2026-05-20 05:30:00,250057,,719033,0,,0,,CORRECT_TOTAL_0_719033
2970389,1,2026-05-20 05:32:00,250059,,719035,0,,0,,CORRECT_TOTAL_0_719035
2970390,1,2026-05-20 05:34:00,250060,,719036,0,,0,,CORRECT_TOTAL_0_719036
2970391,1,2026-05-20 05:36:00,250061,,719037,0,,0,,CORRECT_TOTAL_0_719037
2970392,1,2026-05-20 05:38:00,250062,,719038,0,,0,,CORRECT_TOTAL_0_719038
2970393,1,2026-05-20 05:40:00,250063,,719039,0,,0,,CORRECT_TOTAL_0_719039
2970394,1,2026-05-20 05:42:00,250064,,719040,0,,0,,CORRECT_TOTAL_0_719040
2970395,1,2026-05-20 05:44:00,250065,,719041,0,,0,,CORRECT_TOTAL_0_719041
2970396,1,2026-05-20 05:46:00,250066,,719042,0,,0,,CORRECT_TOTAL_0_719042
2970397,1,2026-05-20 05:48:00,250067,,719043,0,,0,,CORRECT_TOTAL_0_719043
2970398,1,2026-05-20 05:50:00,250068,,719044,0,,0,,CORRECT_TOTAL_0_719044
2970399,1,2026-05-20 05:52:00,250069,,719045,0,,0,,CORRECT_TOTAL_0_719045
2970400,1,2026-05-20 05:54:00,250070,,719046,0,,0,,CORRECT_TOTAL_0_719046
2970401,1,2026-05-20 05:56:00,250071,,719047,0,,0,,CORRECT_TOTAL_0_719047
2970402,1,2026-05-20 05:58:00,250072,,719048,0,,0,,CORRECT_TOTAL_0_719048
2970403,1,2026-05-20 06:00:00,250074,,719050,0,,0,,CORRECT_TOTAL_0_719050
2970404,1,2026-05-20 06:02:00,250075,,719051,0,,0,,CORRECT_TOTAL_0_719051
2970405,1,2026-05-20 06:04:00,250075,,719051,0,,0,,CORRECT_TOTAL_0_719051
2970406,1,2026-05-20 06:06:00,250076,,719052,0,,0,,CORRECT_TOTAL_0_719052
2970407,1,2026-05-20 06:08:00,250078,,719054,0,,0,,CORRECT_TOTAL_0_719054
2970408,1,2026-05-20 06:10:00,250079,,719055,0,,0,,CORRECT_TOTAL_0_719055
2970409,1,2026-05-20 06:12:00,250080,,719056,0,,0,,CORRECT_TOTAL_0_719056
2970410,1,2026-05-20 06:14:00,250081,,719057,0,,0,,CORRECT_TOTAL_0_719057
2970411,1,2026-05-20 06:16:00,250082,,719058,0,,0,,CORRECT_TOTAL_0_719058
2970412,1,2026-05-20 06:18:00,250083,,719059,0,,0,,CORRECT_TOTAL_0_719059
2970413,1,2026-05-20 06:20:00,250084,,719060,0,,0,,CORRECT_TOTAL_0_719060
2970414,1,2026-05-20 06:22:00,250085,,719061,0,,0,,CORRECT_TOTAL_0_719061
2970415,1,2026-05-20 06:24:00,250087,,719063,0,,0,,CORRECT_TOTAL_0_719063
2970416,1,2026-05-20 06:26:00,250088,,719064,0,,0,,CORRECT_TOTAL_0_719064
2970417,1,2026-05-20 06:28:00,250089,,719065,0,,0,,CORRECT_TOTAL_0_719065
2970418,1,2026-05-20 06:30:00,250090,,719066,0,,0,,CORRECT_TOTAL_0_719066
2970419,1,2026-05-20 06:32:00,250091,,719067,0,,0,,CORRECT_TOTAL_0_719067
2970420,1,2026-05-20 06:34:00,250092,,719068,0,,0,,CORRECT_TOTAL_0_719068
2970421,1,2026-05-20 06:36:00,250093,,719069,0,,0,,CORRECT_TOTAL_0_719069
2970422,1,2026-05-20 06:38:00,250094,,719070,0,,0,,CORRECT_TOTAL_0_719070
2970423,1,2026-05-20 06:40:00,250095,,719071,0,,0,,CORRECT_TOTAL_0_719071
2970424,1,2026-05-20 06:42:00,250097,,719073,0,,0,,CORRECT_TOTAL_0_719073
2970425,1,2026-05-20 06:44:00,250098,,719074,0,,0,,CORRECT_TOTAL_0_719074
2970426,1,2026-05-20 06:46:00,250098,,719074,0,,0,,CORRECT_TOTAL_0_719074
2970427,1,2026-05-20 06:48:00,250099,,719075,0,,0,,CORRECT_TOTAL_0_719075
2970428,1,2026-05-20 06:50:00,250101,,719077,0,,0,,CORRECT_TOTAL_0_719077
2970429,1,2026-05-20 06:52:00,250102,,719078,0,,0,,CORRECT_TOTAL_0_719078
2970430,1,2026-05-20 06:54:00,250103,,719079,0,,0,,CORRECT_TOTAL_0_719079
2970431,1,2026-05-20 06:56:00,250104,,719080,0,,0,,CORRECT_TOTAL_0_719080
2970432,1,2026-05-20 06:58:00,250105,,719081,0,,0,,CORRECT_TOTAL_0_719081
2970433,1,2026-05-20 07:00:00,250106,,719082,0,,0,,CORRECT_TOTAL_0_719082
2970434,1,2026-05-20 07:02:00,250107,,719083,0,,0,,CORRECT_TOTAL_0_719083
2970435,1,2026-05-20 07:04:00,250108,,719084,0,,0,,CORRECT_TOTAL_0_719084
2970436,1,2026-05-20 07:06:00,250109,,719085,0,,0,,CORRECT_TOTAL_0_719085
2970437,1,2026-05-20 07:08:00,250111,,719087,0,,0,,CORRECT_TOTAL_0_719087
2970438,1,2026-05-20 07:10:00,250112,,719088,0,,0,,CORRECT_TOTAL_0_719088
2970439,1,2026-05-20 07:12:00,250113,,719089,0,,0,,CORRECT_TOTAL_0_719089
2970440,1,2026-05-20 07:14:00,250114,,719090,0,,0,,CORRECT_TOTAL_0_719090
2970441,1,2026-05-20 07:16:00,250115,,719091,0,,0,,CORRECT_TOTAL_0_719091
2970442,1,2026-05-20 07:18:00,250116,,719092,0,,0,,CORRECT_TOTAL_0_719092
2970443,1,2026-05-20 07:20:00,250117,,719093,0,,0,,CORRECT_TOTAL_0_719093
2970444,1,2026-05-20 07:22:00,250118,,719094,0,,0,,CORRECT_TOTAL_0_719094
2970445,1,2026-05-20 07:24:00,250119,,719095,0,,0,,CORRECT_TOTAL_0_719095
2970446,1,2026-05-20 07:26:00,250121,,719097,0,,0,,CORRECT_TOTAL_0_719097
2970447,1,2026-05-20 07:28:00,250122,,719098,0,,0,,CORRECT_TOTAL_0_719098
2970448,1,2026-05-20 07:30:00,250123,,719099,0,,0,,CORRECT_TOTAL_0_719099
2970449,1,2026-05-20 07:32:00,250124,,719100,0,,0,,CORRECT_TOTAL_0_719100
2970450,1,2026-05-20 07:34:00,250125,,719101,0,,0,,CORRECT_TOTAL_0_719101
2970451,1,2026-05-20 07:36:00,250126,,719102,0,,0,,CORRECT_TOTAL_0_719102
2970452,1,2026-05-20 07:38:00,250127,,719103,0,,0,,CORRECT_TOTAL_0_719103
2970453,1,2026-05-20 07:40:00,250128,,719104,0,,0,,CORRECT_TOTAL_0_719104
2970454,1,2026-05-20 07:42:00,250130,,719106,0,,0,,CORRECT_TOTAL_0_719106
2970455,1,2026-05-20 07:44:00,250130,,719106,0,,0,,CORRECT_TOTAL_0_719106
2970456,1,2026-05-20 07:46:00,250131,,719107,0,,0,,CORRECT_TOTAL_0_719107
2970457,1,2026-05-20 07:48:00,250132,,719108,0,,0,,CORRECT_TOTAL_0_719108
2970458,1,2026-05-20 07:50:00,250134,,719110,0,,0,,CORRECT_TOTAL_0_719110
2970459,1,2026-05-20 07:52:00,250135,,719111,0,,0,,CORRECT_TOTAL_0_719111
2970460,1,2026-05-20 07:54:00,250136,,719112,0,,0,,CORRECT_TOTAL_0_719112
2970461,1,2026-05-20 07:56:00,250137,,719113,0,,0,,CORRECT_TOTAL_0_719113
2970462,1,2026-05-20 07:58:00,250138,,719114,0,,0,,CORRECT_TOTAL_0_719114
2970463,1,2026-05-20 08:00:00,250139,,719115,0,,0,,CORRECT_TOTAL_0_719115
2970464,1,2026-05-20 08:02:00,250140,,719116,0,,0,,CORRECT_TOTAL_0_719116
2970465,1,2026-05-20 08:04:00,250141,,719117,0,,0,,CORRECT_TOTAL_0_719117
2970466,1,2026-05-20 08:06:00,250142,,719118,0,,0,,CORRECT_TOTAL_0_719118
2970467,1,2026-05-20 08:08:00,250144,,719120,0,,0,,CORRECT_TOTAL_0_719120
2970468,1,2026-05-20 08:10:00,250145,,719121,0,,0,,CORRECT_TOTAL_0_719121
2970469,1,2026-05-20 08:12:00,250146,,719122,0,,0,,CORRECT_TOTAL_0_719122
2970470,1,2026-05-20 08:14:00,250147,,719123,0,,0,,CORRECT_TOTAL_0_719123
2970471,1,2026-05-20 08:16:00,250148,,719124,0,,0,,CORRECT_TOTAL_0_719124
2970472,1,2026-05-20 08:18:00,250149,,719125,0,,0,,CORRECT_TOTAL_0_719125
2970473,1,2026-05-20 08:20:00,250150,,719126,0,,0,,CORRECT_TOTAL_0_719126
2970474,1,2026-05-20 08:22:00,250151,,719127,0,,0,,CORRECT_TOTAL_0_719127
2970475,1,2026-05-20 08:24:00,250153,,719129,0,,0,,CORRECT_TOTAL_0_719129
2970476,1,2026-05-20 08:26:00,250154,,719130,0,,0,,CORRECT_TOTAL_0_719130
2970477,1,2026-05-20 08:28:00,250155,,719131,0,,0,,CORRECT_TOTAL_0_719131
2970478,1,2026-05-20 08:30:00,250156,,719132,0,,0,,CORRECT_TOTAL_0_719132
2970479,1,2026-05-20 08:32:00,250157,,719133,0,,0,,CORRECT_TOTAL_0_719133
2970480,1,2026-05-20 08:34:00,250158,,719134,0,,0,,CORRECT_TOTAL_0_719134
2970481,1,2026-05-20 08:36:00,250159,,719135,0,,0,,CORRECT_TOTAL_0_719135
2970482,1,2026-05-20 08:38:00,250160,,719136,0,,0,,CORRECT_TOTAL_0_719136
2970483,1,2026-05-20 08:40:00,250161,,719137,0,,0,,CORRECT_TOTAL_0_719137
2970484,1,2026-05-20 08:42:00,250163,,719139,0,,0,,CORRECT_TOTAL_0_719139
2970485,1,2026-05-20 08:44:00,250163,,719139,0,,0,,CORRECT_TOTAL_0_719139
2970486,1,2026-05-20 08:46:00,250164,,719140,0,,0,,CORRECT_TOTAL_0_719140
2970487,1,2026-05-20 08:48:00,250166,,719142,0,,0,,CORRECT_TOTAL_0_719142
2970488,1,2026-05-20 08:50:00,250167,,719143,0,,0,,CORRECT_TOTAL_0_719143
2970489,1,2026-05-20 08:52:00,250168,,719144,0,,0,,CORRECT_TOTAL_0_719144
2970490,1,2026-05-20 08:54:00,250169,,719145,0,,0,,CORRECT_TOTAL_0_719145
2970491,1,2026-05-20 08:56:00,250170,,719146,0,,0,,CORRECT_TOTAL_0_719146
2970492,1,2026-05-20 08:58:00,250171,,719147,0,,0,,CORRECT_TOTAL_0_719147
2970493,1,2026-05-20 09:00:00,250172,,719148,0,,0,,CORRECT_TOTAL_0_719148
2970494,1,2026-05-20 09:02:00,250173,,719149,0,,0,,CORRECT_TOTAL_0_719149
2970495,1,2026-05-20 09:04:00,250174,,719150,0,,0,,CORRECT_TOTAL_0_719150
2970496,1,2026-05-20 09:06:00,250176,,719152,0,,0,,CORRECT_TOTAL_0_719152
2970497,1,2026-05-20 09:08:00,250177,,719153,0,,0,,CORRECT_TOTAL_0_719153
2970498,1,2026-05-20 09:10:00,250178,,719154,0,,0,,CORRECT_TOTAL_0_719154
2970499,1,2026-05-20 09:12:00,250179,,719155,0,,0,,CORRECT_TOTAL_0_719155
2970500,1,2026-05-20 09:14:00,250180,,719156,0,,0,,CORRECT_TOTAL_0_719156
2970501,1,2026-05-20 09:16:00,250181,,719157,0,,0,,CORRECT_TOTAL_0_719157
2970502,1,2026-05-20 09:18:00,250182,,719158,0,,0,,CORRECT_TOTAL_0_719158
2970503,1,2026-05-20 09:20:00,250183,,719159,0,,0,,CORRECT_TOTAL_0_719159
2970504,1,2026-05-20 09:22:00,250184,,719160,0,,0,,CORRECT_TOTAL_0_719160
2970505,1,2026-05-20 09:24:00,250186,,719162,0,,0,,CORRECT_TOTAL_0_719162
2970506,1,2026-05-20 09:26:00,250187,,719163,0,,0,,CORRECT_TOTAL_0_719163
2970507,1,2026-05-20 09:28:00,250188,,719164,0,,0,,CORRECT_TOTAL_0_719164
2970508,1,2026-05-20 09:30:00,250189,,719165,0,,0,,CORRECT_TOTAL_0_719165
2970509,1,2026-05-20 09:32:00,250190,,719166,0,,0,,CORRECT_TOTAL_0_719166
2970510,1,2026-05-20 09:34:00,250191,,719167,0,,0,,CORRECT_TOTAL_0_719167
2970511,1,2026-05-20 09:36:00,250192,,719168,0,,0,,CORRECT_TOTAL_0_719168
2970512,1,2026-05-20 09:38:00,250193,,719169,0,,0,,CORRECT_TOTAL_0_719169
2970513,1,2026-05-20 09:40:00,250195,,719171,0,,0,,CORRECT_TOTAL_0_719171
2970514,1,2026-05-20 09:42:00,250196,,719172,0,,0,,CORRECT_TOTAL_0_719172
2970515,1,2026-05-20 09:44:00,250197,,719173,0,,0,,CORRECT_TOTAL_0_719173
2970516,1,2026-05-20 09:46:00,250198,,719174,0,,0,,CORRECT_TOTAL_0_719174
2970517,1,2026-05-20 09:48:00,250199,,719175,0,,0,,CORRECT_TOTAL_0_719175
2970518,1,2026-05-20 09:50:00,250200,,719176,0,,0,,CORRECT_TOTAL_0_719176
2970519,1,2026-05-20 09:52:00,250201,,719177,0,,0,,CORRECT_TOTAL_0_719177
2970520,1,2026-05-20 09:54:00,250202,,719178,0,,0,,CORRECT_TOTAL_0_719178
2970521,1,2026-05-20 09:56:00,250203,,719179,0,,0,,CORRECT_TOTAL_0_719179
2970522,1,2026-05-20 09:58:00,250205,,719181,0,,0,,CORRECT_TOTAL_0_719181
2970523,1,2026-05-20 10:00:00,250206,,719182,0,,0,,CORRECT_TOTAL_0_719182
2970524,1,2026-05-20 10:02:00,250207,,719183,0,,0,,CORRECT_TOTAL_0_719183
2970525,1,2026-05-20 10:04:00,250207,,719183,0,,0,,CORRECT_TOTAL_0_719183
2970526,1,2026-05-20 10:06:00,250209,,719185,0,,0,,CORRECT_TOTAL_0_719185
2970527,1,2026-05-20 10:08:00,250210,,719186,0,,0,,CORRECT_TOTAL_0_719186
2970528,1,2026-05-20 10:10:00,250211,,719187,0,,0,,CORRECT_TOTAL_0_719187
2970529,1,2026-05-20 10:12:00,250212,,719188,0,,0,,CORRECT_TOTAL_0_719188
2970530,1,2026-05-20 10:14:00,250213,,719189,0,,0,,CORRECT_TOTAL_0_719189
2970531,1,2026-05-20 10:16:00,250214,,719190,0,,0,,CORRECT_TOTAL_0_719190
2970532,1,2026-05-20 10:18:00,250215,,719191,0,,0,,CORRECT_TOTAL_0_719191
2970533,1,2026-05-20 10:20:00,250216,,719192,0,,0,,CORRECT_TOTAL_0_719192
2970534,1,2026-05-20 10:22:00,250217,,719193,0,,0,,CORRECT_TOTAL_0_719193
2970535,1,2026-05-20 10:24:00,250218,,719194,0,,0,,CORRECT_TOTAL_0_719194
2970536,1,2026-05-20 10:26:00,250219,,719195,0,,0,,CORRECT_TOTAL_0_719195
2970537,1,2026-05-20 10:28:00,250220,,719196,0,,0,,CORRECT_TOTAL_0_719196
2970538,1,2026-05-20 10:30:00,250221,,719197,0,,0,,CORRECT_TOTAL_0_719197
2970539,1,2026-05-20 10:32:00,250223,,719199,0,,0,,CORRECT_TOTAL_0_719199
2970540,1,2026-05-20 10:34:00,250224,,719200,0,,0,,CORRECT_TOTAL_0_719200
2970541,1,2026-05-20 10:36:00,250225,,719201,0,,0,,CORRECT_TOTAL_0_719201
2970542,1,2026-05-20 10:38:00,250226,,719202,0,,0,,CORRECT_TOTAL_0_719202
2970543,1,2026-05-20 10:40:00,250227,,719203,0,,0,,CORRECT_TOTAL_0_719203
2970544,1,2026-05-20 10:42:00,250228,,719204,0,,0,,CORRECT_TOTAL_0_719204
2970545,1,2026-05-20 10:44:00,250229,,719205,0,,0,,CORRECT_TOTAL_0_719205
2970546,1,2026-05-20 10:46:00,250230,,719206,0,,0,,CORRECT_TOTAL_0_719206
2970547,1,2026-05-20 10:48:00,250231,,719207,0,,0,,CORRECT_TOTAL_0_719207
2970548,1,2026-05-20 10:50:00,250232,,719208,0,,0,,CORRECT_TOTAL_0_719208
2970549,1,2026-05-20 10:52:00,250233,,719209,0,,0,,CORRECT_TOTAL_0_719209
2970550,1,2026-05-20 10:54:00,250234,,719210,0,,0,,CORRECT_TOTAL_0_719210
2970551,1,2026-05-20 10:56:00,250235,,719211,0,,0,,CORRECT_TOTAL_0_719211
2970552,1,2026-05-20 10:58:00,250237,,719213,0,,0,,CORRECT_TOTAL_0_719213
2970553,1,2026-05-20 11:00:00,250238,,719214,0,,0,,CORRECT_TOTAL_0_719214
2970554,1,2026-05-20 11:02:00,250239,,719215,0,,0,,CORRECT_TOTAL_0_719215
2970555,1,2026-05-20 11:04:00,250240,,719216,0,,0,,CORRECT_TOTAL_0_719216
2970556,1,2026-05-20 11:06:00,250241,,719217,0,,0,,CORRECT_TOTAL_0_719217
2970557,1,2026-05-20 11:08:00,250242,,719218,0,,0,,CORRECT_TOTAL_0_719218
2970558,1,2026-05-20 11:10:00,250243,,719219,0,,0,,CORRECT_TOTAL_0_719219
2970559,1,2026-05-20 11:12:00,250244,,719220,0,,0,,CORRECT_TOTAL_0_719220
2970560,1,2026-05-20 11:14:00,250245,,719221,0,,0,,CORRECT_TOTAL_0_719221
2970561,1,2026-05-20 11:16:00,250247,,719223,0,,0,,CORRECT_TOTAL_0_719223
2970562,1,2026-05-20 11:18:00,250248,,719224,0,,0,,CORRECT_TOTAL_0_719224
2970563,1,2026-05-20 11:20:00,250249,,719225,0,,0,,CORRECT_TOTAL_0_719225
2970564,1,2026-05-20 11:22:00,250250,,719226,0,,0,,CORRECT_TOTAL_0_719226
2970565,1,2026-05-20 11:24:00,250251,,719227,0,,0,,CORRECT_TOTAL_0_719227
2970566,1,2026-05-20 11:26:00,250252,,719228,0,,0,,CORRECT_TOTAL_0_719228
2970567,1,2026-05-20 11:28:00,250253,,719229,0,,0,,CORRECT_TOTAL_0_719229
2970568,1,2026-05-20 11:30:00,250254,,719230,0,,0,,CORRECT_TOTAL_0_719230
2970569,1,2026-05-20 11:32:00,250255,,719231,0,,0,,CORRECT_TOTAL_0_719231
2970570,1,2026-05-20 11:34:00,250257,,719233,0,,0,,CORRECT_TOTAL_0_719233
2970571,1,2026-05-20 11:36:00,250258,,719234,0,,0,,CORRECT_TOTAL_0_719234
2970572,1,2026-05-20 11:38:00,250258,,719234,0,,0,,CORRECT_TOTAL_0_719234
2970573,1,2026-05-20 11:40:00,250260,,719236,0,,0,,CORRECT_TOTAL_0_719236
2970574,1,2026-05-20 11:42:00,250261,,719237,0,,0,,CORRECT_TOTAL_0_719237
2970575,1,2026-05-20 11:44:00,250262,,719238,0,,0,,CORRECT_TOTAL_0_719238
2970576,1,2026-05-20 11:46:00,250263,,719239,0,,0,,CORRECT_TOTAL_0_719239
2970577,1,2026-05-20 11:48:00,250264,,719240,0,,0,,CORRECT_TOTAL_0_719240
2970578,1,2026-05-20 11:50:00,250266,,719242,0,,0,,CORRECT_TOTAL_0_719242
2970579,1,2026-05-20 11:52:00,250266,,719242,0,,0,,CORRECT_TOTAL_0_719242
2970580,1,2026-05-20 11:54:00,250267,,719243,0,,0,,CORRECT_TOTAL_0_719243
2970581,1,2026-05-20 11:56:00,250268,,719244,0,,0,,CORRECT_TOTAL_0_719244
2970582,1,2026-05-20 11:58:00,250270,,719246,0,,0,,CORRECT_TOTAL_0_719246
2970583,1,2026-05-20 12:00:00,250271,,719247,0,,0,,CORRECT_TOTAL_0_719247
2970584,1,2026-05-20 12:02:00,250272,,719248,0,,0,,CORRECT_TOTAL_0_719248
2970585,1,2026-05-20 12:04:00,250273,,719249,0,,0,,CORRECT_TOTAL_0_719249
2970586,1,2026-05-20 12:06:00,250274,,719250,0,,0,,CORRECT_TOTAL_0_719250
2970587,1,2026-05-20 12:08:00,250275,,719251,0,,0,,CORRECT_TOTAL_0_719251
2970588,1,2026-05-20 12:10:00,250276,,719252,0,,0,,CORRECT_TOTAL_0_719252
2970589,1,2026-05-20 12:12:00,250277,,719253,0,,0,,CORRECT_TOTAL_0_719253
2970590,1,2026-05-20 12:14:00,250279,,719255,0,,0,,CORRECT_TOTAL_0_719255
2970591,1,2026-05-20 12:16:00,250280,,719256,0,,0,,CORRECT_TOTAL_0_719256
2970592,1,2026-05-20 12:18:00,250281,,719257,0,,0,,CORRECT_TOTAL_0_719257
2970593,1,2026-05-20 12:20:00,250282,,719258,0,,0,,CORRECT_TOTAL_0_719258
2970594,1,2026-05-20 12:22:00,250283,,719259,0,,0,,CORRECT_TOTAL_0_719259
2970595,1,2026-05-20 12:24:00,250284,,719260,0,,0,,CORRECT_TOTAL_0_719260
2970596,1,2026-05-20 12:26:00,250285,,719261,0,,0,,CORRECT_TOTAL_0_719261
2970597,1,2026-05-20 12:28:00,250286,,719262,0,,0,,CORRECT_TOTAL_0_719262
2970598,1,2026-05-20 12:30:00,250287,,719263,0,,0,,CORRECT_TOTAL_0_719263
2970599,1,2026-05-20 12:32:00,250289,,719265,0,,0,,CORRECT_TOTAL_0_719265
2970600,1,2026-05-20 12:34:00,250290,,719266,0,,0,,CORRECT_TOTAL_0_719266
2970601,1,2026-05-20 12:36:00,250291,,719267,0,,0,,CORRECT_TOTAL_0_719267
2970602,1,2026-05-20 12:38:00,250292,,719268,0,,0,,CORRECT_TOTAL_0_719268
2970603,1,2026-05-20 12:40:00,250293,,719269,0,,0,,CORRECT_TOTAL_0_719269
2970604,1,2026-05-20 12:42:00,250294,,719270,0,,0,,CORRECT_TOTAL_0_719270
2970605,1,2026-05-20 12:44:00,250295,,719271,0,,0,,CORRECT_TOTAL_0_719271
2970606,1,2026-05-20 12:46:00,250296,,719272,0,,0,,CORRECT_TOTAL_0_719272
2970607,1,2026-05-20 12:48:00,250297,,719273,0,,0,,CORRECT_TOTAL_0_719273
2970608,1,2026-05-20 12:50:00,250299,,719275,0,,0,,CORRECT_TOTAL_0_719275
2970609,1,2026-05-20 12:52:00,250300,,719276,0,,0,,CORRECT_TOTAL_0_719276
2970610,1,2026-05-20 12:54:00,250301,,719277,0,,0,,CORRECT_TOTAL_0_719277
2970611,1,2026-05-20 12:56:00,250302,,719278,0,,0,,CORRECT_TOTAL_0_719278
2970612,1,2026-05-20 12:58:00,250303,,719279,0,,0,,CORRECT_TOTAL_0_719279
2970613,1,2026-05-20 13:00:00,250304,,719280,0,,0,,CORRECT_TOTAL_0_719280
2970614,1,2026-05-20 13:02:00,250305,,719281,0,,0,,CORRECT_TOTAL_0_719281
2970615,1,2026-05-20 13:04:00,250306,,719282,0,,0,,CORRECT_TOTAL_0_719282
2970616,1,2026-05-20 13:06:00,250308,,719284,0,,0,,CORRECT_TOTAL_0_719284
2970617,1,2026-05-20 13:08:00,250309,,719285,0,,0,,CORRECT_TOTAL_0_719285
2970618,1,2026-05-20 13:10:00,250310,,719286,0,,0,,CORRECT_TOTAL_0_719286
2970619,1,2026-05-20 13:12:00,250311,,719287,0,,0,,CORRECT_TOTAL_0_719287
2970620,1,2026-05-20 13:14:00,250312,,719288,0,,0,,CORRECT_TOTAL_0_719288
2970621,1,2026-05-20 13:16:00,250313,,719289,0,,0,,CORRECT_TOTAL_0_719289
2970622,1,2026-05-20 13:18:00,250314,,719290,0,,0,,CORRECT_TOTAL_0_719290
2970623,1,2026-05-20 13:20:00,250315,,719291,0,,0,,CORRECT_TOTAL_0_719291
2970624,1,2026-05-20 13:22:00,250316,,719292,0,,0,,CORRECT_TOTAL_0_719292
2970625,1,2026-05-20 13:24:00,250318,,719294,0,,0,,CORRECT_TOTAL_0_719294
2970626,1,2026-05-20 13:26:00,250319,,719295,0,,0,,CORRECT_TOTAL_0_719295
2970627,1,2026-05-20 13:28:00,250320,,719296,0,,0,,CORRECT_TOTAL_0_719296
2970628,1,2026-05-20 13:30:00,250321,,719297,0,,0,,CORRECT_TOTAL_0_719297
2970629,1,2026-05-20 13:32:00,250322,,719298,0,,0,,CORRECT_TOTAL_0_719298
2970630,1,2026-05-20 13:34:00,250323,,719299,0,,0,,CORRECT_TOTAL_0_719299
2970631,1,2026-05-20 13:36:00,250324,,719300,0,,0,,CORRECT_TOTAL_0_719300
2970632,1,2026-05-20 13:38:00,250325,,719301,0,,0,,CORRECT_TOTAL_0_719301
2970633,1,2026-05-20 13:40:00,250327,,719303,0,,0,,CORRECT_TOTAL_0_719303
2970634,1,2026-05-20 13:42:00,250328,,719304,0,,0,,CORRECT_TOTAL_0_719304
2970635,1,2026-05-20 13:44:00,250329,,719305,0,,0,,CORRECT_TOTAL_0_719305
2970636,1,2026-05-20 13:46:00,250330,,719306,0,,0,,CORRECT_TOTAL_0_719306
2970637,1,2026-05-20 13:48:00,250331,,719307,0,,0,,CORRECT_TOTAL_0_719307
2970638,1,2026-05-20 13:50:00,250332,,719308,0,,0,,CORRECT_TOTAL_0_719308
2970639,1,2026-05-20 13:52:00,250333,,719309,0,,0,,CORRECT_TOTAL_0_719309
2970640,1,2026-05-20 13:54:00,250334,,719310,0,,0,,CORRECT_TOTAL_0_719310
2970641,1,2026-05-20 13:56:00,250335,,719311,0,,0,,CORRECT_TOTAL_0_719311
2970642,1,2026-05-20 13:58:00,250337,,719313,0,,0,,CORRECT_TOTAL_0_719313
2970643,1,2026-05-20 14:00:00,250338,,719314,0,,0,,CORRECT_TOTAL_0_719314
2970644,1,2026-05-20 14:02:00,250339,,719315,0,,0,,CORRECT_TOTAL_0_719315
2970645,1,2026-05-20 14:04:00,250340,,719316,0,,0,,CORRECT_TOTAL_0_719316
2970646,1,2026-05-20 14:06:00,250341,,719317,0,,0,,CORRECT_TOTAL_0_719317
2970647,1,2026-05-20 14:08:00,250342,,719318,0,,0,,CORRECT_TOTAL_0_719318
2970648,1,2026-05-20 14:10:00,250343,,719319,0,,0,,CORRECT_TOTAL_0_719319
2970649,1,2026-05-20 14:12:00,250344,,719320,0,,0,,CORRECT_TOTAL_0_719320
2970650,1,2026-05-20 14:14:00,250346,,719322,0,,0,,CORRECT_TOTAL_0_719322
2970651,1,2026-05-20 14:16:00,250347,,719323,0,,0,,CORRECT_TOTAL_0_719323
2970652,1,2026-05-20 14:18:00,250348,,719324,0,,0,,CORRECT_TOTAL_0_719324
2970653,1,2026-05-20 14:20:00,250348,,719324,0,,0,,CORRECT_TOTAL_0_719324
2970654,1,2026-05-20 14:22:00,250350,,719326,0,,0,,CORRECT_TOTAL_0_719326
2970655,1,2026-05-20 14:24:00,250351,,719327,0,,0,,CORRECT_TOTAL_0_719327
2970656,1,2026-05-20 14:26:00,250352,,719328,0,,0,,CORRECT_TOTAL_0_719328
2970657,1,2026-05-20 14:28:00,250353,,719329,0,,0,,CORRECT_TOTAL_0_719329
2970658,1,2026-05-20 14:30:00,250354,,719330,0,,0,,CORRECT_TOTAL_0_719330
2970659,1,2026-05-20 14:32:00,250356,,719332,0,,0,,CORRECT_TOTAL_0_719332
2970660,1,2026-05-20 14:34:00,250357,,719333,0,,0,,CORRECT_TOTAL_0_719333
2970661,1,2026-05-20 14:36:00,250357,,719333,0,,0,,CORRECT_TOTAL_0_719333
2970662,1,2026-05-20 14:38:00,250359,,719335,0,,0,,CORRECT_TOTAL_0_719335
2970663,1,2026-05-20 14:40:00,250360,,719336,0,,0,,CORRECT_TOTAL_0_719336
2970664,1,2026-05-20 14:42:00,250361,,719337,0,,0,,CORRECT_TOTAL_0_719337
2970665,1,2026-05-20 14:44:00,250362,,719338,0,,0,,CORRECT_TOTAL_0_719338
2970666,1,2026-05-20 14:46:00,250363,,719339,0,,0,,CORRECT_TOTAL_0_719339
2970667,1,2026-05-20 14:48:00,250365,,719341,0,,0,,CORRECT_TOTAL_0_719341
2970668,1,2026-05-20 14:50:00,250366,,719342,0,,0,,CORRECT_TOTAL_0_719342
2970669,1,2026-05-20 14:52:00,250366,,719342,0,,0,,CORRECT_TOTAL_0_719342
2970670,1,2026-05-20 14:54:00,250367,,719343,0,,0,,CORRECT_TOTAL_0_719343
2970671,1,2026-05-20 14:56:00,250369,,719345,0,,0,,CORRECT_TOTAL_0_719345
2970672,1,2026-05-20 14:58:00,250370,,719346,0,,0,,CORRECT_TOTAL_0_719346
2970673,1,2026-05-20 15:00:00,250371,,719347,0,,0,,CORRECT_TOTAL_0_719347
2970674,1,2026-05-20 15:02:00,250372,,719348,0,,0,,CORRECT_TOTAL_0_719348
2970675,1,2026-05-20 15:04:00,250373,,719349,0,,0,,CORRECT_TOTAL_0_719349
2970676,1,2026-05-20 15:06:00,250375,,719351,0,,0,,CORRECT_TOTAL_0_719351
2970677,1,2026-05-20 15:08:00,250376,,719352,0,,0,,CORRECT_TOTAL_0_719352
2970678,1,2026-05-20 15:10:00,250376,,719352,0,,0,,CORRECT_TOTAL_0_719352
2970679,1,2026-05-20 15:12:00,250377,,719353,0,,0,,CORRECT_TOTAL_0_719353
2970680,1,2026-05-20 15:14:00,250379,,719355,0,,0,,CORRECT_TOTAL_0_719355
2970681,1,2026-05-20 15:16:00,250380,,719356,0,,0,,CORRECT_TOTAL_0_719356
2970682,1,2026-05-20 15:18:00,250381,,719357,0,,0,,CORRECT_TOTAL_0_719357
2970683,1,2026-05-20 15:20:00,250382,,719358,0,,0,,CORRECT_TOTAL_0_719358
2970684,1,2026-05-20 15:22:00,250384,,719360,0,,0,,CORRECT_TOTAL_0_719360
2970685,1,2026-05-20 15:24:00,250385,,719361,0,,0,,CORRECT_TOTAL_0_719361
2970686,1,2026-05-20 15:26:00,250385,,719361,0,,0,,CORRECT_TOTAL_0_719361
2970687,1,2026-05-20 15:28:00,250386,,719362,0,,0,,CORRECT_TOTAL_0_719362
2970688,1,2026-05-20 15:30:00,250388,,719364,0,,0,,CORRECT_TOTAL_0_719364
2970689,1,2026-05-20 15:32:00,250389,,719365,0,,0,,CORRECT_TOTAL_0_719365
2970690,1,2026-05-20 15:34:00,250390,,719366,0,,0,,CORRECT_TOTAL_0_719366
2970691,1,2026-05-20 15:36:00,250391,,719367,0,,0,,CORRECT_TOTAL_0_719367
2970692,1,2026-05-20 15:38:00,250392,,719368,0,,0,,CORRECT_TOTAL_0_719368
2970693,1,2026-05-20 15:40:00,250394,,719370,0,,0,,CORRECT_TOTAL_0_719370
2970694,1,2026-05-20 15:42:00,250395,,719371,0,,0,,CORRECT_TOTAL_0_719371
2970695,1,2026-05-20 15:44:00,250395,,719371,0,,0,,CORRECT_TOTAL_0_719371
2970696,1,2026-05-20 15:46:00,250396,,719372,0,,0,,CORRECT_TOTAL_0_719372
2970697,1,2026-05-20 15:48:00,250398,,719374,0,,0,,CORRECT_TOTAL_0_719374
2970698,1,2026-05-20 15:50:00,250399,,719375,0,,0,,CORRECT_TOTAL_0_719375
2970699,1,2026-05-20 15:52:00,250400,,719376,0,,0,,CORRECT_TOTAL_0_719376
2970700,1,2026-05-20 15:54:00,250401,,719377,0,,0,,CORRECT_TOTAL_0_719377
2970701,1,2026-05-20 15:56:00,250403,,719379,0,,0,,CORRECT_TOTAL_0_719379
2970702,1,2026-05-20 15:58:00,250404,,719380,0,,0,,CORRECT_TOTAL_0_719380
2970703,1,2026-05-20 16:00:00,250405,,719381,0,,0,,CORRECT_TOTAL_0_719381
2970704,1,2026-05-20 16:02:00,250405,,719381,0,,0,,CORRECT_TOTAL_0_719381
2970705,1,2026-05-20 16:04:00,250407,,719383,0,,0,,CORRECT_TOTAL_0_719383
2970706,1,2026-05-20 16:06:00,250408,,719384,0,,0,,CORRECT_TOTAL_0_719384
2970707,1,2026-05-20 16:08:00,250409,,719385,0,,0,,CORRECT_TOTAL_0_719385
2970708,1,2026-05-20 16:10:00,250410,,719386,0,,0,,CORRECT_TOTAL_0_719386
2970709,1,2026-05-20 16:12:00,250411,,719387,0,,0,,CORRECT_TOTAL_0_719387
2970710,1,2026-05-20 16:14:00,250413,,719389,0,,0,,CORRECT_TOTAL_0_719389
2970711,1,2026-05-20 16:16:00,250414,,719390,0,,0,,CORRECT_TOTAL_0_719390
2970712,1,2026-05-20 16:18:00,250415,,719391,0,,0,,CORRECT_TOTAL_0_719391
2970713,1,2026-05-20 16:20:00,250416,,719392,0,,0,,CORRECT_TOTAL_0_719392
2970714,1,2026-05-20 16:22:00,250417,,719393,0,,0,,CORRECT_TOTAL_0_719393
2970715,1,2026-05-20 16:24:00,250418,,719394,0,,0,,CORRECT_TOTAL_0_719394
2970716,1,2026-05-20 16:26:00,250419,,719395,0,,0,,CORRECT_TOTAL_0_719395
2970717,1,2026-05-20 16:28:00,250420,,719396,0,,0,,CORRECT_TOTAL_0_719396
2970718,1,2026-05-20 16:30:00,250421,,719397,0,,0,,CORRECT_TOTAL_0_719397
2970719,1,2026-05-20 16:32:00,250423,,719399,0,,0,,CORRECT_TOTAL_0_719399
2970720,1,2026-05-20 16:34:00,250424,,719400,0,,0,,CORRECT_TOTAL_0_719400
2970721,1,2026-05-20 16:36:00,250425,,719401,0,,0,,CORRECT_TOTAL_0_719401
2970722,1,2026-05-20 16:38:00,250426,,719402,0,,0,,CORRECT_TOTAL_0_719402
2970723,1,2026-05-20 16:40:00,250427,,719403,0,,0,,CORRECT_TOTAL_0_719403
2970724,1,2026-05-20 16:42:00,250428,,719404,0,,0,,CORRECT_TOTAL_0_719404
2970725,1,2026-05-20 16:44:00,250429,,719405,0,,0,,CORRECT_TOTAL_0_719405
2970726,1,2026-05-20 16:46:00,250430,,719406,0,,0,,CORRECT_TOTAL_0_719406
2970727,1,2026-05-20 16:48:00,250432,,719408,0,,0,,CORRECT_TOTAL_0_719408
2970728,1,2026-05-20 16:50:00,250433,,719409,0,,0,,CORRECT_TOTAL_0_719409
2970729,1,2026-05-20 16:52:00,250434,,719410,0,,0,,CORRECT_TOTAL_0_719410
2970730,1,2026-05-20 16:54:00,250435,,719411,0,,0,,CORRECT_TOTAL_0_719411
2970731,1,2026-05-20 16:56:00,250436,,719412,0,,0,,CORRECT_TOTAL_0_719412
2970732,1,2026-05-20 16:58:00,250437,,719413,0,,0,,CORRECT_TOTAL_0_719413
2970733,1,2026-05-20 17:00:00,250438,,719414,0,,0,,CORRECT_TOTAL_0_719414
2970734,1,2026-05-20 17:02:00,250439,,719415,0,,0,,CORRECT_TOTAL_0_719415
2970735,1,2026-05-20 17:04:00,250440,,719416,0,,0,,CORRECT_TOTAL_0_719416
2970736,1,2026-05-20 17:06:00,250442,,719418,0,,0,,CORRECT_TOTAL_0_719418
2970737,1,2026-05-20 17:08:00,250443,,719419,0,,0,,CORRECT_TOTAL_0_719419
2970738,1,2026-05-20 17:10:00,250444,,719420,0,,0,,CORRECT_TOTAL_0_719420
2970739,1,2026-05-20 17:12:00,250445,,719421,0,,0,,CORRECT_TOTAL_0_719421
2970740,1,2026-05-20 17:14:00,250446,,719422,0,,0,,CORRECT_TOTAL_0_719422
2970741,1,2026-05-20 17:16:00,250447,,719423,0,,0,,CORRECT_TOTAL_0_719423
2970742,1,2026-05-20 17:18:00,250448,,719424,0,,0,,CORRECT_TOTAL_0_719424
2970743,1,2026-05-20 17:20:00,250449,,719425,0,,0,,CORRECT_TOTAL_0_719425
2970744,1,2026-05-20 17:22:00,250451,,719427,0,,0,,CORRECT_TOTAL_0_719427
2970745,1,2026-05-20 17:24:00,250452,,719428,0,,0,,CORRECT_TOTAL_0_719428
2970746,1,2026-05-20 17:26:00,250453,,719429,0,,0,,CORRECT_TOTAL_0_719429
2970747,1,2026-05-20 17:28:00,250454,,719430,0,,0,,CORRECT_TOTAL_0_719430
2970748,1,2026-05-20 17:30:00,250455,,719431,0,,0,,CORRECT_TOTAL_0_719431
2970749,1,2026-05-20 17:32:00,250457,,719433,0,,0,,CORRECT_TOTAL_0_719433
2970750,1,2026-05-20 17:34:00,250457,,719433,0,,0,,CORRECT_TOTAL_0_719433
2970751,1,2026-05-20 17:36:00,250458,,719434,0,,0,,CORRECT_TOTAL_0_719434
2970752,1,2026-05-20 17:38:00,250460,,719436,0,,0,,CORRECT_TOTAL_0_719436
2970753,1,2026-05-20 17:40:00,250461,,719437,0,,0,,CORRECT_TOTAL_0_719437
2970754,1,2026-05-20 17:42:00,250462,,719438,0,,0,,CORRECT_TOTAL_0_719438
2970755,1,2026-05-20 17:44:00,250463,,719439,0,,0,,CORRECT_TOTAL_0_719439
2970756,1,2026-05-20 17:46:00,250464,,719440,0,,0,,CORRECT_TOTAL_0_719440
2970757,1,2026-05-20 17:48:00,250466,,719442,0,,0,,CORRECT_TOTAL_0_719442
2970758,1,2026-05-20 17:50:00,250467,,719443,0,,0,,CORRECT_TOTAL_0_719443
2970759,1,2026-05-20 17:52:00,250468,,719444,0,,0,,CORRECT_TOTAL_0_719444
2970760,1,2026-05-20 17:54:00,250469,,719445,0,,0,,CORRECT_TOTAL_0_719445
2970761,1,2026-05-20 17:56:00,250470,,719446,0,,0,,CORRECT_TOTAL_0_719446
2970762,1,2026-05-20 17:58:00,250471,,719447,0,,0,,CORRECT_TOTAL_0_719447
2970763,1,2026-05-20 18:00:00,250472,,719448,0,,0,,CORRECT_TOTAL_0_719448
2970764,1,2026-05-20 18:02:00,250473,,719449,0,,0,,CORRECT_TOTAL_0_719449
2970765,1,2026-05-20 18:04:00,250474,,719450,0,,0,,CORRECT_TOTAL_0_719450
2970766,1,2026-05-20 18:06:00,250476,,719452,0,,0,,CORRECT_TOTAL_0_719452
2970767,1,2026-05-20 18:08:00,250477,,719453,0,,0,,CORRECT_TOTAL_0_719453
2970768,1,2026-05-20 18:10:00,250478,,719454,0,,0,,CORRECT_TOTAL_0_719454
2970769,1,2026-05-20 18:12:00,250479,,719455,0,,0,,CORRECT_TOTAL_0_719455
2970770,1,2026-05-20 18:14:00,250480,,719456,0,,0,,CORRECT_TOTAL_0_719456
2970771,1,2026-05-20 18:16:00,250481,,719457,0,,0,,CORRECT_TOTAL_0_719457
2970772,1,2026-05-20 18:18:00,250482,,719458,0,,0,,CORRECT_TOTAL_0_719458
2970773,1,2026-05-20 18:20:00,250483,,719459,0,,0,,CORRECT_TOTAL_0_719459
2970774,1,2026-05-20 18:22:00,250485,,719461,0,,0,,CORRECT_TOTAL_0_719461
2970775,1,2026-05-20 18:24:00,250486,,719462,0,,0,,CORRECT_TOTAL_0_719462
2970776,1,2026-05-20 18:26:00,250487,,719463,0,,0,,CORRECT_TOTAL_0_719463
2970777,1,2026-05-20 18:28:00,250488,,719464,0,,0,,CORRECT_TOTAL_0_719464
2970778,1,2026-05-20 18:30:00,250489,,719465,0,,0,,CORRECT_TOTAL_0_719465
2970779,1,2026-05-20 18:32:00,250491,,719467,0,,0,,CORRECT_TOTAL_0_719467
2970780,1,2026-05-20 18:34:00,250492,,719468,0,,0,,CORRECT_TOTAL_0_719468
2970781,1,2026-05-20 18:36:00,250493,,719469,0,,0,,CORRECT_TOTAL_0_719469
2970782,1,2026-05-20 18:38:00,250494,,719470,0,,0,,CORRECT_TOTAL_0_719470
2970783,1,2026-05-20 18:40:00,250495,,719471,0,,0,,CORRECT_TOTAL_0_719471
2970784,1,2026-05-20 18:42:00,250496,,719472,0,,0,,CORRECT_TOTAL_0_719472
2970785,1,2026-05-20 18:44:00,250497,,719473,0,,0,,CORRECT_TOTAL_0_719473
2970786,1,2026-05-20 18:46:00,250498,,719474,0,,0,,CORRECT_TOTAL_0_719474
2970787,1,2026-05-20 18:48:00,250500,,719476,0,,0,,CORRECT_TOTAL_0_719476
2970788,1,2026-05-20 18:50:00,250501,,719477,0,,0,,CORRECT_TOTAL_0_719477
2970789,1,2026-05-20 18:52:00,250502,,719478,0,,0,,CORRECT_TOTAL_0_719478
2970790,1,2026-05-20 18:54:00,250503,,719479,0,,0,,CORRECT_TOTAL_0_719479
2970791,1,2026-05-20 18:56:00,250504,,719480,0,,0,,CORRECT_TOTAL_0_719480
2970792,1,2026-05-20 18:58:00,250505,,719481,0,,0,,CORRECT_TOTAL_0_719481
2970793,1,2026-05-20 19:00:00,250506,,719482,0,,0,,CORRECT_TOTAL_0_719482
2970794,1,2026-05-20 19:02:00,250507,,719483,0,,0,,CORRECT_TOTAL_0_719483
2970795,1,2026-05-20 19:04:00,250508,,719484,0,,0,,CORRECT_TOTAL_0_719484
2970796,1,2026-05-20 19:06:00,250510,,719486,0,,0,,CORRECT_TOTAL_0_719486
2970797,1,2026-05-20 19:08:00,250511,,719487,0,,0,,CORRECT_TOTAL_0_719487
2970798,1,2026-05-20 19:10:00,250512,,719488,0,,0,,CORRECT_TOTAL_0_719488
2970799,1,2026-05-20 19:12:00,250513,,719489,0,,0,,CORRECT_TOTAL_0_719489
2970800,1,2026-05-20 19:14:00,250514,,719490,0,,0,,CORRECT_TOTAL_0_719490
2970801,1,2026-05-20 19:15:00,250515,,719491,0,,0,,CORRECT_TOTAL_0_719491
2970802,1,2026-05-20 19:16:00,250516,,719492,0,,0,,CORRECT_TOTAL_0_719492
2970803,1,2026-05-20 19:17:00,250516,,719492,0,,0,,CORRECT_TOTAL_0_719492
2970804,1,2026-05-20 19:18:00,250517,,719493,0,,0,,CORRECT_TOTAL_0_719493
2970805,1,2026-05-20 19:19:00,250517,,719493,0,,0,,CORRECT_TOTAL_0_719493
2970806,1,2026-05-20 19:20:00,250518,,719494,0,,0,,CORRECT_TOTAL_0_719494
2970807,1,2026-05-20 19:21:00,250519,,719495,0,,0,,CORRECT_TOTAL_0_719495
2970808,1,2026-05-20 19:22:00,250519,,719495,0,,0,,CORRECT_TOTAL_0_719495
2970809,1,2026-05-20 19:23:00,250519,,719495,0,,0,,CORRECT_TOTAL_0_719495
2970810,1,2026-05-20 19:24:00,250520,,719496,0,,0,,CORRECT_TOTAL_0_719496
2970811,1,2026-05-20 19:25:00,250520,,719496,0,,0,,CORRECT_TOTAL_0_719496
2970812,1,2026-05-20 19:26:00,250521,,719497,0,,0,,CORRECT_TOTAL_0_719497
2970813,1,2026-05-20 19:27:00,250522,,719498,0,,0,,CORRECT_TOTAL_0_719498
2970814,1,2026-05-20 19:28:00,250522,,719498,0,,0,,CORRECT_TOTAL_0_719498
2970815,1,2026-05-20 19:29:00,250523,,719499,0,,0,,CORRECT_TOTAL_0_719499
2970816,1,2026-05-20 19:30:00,250523,,719499,0,,0,,CORRECT_TOTAL_0_719499
2970817,1,2026-05-20 19:31:00,250524,,719500,0,,0,,CORRECT_TOTAL_0_719500
2970818,1,2026-05-20 19:32:00,250525,,719501,0,,0,,CORRECT_TOTAL_0_719501
2970819,1,2026-05-20 19:33:00,250525,,719501,0,,0,,CORRECT_TOTAL_0_719501
2970820,1,2026-05-20 19:34:00,250526,,719502,0,,0,,CORRECT_TOTAL_0_719502
2970821,1,2026-05-20 19:35:00,250526,,719502,0,,0,,CORRECT_TOTAL_0_719502
2970822,1,2026-05-20 19:36:00,250527,,719503,0,,0,,CORRECT_TOTAL_0_719503
2970823,1,2026-05-20 19:37:00,250528,,719504,0,,0,,CORRECT_TOTAL_0_719504
2970824,1,2026-05-20 19:38:00,250528,,719504,0,,0,,CORRECT_TOTAL_0_719504
2970825,1,2026-05-20 19:39:00,250529,,719505,0,,0,,CORRECT_TOTAL_0_719505
2970826,1,2026-05-20 19:40:00,250529,,719505,0,,0,,CORRECT_TOTAL_0_719505
2970827,1,2026-05-20 19:41:00,250530,,719506,0,,0,,CORRECT_TOTAL_0_719506
2970828,1,2026-05-20 19:42:00,250531,,719507,0,,0,,CORRECT_TOTAL_0_719507
2970829,1,2026-05-20 19:43:00,250531,,719507,0,,0,,CORRECT_TOTAL_0_719507
2970830,1,2026-05-20 19:44:00,250532,,719508,0,,0,,CORRECT_TOTAL_0_719508
2970831,1,2026-05-20 19:45:00,250532,,719508,0,,0,,CORRECT_TOTAL_0_719508
2970832,1,2026-05-20 19:46:00,250533,,719509,0,,0,,CORRECT_TOTAL_0_719509
2970833,1,2026-05-20 19:47:00,250533,,719509,0,,0,,CORRECT_TOTAL_0_719509
2970834,1,2026-05-20 19:48:00,250534,,719510,0,,0,,CORRECT_TOTAL_0_719510
2970835,1,2026-05-20 19:49:00,250534,,719510,0,,0,,CORRECT_TOTAL_0_719510
2970836,1,2026-05-20 19:50:00,250535,,719511,0,,0,,CORRECT_TOTAL_0_719511
2970837,1,2026-05-20 19:51:00,250535,,719511,0,,0,,CORRECT_TOTAL_0_719511
2970838,1,2026-05-20 19:52:00,250536,,719512,0,,0,,CORRECT_TOTAL_0_719512
2970839,1,2026-05-20 19:53:00,250537,,719513,0,,0,,CORRECT_TOTAL_0_719513
2970840,1,2026-05-20 19:54:00,250537,,719513,0,,0,,CORRECT_TOTAL_0_719513
2970841,1,2026-05-20 19:55:00,250538,,719514,0,,0,,CORRECT_TOTAL_0_719514
2970842,1,2026-05-20 19:56:00,250538,,719514,0,,0,,CORRECT_TOTAL_0_719514
2970843,1,2026-05-20 19:57:00,250539,,719515,0,,0,,CORRECT_TOTAL_0_719515
2970844,1,2026-05-20 19:58:00,250540,,719516,0,,0,,CORRECT_TOTAL_0_719516
2970845,1,2026-05-20 19:59:00,250540,,719516,0,,0,,CORRECT_TOTAL_0_719516
2970846,1,2026-05-20 20:01:00,250541,,719517,0,,0,,CORRECT_TOTAL_0_719517
2970847,1,2026-05-20 20:02:00,250542,,719518,0,,0,,CORRECT_TOTAL_0_719518
2970848,1,2026-05-20 20:03:00,250543,,719519,0,,0,,CORRECT_TOTAL_0_719519
2970849,1,2026-05-20 20:04:00,250543,,719519,0,,0,,CORRECT_TOTAL_0_719519
2970850,1,2026-05-20 20:05:00,250544,,719520,0,,0,,CORRECT_TOTAL_0_719520
2970851,1,2026-05-20 20:06:00,250544,,719520,0,,0,,CORRECT_TOTAL_0_719520
2970852,1,2026-05-20 20:07:00,250545,,719521,0,,0,,CORRECT_TOTAL_0_719521
2970853,1,2026-05-20 20:08:00,250546,,719522,0,,0,,CORRECT_TOTAL_0_719522
2970854,1,2026-05-20 20:09:00,250546,,719522,0,,0,,CORRECT_TOTAL_0_719522
2970855,1,2026-05-20 20:10:00,250546,,719522,0,,0,,CORRECT_TOTAL_0_719522
2970856,1,2026-05-20 20:11:00,250547,,719523,0,,0,,CORRECT_TOTAL_0_719523
2970857,1,2026-05-20 20:12:00,250547,,719523,0,,0,,CORRECT_TOTAL_0_719523
2970858,1,2026-05-20 20:13:00,250548,,719524,0,,0,,CORRECT_TOTAL_0_719524
2970859,1,2026-05-20 20:14:00,250549,,719525,0,,0,,CORRECT_TOTAL_0_719525
2970860,1,2026-05-20 20:15:00,250549,,719525,0,,0,,CORRECT_TOTAL_0_719525
2970861,1,2026-05-20 20:16:00,250550,,719526,0,,0,,CORRECT_TOTAL_0_719526
2970862,1,2026-05-20 20:17:00,250550,,719526,0,,0,,CORRECT_TOTAL_0_719526
2970863,1,2026-05-20 20:18:00,250551,,719527,0,,0,,CORRECT_TOTAL_0_719527
2970864,1,2026-05-20 20:19:00,250551,,719527,0,,0,,CORRECT_TOTAL_0_719527
2970865,1,2026-05-20 20:20:00,250552,,719528,0,,0,,CORRECT_TOTAL_0_719528
2970866,1,2026-05-20 20:21:00,250553,,719529,0,,0,,CORRECT_TOTAL_0_719529
2970867,1,2026-05-20 20:22:00,250553,,719529,0,,0,,CORRECT_TOTAL_0_719529
2970868,1,2026-05-20 20:23:00,250554,,719530,0,,0,,CORRECT_TOTAL_0_719530
2970869,1,2026-05-20 20:24:00,250554,,719530,0,,0,,CORRECT_TOTAL_0_719530
2970870,1,2026-05-20 20:25:00,250555,,719531,0,,0,,CORRECT_TOTAL_0_719531
2970871,1,2026-05-20 20:26:00,250556,,719532,0,,0,,CORRECT_TOTAL_0_719532
2970872,1,2026-05-20 20:27:00,250556,,719532,0,,0,,CORRECT_TOTAL_0_719532
2970873,1,2026-05-20 20:28:00,250557,,719533,0,,0,,CORRECT_TOTAL_0_719533
2970874,1,2026-05-20 20:29:00,250558,,719534,0,,0,,CORRECT_TOTAL_0_719534
2970875,1,2026-05-20 20:30:00,250558,,719534,0,,0,,CORRECT_TOTAL_0_719534
2970876,1,2026-05-20 20:31:00,250559,,719535,0,,0,,CORRECT_TOTAL_0_719535
2970877,1,2026-05-20 20:32:00,250559,,719535,0,,0,,CORRECT_TOTAL_0_719535
2970878,1,2026-05-20 20:33:00,250560,,719536,0,,0,,CORRECT_TOTAL_0_719536
2970879,1,2026-05-20 20:34:00,250561,,719537,0,,0,,CORRECT_TOTAL_0_719537
2970880,1,2026-05-20 20:35:00,250561,,719537,0,,0,,CORRECT_TOTAL_0_719537
2970881,1,2026-05-20 20:36:00,250561,,719537,0,,0,,CORRECT_TOTAL_0_719537
2970882,1,2026-05-20 20:37:00,250562,,719538,0,,0,,CORRECT_TOTAL_0_719538
2970883,1,2026-05-20 20:38:00,250562,,719538,0,,0,,CORRECT_TOTAL_0_719538
2970884,1,2026-05-20 20:39:00,250563,,719539,0,,0,,CORRECT_TOTAL_0_719539
2970885,1,2026-05-20 20:40:00,250563,,719539,0,,0,,CORRECT_TOTAL_0_719539
2970886,1,2026-05-20 20:41:00,250564,,719540,0,,0,,CORRECT_TOTAL_0_719540
2970887,1,2026-05-20 20:42:00,250565,,719541,0,,0,,CORRECT_TOTAL_0_719541
2970888,1,2026-05-20 20:43:00,250565,,719541,0,,0,,CORRECT_TOTAL_0_719541
2970889,1,2026-05-20 20:44:00,250566,,719542,0,,0,,CORRECT_TOTAL_0_719542
2970890,1,2026-05-20 20:45:00,250566,,719542,0,,0,,CORRECT_TOTAL_0_719542
2970891,1,2026-05-20 20:46:00,250567,,719543,0,,0,,CORRECT_TOTAL_0_719543
2970892,1,2026-05-20 20:47:00,250568,,719544,0,,0,,CORRECT_TOTAL_0_719544
2970893,1,2026-05-20 20:48:00,250568,,719544,0,,0,,CORRECT_TOTAL_0_719544
2970894,1,2026-05-20 20:49:00,250569,,719545,0,,0,,CORRECT_TOTAL_0_719545
2970895,1,2026-05-20 20:50:00,250569,,719545,0,,0,,CORRECT_TOTAL_0_719545
2970896,1,2026-05-20 20:51:00,250570,,719546,0,,0,,CORRECT_TOTAL_0_719546
2970897,1,2026-05-20 20:52:00,250571,,719547,0,,0,,CORRECT_TOTAL_0_719547
2970898,1,2026-05-20 20:53:00,250571,,719547,0,,0,,CORRECT_TOTAL_0_719547
2970899,1,2026-05-20 20:54:00,250572,,719548,0,,0,,CORRECT_TOTAL_0_719548
2970900,1,2026-05-20 20:55:00,250573,,719549,0,,0,,CORRECT_TOTAL_0_719549
2970901,1,2026-05-20 20:56:00,250573,,719549,0,,0,,CORRECT_TOTAL_0_719549
2970902,1,2026-05-20 20:57:00,250574,,719550,0,,0,,CORRECT_TOTAL_0_719550
2970903,1,2026-05-20 20:58:00,250574,,719550,0,,0,,CORRECT_TOTAL_0_719550
2970904,1,2026-05-20 20:59:00,250575,,719551,0,,0,,CORRECT_TOTAL_0_719551
2970905,1,2026-05-20 21:00:00,250576,,719552,0,,0,,CORRECT_TOTAL_0_719552
2970906,1,2026-05-20 21:01:00,250576,,719552,0,,0,,CORRECT_TOTAL_0_719552
2970907,1,2026-05-20 21:02:00,250577,,719553,0,,0,,CORRECT_TOTAL_0_719553
2970908,1,2026-05-20 21:03:00,250577,,719553,0,,0,,CORRECT_TOTAL_0_719553
2970909,1,2026-05-20 21:04:00,250577,,719553,0,,0,,CORRECT_TOTAL_0_719553
2970910,1,2026-05-20 21:05:00,250578,,719554,0,,0,,CORRECT_TOTAL_0_719554
2970911,1,2026-05-20 21:06:00,250578,,719554,0,,0,,CORRECT_TOTAL_0_719554
2970912,1,2026-05-20 21:07:00,250579,,719555,0,,0,,CORRECT_TOTAL_0_719555
2970913,1,2026-05-20 21:08:00,250580,,719556,0,,0,,CORRECT_TOTAL_0_719556
2970914,1,2026-05-20 21:09:00,250580,,719556,0,,0,,CORRECT_TOTAL_0_719556
2970915,1,2026-05-20 21:10:00,250581,,719557,0,,0,,CORRECT_TOTAL_0_719557
2970916,1,2026-05-20 21:11:00,250581,,719557,0,,0,,CORRECT_TOTAL_0_719557
2970917,1,2026-05-20 21:12:00,250582,,719558,0,,0,,CORRECT_TOTAL_0_719558
2970918,1,2026-05-20 21:13:00,250583,,719559,0,,0,,CORRECT_TOTAL_0_719559
2970919,1,2026-05-20 21:14:00,250583,,719559,0,,0,,CORRECT_TOTAL_0_719559
2970920,1,2026-05-20 21:15:00,250584,,719560,0,,0,,CORRECT_TOTAL_0_719560
2970921,1,2026-05-20 21:16:00,250584,,719560,0,,0,,CORRECT_TOTAL_0_719560
2970922,1,2026-05-20 21:17:00,250585,,719561,0,,0,,CORRECT_TOTAL_0_719561
2970923,1,2026-05-20 21:18:00,250586,,719562,0,,0,,CORRECT_TOTAL_0_719562
2970924,1,2026-05-20 21:19:00,250586,,719562,0,,0,,CORRECT_TOTAL_0_719562
2970925,1,2026-05-20 21:20:00,250587,,719563,0,,0,,CORRECT_TOTAL_0_719563
2970926,1,2026-05-20 21:21:00,250588,,719564,0,,0,,CORRECT_TOTAL_0_719564
2970927,1,2026-05-20 21:22:00,250588,,719564,0,,0,,CORRECT_TOTAL_0_719564
2970928,1,2026-05-20 21:23:00,250589,,719565,0,,0,,CORRECT_TOTAL_0_719565
2970929,1,2026-05-20 21:24:00,250589,,719565,0,,0,,CORRECT_TOTAL_0_719565
2970930,1,2026-05-20 21:25:00,250590,,719566,0,,0,,CORRECT_TOTAL_0_719566
2970931,1,2026-05-20 21:26:00,250591,,719567,0,,0,,CORRECT_TOTAL_0_719567
2970932,1,2026-05-20 21:27:00,250591,,719567,0,,0,,CORRECT_TOTAL_0_719567
2970933,1,2026-05-20 21:28:00,250592,,719568,0,,0,,CORRECT_TOTAL_0_719568
2970934,1,2026-05-20 21:29:00,250592,,719568,0,,0,,CORRECT_TOTAL_0_719568
2970935,1,2026-05-20 21:30:00,250593,,719569,0,,0,,CORRECT_TOTAL_0_719569
2970936,1,2026-05-20 21:31:00,250593,,719569,0,,0,,CORRECT_TOTAL_0_719569
2970937,1,2026-05-20 21:32:00,250593,,719569,0,,0,,CORRECT_TOTAL_0_719569
2970938,1,2026-05-20 21:33:00,250594,,719570,0,,0,,CORRECT_TOTAL_0_719570
2970939,1,2026-05-20 21:34:00,250595,,719571,0,,0,,CORRECT_TOTAL_0_719571
2970940,1,2026-05-20 21:35:00,250595,,719571,0,,0,,CORRECT_TOTAL_0_719571
2970941,1,2026-05-20 21:36:00,250596,,719572,0,,0,,CORRECT_TOTAL_0_719572
2970942,1,2026-05-20 21:37:00,250596,,719572,0,,0,,CORRECT_TOTAL_0_719572
2970943,1,2026-05-20 21:38:00,250597,,719573,0,,0,,CORRECT_TOTAL_0_719573
2970944,1,2026-05-20 21:39:00,250598,,719574,0,,0,,CORRECT_TOTAL_0_719574
2970945,1,2026-05-20 21:40:00,250598,,719574,0,,0,,CORRECT_TOTAL_0_719574
2970946,1,2026-05-20 21:41:00,250599,,719575,0,,0,,CORRECT_TOTAL_0_719575
2970947,1,2026-05-20 21:42:00,250599,,719575,0,,0,,CORRECT_TOTAL_0_719575
2970948,1,2026-05-20 21:43:00,250600,,719576,0,,0,,CORRECT_TOTAL_0_719576
2970949,1,2026-05-20 21:44:00,250601,,719577,0,,0,,CORRECT_TOTAL_0_719577
2970950,1,2026-05-20 21:45:00,250601,,719577,0,,0,,CORRECT_TOTAL_0_719577
2970951,1,2026-05-20 21:46:00,250602,,719578,0,,0,,CORRECT_TOTAL_0_719578
2970952,1,2026-05-20 21:47:00,250602,,719578,0,,0,,CORRECT_TOTAL_0_719578
2970953,1,2026-05-20 21:48:00,250603,,719579,0,,0,,CORRECT_TOTAL_0_719579
2970954,1,2026-05-20 21:49:00,250603,,719579,0,,0,,CORRECT_TOTAL_0_719579
2970955,1,2026-05-20 21:50:00,250603,,719579,0,,0,,CORRECT_TOTAL_0_719579
2970956,1,2026-05-20 21:51:00,250604,,719580,0,,0,,CORRECT_TOTAL_0_719580
2970957,1,2026-05-20 21:52:00,250605,,719581,0,,0,,CORRECT_TOTAL_0_719581
2970958,1,2026-05-20 21:53:00,250605,,719581,0,,0,,CORRECT_TOTAL_0_719581
2970959,1,2026-05-20 21:54:00,250606,,719582,0,,0,,CORRECT_TOTAL_0_719582
2970960,1,2026-05-20 21:55:00,250606,,719582,0,,0,,CORRECT_TOTAL_0_719582
2970961,1,2026-05-20 21:56:00,250607,,719583,0,,0,,CORRECT_TOTAL_0_719583
2970962,1,2026-05-20 21:57:00,250608,,719584,0,,0,,CORRECT_TOTAL_0_719584
2970963,1,2026-05-20 21:58:00,250608,,719584,0,,0,,CORRECT_TOTAL_0_719584
2970964,1,2026-05-20 21:59:00,250609,,719585,0,,0,,CORRECT_TOTAL_0_719585
2970965,1,2026-05-20 22:00:00,250610,,719586,0,,0,,CORRECT_TOTAL_0_719586
2970966,1,2026-05-20 22:01:00,250610,,719586,0,,0,,CORRECT_TOTAL_0_719586
2970968,1,2026-05-20 22:02:00,250611,,719587,0,,0,,CORRECT_TOTAL_0_719587
2970969,1,2026-05-20 22:03:00,250611,,719587,0,,0,,CORRECT_TOTAL_0_719587
2970970,1,2026-05-20 22:04:00,250611,,719587,0,,0,,CORRECT_TOTAL_0_719587
2970971,1,2026-05-20 22:05:00,250612,,719588,0,,0,,CORRECT_TOTAL_0_719588
2970972,1,2026-05-20 22:06:00,250612,,719588,0,,0,,CORRECT_TOTAL_0_719588
2970973,1,2026-05-20 22:07:00,250613,,719589,0,,0,,CORRECT_TOTAL_0_719589
2970974,1,2026-05-20 22:08:00,250614,,719590,0,,0,,CORRECT_TOTAL_0_719590
2970975,1,2026-05-20 22:09:00,250614,,719590,0,,0,,CORRECT_TOTAL_0_719590
2970976,1,2026-05-20 22:10:00,250615,,719591,0,,0,,CORRECT_TOTAL_0_719591
2970977,1,2026-05-20 22:11:00,250615,,719591,0,,0,,CORRECT_TOTAL_0_719591
2970978,1,2026-05-20 22:12:00,250616,,719592,0,,0,,CORRECT_TOTAL_0_719592
2970979,1,2026-05-20 22:13:00,250617,,719593,0,,0,,CORRECT_TOTAL_0_719593
2970980,1,2026-05-20 22:14:00,250617,,719593,0,,0,,CORRECT_TOTAL_0_719593
2970981,1,2026-05-20 22:15:00,250618,,719594,0,,0,,CORRECT_TOTAL_0_719594
2970982,1,2026-05-20 22:16:00,250618,,719594,0,,0,,CORRECT_TOTAL_0_719594
2970983,1,2026-05-20 22:17:00,250619,,719595,0,,0,,CORRECT_TOTAL_0_719595
2970984,1,2026-05-20 22:18:00,250619,,719595,0,,0,,CORRECT_TOTAL_0_719595
2970985,1,2026-05-20 22:19:00,250619,,719595,0,,0,,CORRECT_TOTAL_0_719595
2970986,1,2026-05-20 22:20:00,250620,,719596,0,,0,,CORRECT_TOTAL_0_719596
2970987,1,2026-05-20 22:21:00,250621,,719597,0,,0,,CORRECT_TOTAL_0_719597
2970988,1,2026-05-20 22:22:00,250621,,719597,0,,0,,CORRECT_TOTAL_0_719597
2970989,1,2026-05-20 22:23:00,250622,,719598,0,,0,,CORRECT_TOTAL_0_719598
2970990,1,2026-05-20 22:24:00,250622,,719598,0,,0,,CORRECT_TOTAL_0_719598
2970991,1,2026-05-20 22:25:00,250623,,719599,0,,0,,CORRECT_TOTAL_0_719599
2970992,1,2026-05-20 22:26:00,250624,,719600,0,,0,,CORRECT_TOTAL_0_719600
2970993,1,2026-05-20 22:27:00,250624,,719600,0,,0,,CORRECT_TOTAL_0_719600
2970994,1,2026-05-20 22:28:00,250625,,719601,0,,0,,CORRECT_TOTAL_0_719601
2970995,1,2026-05-20 22:29:00,250625,,719601,0,,0,,CORRECT_TOTAL_0_719601
2970996,1,2026-05-20 22:30:00,250626,,719602,0,,0,,CORRECT_TOTAL_0_719602
2970997,1,2026-05-20 22:31:00,250627,,719603,0,,0,,CORRECT_TOTAL_0_719603
2970998,1,2026-05-20 22:32:00,250627,,719603,0,,0,,CORRECT_TOTAL_0_719603
2970999,1,2026-05-20 22:33:00,250628,,719604,0,,0,,CORRECT_TOTAL_0_719604
2971000,1,2026-05-20 22:34:00,250628,,719604,0,,0,,CORRECT_TOTAL_0_719604
2971001,1,2026-05-20 22:35:00,250628,,719604,0,,0,,CORRECT_TOTAL_0_719604
2971002,1,2026-05-20 22:36:00,250629,,719605,0,,0,,CORRECT_TOTAL_0_719605
2971003,1,2026-05-20 22:37:00,250630,,719606,0,,0,,CORRECT_TOTAL_0_719606
2971004,1,2026-05-20 22:38:00,250630,,719606,0,,0,,CORRECT_TOTAL_0_719606
2971005,1,2026-05-20 22:39:00,250631,,719607,0,,0,,CORRECT_TOTAL_0_719607
2971006,1,2026-05-20 22:40:00,250631,,719607,0,,0,,CORRECT_TOTAL_0_719607
2971007,1,2026-05-20 22:41:00,250632,,719608,0,,0,,CORRECT_TOTAL_0_719608
2971008,1,2026-05-20 22:42:00,250633,,719609,0,,0,,CORRECT_TOTAL_0_719609
2971009,1,2026-05-20 22:43:00,250633,,719609,0,,0,,CORRECT_TOTAL_0_719609
2971010,1,2026-05-20 22:44:00,250634,,719610,0,,0,,CORRECT_TOTAL_0_719610
2971011,1,2026-05-20 22:45:00,250634,,719610,0,,0,,CORRECT_TOTAL_0_719610
2971012,1,2026-05-20 22:46:00,250635,,719611,0,,0,,CORRECT_TOTAL_0_719611
2971013,1,2026-05-20 22:47:00,250636,,719612,0,,0,,CORRECT_TOTAL_0_719612
2971014,1,2026-05-20 22:48:00,250636,,719612,0,,0,,CORRECT_TOTAL_0_719612
2971015,1,2026-05-20 22:49:00,250637,,719613,0,,0,,CORRECT_TOTAL_0_719613
2971016,1,2026-05-20 22:50:00,250637,,719613,0,,0,,CORRECT_TOTAL_0_719613
2971017,1,2026-05-20 22:51:00,250638,,719614,0,,0,,CORRECT_TOTAL_0_719614
2971018,1,2026-05-20 22:52:00,250639,,719615,0,,0,,CORRECT_TOTAL_0_719615
2971019,1,2026-05-20 22:53:00,250639,,719615,0,,0,,CORRECT_TOTAL_0_719615
2971020,1,2026-05-20 22:54:00,250640,,719616,0,,0,,CORRECT_TOTAL_0_719616
2971021,1,2026-05-20 22:55:00,250640,,719616,0,,0,,CORRECT_TOTAL_0_719616
2971022,1,2026-05-20 22:56:00,250641,,719617,0,,0,,CORRECT_TOTAL_0_719617
2971023,1,2026-05-20 22:57:00,250642,,719618,0,,0,,CORRECT_TOTAL_0_719618
2971024,1,2026-05-20 22:58:00,250642,,719618,0,,0,,CORRECT_TOTAL_0_719618
2971025,1,2026-05-20 22:59:00,250642,,719618,0,,0,,CORRECT_TOTAL_0_719618
2971026,1,2026-05-20 23:00:00,250643,,719619,0,,0,,CORRECT_TOTAL_0_719619
2971027,1,2026-05-20 23:01:00,250643,,719619,0,,0,,CORRECT_TOTAL_0_719619
2971028,1,2026-05-20 23:02:00,250644,,719620,0,,0,,CORRECT_TOTAL_0_719620
2971029,1,2026-05-20 23:03:00,250645,,719621,0,,0,,CORRECT_TOTAL_0_719621
2971030,1,2026-05-20 23:04:00,250645,,719621,0,,0,,CORRECT_TOTAL_0_719621
2971031,1,2026-05-20 23:05:00,250646,,719622,0,,0,,CORRECT_TOTAL_0_719622
2971032,1,2026-05-20 23:06:00,250646,,719622,0,,0,,CORRECT_TOTAL_0_719622
2971033,1,2026-05-20 23:07:00,250647,,719623,0,,0,,CORRECT_TOTAL_0_719623
2971034,1,2026-05-20 23:08:00,250648,,719624,0,,0,,CORRECT_TOTAL_0_719624
2971035,1,2026-05-20 23:09:00,250648,,719624,0,,0,,CORRECT_TOTAL_0_719624
2971036,1,2026-05-20 23:10:00,250649,,719625,0,,0,,CORRECT_TOTAL_0_719625
2971037,1,2026-05-20 23:11:00,250649,,719625,0,,0,,CORRECT_TOTAL_0_719625
2971038,1,2026-05-20 23:12:00,250650,,719626,0,,0,,CORRECT_TOTAL_0_719626
2971039,1,2026-05-20 23:13:00,250651,,719627,0,,0,,CORRECT_TOTAL_0_719627
2971040,1,2026-05-20 23:14:00,250651,,719627,0,,0,,CORRECT_TOTAL_0_719627
2971041,1,2026-05-20 23:15:00,250652,,719628,0,,0,,CORRECT_TOTAL_0_719628
2971042,1,2026-05-20 23:16:00,250652,,719628,0,,0,,CORRECT_TOTAL_0_719628
2971043,1,2026-05-20 23:17:00,250653,,719629,0,,0,,CORRECT_TOTAL_0_719629
2971044,1,2026-05-20 23:18:00,250654,,719630,0,,0,,CORRECT_TOTAL_0_719630
2971045,1,2026-05-20 23:19:00,250654,,719630,0,,0,,CORRECT_TOTAL_0_719630
2971046,1,2026-05-20 23:20:00,250654,,719630,0,,0,,CORRECT_TOTAL_0_719630
2971047,1,2026-05-20 23:21:00,250655,,719631,0,,0,,CORRECT_TOTAL_0_719631
2971048,1,2026-05-20 23:22:00,250655,,719631,0,,0,,CORRECT_TOTAL_0_719631
2971049,1,2026-05-20 23:23:00,250656,,719632,0,,0,,CORRECT_TOTAL_0_719632
2971050,1,2026-05-20 23:24:00,250656,,719632,0,,0,,CORRECT_TOTAL_0_719632
2971051,1,2026-05-20 23:25:00,250657,,719633,0,,0,,CORRECT_TOTAL_0_719633
2971052,1,2026-05-20 23:26:00,250658,,719634,0,,0,,CORRECT_TOTAL_0_719634
2971053,1,2026-05-20 23:27:00,250658,,719634,0,,0,,CORRECT_TOTAL_0_719634
2971054,1,2026-05-20 23:28:00,250659,,719635,0,,0,,CORRECT_TOTAL_0_719635
2971055,1,2026-05-20 23:29:00,250659,,719635,0,,0,,CORRECT_TOTAL_0_719635
2971056,1,2026-05-20 23:30:00,250660,,719636,0,,0,,CORRECT_TOTAL_0_719636
2971057,1,2026-05-20 23:31:00,250661,,719637,0,,0,,CORRECT_TOTAL_0_719637
2971058,1,2026-05-20 23:32:00,250661,,719637,0,,0,,CORRECT_TOTAL_0_719637
2971059,1,2026-05-20 23:33:00,250662,,719638,0,,0,,CORRECT_TOTAL_0_719638
2971060,1,2026-05-20 23:34:00,250662,,719638,0,,0,,CORRECT_TOTAL_0_719638
2971061,1,2026-05-20 23:35:00,250663,,719639,0,,0,,CORRECT_TOTAL_0_719639
2971062,1,2026-05-20 23:36:00,250664,,719640,0,,0,,CORRECT_TOTAL_0_719640
2971063,1,2026-05-20 23:37:00,250664,,719640,0,,0,,CORRECT_TOTAL_0_719640
2971064,1,2026-05-20 23:38:00,250665,,719641,0,,0,,CORRECT_TOTAL_0_719641
2971065,1,2026-05-20 23:39:00,250665,,719641,0,,0,,CORRECT_TOTAL_0_719641
2971066,1,2026-05-20 23:40:00,250666,,719642,0,,0,,CORRECT_TOTAL_0_719642
2971067,1,2026-05-20 23:41:00,250666,,719642,0,,0,,CORRECT_TOTAL_0_719642
2971068,1,2026-05-20 23:42:00,250667,,719643,0,,0,,CORRECT_TOTAL_0_719643
2971069,1,2026-05-20 23:43:00,250667,,719643,0,,0,,CORRECT_TOTAL_0_719643
2971070,1,2026-05-20 23:44:00,250668,,719644,0,,0,,CORRECT_TOTAL_0_719644
2971071,1,2026-05-20 23:45:00,250668,,719644,0,,0,,CORRECT_TOTAL_0_719644
2971072,1,2026-05-20 23:46:00,250669,,719645,0,,0,,CORRECT_TOTAL_0_719645
2971073,1,2026-05-20 23:47:00,250670,,719646,0,,0,,CORRECT_TOTAL_0_719646
2971074,1,2026-05-20 23:48:00,250670,,719646,0,,0,,CORRECT_TOTAL_0_719646
2971075,1,2026-05-20 23:49:00,250671,,719647,0,,0,,CORRECT_TOTAL_0_719647
2971076,1,2026-05-20 23:50:00,250671,,719647,0,,0,,CORRECT_TOTAL_0_719647
2971077,1,2026-05-20 23:51:00,250672,,719648,0,,0,,CORRECT_TOTAL_0_719648
2971078,1,2026-05-20 23:52:00,250673,,719649,0,,0,,CORRECT_TOTAL_0_719649
2971079,1,2026-05-20 23:53:00,250673,,719649,0,,0,,CORRECT_TOTAL_0_719649
2971080,1,2026-05-20 23:54:00,250674,,719650,0,,0,,CORRECT_TOTAL_0_719650
2971081,1,2026-05-20 23:55:00,250674,,719650,0,,0,,CORRECT_TOTAL_0_719650
2971082,1,2026-05-20 23:56:00,250675,,719651,0,,0,,CORRECT_TOTAL_0_719651
2971083,1,2026-05-20 23:57:00,250675,,719651,0,,0,,CORRECT_TOTAL_0_719651
2971084,1,2026-05-20 23:58:00,250676,,719652,0,,0,,CORRECT_TOTAL_0_719652
2971085,1,2026-05-20 23:59:00,250676,,719652,0,,0,,CORRECT_TOTAL_0_719652
2971086,1,2026-05-21 00:00:00,250677,,719653,0,,0,,CORRECT_TOTAL_0_719653
2971087,1,2026-05-21 00:01:00,250677,,719653,0,,0,,CORRECT_TOTAL_0_719653
2971088,1,2026-05-21 00:02:00,250678,,719654,0,,0,,CORRECT_TOTAL_0_719654
2971089,1,2026-05-21 00:03:00,250678,,719654,0,,0,,CORRECT_TOTAL_0_719654
2971090,1,2026-05-21 00:04:00,250679,,719655,0,,0,,CORRECT_TOTAL_0_719655
2971091,1,2026-05-21 00:05:00,250680,,719656,0,,0,,CORRECT_TOTAL_0_719656
2971092,1,2026-05-21 00:06:00,250680,,719656,0,,0,,CORRECT_TOTAL_0_719656
2971093,1,2026-05-21 00:07:00,250681,,719657,0,,0,,CORRECT_TOTAL_0_719657
2971094,1,2026-05-21 00:08:00,250681,,719657,0,,0,,CORRECT_TOTAL_0_719657
2971095,1,2026-05-21 00:09:00,250682,,719658,0,,0,,CORRECT_TOTAL_0_719658
2971096,1,2026-05-21 00:10:00,250683,,719659,0,,0,,CORRECT_TOTAL_0_719659
2971097,1,2026-05-21 00:11:00,250683,,719659,0,,0,,CORRECT_TOTAL_0_719659
2971098,1,2026-05-21 00:12:00,250684,,719660,0,,0,,CORRECT_TOTAL_0_719660
2971099,1,2026-05-21 00:13:00,250684,,719660,0,,0,,CORRECT_TOTAL_0_719660
2971100,1,2026-05-21 00:14:00,250685,,719661,0,,0,,CORRECT_TOTAL_0_719661
2971101,1,2026-05-21 00:15:00,250685,,719661,0,,0,,CORRECT_TOTAL_0_719661
2971102,1,2026-05-21 00:16:00,250685,,719661,0,,0,,CORRECT_TOTAL_0_719661
2971103,1,2026-05-21 00:17:00,250686,,719662,0,,0,,CORRECT_TOTAL_0_719662
2971104,1,2026-05-21 00:18:00,250687,,719663,0,,0,,CORRECT_TOTAL_0_719663
2971105,1,2026-05-21 00:19:00,250687,,719663,0,,0,,CORRECT_TOTAL_0_719663
2971106,1,2026-05-21 00:20:00,250688,,719664,0,,0,,CORRECT_TOTAL_0_719664
2971107,1,2026-05-21 00:21:00,250688,,719664,0,,0,,CORRECT_TOTAL_0_719664
2971108,1,2026-05-21 00:22:00,250689,,719665,0,,0,,CORRECT_TOTAL_0_719665
2971109,1,2026-05-21 00:23:00,250690,,719666,0,,0,,CORRECT_TOTAL_0_719666
2971110,1,2026-05-21 00:24:00,250690,,719666,0,,0,,CORRECT_TOTAL_0_719666
2971111,1,2026-05-21 00:25:00,250690,,719666,0,,0,,CORRECT_TOTAL_0_719666
2971112,1,2026-05-21 00:26:00,250691,,719667,0,,0,,CORRECT_TOTAL_0_719667
2971113,1,2026-05-21 00:27:00,250691,,719667,0,,0,,CORRECT_TOTAL_0_719667
2971114,1,2026-05-21 00:28:00,250692,,719668,0,,0,,CORRECT_TOTAL_0_719668
2971115,1,2026-05-21 00:29:00,250692,,719668,0,,0,,CORRECT_TOTAL_0_719668
2971116,1,2026-05-21 00:30:00,250693,,719669,0,,0,,CORRECT_TOTAL_0_719669
2971117,1,2026-05-21 00:31:00,250694,,719670,0,,0,,CORRECT_TOTAL_0_719670
2971118,1,2026-05-21 00:32:00,250694,,719670,0,,0,,CORRECT_TOTAL_0_719670
2971119,1,2026-05-21 00:33:00,250695,,719671,0,,0,,CORRECT_TOTAL_0_719671
2971120,1,2026-05-21 00:34:00,250695,,719671,0,,0,,CORRECT_TOTAL_0_719671
2971121,1,2026-05-21 00:35:00,250696,,719672,0,,0,,CORRECT_TOTAL_0_719672
2971122,1,2026-05-21 00:36:00,250696,,719672,0,,0,,CORRECT_TOTAL_0_719672
2971123,1,2026-05-21 00:37:00,250696,,719672,0,,0,,CORRECT_TOTAL_0_719672
2971124,1,2026-05-21 00:38:00,250697,,719673,0,,0,,CORRECT_TOTAL_0_719673
2971125,1,2026-05-21 00:39:00,250697,,719673,0,,0,,CORRECT_TOTAL_0_719673
2971126,1,2026-05-21 00:40:00,250698,,719674,0,,0,,CORRECT_TOTAL_0_719674
2971127,1,2026-05-21 00:41:00,250699,,719675,0,,0,,CORRECT_TOTAL_0_719675
2971128,1,2026-05-21 00:42:00,250699,,719675,0,,0,,CORRECT_TOTAL_0_719675
2971129,1,2026-05-21 00:43:00,250700,,719676,0,,0,,CORRECT_TOTAL_0_719676
2971130,1,2026-05-21 00:44:00,250700,,719676,0,,0,,CORRECT_TOTAL_0_719676
2971131,1,2026-05-21 00:45:00,250701,,719677,0,,0,,CORRECT_TOTAL_0_719677
2971132,1,2026-05-21 00:46:00,250701,,719677,0,,0,,CORRECT_TOTAL_0_719677
2971133,1,2026-05-21 00:47:00,250702,,719678,0,,0,,CORRECT_TOTAL_0_719678
2971134,1,2026-05-21 00:48:00,250702,,719678,0,,0,,CORRECT_TOTAL_0_719678
2971135,1,2026-05-21 00:49:00,250703,,719679,0,,0,,CORRECT_TOTAL_0_719679
2971136,1,2026-05-21 00:50:00,250703,,719679,0,,0,,CORRECT_TOTAL_0_719679
2971137,1,2026-05-21 00:51:00,250704,,719680,0,,0,,CORRECT_TOTAL_0_719680
2971138,1,2026-05-21 00:52:00,250704,,719680,0,,0,,CORRECT_TOTAL_0_719680
2971139,1,2026-05-21 00:53:00,250705,,719681,0,,0,,CORRECT_TOTAL_0_719681
2971140,1,2026-05-21 00:54:00,250706,,719682,0,,0,,CORRECT_TOTAL_0_719682
2971141,1,2026-05-21 00:55:00,250706,,719682,0,,0,,CORRECT_TOTAL_0_719682
2971142,1,2026-05-21 00:56:00,250707,,719683,0,,0,,CORRECT_TOTAL_0_719683
2971143,1,2026-05-21 00:57:00,250707,,719683,0,,0,,CORRECT_TOTAL_0_719683
2971144,1,2026-05-21 00:58:00,250707,,719683,0,,0,,CORRECT_TOTAL_0_719683
2971145,1,2026-05-21 00:59:00,250708,,719684,0,,0,,CORRECT_TOTAL_0_719684
2971146,1,2026-05-21 01:00:00,250708,,719684,0,,0,,CORRECT_TOTAL_0_719684
2971147,1,2026-05-21 01:01:00,250709,,719685,0,,0,,CORRECT_TOTAL_0_719685
2971148,1,2026-05-21 01:02:00,250710,,719686,0,,0,,CORRECT_TOTAL_0_719686
2971149,1,2026-05-21 01:03:00,250710,,719686,0,,0,,CORRECT_TOTAL_0_719686
2971150,1,2026-05-21 01:04:00,250711,,719687,0,,0,,CORRECT_TOTAL_0_719687
2971151,1,2026-05-21 01:05:00,250711,,719687,0,,0,,CORRECT_TOTAL_0_719687
2971152,1,2026-05-21 01:06:00,250712,,719688,0,,0,,CORRECT_TOTAL_0_719688
2971153,1,2026-05-21 01:07:00,250712,,719688,0,,0,,CORRECT_TOTAL_0_719688
2971154,1,2026-05-21 01:08:00,250713,,719689,0,,0,,CORRECT_TOTAL_0_719689
2971155,1,2026-05-21 01:09:00,250713,,719689,0,,0,,CORRECT_TOTAL_0_719689
2971156,1,2026-05-21 01:10:00,250713,,719689,0,,0,,CORRECT_TOTAL_0_719689
2971157,1,2026-05-21 01:11:00,250714,,719690,0,,0,,CORRECT_TOTAL_0_719690
2971158,1,2026-05-21 01:12:00,250715,,719691,0,,0,,CORRECT_TOTAL_0_719691
2971159,1,2026-05-21 01:13:00,250715,,719691,0,,0,,CORRECT_TOTAL_0_719691
2971160,1,2026-05-21 01:14:00,250716,,719692,0,,0,,CORRECT_TOTAL_0_719692
2971161,1,2026-05-21 01:15:00,250716,,719692,0,,0,,CORRECT_TOTAL_0_719692
2971162,1,2026-05-21 01:16:00,250717,,719693,0,,0,,CORRECT_TOTAL_0_719693
2971163,1,2026-05-21 01:17:00,250717,,719693,0,,0,,CORRECT_TOTAL_0_719693
2971164,1,2026-05-21 01:18:00,250718,,719694,0,,0,,CORRECT_TOTAL_0_719694
2971165,1,2026-05-21 01:19:00,250718,,719694,0,,0,,CORRECT_TOTAL_0_719694
2971166,1,2026-05-21 01:20:00,250719,,719695,0,,0,,CORRECT_TOTAL_0_719695
2971167,1,2026-05-21 01:21:00,250719,,719695,0,,0,,CORRECT_TOTAL_0_719695
2971168,1,2026-05-21 01:22:00,250720,,719696,0,,0,,CORRECT_TOTAL_0_719696
2971169,1,2026-05-21 01:23:00,250720,,719696,0,,0,,CORRECT_TOTAL_0_719696
2971170,1,2026-05-21 01:24:00,250721,,719697,0,,0,,CORRECT_TOTAL_0_719697
2971171,1,2026-05-21 01:25:00,250722,,719698,0,,0,,CORRECT_TOTAL_0_719698
2971172,1,2026-05-21 01:26:00,250722,,719698,0,,0,,CORRECT_TOTAL_0_719698
2971173,1,2026-05-21 01:27:00,250723,,719699,0,,0,,CORRECT_TOTAL_0_719699
2971174,1,2026-05-21 01:28:00,250723,,719699,0,,0,,CORRECT_TOTAL_0_719699
2971175,1,2026-05-21 01:29:00,250723,,719699,0,,0,,CORRECT_TOTAL_0_719699
2971176,1,2026-05-21 01:30:00,250724,,719700,0,,0,,CORRECT_TOTAL_0_719700
2971177,1,2026-05-21 01:31:00,250724,,719700,0,,0,,CORRECT_TOTAL_0_719700
2971179,1,2026-05-21 01:32:00,250725,,719701,0,,0,,CORRECT_TOTAL_0_719701
2971180,1,2026-05-21 01:33:00,250725,,719701,0,,0,,CORRECT_TOTAL_0_719701
2971181,1,2026-05-21 01:34:00,250726,,719702,0,,0,,CORRECT_TOTAL_0_719702
2971182,1,2026-05-21 01:35:00,250727,,719703,0,,0,,CORRECT_TOTAL_0_719703
2971183,1,2026-05-21 01:36:00,250727,,719703,0,,0,,CORRECT_TOTAL_0_719703
2971184,1,2026-05-21 01:37:00,250728,,719704,0,,0,,CORRECT_TOTAL_0_719704
2971185,1,2026-05-21 01:38:00,250728,,719704,0,,0,,CORRECT_TOTAL_0_719704
2971186,1,2026-05-21 01:39:00,250728,,719704,0,,0,,CORRECT_TOTAL_0_719704
2971187,1,2026-05-21 01:40:00,250729,,719705,0,,0,,CORRECT_TOTAL_0_719705
2971188,1,2026-05-21 01:41:00,250729,,719705,0,,0,,CORRECT_TOTAL_0_719705
2971189,1,2026-05-21 01:42:00,250730,,719706,0,,0,,CORRECT_TOTAL_0_719706
2971190,1,2026-05-21 01:43:00,250730,,719706,0,,0,,CORRECT_TOTAL_0_719706
2971191,1,2026-05-21 01:44:00,250731,,719707,0,,0,,CORRECT_TOTAL_0_719707
2971192,1,2026-05-21 01:45:00,250732,,719708,0,,0,,CORRECT_TOTAL_0_719708
2971193,1,2026-05-21 01:46:00,250732,,719708,0,,0,,CORRECT_TOTAL_0_719708
2971194,1,2026-05-21 01:47:00,250733,,719709,0,,0,,CORRECT_TOTAL_0_719709
2971195,1,2026-05-21 01:48:00,250733,,719709,0,,0,,CORRECT_TOTAL_0_719709
2971196,1,2026-05-21 01:49:00,250734,,719710,0,,0,,CORRECT_TOTAL_0_719710
2971197,1,2026-05-21 01:50:00,250734,,719710,0,,0,,CORRECT_TOTAL_0_719710
2971198,1,2026-05-21 01:51:00,250734,,719710,0,,0,,CORRECT_TOTAL_0_719710
2971199,1,2026-05-21 01:52:00,250735,,719711,0,,0,,CORRECT_TOTAL_0_719711
2971200,1,2026-05-21 01:53:00,250735,,719711,0,,0,,CORRECT_TOTAL_0_719711
2971201,1,2026-05-21 01:54:00,250736,,719712,0,,0,,CORRECT_TOTAL_0_719712
2971202,1,2026-05-21 01:55:00,250737,,719713,0,,0,,CORRECT_TOTAL_0_719713
2971203,1,2026-05-21 01:56:00,250737,,719713,0,,0,,CORRECT_TOTAL_0_719713
2971204,1,2026-05-21 01:57:00,250738,,719714,0,,0,,CORRECT_TOTAL_0_719714
2971205,1,2026-05-21 01:58:00,250738,,719714,0,,0,,CORRECT_TOTAL_0_719714
2971206,1,2026-05-21 01:59:00,250739,,719715,0,,0,,CORRECT_TOTAL_0_719715
2971207,1,2026-05-21 02:00:00,250739,,719715,0,,0,,CORRECT_TOTAL_0_719715
2971208,1,2026-05-21 02:01:00,250739,,719715,0,,0,,CORRECT_TOTAL_0_719715
2971209,1,2026-05-21 02:02:00,250740,,719716,0,,0,,CORRECT_TOTAL_0_719716
2971210,1,2026-05-21 02:03:00,250740,,719716,0,,0,,CORRECT_TOTAL_0_719716
2971211,1,2026-05-21 02:04:00,250741,,719717,0,,0,,CORRECT_TOTAL_0_719717
2971212,1,2026-05-21 02:05:00,250741,,719717,0,,0,,CORRECT_TOTAL_0_719717
2971213,1,2026-05-21 02:06:00,250741,,719717,0,,0,,CORRECT_TOTAL_0_719717
2971214,1,2026-05-21 02:07:00,250742,,719718,0,,0,,CORRECT_TOTAL_0_719718
2971215,1,2026-05-21 02:08:00,250742,,719718,0,,0,,CORRECT_TOTAL_0_719718
2971216,1,2026-05-21 02:09:00,250742,,719718,0,,0,,CORRECT_TOTAL_0_719718
2971217,1,2026-05-21 02:10:00,250743,,719719,0,,0,,CORRECT_TOTAL_0_719719
2971218,1,2026-05-21 02:11:00,250743,,719719,0,,0,,CORRECT_TOTAL_0_719719
2971219,1,2026-05-21 02:12:00,250744,,719720,0,,0,,CORRECT_TOTAL_0_719720
2971220,1,2026-05-21 02:13:00,250744,,719720,0,,0,,CORRECT_TOTAL_0_719720
2971221,1,2026-05-21 02:14:00,250745,,719721,0,,0,,CORRECT_TOTAL_0_719721
2971222,1,2026-05-21 02:15:00,250745,,719721,0,,0,,CORRECT_TOTAL_0_719721
2971223,1,2026-05-21 02:16:00,250746,,719722,0,,0,,CORRECT_TOTAL_0_719722
2971224,1,2026-05-21 02:17:00,250746,,719722,0,,0,,CORRECT_TOTAL_0_719722
2971225,1,2026-05-21 02:18:00,250746,,719722,0,,0,,CORRECT_TOTAL_0_719722
2971226,1,2026-05-21 02:19:00,250747,,719723,0,,0,,CORRECT_TOTAL_0_719723
2971227,1,2026-05-21 02:20:00,250747,,719723,0,,0,,CORRECT_TOTAL_0_719723
2971228,1,2026-05-21 02:21:00,250747,,719723,0,,0,,CORRECT_TOTAL_0_719723
2971229,1,2026-05-21 02:22:00,250748,,719724,0,,0,,CORRECT_TOTAL_0_719724
2971230,1,2026-05-21 02:23:00,250748,,719724,0,,0,,CORRECT_TOTAL_0_719724
2971231,1,2026-05-21 02:24:00,250748,,719724,0,,0,,CORRECT_TOTAL_0_719724
2971232,1,2026-05-21 02:25:00,250749,,719725,0,,0,,CORRECT_TOTAL_0_719725
2971233,1,2026-05-21 02:26:00,250749,,719725,0,,0,,CORRECT_TOTAL_0_719725
2971234,1,2026-05-21 02:27:00,250750,,719726,0,,0,,CORRECT_TOTAL_0_719726
2971235,1,2026-05-21 02:28:00,250750,,719726,0,,0,,CORRECT_TOTAL_0_719726
2971236,1,2026-05-21 02:29:00,250751,,719727,0,,0,,CORRECT_TOTAL_0_719727
2971237,1,2026-05-21 02:30:00,250751,,719727,0,,0,,CORRECT_TOTAL_0_719727
2971238,1,2026-05-21 02:31:00,250752,,719728,0,,0,,CORRECT_TOTAL_0_719728
2971239,1,2026-05-21 02:32:00,250752,,719728,0,,0,,CORRECT_TOTAL_0_719728
2971240,1,2026-05-21 02:33:00,250752,,719728,0,,0,,CORRECT_TOTAL_0_719728
2971241,1,2026-05-21 02:34:00,250753,,719729,0,,0,,CORRECT_TOTAL_0_719729
2971242,1,2026-05-21 02:35:00,250753,,719729,0,,0,,CORRECT_TOTAL_0_719729
2971243,1,2026-05-21 02:36:00,250753,,719729,0,,0,,CORRECT_TOTAL_0_719729
2971244,1,2026-05-21 02:37:00,250754,,719730,0,,0,,CORRECT_TOTAL_0_719730
2971245,1,2026-05-21 02:38:00,250754,,719730,0,,0,,CORRECT_TOTAL_0_719730
2971246,1,2026-05-21 02:39:00,250755,,719731,0,,0,,CORRECT_TOTAL_0_719731
2971247,1,2026-05-21 02:40:00,250755,,719731,0,,0,,CORRECT_TOTAL_0_719731
2971248,1,2026-05-21 02:41:00,250755,,719731,0,,0,,CORRECT_TOTAL_0_719731
2971249,1,2026-05-21 02:42:00,250756,,719732,0,,0,,CORRECT_TOTAL_0_719732
2971250,1,2026-05-21 02:43:00,250756,,719732,0,,0,,CORRECT_TOTAL_0_719732
2971251,1,2026-05-21 02:44:00,250756,,719732,0,,0,,CORRECT_TOTAL_0_719732
2971252,1,2026-05-21 02:45:00,250757,,719733,0,,0,,CORRECT_TOTAL_0_719733
2971253,1,2026-05-21 02:46:00,250757,,719733,0,,0,,CORRECT_TOTAL_0_719733
2971254,1,2026-05-21 02:47:00,250758,,719734,0,,0,,CORRECT_TOTAL_0_719734
2971255,1,2026-05-21 02:48:00,250758,,719734,0,,0,,CORRECT_TOTAL_0_719734
2971256,1,2026-05-21 02:49:00,250759,,719735,0,,0,,CORRECT_TOTAL_0_719735
2971257,1,2026-05-21 02:50:00,250759,,719735,0,,0,,CORRECT_TOTAL_0_719735
2971258,1,2026-05-21 02:51:00,250760,,719736,0,,0,,CORRECT_TOTAL_0_719736
2971259,1,2026-05-21 02:52:00,250760,,719736,0,,0,,CORRECT_TOTAL_0_719736
2971260,1,2026-05-21 02:53:00,250760,,719736,0,,0,,CORRECT_TOTAL_0_719736
2971261,1,2026-05-21 02:54:00,250761,,719737,0,,0,,CORRECT_TOTAL_0_719737
2971262,1,2026-05-21 02:55:00,250761,,719737,0,,0,,CORRECT_TOTAL_0_719737
2971263,1,2026-05-21 02:56:00,250761,,719737,0,,0,,CORRECT_TOTAL_0_719737
2971264,1,2026-05-21 02:57:00,250762,,719738,0,,0,,CORRECT_TOTAL_0_719738
2971265,1,2026-05-21 02:58:00,250762,,719738,0,,0,,CORRECT_TOTAL_0_719738
2971266,1,2026-05-21 02:59:00,250762,,719738,0,,0,,CORRECT_TOTAL_0_719738
2971267,1,2026-05-21 03:00:00,250763,,719739,0,,0,,CORRECT_TOTAL_0_719739
2971268,1,2026-05-21 03:01:00,250763,,719739,0,,0,,CORRECT_TOTAL_0_719739
2971269,1,2026-05-21 03:02:00,250763,,719739,0,,0,,CORRECT_TOTAL_0_719739
2971270,1,2026-05-21 03:03:00,250764,,719740,0,,0,,CORRECT_TOTAL_0_719740
2971271,1,2026-05-21 03:04:00,250764,,719740,0,,0,,CORRECT_TOTAL_0_719740
2971272,1,2026-05-21 03:05:00,250765,,719741,0,,0,,CORRECT_TOTAL_0_719741
2971273,1,2026-05-21 03:06:00,250766,,719742,0,,0,,CORRECT_TOTAL_0_719742
2971274,1,2026-05-21 03:07:00,250766,,719742,0,,0,,CORRECT_TOTAL_0_719742
2971275,1,2026-05-21 03:08:00,250766,,719742,0,,0,,CORRECT_TOTAL_0_719742
2971276,1,2026-05-21 03:09:00,250767,,719743,0,,0,,CORRECT_TOTAL_0_719743
2971277,1,2026-05-21 03:10:00,250767,,719743,0,,0,,CORRECT_TOTAL_0_719743
2971278,1,2026-05-21 03:11:00,250767,,719743,0,,0,,CORRECT_TOTAL_0_719743
2971279,1,2026-05-21 03:12:00,250768,,719744,0,,0,,CORRECT_TOTAL_0_719744
2971280,1,2026-05-21 03:13:00,250768,,719744,0,,0,,CORRECT_TOTAL_0_719744
2971281,1,2026-05-21 03:14:00,250769,,719745,0,,0,,CORRECT_TOTAL_0_719745
2971282,1,2026-05-21 03:15:00,250769,,719745,0,,0,,CORRECT_TOTAL_0_719745
2971283,1,2026-05-21 03:16:00,250769,,719745,0,,0,,CORRECT_TOTAL_0_719745
2971284,1,2026-05-21 03:17:00,250770,,719746,0,,0,,CORRECT_TOTAL_0_719746
2971285,1,2026-05-21 03:18:00,250770,,719746,0,,0,,CORRECT_TOTAL_0_719746
2971286,1,2026-05-21 03:19:00,250770,,719746,0,,0,,CORRECT_TOTAL_0_719746
2971287,1,2026-05-21 03:20:00,250771,,719747,0,,0,,CORRECT_TOTAL_0_719747
2971288,1,2026-05-21 03:21:00,250771,,719747,0,,0,,CORRECT_TOTAL_0_719747
2971289,1,2026-05-21 03:22:00,250771,,719747,0,,0,,CORRECT_TOTAL_0_719747
2971290,1,2026-05-21 03:23:00,250772,,719748,0,,0,,CORRECT_TOTAL_0_719748
2971291,1,2026-05-21 03:24:00,250773,,719749,0,,0,,CORRECT_TOTAL_0_719749
2971292,1,2026-05-21 03:25:00,250773,,719749,0,,0,,CORRECT_TOTAL_0_719749
2971293,1,2026-05-21 03:26:00,250774,,719750,0,,0,,CORRECT_TOTAL_0_719750
2971294,1,2026-05-21 03:27:00,250774,,719750,0,,0,,CORRECT_TOTAL_0_719750
2971295,1,2026-05-21 03:28:00,250774,,719750,0,,0,,CORRECT_TOTAL_0_719750
2971296,1,2026-05-21 03:29:00,250775,,719751,0,,0,,CORRECT_TOTAL_0_719751
2971297,1,2026-05-21 03:30:00,250775,,719751,0,,0,,CORRECT_TOTAL_0_719751
2971298,1,2026-05-21 03:31:00,250775,,719751,0,,0,,CORRECT_TOTAL_0_719751
2971299,1,2026-05-21 03:32:00,250776,,719752,0,,0,,CORRECT_TOTAL_0_719752
2971300,1,2026-05-21 03:33:00,250776,,719752,0,,0,,CORRECT_TOTAL_0_719752
2971301,1,2026-05-21 03:34:00,250776,,719752,0,,0,,CORRECT_TOTAL_0_719752
2971302,1,2026-05-21 03:35:00,250777,,719753,0,,0,,CORRECT_TOTAL_0_719753
2971303,1,2026-05-21 03:36:00,250777,,719753,0,,0,,CORRECT_TOTAL_0_719753
2971304,1,2026-05-21 03:37:00,250778,,719754,0,,0,,CORRECT_TOTAL_0_719754
2971305,1,2026-05-21 03:38:00,250778,,719754,0,,0,,CORRECT_TOTAL_0_719754
2971306,1,2026-05-21 03:39:00,250778,,719754,0,,0,,CORRECT_TOTAL_0_719754
2971307,1,2026-05-21 03:40:00,250779,,719755,0,,0,,CORRECT_TOTAL_0_719755
2971308,1,2026-05-21 03:41:00,250779,,719755,0,,0,,CORRECT_TOTAL_0_719755
2971309,1,2026-05-21 03:42:00,250780,,719756,0,,0,,CORRECT_TOTAL_0_719756
2971310,1,2026-05-21 03:43:00,250780,,719756,0,,0,,CORRECT_TOTAL_0_719756
2971311,1,2026-05-21 03:44:00,250781,,719757,0,,0,,CORRECT_TOTAL_0_719757
2971312,1,2026-05-21 03:45:00,250781,,719757,0,,0,,CORRECT_TOTAL_0_719757
2971313,1,2026-05-21 03:46:00,250781,,719757,0,,0,,CORRECT_TOTAL_0_719757
2971314,1,2026-05-21 03:47:00,250782,,719758,0,,0,,CORRECT_TOTAL_0_719758
2971315,1,2026-05-21 03:48:00,250782,,719758,0,,0,,CORRECT_TOTAL_0_719758
2971316,1,2026-05-21 03:49:00,250782,,719758,0,,0,,CORRECT_TOTAL_0_719758
2971317,1,2026-05-21 03:50:00,250783,,719759,0,,0,,CORRECT_TOTAL_0_719759
2971318,1,2026-05-21 03:51:00,250783,,719759,0,,0,,CORRECT_TOTAL_0_719759
2971319,1,2026-05-21 03:52:00,250784,,719760,0,,0,,CORRECT_TOTAL_0_719760
2971320,1,2026-05-21 03:53:00,250784,,719760,0,,0,,CORRECT_TOTAL_0_719760
2971321,1,2026-05-21 03:54:00,250784,,719760,0,,0,,CORRECT_TOTAL_0_719760
2971322,1,2026-05-21 03:55:00,250785,,719761,0,,0,,CORRECT_TOTAL_0_719761
2971323,1,2026-05-21 03:56:00,250785,,719761,0,,0,,CORRECT_TOTAL_0_719761
2971324,1,2026-05-21 03:57:00,250785,,719761,0,,0,,CORRECT_TOTAL_0_719761
2971325,1,2026-05-21 03:58:00,250786,,719762,0,,0,,CORRECT_TOTAL_0_719762
2971326,1,2026-05-21 03:59:00,250786,,719762,0,,0,,CORRECT_TOTAL_0_719762
2971327,1,2026-05-21 04:00:00,250786,,719762,0,,0,,CORRECT_TOTAL_0_719762
2971328,1,2026-05-21 04:01:00,250787,,719763,0,,0,,CORRECT_TOTAL_0_719763
2971329,1,2026-05-21 04:02:00,250788,,719764,0,,0,,CORRECT_TOTAL_0_719764
2971330,1,2026-05-21 04:03:00,250788,,719764,0,,0,,CORRECT_TOTAL_0_719764
2971331,1,2026-05-21 04:04:00,250789,,719765,0,,0,,CORRECT_TOTAL_0_719765
2971332,1,2026-05-21 04:05:00,250789,,719765,0,,0,,CORRECT_TOTAL_0_719765
2971333,1,2026-05-21 04:06:00,250789,,719765,0,,0,,CORRECT_TOTAL_0_719765
2971334,1,2026-05-21 04:07:00,250790,,719766,0,,0,,CORRECT_TOTAL_0_719766
2971335,1,2026-05-21 04:08:00,250790,,719766,0,,0,,CORRECT_TOTAL_0_719766
2971336,1,2026-05-21 04:09:00,250790,,719766,0,,0,,CORRECT_TOTAL_0_719766
2971337,1,2026-05-21 04:10:00,250791,,719767,0,,0,,CORRECT_TOTAL_0_719767
2971338,1,2026-05-21 04:11:00,250791,,719767,0,,0,,CORRECT_TOTAL_0_719767
2971339,1,2026-05-21 04:12:00,250791,,719767,0,,0,,CORRECT_TOTAL_0_719767
2971340,1,2026-05-21 04:13:00,250792,,719768,0,,0,,CORRECT_TOTAL_0_719768
2971341,1,2026-05-21 04:14:00,250792,,719768,0,,0,,CORRECT_TOTAL_0_719768
2971342,1,2026-05-21 04:15:00,250793,,719769,0,,0,,CORRECT_TOTAL_0_719769
2971343,1,2026-05-21 04:16:00,250793,,719769,0,,0,,CORRECT_TOTAL_0_719769
2971344,1,2026-05-21 04:17:00,250793,,719769,0,,0,,CORRECT_TOTAL_0_719769
2971345,1,2026-05-21 04:18:00,250794,,719770,0,,0,,CORRECT_TOTAL_0_719770
2971346,1,2026-05-21 04:19:00,250794,,719770,0,,0,,CORRECT_TOTAL_0_719770
2971347,1,2026-05-21 04:20:00,250794,,719770,0,,0,,CORRECT_TOTAL_0_719770
2971348,1,2026-05-21 04:21:00,250795,,719771,0,,0,,CORRECT_TOTAL_0_719771
2971349,1,2026-05-21 04:22:00,250796,,719772,0,,0,,CORRECT_TOTAL_0_719772
2971350,1,2026-05-21 04:23:00,250796,,719772,0,,0,,CORRECT_TOTAL_0_719772
2971351,1,2026-05-21 04:24:00,250796,,719772,0,,0,,CORRECT_TOTAL_0_719772
2971352,1,2026-05-21 04:25:00,250797,,719773,0,,0,,CORRECT_TOTAL_0_719773
2971353,1,2026-05-21 04:26:00,250797,,719773,0,,0,,CORRECT_TOTAL_0_719773
2971354,1,2026-05-21 04:27:00,250798,,719774,0,,0,,CORRECT_TOTAL_0_719774
2971355,1,2026-05-21 04:28:00,250798,,719774,0,,0,,CORRECT_TOTAL_0_719774
2971356,1,2026-05-21 04:29:00,250798,,719774,0,,0,,CORRECT_TOTAL_0_719774
2971357,1,2026-05-21 04:30:00,250799,,719775,0,,0,,CORRECT_TOTAL_0_719775
2971358,1,2026-05-21 04:31:00,250799,,719775,0,,0,,CORRECT_TOTAL_0_719775
2971359,1,2026-05-21 04:32:00,250799,,719775,0,,0,,CORRECT_TOTAL_0_719775
2971360,1,2026-05-21 04:33:00,250800,,719776,0,,0,,CORRECT_TOTAL_0_719776
2971361,1,2026-05-21 04:34:00,250800,,719776,0,,0,,CORRECT_TOTAL_0_719776
2971362,1,2026-05-21 04:35:00,250800,,719776,0,,0,,CORRECT_TOTAL_0_719776
2971363,1,2026-05-21 04:36:00,250801,,719777,0,,0,,CORRECT_TOTAL_0_719777
2971364,1,2026-05-21 04:37:00,250801,,719777,0,,0,,CORRECT_TOTAL_0_719777
2971365,1,2026-05-21 04:38:00,250801,,719777,0,,0,,CORRECT_TOTAL_0_719777
2971366,1,2026-05-21 04:39:00,250802,,719778,0,,0,,CORRECT_TOTAL_0_719778
2971367,1,2026-05-21 04:40:00,250803,,719779,0,,0,,CORRECT_TOTAL_0_719779
2971368,1,2026-05-21 04:41:00,250803,,719779,0,,0,,CORRECT_TOTAL_0_719779
2971369,1,2026-05-21 04:42:00,250804,,719780,0,,0,,CORRECT_TOTAL_0_719780
2971370,1,2026-05-21 04:43:00,250804,,719780,0,,0,,CORRECT_TOTAL_0_719780
2971371,1,2026-05-21 04:44:00,250804,,719780,0,,0,,CORRECT_TOTAL_0_719780
2971372,1,2026-05-21 04:45:00,250805,,719781,0,,0,,CORRECT_TOTAL_0_719781
2971373,1,2026-05-21 04:46:00,250805,,719781,0,,0,,CORRECT_TOTAL_0_719781
2971374,1,2026-05-21 04:47:00,250805,,719781,0,,0,,CORRECT_TOTAL_0_719781
2971375,1,2026-05-21 04:48:00,250806,,719782,0,,0,,CORRECT_TOTAL_0_719782
2971376,1,2026-05-21 04:49:00,250806,,719782,0,,0,,CORRECT_TOTAL_0_719782
2971377,1,2026-05-21 04:50:00,250807,,719783,0,,0,,CORRECT_TOTAL_0_719783
2971378,1,2026-05-21 04:51:00,250807,,719783,0,,0,,CORRECT_TOTAL_0_719783
2971379,1,2026-05-21 04:52:00,250807,,719783,0,,0,,CORRECT_TOTAL_0_719783
2971380,1,2026-05-21 04:53:00,250808,,719784,0,,0,,CORRECT_TOTAL_0_719784
2971381,1,2026-05-21 04:54:00,250808,,719784,0,,0,,CORRECT_TOTAL_0_719784
2971382,1,2026-05-21 04:55:00,250808,,719784,0,,0,,CORRECT_TOTAL_0_719784
2971383,1,2026-05-21 04:56:00,250809,,719785,0,,0,,CORRECT_TOTAL_0_719785
2971384,1,2026-05-21 04:57:00,250809,,719785,0,,0,,CORRECT_TOTAL_0_719785
2971385,1,2026-05-21 04:58:00,250809,,719785,0,,0,,CORRECT_TOTAL_0_719785
2971386,1,2026-05-21 04:59:00,250810,,719786,0,,0,,CORRECT_TOTAL_0_719786
2971387,1,2026-05-21 05:00:00,250811,,719787,0,,0,,CORRECT_TOTAL_0_719787
2971388,1,2026-05-21 05:01:00,250811,,719787,0,,0,,CORRECT_TOTAL_0_719787
2971389,1,2026-05-21 05:02:00,250812,,719788,0,,0,,CORRECT_TOTAL_0_719788
2971390,1,2026-05-21 05:03:00,250812,,719788,0,,0,,CORRECT_TOTAL_0_719788
2971391,1,2026-05-21 05:04:00,250812,,719788,0,,0,,CORRECT_TOTAL_0_719788
2971392,1,2026-05-21 05:05:00,250813,,719789,0,,0,,CORRECT_TOTAL_0_719789
2971393,1,2026-05-21 05:06:00,250813,,719789,0,,0,,CORRECT_TOTAL_0_719789
2971394,1,2026-05-21 05:07:00,250814,,719790,0,,0,,CORRECT_TOTAL_0_719790
2971395,1,2026-05-21 05:08:00,250814,,719790,0,,0,,CORRECT_TOTAL_0_719790
2971396,1,2026-05-21 05:09:00,250815,,719791,0,,0,,CORRECT_TOTAL_0_719791
2971397,1,2026-05-21 05:10:00,250816,,719792,0,,0,,CORRECT_TOTAL_0_719792
2971398,1,2026-05-21 05:11:00,250816,,719792,0,,0,,CORRECT_TOTAL_0_719792
2971399,1,2026-05-21 05:12:00,250817,,719793,0,,0,,CORRECT_TOTAL_0_719793
2971400,1,2026-05-21 05:13:00,250817,,719793,0,,0,,CORRECT_TOTAL_0_719793
2971401,1,2026-05-21 05:14:00,250818,,719794,0,,0,,CORRECT_TOTAL_0_719794
2971402,1,2026-05-21 05:15:00,250819,,719795,0,,0,,CORRECT_TOTAL_0_719795
2971403,1,2026-05-21 05:16:00,250819,,719795,0,,0,,CORRECT_TOTAL_0_719795
2971404,1,2026-05-21 05:17:00,250820,,719796,0,,0,,CORRECT_TOTAL_0_719796
2971405,1,2026-05-21 05:18:00,250820,,719796,0,,0,,CORRECT_TOTAL_0_719796
2971406,1,2026-05-21 05:19:00,250820,,719796,0,,0,,CORRECT_TOTAL_0_719796
2971407,1,2026-05-21 05:20:00,250821,,719797,0,,0,,CORRECT_TOTAL_0_719797
2971408,1,2026-05-21 05:21:00,250822,,719798,0,,0,,CORRECT_TOTAL_0_719798
2971409,1,2026-05-21 05:22:00,250822,,719798,0,,0,,CORRECT_TOTAL_0_719798
2971410,1,2026-05-21 05:23:00,250823,,719799,0,,0,,CORRECT_TOTAL_0_719799
2971411,1,2026-05-21 05:24:00,250823,,719799,0,,0,,CORRECT_TOTAL_0_719799
2971412,1,2026-05-21 05:25:00,250824,,719800,0,,0,,CORRECT_TOTAL_0_719800
2971413,1,2026-05-21 05:26:00,250825,,719801,0,,0,,CORRECT_TOTAL_0_719801
2971414,1,2026-05-21 05:27:00,250825,,719801,0,,0,,CORRECT_TOTAL_0_719801
2971415,1,2026-05-21 05:28:00,250826,,719802,0,,0,,CORRECT_TOTAL_0_719802
2971416,1,2026-05-21 05:29:00,250826,,719802,0,,0,,CORRECT_TOTAL_0_719802
2971417,1,2026-05-21 05:30:00,250827,,719803,0,,0,,CORRECT_TOTAL_0_719803
2971418,1,2026-05-21 05:31:00,250827,,719803,0,,0,,CORRECT_TOTAL_0_719803
2971419,1,2026-05-21 05:32:00,250828,,719804,0,,0,,CORRECT_TOTAL_0_719804
2971420,1,2026-05-21 05:33:00,250828,,719804,0,,0,,CORRECT_TOTAL_0_719804
2971421,1,2026-05-21 05:34:00,250829,,719805,0,,0,,CORRECT_TOTAL_0_719805
2971422,1,2026-05-21 05:35:00,250829,,719805,0,,0,,CORRECT_TOTAL_0_719805
2971423,1,2026-05-21 05:36:00,250830,,719806,0,,0,,CORRECT_TOTAL_0_719806
2971424,1,2026-05-21 05:37:00,250830,,719806,0,,0,,CORRECT_TOTAL_0_719806
2971425,1,2026-05-21 05:38:00,250831,,719807,0,,0,,CORRECT_TOTAL_0_719807
2971426,1,2026-05-21 05:39:00,250832,,719808,0,,0,,CORRECT_TOTAL_0_719808
2971427,1,2026-05-21 05:40:00,250832,,719808,0,,0,,CORRECT_TOTAL_0_719808
2971428,1,2026-05-21 05:41:00,250833,,719809,0,,0,,CORRECT_TOTAL_0_719809
2971429,1,2026-05-21 05:42:00,250833,,719809,0,,0,,CORRECT_TOTAL_0_719809
2971430,1,2026-05-21 05:43:00,250834,,719810,0,,0,,CORRECT_TOTAL_0_719810
2971431,1,2026-05-21 05:44:00,250834,,719810,0,,0,,CORRECT_TOTAL_0_719810
2971432,1,2026-05-21 05:45:00,250835,,719811,0,,0,,CORRECT_TOTAL_0_719811
2971433,1,2026-05-21 05:46:00,250835,,719811,0,,0,,CORRECT_TOTAL_0_719811
2971434,1,2026-05-21 05:47:00,250836,,719812,0,,0,,CORRECT_TOTAL_0_719812
2971435,1,2026-05-21 05:48:00,250836,,719812,0,,0,,CORRECT_TOTAL_0_719812
2971436,1,2026-05-21 05:49:00,250837,,719813,0,,0,,CORRECT_TOTAL_0_719813
2971437,1,2026-05-21 05:50:00,250838,,719814,0,,0,,CORRECT_TOTAL_0_719814
2971438,1,2026-05-21 05:51:00,250838,,719814,0,,0,,CORRECT_TOTAL_0_719814
2971439,1,2026-05-21 05:52:00,250839,,719815,0,,0,,CORRECT_TOTAL_0_719815
2971440,1,2026-05-21 05:53:00,250839,,719815,0,,0,,CORRECT_TOTAL_0_719815
2971441,1,2026-05-21 05:54:00,250840,,719816,0,,0,,CORRECT_TOTAL_0_719816
2971442,1,2026-05-21 05:55:00,250841,,719817,0,,0,,CORRECT_TOTAL_0_719817
2971443,1,2026-05-21 05:56:00,250841,,719817,0,,0,,CORRECT_TOTAL_0_719817
2971444,1,2026-05-21 05:57:00,250842,,719818,0,,0,,CORRECT_TOTAL_0_719818
2971445,1,2026-05-21 05:58:00,250842,,719818,0,,0,,CORRECT_TOTAL_0_719818
2971446,1,2026-05-21 05:59:00,250842,,719818,0,,0,,CORRECT_TOTAL_0_719818
2971447,1,2026-05-21 06:00:00,250843,,719819,0,,0,,CORRECT_TOTAL_0_719819
2971448,1,2026-05-21 06:01:00,250843,,719819,0,,0,,CORRECT_TOTAL_0_719819
2971449,1,2026-05-21 06:02:00,250844,,719820,0,,0,,CORRECT_TOTAL_0_719820
2971450,1,2026-05-21 06:03:00,250845,,719821,0,,0,,CORRECT_TOTAL_0_719821
2971451,1,2026-05-21 06:04:00,250845,,719821,0,,0,,CORRECT_TOTAL_0_719821
2971452,1,2026-05-21 06:05:00,250846,,719822,0,,0,,CORRECT_TOTAL_0_719822
2971453,1,2026-05-21 06:06:00,250846,,719822,0,,0,,CORRECT_TOTAL_0_719822
2971454,1,2026-05-21 06:07:00,250847,,719823,0,,0,,CORRECT_TOTAL_0_719823
2971455,1,2026-05-21 06:08:00,250848,,719824,0,,0,,CORRECT_TOTAL_0_719824
2971456,1,2026-05-21 06:09:00,250848,,719824,0,,0,,CORRECT_TOTAL_0_719824
2971457,1,2026-05-21 06:10:00,250849,,719825,0,,0,,CORRECT_TOTAL_0_719825
2971458,1,2026-05-21 06:11:00,250849,,719825,0,,0,,CORRECT_TOTAL_0_719825
2971459,1,2026-05-21 06:12:00,250850,,719826,0,,0,,CORRECT_TOTAL_0_719826
2971460,1,2026-05-21 06:13:00,250850,,719826,0,,0,,CORRECT_TOTAL_0_719826
2971461,1,2026-05-21 06:14:00,250851,,719827,0,,0,,CORRECT_TOTAL_0_719827
2971462,1,2026-05-21 06:15:00,250851,,719827,0,,0,,CORRECT_TOTAL_0_719827
2971463,1,2026-05-21 06:16:00,250852,,719828,0,,0,,CORRECT_TOTAL_0_719828
2971464,1,2026-05-21 06:17:00,250852,,719828,0,,0,,CORRECT_TOTAL_0_719828
2971465,1,2026-05-21 06:18:00,250853,,719829,0,,0,,CORRECT_TOTAL_0_719829
2971466,1,2026-05-21 06:19:00,250853,,719829,0,,0,,CORRECT_TOTAL_0_719829
2971467,1,2026-05-21 06:20:00,250854,,719830,0,,0,,CORRECT_TOTAL_0_719830
2971468,1,2026-05-21 06:21:00,250855,,719831,0,,0,,CORRECT_TOTAL_0_719831
2971469,1,2026-05-21 06:22:00,250855,,719831,0,,0,,CORRECT_TOTAL_0_719831
2971470,1,2026-05-21 06:23:00,250856,,719832,0,,0,,CORRECT_TOTAL_0_719832
2971471,1,2026-05-21 06:24:00,250856,,719832,0,,0,,CORRECT_TOTAL_0_719832
2971472,1,2026-05-21 06:25:00,250857,,719833,0,,0,,CORRECT_TOTAL_0_719833
2971473,1,2026-05-21 06:26:00,250857,,719833,0,,0,,CORRECT_TOTAL_0_719833
2971474,1,2026-05-21 06:27:00,250858,,719834,0,,0,,CORRECT_TOTAL_0_719834
2971475,1,2026-05-21 06:28:00,250858,,719834,0,,0,,CORRECT_TOTAL_0_719834
2971476,1,2026-05-21 06:29:00,250859,,719835,0,,0,,CORRECT_TOTAL_0_719835
2971477,1,2026-05-21 06:30:00,250859,,719835,0,,0,,CORRECT_TOTAL_0_719835
2971478,1,2026-05-21 06:31:00,250860,,719836,0,,0,,CORRECT_TOTAL_0_719836
2971479,1,2026-05-21 06:32:00,250861,,719837,0,,0,,CORRECT_TOTAL_0_719837
2971480,1,2026-05-21 06:33:00,250861,,719837,0,,0,,CORRECT_TOTAL_0_719837
2971481,1,2026-05-21 06:34:00,250862,,719838,0,,0,,CORRECT_TOTAL_0_719838
2971482,1,2026-05-21 06:35:00,250862,,719838,0,,0,,CORRECT_TOTAL_0_719838
2971483,1,2026-05-21 06:36:00,250863,,719839,0,,0,,CORRECT_TOTAL_0_719839
2971484,1,2026-05-21 06:37:00,250864,,719840,0,,0,,CORRECT_TOTAL_0_719840
2971485,1,2026-05-21 06:38:00,250864,,719840,0,,0,,CORRECT_TOTAL_0_719840
2971486,1,2026-05-21 06:39:00,250865,,719841,0,,0,,CORRECT_TOTAL_0_719841
2971487,1,2026-05-21 06:40:00,250865,,719841,0,,0,,CORRECT_TOTAL_0_719841
2971488,1,2026-05-21 06:41:00,250865,,719841,0,,0,,CORRECT_TOTAL_0_719841
2971489,1,2026-05-21 06:42:00,250866,,719842,0,,0,,CORRECT_TOTAL_0_719842
2971490,1,2026-05-21 06:43:00,250866,,719842,0,,0,,CORRECT_TOTAL_0_719842
2971491,1,2026-05-21 06:44:00,250867,,719843,0,,0,,CORRECT_TOTAL_0_719843
2971492,1,2026-05-21 06:45:00,250868,,719844,0,,0,,CORRECT_TOTAL_0_719844
2971493,1,2026-05-21 06:46:00,250868,,719844,0,,0,,CORRECT_TOTAL_0_719844
2971494,1,2026-05-21 06:47:00,250869,,719845,0,,0,,CORRECT_TOTAL_0_719845
2971495,1,2026-05-21 06:48:00,250869,,719845,0,,0,,CORRECT_TOTAL_0_719845
2971496,1,2026-05-21 06:49:00,250870,,719846,0,,0,,CORRECT_TOTAL_0_719846
2971497,1,2026-05-21 06:50:00,250871,,719847,0,,0,,CORRECT_TOTAL_0_719847
2971498,1,2026-05-21 06:51:00,250871,,719847,0,,0,,CORRECT_TOTAL_0_719847
2971499,1,2026-05-21 06:52:00,250872,,719848,0,,0,,CORRECT_TOTAL_0_719848
2971500,1,2026-05-21 06:53:00,250872,,719848,0,,0,,CORRECT_TOTAL_0_719848
2971501,1,2026-05-21 06:54:00,250873,,719849,0,,0,,CORRECT_TOTAL_0_719849
2971502,1,2026-05-21 06:55:00,250873,,719849,0,,0,,CORRECT_TOTAL_0_719849
2971503,1,2026-05-21 06:56:00,250873,,719849,0,,0,,CORRECT_TOTAL_0_719849
2971504,1,2026-05-21 06:57:00,250874,,719850,0,,0,,CORRECT_TOTAL_0_719850
2971505,1,2026-05-21 06:58:00,250875,,719851,0,,0,,CORRECT_TOTAL_0_719851
2971506,1,2026-05-21 06:59:00,250875,,719851,0,,0,,CORRECT_TOTAL_0_719851
2971507,1,2026-05-21 07:00:00,250876,,719852,0,,0,,CORRECT_TOTAL_0_719852
2971508,1,2026-05-21 07:01:00,250876,,719852,0,,0,,CORRECT_TOTAL_0_719852
2971509,1,2026-05-21 07:02:00,250877,,719853,0,,0,,CORRECT_TOTAL_0_719853
2971510,1,2026-05-21 07:03:00,250878,,719854,0,,0,,CORRECT_TOTAL_0_719854
2971511,1,2026-05-21 07:04:00,250878,,719854,0,,0,,CORRECT_TOTAL_0_719854
2971512,1,2026-05-21 07:05:00,250879,,719855,0,,0,,CORRECT_TOTAL_0_719855
2971513,1,2026-05-21 07:06:00,250879,,719855,0,,0,,CORRECT_TOTAL_0_719855
2971514,1,2026-05-21 07:07:00,250880,,719856,0,,0,,CORRECT_TOTAL_0_719856
2971515,1,2026-05-21 07:08:00,250880,,719856,0,,0,,CORRECT_TOTAL_0_719856
2971516,1,2026-05-21 07:09:00,250881,,719857,0,,0,,CORRECT_TOTAL_0_719857
2971517,1,2026-05-21 07:10:00,250881,,719857,0,,0,,CORRECT_TOTAL_0_719857
2971518,1,2026-05-21 07:11:00,250882,,719858,0,,0,,CORRECT_TOTAL_0_719858
2971519,1,2026-05-21 07:12:00,250882,,719858,0,,0,,CORRECT_TOTAL_0_719858
2971520,1,2026-05-21 07:13:00,250883,,719859,0,,0,,CORRECT_TOTAL_0_719859
2971521,1,2026-05-21 07:14:00,250883,,719859,0,,0,,CORRECT_TOTAL_0_719859
2971522,1,2026-05-21 07:15:00,250884,,719860,0,,0,,CORRECT_TOTAL_0_719860
2971523,1,2026-05-21 07:16:00,250885,,719861,0,,0,,CORRECT_TOTAL_0_719861
2971524,1,2026-05-21 07:17:00,250885,,719861,0,,0,,CORRECT_TOTAL_0_719861
2971525,1,2026-05-21 07:18:00,250886,,719862,0,,0,,CORRECT_TOTAL_0_719862
2971526,1,2026-05-21 07:19:00,250887,,719863,0,,0,,CORRECT_TOTAL_0_719863
2971527,1,2026-05-21 07:20:00,250887,,719863,0,,0,,CORRECT_TOTAL_0_719863
2971528,1,2026-05-21 07:21:00,250888,,719864,0,,0,,CORRECT_TOTAL_0_719864
2971529,1,2026-05-21 07:22:00,250888,,719864,0,,0,,CORRECT_TOTAL_0_719864
2971530,1,2026-05-21 07:23:00,250888,,719864,0,,0,,CORRECT_TOTAL_0_719864
2971531,1,2026-05-21 07:24:00,250889,,719865,0,,0,,CORRECT_TOTAL_0_719865
2971532,1,2026-05-21 07:25:00,250889,,719865,0,,0,,CORRECT_TOTAL_0_719865
2971533,1,2026-05-21 07:26:00,250890,,719866,0,,0,,CORRECT_TOTAL_0_719866
2971534,1,2026-05-21 07:27:00,250890,,719866,0,,0,,CORRECT_TOTAL_0_719866
2971535,1,2026-05-21 07:28:00,250891,,719867,0,,0,,CORRECT_TOTAL_0_719867
2971536,1,2026-05-21 07:29:00,250892,,719868,0,,0,,CORRECT_TOTAL_0_719868
2971537,1,2026-05-21 07:30:00,250892,,719868,0,,0,,CORRECT_TOTAL_0_719868
2971538,1,2026-05-21 07:31:00,250893,,719869,0,,0,,CORRECT_TOTAL_0_719869
2971539,1,2026-05-21 07:32:00,250894,,719870,0,,0,,CORRECT_TOTAL_0_719870
2971540,1,2026-05-21 07:33:00,250894,,719870,0,,0,,CORRECT_TOTAL_0_719870
2971541,1,2026-05-21 07:34:00,250895,,719871,0,,0,,CORRECT_TOTAL_0_719871
2971542,1,2026-05-21 07:35:00,250895,,719871,0,,0,,CORRECT_TOTAL_0_719871
2971543,1,2026-05-21 07:36:00,250895,,719871,0,,0,,CORRECT_TOTAL_0_719871
2971544,1,2026-05-21 07:37:00,250896,,719872,0,,0,,CORRECT_TOTAL_0_719872
2971545,1,2026-05-21 07:38:00,250896,,719872,0,,0,,CORRECT_TOTAL_0_719872
2971546,1,2026-05-21 07:39:00,250897,,719873,0,,0,,CORRECT_TOTAL_0_719873
2971547,1,2026-05-21 07:40:00,250898,,719874,0,,0,,CORRECT_TOTAL_0_719874
2971548,1,2026-05-21 07:41:00,250898,,719874,0,,0,,CORRECT_TOTAL_0_719874
2971549,1,2026-05-21 07:42:00,250899,,719875,0,,0,,CORRECT_TOTAL_0_719875
2971550,1,2026-05-21 07:43:00,250899,,719875,0,,0,,CORRECT_TOTAL_0_719875
2971551,1,2026-05-21 07:44:00,250900,,719876,0,,0,,CORRECT_TOTAL_0_719876
2971552,1,2026-05-21 07:45:00,250901,,719877,0,,0,,CORRECT_TOTAL_0_719877
2971553,1,2026-05-21 07:46:00,250901,,719877,0,,0,,CORRECT_TOTAL_0_719877
2971554,1,2026-05-21 07:47:00,250902,,719878,0,,0,,CORRECT_TOTAL_0_719878
2971555,1,2026-05-21 07:48:00,250902,,719878,0,,0,,CORRECT_TOTAL_0_719878
2971556,1,2026-05-21 07:49:00,250903,,719879,0,,0,,CORRECT_TOTAL_0_719879
2971557,1,2026-05-21 07:50:00,250903,,719879,0,,0,,CORRECT_TOTAL_0_719879
2971558,1,2026-05-21 07:51:00,250903,,719879,0,,0,,CORRECT_TOTAL_0_719879
2971559,1,2026-05-21 07:52:00,250904,,719880,0,,0,,CORRECT_TOTAL_0_719880
2971560,1,2026-05-21 07:53:00,250905,,719881,0,,0,,CORRECT_TOTAL_0_719881
2971561,1,2026-05-21 07:54:00,250905,,719881,0,,0,,CORRECT_TOTAL_0_719881
2971562,1,2026-05-21 07:55:00,250906,,719882,0,,0,,CORRECT_TOTAL_0_719882
2971563,1,2026-05-21 07:56:00,250906,,719882,0,,0,,CORRECT_TOTAL_0_719882
2971564,1,2026-05-21 07:57:00,250907,,719883,0,,0,,CORRECT_TOTAL_0_719883
2971565,1,2026-05-21 07:58:00,250908,,719884,0,,0,,CORRECT_TOTAL_0_719884
2971566,1,2026-05-21 07:59:00,250908,,719884,0,,0,,CORRECT_TOTAL_0_719884
2971567,1,2026-05-21 08:00:00,250909,,719885,0,,0,,CORRECT_TOTAL_0_719885
2971568,1,2026-05-21 08:01:00,250909,,719885,0,,0,,CORRECT_TOTAL_0_719885
2971569,1,2026-05-21 08:02:00,250910,,719886,0,,0,,CORRECT_TOTAL_0_719886
2971570,1,2026-05-21 08:03:00,250911,,719887,0,,0,,CORRECT_TOTAL_0_719887
2971571,1,2026-05-21 08:04:00,250911,,719887,0,,0,,CORRECT_TOTAL_0_719887
2971572,1,2026-05-21 08:05:00,250911,,719887,0,,0,,CORRECT_TOTAL_0_719887
2971573,1,2026-05-21 08:06:00,250912,,719888,0,,0,,CORRECT_TOTAL_0_719888
2971574,1,2026-05-21 08:07:00,250912,,719888,0,,0,,CORRECT_TOTAL_0_719888
2971575,1,2026-05-21 08:08:00,250913,,719889,0,,0,,CORRECT_TOTAL_0_719889
2971576,1,2026-05-21 08:09:00,250914,,719890,0,,0,,CORRECT_TOTAL_0_719890
2971577,1,2026-05-21 08:10:00,250914,,719890,0,,0,,CORRECT_TOTAL_0_719890
2971578,1,2026-05-21 08:11:00,250915,,719891,0,,0,,CORRECT_TOTAL_0_719891
2971579,1,2026-05-21 08:12:00,250915,,719891,0,,0,,CORRECT_TOTAL_0_719891
2971580,1,2026-05-21 08:13:00,250916,,719892,0,,0,,CORRECT_TOTAL_0_719892
2971581,1,2026-05-21 08:14:00,250916,,719892,0,,0,,CORRECT_TOTAL_0_719892
2971582,1,2026-05-21 08:15:00,250917,,719893,0,,0,,CORRECT_TOTAL_0_719893
2971583,1,2026-05-21 08:16:00,250918,,719894,0,,0,,CORRECT_TOTAL_0_719894
2971584,1,2026-05-21 08:17:00,250918,,719894,0,,0,,CORRECT_TOTAL_0_719894
2971585,1,2026-05-21 08:18:00,250919,,719895,0,,0,,CORRECT_TOTAL_0_719895
2971586,1,2026-05-21 08:19:00,250919,,719895,0,,0,,CORRECT_TOTAL_0_719895
2971587,1,2026-05-21 08:20:00,250919,,719895,0,,0,,CORRECT_TOTAL_0_719895
2971588,1,2026-05-21 08:21:00,250920,,719896,0,,0,,CORRECT_TOTAL_0_719896
2971589,1,2026-05-21 08:22:00,250921,,719897,0,,0,,CORRECT_TOTAL_0_719897
2971590,1,2026-05-21 08:23:00,250921,,719897,0,,0,,CORRECT_TOTAL_0_719897
2971591,1,2026-05-21 08:24:00,250922,,719898,0,,0,,CORRECT_TOTAL_0_719898
2971592,1,2026-05-21 08:25:00,250922,,719898,0,,0,,CORRECT_TOTAL_0_719898
2971593,1,2026-05-21 08:26:00,250923,,719899,0,,0,,CORRECT_TOTAL_0_719899
2971594,1,2026-05-21 08:27:00,250924,,719900,0,,0,,CORRECT_TOTAL_0_719900
2971595,1,2026-05-21 08:28:00,250924,,719900,0,,0,,CORRECT_TOTAL_0_719900
2971596,1,2026-05-21 08:29:00,250925,,719901,0,,0,,CORRECT_TOTAL_0_719901
2971597,1,2026-05-21 08:30:00,250925,,719901,0,,0,,CORRECT_TOTAL_0_719901
2971598,1,2026-05-21 08:31:00,250926,,719902,0,,0,,CORRECT_TOTAL_0_719902
2971599,1,2026-05-21 08:32:00,250926,,719902,0,,0,,CORRECT_TOTAL_0_719902
2971600,1,2026-05-21 08:33:00,250927,,719903,0,,0,,CORRECT_TOTAL_0_719903
2971601,1,2026-05-21 08:34:00,250927,,719903,0,,0,,CORRECT_TOTAL_0_719903
2971602,1,2026-05-21 08:35:00,250928,,719904,0,,0,,CORRECT_TOTAL_0_719904
2971603,1,2026-05-21 08:36:00,250928,,719904,0,,0,,CORRECT_TOTAL_0_719904
2971604,1,2026-05-21 08:37:00,250929,,719905,0,,0,,CORRECT_TOTAL_0_719905
2971605,1,2026-05-21 08:38:00,250929,,719905,0,,0,,CORRECT_TOTAL_0_719905
2971606,1,2026-05-21 08:39:00,250930,,719906,0,,0,,CORRECT_TOTAL_0_719906
2971607,1,2026-05-21 08:40:00,250931,,719907,0,,0,,CORRECT_TOTAL_0_719907
2971608,1,2026-05-21 08:41:00,250931,,719907,0,,0,,CORRECT_TOTAL_0_719907
2971609,1,2026-05-21 08:42:00,250932,,719908,0,,0,,CORRECT_TOTAL_0_719908
2971610,1,2026-05-21 08:43:00,250932,,719908,0,,0,,CORRECT_TOTAL_0_719908
2971611,1,2026-05-21 08:44:00,250933,,719909,0,,0,,CORRECT_TOTAL_0_719909
2971612,1,2026-05-21 08:45:00,250934,,719910,0,,0,,CORRECT_TOTAL_0_719910
2971613,1,2026-05-21 08:46:00,250934,,719910,0,,0,,CORRECT_TOTAL_0_719910
2971614,1,2026-05-21 08:47:00,250935,,719911,0,,0,,CORRECT_TOTAL_0_719911
2971615,1,2026-05-21 08:48:00,250935,,719911,0,,0,,CORRECT_TOTAL_0_719911
2971616,1,2026-05-21 08:49:00,250936,,719912,0,,0,,CORRECT_TOTAL_0_719912
2971617,1,2026-05-21 08:50:00,250936,,719912,0,,0,,CORRECT_TOTAL_0_719912
2971618,1,2026-05-21 08:51:00,250937,,719913,0,,0,,CORRECT_TOTAL_0_719913
2971619,1,2026-05-21 08:52:00,250937,,719913,0,,0,,CORRECT_TOTAL_0_719913
2971620,1,2026-05-21 08:53:00,250938,,719914,0,,0,,CORRECT_TOTAL_0_719914
2971621,1,2026-05-21 08:54:00,250938,,719914,0,,0,,CORRECT_TOTAL_0_719914
2971622,1,2026-05-21 08:55:00,250939,,719915,0,,0,,CORRECT_TOTAL_0_719915
2971623,1,2026-05-21 08:56:00,250940,,719916,0,,0,,CORRECT_TOTAL_0_719916
2971624,1,2026-05-21 08:57:00,250940,,719916,0,,0,,CORRECT_TOTAL_0_719916
2971625,1,2026-05-21 08:58:00,250941,,719917,0,,0,,CORRECT_TOTAL_0_719917
2971626,1,2026-05-21 08:59:00,250941,,719917,0,,0,,CORRECT_TOTAL_0_719917
2971627,1,2026-05-21 09:00:00,250942,,719918,0,,0,,CORRECT_TOTAL_0_719918
2971628,1,2026-05-21 09:01:00,250943,,719919,0,,0,,CORRECT_TOTAL_0_719919
2971629,1,2026-05-21 09:02:00,250943,,719919,0,,0,,CORRECT_TOTAL_0_719919
2971630,1,2026-05-21 09:03:00,250944,,719920,0,,0,,CORRECT_TOTAL_0_719920
2971631,1,2026-05-21 09:04:00,250944,,719920,0,,0,,CORRECT_TOTAL_0_719920
2971632,1,2026-05-21 09:05:00,250944,,719920,0,,0,,CORRECT_TOTAL_0_719920
2971633,1,2026-05-21 09:06:00,250945,,719921,0,,0,,CORRECT_TOTAL_0_719921
2971634,1,2026-05-21 09:07:00,250945,,719921,0,,0,,CORRECT_TOTAL_0_719921
2971635,1,2026-05-21 09:08:00,250946,,719922,0,,0,,CORRECT_TOTAL_0_719922
2971636,1,2026-05-21 09:09:00,250947,,719923,0,,0,,CORRECT_TOTAL_0_719923
2971637,1,2026-05-21 09:10:00,250947,,719923,0,,0,,CORRECT_TOTAL_0_719923
2971638,1,2026-05-21 09:11:00,250948,,719924,0,,0,,CORRECT_TOTAL_0_719924
2971639,1,2026-05-21 09:12:00,250948,,719924,0,,0,,CORRECT_TOTAL_0_719924
2971640,1,2026-05-21 09:13:00,250949,,719925,0,,0,,CORRECT_TOTAL_0_719925
2971641,1,2026-05-21 09:14:00,250950,,719926,0,,0,,CORRECT_TOTAL_0_719926
2971642,1,2026-05-21 09:15:00,250950,,719926,0,,0,,CORRECT_TOTAL_0_719926
2971643,1,2026-05-21 09:16:00,250951,,719927,0,,0,,CORRECT_TOTAL_0_719927
2971645,1,2026-05-21 09:17:00,250951,,719927,0,,0,,CORRECT_TOTAL_0_719927
2971646,1,2026-05-21 09:18:00,250952,,719928,0,,0,,CORRECT_TOTAL_0_719928
2971647,1,2026-05-21 09:19:00,250952,,719928,0,,0,,CORRECT_TOTAL_0_719928
2971648,1,2026-05-21 09:20:00,250953,,719929,0,,0,,CORRECT_TOTAL_0_719929
2971649,1,2026-05-21 09:21:00,250953,,719929,0,,0,,CORRECT_TOTAL_0_719929
2971650,1,2026-05-21 09:22:00,250954,,719930,0,,0,,CORRECT_TOTAL_0_719930
2971651,1,2026-05-21 09:23:00,250954,,719930,0,,0,,CORRECT_TOTAL_0_719930
2971652,1,2026-05-21 09:24:00,250955,,719931,0,,0,,CORRECT_TOTAL_0_719931
2971653,1,2026-05-21 09:25:00,250956,,719932,0,,0,,CORRECT_TOTAL_0_719932
2971654,1,2026-05-21 09:26:00,250956,,719932,0,,0,,CORRECT_TOTAL_0_719932
2971655,1,2026-05-21 09:27:00,250957,,719933,0,,0,,CORRECT_TOTAL_0_719933
2971656,1,2026-05-21 09:28:00,250957,,719933,0,,0,,CORRECT_TOTAL_0_719933
2971657,1,2026-05-21 09:29:00,250958,,719934,0,,0,,CORRECT_TOTAL_0_719934
2971658,1,2026-05-21 09:30:00,250959,,719935,0,,0,,CORRECT_TOTAL_0_719935
2971659,1,2026-05-21 09:31:00,250959,,719935,0,,0,,CORRECT_TOTAL_0_719935
2971660,1,2026-05-21 09:32:00,250960,,719936,0,,0,,CORRECT_TOTAL_0_719936
2971661,1,2026-05-21 09:33:00,250960,,719936,0,,0,,CORRECT_TOTAL_0_719936
2971662,1,2026-05-21 09:34:00,250961,,719937,0,,0,,CORRECT_TOTAL_0_719937
2971663,1,2026-05-21 09:35:00,250962,,719938,0,,0,,CORRECT_TOTAL_0_719938
2971664,1,2026-05-21 09:36:00,250962,,719938,0,,0,,CORRECT_TOTAL_0_719938
2971665,1,2026-05-21 09:37:00,250962,,719938,0,,0,,CORRECT_TOTAL_0_719938
2971666,1,2026-05-21 09:38:00,250963,,719939,0,,0,,CORRECT_TOTAL_0_719939
2971667,1,2026-05-21 09:39:00,250963,,719939,0,,0,,CORRECT_TOTAL_0_719939
2971668,1,2026-05-21 09:40:00,250964,,719940,0,,0,,CORRECT_TOTAL_0_719940
2971669,1,2026-05-21 09:41:00,250964,,719940,0,,0,,CORRECT_TOTAL_0_719940
2971670,1,2026-05-21 09:42:00,250965,,719941,0,,0,,CORRECT_TOTAL_0_719941
2971671,1,2026-05-21 09:43:00,250966,,719942,0,,0,,CORRECT_TOTAL_0_719942
2971672,1,2026-05-21 09:44:00,250966,,719942,0,,0,,CORRECT_TOTAL_0_719942
2971673,1,2026-05-21 09:45:00,250967,,719943,0,,0,,CORRECT_TOTAL_0_719943
2971674,1,2026-05-21 09:46:00,250967,,719943,0,,0,,CORRECT_TOTAL_0_719943
2971675,1,2026-05-21 09:47:00,250968,,719944,0,,0,,CORRECT_TOTAL_0_719944
2971676,1,2026-05-21 09:48:00,250969,,719945,0,,0,,CORRECT_TOTAL_0_719945
2971677,1,2026-05-21 09:49:00,250969,,719945,0,,0,,CORRECT_TOTAL_0_719945
2971678,1,2026-05-21 09:50:00,250970,,719946,0,,0,,CORRECT_TOTAL_0_719946
2971679,1,2026-05-21 09:51:00,250970,,719946,0,,0,,CORRECT_TOTAL_0_719946
2971680,1,2026-05-21 09:52:00,250971,,719947,0,,0,,CORRECT_TOTAL_0_719947
2971681,1,2026-05-21 09:53:00,250972,,719948,0,,0,,CORRECT_TOTAL_0_719948
2971682,1,2026-05-21 09:54:00,250972,,719948,0,,0,,CORRECT_TOTAL_0_719948
2971683,1,2026-05-21 09:55:00,250973,,719949,0,,0,,CORRECT_TOTAL_0_719949
2971684,1,2026-05-21 09:56:00,250973,,719949,0,,0,,CORRECT_TOTAL_0_719949
2971685,1,2026-05-21 09:57:00,250973,,719949,0,,0,,CORRECT_TOTAL_0_719949
2971686,1,2026-05-21 09:58:00,250974,,719950,0,,0,,CORRECT_TOTAL_0_719950
2971687,1,2026-05-21 09:59:00,250975,,719951,0,,0,,CORRECT_TOTAL_0_719951
2971688,1,2026-05-21 10:00:00,250975,,719951,0,,0,,CORRECT_TOTAL_0_719951
2971689,1,2026-05-21 10:01:00,250976,,719952,0,,0,,CORRECT_TOTAL_0_719952
2971690,1,2026-05-21 10:02:00,250976,,719952,0,,0,,CORRECT_TOTAL_0_719952
2971691,1,2026-05-21 10:03:00,250977,,719953,0,,0,,CORRECT_TOTAL_0_719953
2971692,1,2026-05-21 10:04:00,250978,,719954,0,,0,,CORRECT_TOTAL_0_719954
2971693,1,2026-05-21 10:05:00,250978,,719954,0,,0,,CORRECT_TOTAL_0_719954
2971694,1,2026-05-21 10:06:00,250979,,719955,0,,0,,CORRECT_TOTAL_0_719955
2971695,1,2026-05-21 10:07:00,250979,,719955,0,,0,,CORRECT_TOTAL_0_719955
2971696,1,2026-05-21 10:08:00,250980,,719956,0,,0,,CORRECT_TOTAL_0_719956
2971697,1,2026-05-21 10:09:00,250981,,719957,0,,0,,CORRECT_TOTAL_0_719957
2971698,1,2026-05-21 10:10:00,250981,,719957,0,,0,,CORRECT_TOTAL_0_719957
2971699,1,2026-05-21 10:11:00,250982,,719958,0,,0,,CORRECT_TOTAL_0_719958
2971700,1,2026-05-21 10:12:00,250982,,719958,0,,0,,CORRECT_TOTAL_0_719958
2971701,1,2026-05-21 10:13:00,250983,,719959,0,,0,,CORRECT_TOTAL_0_719959
2971702,1,2026-05-21 10:14:00,250984,,719960,0,,0,,CORRECT_TOTAL_0_719960
2971703,1,2026-05-21 10:15:00,250984,,719960,0,,0,,CORRECT_TOTAL_0_719960
2971704,1,2026-05-21 10:16:00,250985,,719961,0,,0,,CORRECT_TOTAL_0_719961
2971705,1,2026-05-21 10:17:00,250985,,719961,0,,0,,CORRECT_TOTAL_0_719961
2971706,1,2026-05-21 10:18:00,250986,,719962,0,,0,,CORRECT_TOTAL_0_719962
2971707,1,2026-05-21 10:19:00,250987,,719963,0,,0,,CORRECT_TOTAL_0_719963
2971708,1,2026-05-21 10:20:00,250987,,719963,0,,0,,CORRECT_TOTAL_0_719963
2971709,1,2026-05-21 10:21:00,250988,,719964,0,,0,,CORRECT_TOTAL_0_719964
2971710,1,2026-05-21 10:22:00,250988,,719964,0,,0,,CORRECT_TOTAL_0_719964
2971711,1,2026-05-21 10:23:00,250989,,719965,0,,0,,CORRECT_TOTAL_0_719965
2971712,1,2026-05-21 10:24:00,250990,,719966,0,,0,,CORRECT_TOTAL_0_719966
2971713,1,2026-05-21 10:25:00,250990,,719966,0,,0,,CORRECT_TOTAL_0_719966
2971714,1,2026-05-21 10:26:00,250991,,719967,0,,0,,CORRECT_TOTAL_0_719967
2971715,1,2026-05-21 10:27:00,250991,,719967,0,,0,,CORRECT_TOTAL_0_719967
2971716,1,2026-05-21 10:28:00,250992,,719968,0,,0,,CORRECT_TOTAL_0_719968
2971717,1,2026-05-21 10:29:00,250992,,719968,0,,0,,CORRECT_TOTAL_0_719968
2971718,1,2026-05-21 10:30:00,250993,,719969,0,,0,,CORRECT_TOTAL_0_719969
2971719,1,2026-05-21 10:31:00,250993,,719969,0,,0,,CORRECT_TOTAL_0_719969
2971720,1,2026-05-21 10:32:00,250994,,719970,0,,0,,CORRECT_TOTAL_0_719970
2971721,1,2026-05-21 10:33:00,250994,,719970,0,,0,,CORRECT_TOTAL_0_719970
2971722,1,2026-05-21 10:34:00,250995,,719971,0,,0,,CORRECT_TOTAL_0_719971
2971723,1,2026-05-21 10:35:00,250996,,719972,0,,0,,CORRECT_TOTAL_0_719972
2971724,1,2026-05-21 10:36:00,250996,,719972,0,,0,,CORRECT_TOTAL_0_719972
2971725,1,2026-05-21 10:37:00,250997,,719973,0,,0,,CORRECT_TOTAL_0_719973
2971726,1,2026-05-21 10:38:00,250997,,719973,0,,0,,CORRECT_TOTAL_0_719973
2971727,1,2026-05-21 10:39:00,250998,,719974,0,,0,,CORRECT_TOTAL_0_719974
2971728,1,2026-05-21 10:40:00,250999,,719975,0,,0,,CORRECT_TOTAL_0_719975
2971729,1,2026-05-21 10:41:00,250999,,719975,0,,0,,CORRECT_TOTAL_0_719975
2971730,1,2026-05-21 10:42:00,251000,,719976,0,,0,,CORRECT_TOTAL_0_719976
2971731,1,2026-05-21 10:43:00,251000,,719976,0,,0,,CORRECT_TOTAL_0_719976
2971732,1,2026-05-21 10:44:00,251001,,719977,0,,0,,CORRECT_TOTAL_0_719977
2971733,1,2026-05-21 10:45:00,251002,,719978,0,,0,,CORRECT_TOTAL_0_719978
2971734,1,2026-05-21 10:46:00,251002,,719978,0,,0,,CORRECT_TOTAL_0_719978
2971735,1,2026-05-21 10:47:00,251003,,719979,0,,0,,CORRECT_TOTAL_0_719979
2971736,1,2026-05-21 10:48:00,251003,,719979,0,,0,,CORRECT_TOTAL_0_719979
2971737,1,2026-05-21 10:49:00,251004,,719980,0,,0,,CORRECT_TOTAL_0_719980
2971738,1,2026-05-21 10:50:00,251005,,719981,0,,0,,CORRECT_TOTAL_0_719981
2971739,1,2026-05-21 10:51:00,251005,,719981,0,,0,,CORRECT_TOTAL_0_719981
2971740,1,2026-05-21 10:52:00,251006,,719982,0,,0,,CORRECT_TOTAL_0_719982
2971741,1,2026-05-21 10:53:00,251006,,719982,0,,0,,CORRECT_TOTAL_0_719982
2971742,1,2026-05-21 10:54:00,251007,,719983,0,,0,,CORRECT_TOTAL_0_719983
2971743,1,2026-05-21 10:55:00,251008,,719984,0,,0,,CORRECT_TOTAL_0_719984
2971744,1,2026-05-21 10:56:00,251008,,719984,0,,0,,CORRECT_TOTAL_0_719984
2971745,1,2026-05-21 10:57:00,251009,,719985,0,,0,,CORRECT_TOTAL_0_719985
2971746,1,2026-05-21 10:58:00,251009,,719985,0,,0,,CORRECT_TOTAL_0_719985
2971747,1,2026-05-21 10:59:00,251010,,719986,0,,0,,CORRECT_TOTAL_0_719986
2971748,1,2026-05-21 11:00:00,251011,,719987,0,,0,,CORRECT_TOTAL_0_719987
2971749,1,2026-05-21 11:01:00,251011,,719987,0,,0,,CORRECT_TOTAL_0_719987
2971750,1,2026-05-21 11:02:00,251012,,719988,0,,0,,CORRECT_TOTAL_0_719988
2971751,1,2026-05-21 11:03:00,251012,,719988,0,,0,,CORRECT_TOTAL_0_719988
2971752,1,2026-05-21 11:04:00,251013,,719989,0,,0,,CORRECT_TOTAL_0_719989
2971753,1,2026-05-21 11:05:00,251014,,719990,0,,0,,CORRECT_TOTAL_0_719990
2971754,1,2026-05-21 11:06:00,251014,,719990,0,,0,,CORRECT_TOTAL_0_719990
2971755,1,2026-05-21 11:07:00,251015,,719991,0,,0,,CORRECT_TOTAL_0_719991
2971756,1,2026-05-21 11:08:00,251015,,719991,0,,0,,CORRECT_TOTAL_0_719991
2971757,1,2026-05-21 11:09:00,251016,,719992,0,,0,,CORRECT_TOTAL_0_719992
2971758,1,2026-05-21 11:10:00,251017,,719993,0,,0,,CORRECT_TOTAL_0_719993
2971759,1,2026-05-21 11:11:00,251017,,719993,0,,0,,CORRECT_TOTAL_0_719993
2971760,1,2026-05-21 11:12:00,251018,,719994,0,,0,,CORRECT_TOTAL_0_719994
2971761,1,2026-05-21 11:13:00,251018,,719994,0,,0,,CORRECT_TOTAL_0_719994
2971762,1,2026-05-21 11:14:00,251019,,719995,0,,0,,CORRECT_TOTAL_0_719995
2971763,1,2026-05-21 11:15:00,251020,,719996,0,,0,,CORRECT_TOTAL_0_719996
2971764,1,2026-05-21 11:16:00,251020,,719996,0,,0,,CORRECT_TOTAL_0_719996
2971765,1,2026-05-21 11:17:00,251021,,719997,0,,0,,CORRECT_TOTAL_0_719997
2971766,1,2026-05-21 11:18:00,251021,,719997,0,,0,,CORRECT_TOTAL_0_719997
2971767,1,2026-05-21 11:19:00,251022,,719998,0,,0,,CORRECT_TOTAL_0_719998
2971768,1,2026-05-21 11:20:00,251023,,719999,0,,0,,CORRECT_TOTAL_0_719999
2971769,1,2026-05-21 11:21:00,251023,,719999,0,,0,,CORRECT_TOTAL_0_719999
2971770,1,2026-05-21 11:22:00,251024,,720000,0,,0,,CORRECT_TOTAL_0_720000
2971771,1,2026-05-21 11:23:00,251024,,720000,0,,0,,CORRECT_TOTAL_0_720000
2971772,1,2026-05-21 11:24:00,251025,,720001,0,,0,,CORRECT_TOTAL_0_720001
2971773,1,2026-05-21 11:25:00,251026,,720002,0,,0,,CORRECT_TOTAL_0_720002
2971774,1,2026-05-21 11:26:00,251026,,720002,0,,0,,CORRECT_TOTAL_0_720002
2971775,1,2026-05-21 11:27:00,251027,,720003,0,,0,,CORRECT_TOTAL_0_720003
2971776,1,2026-05-21 11:28:00,251027,,720003,0,,0,,CORRECT_TOTAL_0_720003
2971777,1,2026-05-21 11:29:00,251028,,720004,0,,0,,CORRECT_TOTAL_0_720004
2971778,1,2026-05-21 11:30:00,251029,,720005,0,,0,,CORRECT_TOTAL_0_720005
2971779,1,2026-05-21 11:31:00,251029,,720005,0,,0,,CORRECT_TOTAL_0_720005
2971780,1,2026-05-21 11:32:00,251030,,720006,0,,0,,CORRECT_TOTAL_0_720006
2971781,1,2026-05-21 11:33:00,251030,,720006,0,,0,,CORRECT_TOTAL_0_720006
2971782,1,2026-05-21 11:34:00,251031,,720007,0,,0,,CORRECT_TOTAL_0_720007
2971783,1,2026-05-21 11:35:00,251032,,720008,0,,0,,CORRECT_TOTAL_0_720008
2971784,1,2026-05-21 11:36:00,251032,,720008,0,,0,,CORRECT_TOTAL_0_720008
2971785,1,2026-05-21 11:37:00,251033,,720009,0,,0,,CORRECT_TOTAL_0_720009
2971786,1,2026-05-21 11:38:00,251033,,720009,0,,0,,CORRECT_TOTAL_0_720009
2971787,1,2026-05-21 11:39:00,251034,,720010,0,,0,,CORRECT_TOTAL_0_720010
2971788,1,2026-05-21 11:40:00,251035,,720011,0,,0,,CORRECT_TOTAL_0_720011
2971789,1,2026-05-21 11:41:00,251035,,720011,0,,0,,CORRECT_TOTAL_0_720011
2971790,1,2026-05-21 11:42:00,251036,,720012,0,,0,,CORRECT_TOTAL_0_720012
2971791,1,2026-05-21 11:43:00,251036,,720012,0,,0,,CORRECT_TOTAL_0_720012
2971792,1,2026-05-21 11:44:00,251037,,720013,0,,0,,CORRECT_TOTAL_0_720013
2971793,1,2026-05-21 11:45:00,251038,,720014,0,,0,,CORRECT_TOTAL_0_720014
2971794,1,2026-05-21 11:46:00,251038,,720014,0,,0,,CORRECT_TOTAL_0_720014
2971795,1,2026-05-21 11:47:00,251039,,720015,0,,0,,CORRECT_TOTAL_0_720015
2971796,1,2026-05-21 11:48:00,251039,,720015,0,,0,,CORRECT_TOTAL_0_720015
2971797,1,2026-05-21 11:49:00,251040,,720016,0,,0,,CORRECT_TOTAL_0_720016
2971798,1,2026-05-21 11:50:00,251040,,720016,0,,0,,CORRECT_TOTAL_0_720016
2971799,1,2026-05-21 11:51:00,251041,,720017,0,,0,,CORRECT_TOTAL_0_720017
2971800,1,2026-05-21 11:52:00,251041,,720017,0,,0,,CORRECT_TOTAL_0_720017
2971801,1,2026-05-21 11:53:00,251042,,720018,0,,0,,CORRECT_TOTAL_0_720018
2971802,1,2026-05-21 11:54:00,251042,,720018,0,,0,,CORRECT_TOTAL_0_720018
2971803,1,2026-05-21 11:55:00,251043,,720019,0,,0,,CORRECT_TOTAL_0_720019
2971804,1,2026-05-21 11:56:00,251044,,720020,0,,0,,CORRECT_TOTAL_0_720020
2971805,1,2026-05-21 11:57:00,251044,,720020,0,,0,,CORRECT_TOTAL_0_720020
2971806,1,2026-05-21 11:58:00,251045,,720021,0,,0,,CORRECT_TOTAL_0_720021
2971807,1,2026-05-21 11:59:00,251045,,720021,0,,0,,CORRECT_TOTAL_0_720021
2971808,1,2026-05-21 12:00:00,251046,,720022,0,,0,,CORRECT_TOTAL_0_720022
2971809,1,2026-05-21 12:01:00,251047,,720023,0,,0,,CORRECT_TOTAL_0_720023
2971810,1,2026-05-21 12:02:00,251047,,720023,0,,0,,CORRECT_TOTAL_0_720023
2971811,1,2026-05-21 12:03:00,251048,,720024,0,,0,,CORRECT_TOTAL_0_720024
2971812,1,2026-05-21 12:04:00,251048,,720024,0,,0,,CORRECT_TOTAL_0_720024
2971813,1,2026-05-21 12:05:00,251049,,720025,0,,0,,CORRECT_TOTAL_0_720025
2971814,1,2026-05-21 12:06:00,251050,,720026,0,,0,,CORRECT_TOTAL_0_720026
2971815,1,2026-05-21 12:07:00,251050,,720026,0,,0,,CORRECT_TOTAL_0_720026
2971816,1,2026-05-21 12:08:00,251051,,720027,0,,0,,CORRECT_TOTAL_0_720027
2971817,1,2026-05-21 12:09:00,251051,,720027,0,,0,,CORRECT_TOTAL_0_720027
2971818,1,2026-05-21 12:10:00,251052,,720028,0,,0,,CORRECT_TOTAL_0_720028
2971819,1,2026-05-21 12:11:00,251053,,720029,0,,0,,CORRECT_TOTAL_0_720029
2971820,1,2026-05-21 12:12:00,251053,,720029,0,,0,,CORRECT_TOTAL_0_720029
2971821,1,2026-05-21 12:13:00,251054,,720030,0,,0,,CORRECT_TOTAL_0_720030
2971822,1,2026-05-21 12:14:00,251054,,720030,0,,0,,CORRECT_TOTAL_0_720030
2971823,1,2026-05-21 12:15:00,251055,,720031,0,,0,,CORRECT_TOTAL_0_720031
2971824,1,2026-05-21 12:16:00,251056,,720032,0,,0,,CORRECT_TOTAL_0_720032
2971826,1,2026-05-21 12:17:00,251056,,720032,0,,0,,CORRECT_TOTAL_0_720032
2971827,1,2026-05-21 12:18:00,251057,,720033,0,,0,,CORRECT_TOTAL_0_720033
2971828,1,2026-05-21 12:19:00,251057,,720033,0,,0,,CORRECT_TOTAL_0_720033
2971829,1,2026-05-21 12:20:00,251058,,720034,0,,0,,CORRECT_TOTAL_0_720034
2971830,1,2026-05-21 12:21:00,251059,,720035,0,,0,,CORRECT_TOTAL_0_720035
2971831,1,2026-05-21 12:22:00,251059,,720035,0,,0,,CORRECT_TOTAL_0_720035
2971832,1,2026-05-21 12:23:00,251060,,720036,0,,0,,CORRECT_TOTAL_0_720036
2971833,1,2026-05-21 12:24:00,251060,,720036,0,,0,,CORRECT_TOTAL_0_720036
2971834,1,2026-05-21 12:25:00,251061,,720037,0,,0,,CORRECT_TOTAL_0_720037
2971835,1,2026-05-21 12:26:00,251061,,720037,0,,0,,CORRECT_TOTAL_0_720037
2971836,1,2026-05-21 12:27:00,251062,,720038,0,,0,,CORRECT_TOTAL_0_720038
2971837,1,2026-05-21 12:28:00,251063,,720039,0,,0,,CORRECT_TOTAL_0_720039
2971838,1,2026-05-21 12:29:00,251063,,720039,0,,0,,CORRECT_TOTAL_0_720039
2971839,1,2026-05-21 12:30:00,251064,,720040,0,,0,,CORRECT_TOTAL_0_720040
2971840,1,2026-05-21 12:31:00,251065,,720041,0,,0,,CORRECT_TOTAL_0_720041
2971841,1,2026-05-21 12:32:00,251065,,720041,0,,0,,CORRECT_TOTAL_0_720041
2971842,1,2026-05-21 12:33:00,251066,,720042,0,,0,,CORRECT_TOTAL_0_720042
2971843,1,2026-05-21 12:34:00,251066,,720042,0,,0,,CORRECT_TOTAL_0_720042
2971844,1,2026-05-21 12:35:00,251067,,720043,0,,0,,CORRECT_TOTAL_0_720043
2971845,1,2026-05-21 12:36:00,251068,,720044,0,,0,,CORRECT_TOTAL_0_720044
2971846,1,2026-05-21 12:37:00,251068,,720044,0,,0,,CORRECT_TOTAL_0_720044
2971847,1,2026-05-21 12:38:00,251069,,720045,0,,0,,CORRECT_TOTAL_0_720045
2971848,1,2026-05-21 12:39:00,251069,,720045,0,,0,,CORRECT_TOTAL_0_720045
2971849,1,2026-05-21 12:40:00,251070,,720046,0,,0,,CORRECT_TOTAL_0_720046
2971850,1,2026-05-21 12:41:00,251071,,720047,0,,0,,CORRECT_TOTAL_0_720047
2971851,1,2026-05-21 12:42:00,251071,,720047,0,,0,,CORRECT_TOTAL_0_720047
2971852,1,2026-05-21 12:43:00,251072,,720048,0,,0,,CORRECT_TOTAL_0_720048
2971853,1,2026-05-21 12:44:00,251072,,720048,0,,0,,CORRECT_TOTAL_0_720048
2971854,1,2026-05-21 12:45:00,251073,,720049,0,,0,,CORRECT_TOTAL_0_720049
2971855,1,2026-05-21 12:46:00,251074,,720050,0,,0,,CORRECT_TOTAL_0_720050
2971856,1,2026-05-21 12:47:00,251074,,720050,0,,0,,CORRECT_TOTAL_0_720050
2971857,1,2026-05-21 12:48:00,251075,,720051,0,,0,,CORRECT_TOTAL_0_720051
2971858,1,2026-05-21 12:49:00,251075,,720051,0,,0,,CORRECT_TOTAL_0_720051
2971859,1,2026-05-21 12:50:00,251076,,720052,0,,0,,CORRECT_TOTAL_0_720052
2971860,1,2026-05-21 12:51:00,251077,,720053,0,,0,,CORRECT_TOTAL_0_720053
2971861,1,2026-05-21 12:52:00,251077,,720053,0,,0,,CORRECT_TOTAL_0_720053
2971862,1,2026-05-21 12:53:00,251078,,720054,0,,0,,CORRECT_TOTAL_0_720054
2971863,1,2026-05-21 12:54:00,251078,,720054,0,,0,,CORRECT_TOTAL_0_720054
2971864,1,2026-05-21 12:55:00,251079,,720055,0,,0,,CORRECT_TOTAL_0_720055
2971865,1,2026-05-21 12:56:00,251080,,720056,0,,0,,CORRECT_TOTAL_0_720056
2971866,1,2026-05-21 12:57:00,251080,,720056,0,,0,,CORRECT_TOTAL_0_720056
2971867,1,2026-05-21 12:58:00,251081,,720057,0,,0,,CORRECT_TOTAL_0_720057
2971868,1,2026-05-21 12:59:00,251081,,720057,0,,0,,CORRECT_TOTAL_0_720057
2971869,1,2026-05-21 13:00:00,251082,,720058,0,,0,,CORRECT_TOTAL_0_720058
2971870,1,2026-05-21 13:01:00,251083,,720059,0,,0,,CORRECT_TOTAL_0_720059
2971871,1,2026-05-21 13:02:00,251083,,720059,0,,0,,CORRECT_TOTAL_0_720059
2971872,1,2026-05-21 13:03:00,251084,,720060,0,,0,,CORRECT_TOTAL_0_720060
2971873,1,2026-05-21 13:04:00,251084,,720060,0,,0,,CORRECT_TOTAL_0_720060
2971874,1,2026-05-21 13:05:00,251085,,720061,0,,0,,CORRECT_TOTAL_0_720061
2971875,1,2026-05-21 13:06:00,251086,,720062,0,,0,,CORRECT_TOTAL_0_720062
2971876,1,2026-05-21 13:07:00,251086,,720062,0,,0,,CORRECT_TOTAL_0_720062
2971877,1,2026-05-21 13:08:00,251087,,720063,0,,0,,CORRECT_TOTAL_0_720063
2971878,1,2026-05-21 13:09:00,251087,,720063,0,,0,,CORRECT_TOTAL_0_720063
2971879,1,2026-05-21 13:10:00,251088,,720064,0,,0,,CORRECT_TOTAL_0_720064
2971880,1,2026-05-21 13:11:00,251089,,720065,0,,0,,CORRECT_TOTAL_0_720065
2971881,1,2026-05-21 13:12:00,251089,,720065,0,,0,,CORRECT_TOTAL_0_720065
2971882,1,2026-05-21 13:13:00,251090,,720066,0,,0,,CORRECT_TOTAL_0_720066
2971883,1,2026-05-21 13:14:00,251090,,720066,0,,0,,CORRECT_TOTAL_0_720066
2971884,1,2026-05-21 13:15:00,251091,,720067,0,,0,,CORRECT_TOTAL_0_720067
2971885,1,2026-05-21 13:16:00,251091,,720067,0,,0,,CORRECT_TOTAL_0_720067
2971886,1,2026-05-21 13:17:00,251092,,720068,0,,0,,CORRECT_TOTAL_0_720068
2971887,1,2026-05-21 13:18:00,251093,,720069,0,,0,,CORRECT_TOTAL_0_720069
2971888,1,2026-05-21 13:19:00,251093,,720069,0,,0,,CORRECT_TOTAL_0_720069
2971889,1,2026-05-21 13:20:00,251094,,720070,0,,0,,CORRECT_TOTAL_0_720070
2971890,1,2026-05-21 13:21:00,251094,,720070,0,,0,,CORRECT_TOTAL_0_720070
2971891,1,2026-05-21 13:22:00,251095,,720071,0,,0,,CORRECT_TOTAL_0_720071
2971892,1,2026-05-21 13:23:00,251096,,720072,0,,0,,CORRECT_TOTAL_0_720072
2971893,1,2026-05-21 13:24:00,251096,,720072,0,,0,,CORRECT_TOTAL_0_720072
2971894,1,2026-05-21 13:25:00,251097,,720073,0,,0,,CORRECT_TOTAL_0_720073
2971895,1,2026-05-21 13:26:00,251097,,720073,0,,0,,CORRECT_TOTAL_0_720073
2971896,1,2026-05-21 13:27:00,251098,,720074,0,,0,,CORRECT_TOTAL_0_720074
2971897,1,2026-05-21 13:28:00,251099,,720075,0,,0,,CORRECT_TOTAL_0_720075
2971898,1,2026-05-21 13:29:00,251099,,720075,0,,0,,CORRECT_TOTAL_0_720075
2971899,1,2026-05-21 13:30:00,251100,,720076,0,,0,,CORRECT_TOTAL_0_720076
2971900,1,2026-05-21 13:31:00,251100,,720076,0,,0,,CORRECT_TOTAL_0_720076
2971901,1,2026-05-21 13:32:00,251101,,720077,0,,0,,CORRECT_TOTAL_0_720077
2971902,1,2026-05-21 13:33:00,251102,,720078,0,,0,,CORRECT_TOTAL_0_720078
2971903,1,2026-05-21 13:34:00,251102,,720078,0,,0,,CORRECT_TOTAL_0_720078
2971904,1,2026-05-21 13:35:00,251103,,720079,0,,0,,CORRECT_TOTAL_0_720079
2971905,1,2026-05-21 13:36:00,251104,,720080,0,,0,,CORRECT_TOTAL_0_720080
2971906,1,2026-05-21 13:37:00,251104,,720080,0,,0,,CORRECT_TOTAL_0_720080
2971907,1,2026-05-21 13:38:00,251105,,720081,0,,0,,CORRECT_TOTAL_0_720081
2971908,1,2026-05-21 13:39:00,251105,,720081,0,,0,,CORRECT_TOTAL_0_720081
2971909,1,2026-05-21 13:40:00,251106,,720082,0,,0,,CORRECT_TOTAL_0_720082
2971910,1,2026-05-21 13:41:00,251107,,720083,0,,0,,CORRECT_TOTAL_0_720083
2971911,1,2026-05-21 13:42:00,251107,,720083,0,,0,,CORRECT_TOTAL_0_720083
2971912,1,2026-05-21 13:43:00,251108,,720084,0,,0,,CORRECT_TOTAL_0_720084
2971913,1,2026-05-21 13:44:00,251108,,720084,0,,0,,CORRECT_TOTAL_0_720084
2971914,1,2026-05-21 13:45:00,251109,,720085,0,,0,,CORRECT_TOTAL_0_720085
2971915,1,2026-05-21 13:46:00,251110,,720086,0,,0,,CORRECT_TOTAL_0_720086
2971916,1,2026-05-21 13:47:00,251110,,720086,0,,0,,CORRECT_TOTAL_0_720086
2971917,1,2026-05-21 13:48:00,251111,,720087,0,,0,,CORRECT_TOTAL_0_720087
2971918,1,2026-05-21 13:49:00,251111,,720087,0,,0,,CORRECT_TOTAL_0_720087
2971919,1,2026-05-21 13:50:00,251112,,720088,0,,0,,CORRECT_TOTAL_0_720088
2971920,1,2026-05-21 13:51:00,251113,,720089,0,,0,,CORRECT_TOTAL_0_720089
2971921,1,2026-05-21 13:52:00,251113,,720089,0,,0,,CORRECT_TOTAL_0_720089
2971922,1,2026-05-21 13:53:00,251114,,720090,0,,0,,CORRECT_TOTAL_0_720090
2971923,1,2026-05-21 13:54:00,251114,,720090,0,,0,,CORRECT_TOTAL_0_720090
2971924,1,2026-05-21 13:55:00,251115,,720091,0,,0,,CORRECT_TOTAL_0_720091
2971925,1,2026-05-21 13:56:00,251116,,720092,0,,0,,CORRECT_TOTAL_0_720092
2971926,1,2026-05-21 13:57:00,251116,,720092,0,,0,,CORRECT_TOTAL_0_720092
2971927,1,2026-05-21 13:58:00,251117,,720093,0,,0,,CORRECT_TOTAL_0_720093
2971928,1,2026-05-21 13:59:00,251117,,720093,0,,0,,CORRECT_TOTAL_0_720093
2971929,1,2026-05-21 14:00:00,251118,,720094,0,,0,,CORRECT_TOTAL_0_720094
2971930,1,2026-05-21 14:01:00,251119,,720095,0,,0,,CORRECT_TOTAL_0_720095
2971931,1,2026-05-21 14:02:00,251119,,720095,0,,0,,CORRECT_TOTAL_0_720095
2971932,1,2026-05-21 14:03:00,251120,,720096,0,,0,,CORRECT_TOTAL_0_720096
2971933,1,2026-05-21 14:04:00,251120,,720096,0,,0,,CORRECT_TOTAL_0_720096
2971934,1,2026-05-21 14:05:00,251121,,720097,0,,0,,CORRECT_TOTAL_0_720097
2971935,1,2026-05-21 14:06:00,251122,,720098,0,,0,,CORRECT_TOTAL_0_720098
2971936,1,2026-05-21 14:07:00,251122,,720098,0,,0,,CORRECT_TOTAL_0_720098
2971937,1,2026-05-21 14:08:00,251123,,720099,0,,0,,CORRECT_TOTAL_0_720099
2971938,1,2026-05-21 14:09:00,251123,,720099,0,,0,,CORRECT_TOTAL_0_720099
2971939,1,2026-05-21 14:10:00,251124,,720100,0,,0,,CORRECT_TOTAL_0_720100
2971940,1,2026-05-21 14:11:00,251125,,720101,0,,0,,CORRECT_TOTAL_0_720101
2971941,1,2026-05-21 14:12:00,251125,,720101,0,,0,,CORRECT_TOTAL_0_720101
2971942,1,2026-05-21 14:13:00,251126,,720102,0,,0,,CORRECT_TOTAL_0_720102
2971943,1,2026-05-21 14:14:00,251126,,720102,0,,0,,CORRECT_TOTAL_0_720102
2971944,1,2026-05-21 14:15:00,251127,,720103,0,,0,,CORRECT_TOTAL_0_720103
2971945,1,2026-05-21 14:16:00,251127,,720103,0,,0,,CORRECT_TOTAL_0_720103
2971946,1,2026-05-21 14:17:00,251128,,720104,0,,0,,CORRECT_TOTAL_0_720104
2971947,1,2026-05-21 14:18:00,251129,,720105,0,,0,,CORRECT_TOTAL_0_720105
2971948,1,2026-05-21 14:19:00,251129,,720105,0,,0,,CORRECT_TOTAL_0_720105
2971949,1,2026-05-21 14:20:00,251130,,720106,0,,0,,CORRECT_TOTAL_0_720106
2971950,1,2026-05-21 14:21:00,251130,,720106,0,,0,,CORRECT_TOTAL_0_720106
2971951,1,2026-05-21 14:22:00,251131,,720107,0,,0,,CORRECT_TOTAL_0_720107
2971952,1,2026-05-21 14:23:00,251132,,720108,0,,0,,CORRECT_TOTAL_0_720108
2971953,1,2026-05-21 14:24:00,251132,,720108,0,,0,,CORRECT_TOTAL_0_720108
2971954,1,2026-05-21 14:25:00,251133,,720109,0,,0,,CORRECT_TOTAL_0_720109
2971955,1,2026-05-21 14:26:00,251133,,720109,0,,0,,CORRECT_TOTAL_0_720109
2971956,1,2026-05-21 14:27:00,251134,,720110,0,,0,,CORRECT_TOTAL_0_720110
2971957,1,2026-05-21 14:28:00,251135,,720111,0,,0,,CORRECT_TOTAL_0_720111
2971958,1,2026-05-21 14:29:00,251135,,720111,0,,0,,CORRECT_TOTAL_0_720111
2971959,1,2026-05-21 14:30:00,251136,,720112,0,,0,,CORRECT_TOTAL_0_720112
2971960,1,2026-05-21 14:31:00,251136,,720112,0,,0,,CORRECT_TOTAL_0_720112
2971961,1,2026-05-21 14:32:00,251137,,720113,0,,0,,CORRECT_TOTAL_0_720113
2971962,1,2026-05-21 14:33:00,251138,,720114,0,,0,,CORRECT_TOTAL_0_720114
2971963,1,2026-05-21 14:34:00,251138,,720114,0,,0,,CORRECT_TOTAL_0_720114
2971964,1,2026-05-21 14:35:00,251139,,720115,0,,0,,CORRECT_TOTAL_0_720115
2971965,1,2026-05-21 14:36:00,251139,,720115,0,,0,,CORRECT_TOTAL_0_720115
2971966,1,2026-05-21 14:37:00,251140,,720116,0,,0,,CORRECT_TOTAL_0_720116
2971967,1,2026-05-21 14:38:00,251141,,720117,0,,0,,CORRECT_TOTAL_0_720117
2971968,1,2026-05-21 14:39:00,251141,,720117,0,,0,,CORRECT_TOTAL_0_720117
2971969,1,2026-05-21 14:40:00,251142,,720118,0,,0,,CORRECT_TOTAL_0_720118
2971970,1,2026-05-21 14:41:00,251143,,720119,0,,0,,CORRECT_TOTAL_0_720119
2971971,1,2026-05-21 14:42:00,251143,,720119,0,,0,,CORRECT_TOTAL_0_720119
2971972,1,2026-05-21 14:43:00,251144,,720120,0,,0,,CORRECT_TOTAL_0_720120
2971973,1,2026-05-21 14:44:00,251144,,720120,0,,0,,CORRECT_TOTAL_0_720120
2971974,1,2026-05-21 14:45:00,251145,,720121,0,,0,,CORRECT_TOTAL_0_720121
2971975,1,2026-05-21 14:46:00,251146,,720122,0,,0,,CORRECT_TOTAL_0_720122
2971976,1,2026-05-21 14:47:00,251146,,720122,0,,0,,CORRECT_TOTAL_0_720122
2971977,1,2026-05-21 14:48:00,251147,,720123,0,,0,,CORRECT_TOTAL_0_720123
2971978,1,2026-05-21 14:49:00,251147,,720123,0,,0,,CORRECT_TOTAL_0_720123
2971979,1,2026-05-21 14:50:00,251147,,720123,0,,0,,CORRECT_TOTAL_0_720123
2971980,1,2026-05-21 14:51:00,251148,,720124,0,,0,,CORRECT_TOTAL_0_720124
2971981,1,2026-05-21 14:52:00,251148,,720124,0,,0,,CORRECT_TOTAL_0_720124
2971982,1,2026-05-21 14:53:00,251149,,720125,0,,0,,CORRECT_TOTAL_0_720125
2971983,1,2026-05-21 14:54:00,251150,,720126,0,,0,,CORRECT_TOTAL_0_720126
2971984,1,2026-05-21 14:55:00,251150,,720126,0,,0,,CORRECT_TOTAL_0_720126
2971985,1,2026-05-21 14:56:00,251151,,720127,0,,0,,CORRECT_TOTAL_0_720127
2971986,1,2026-05-21 14:57:00,251151,,720127,0,,0,,CORRECT_TOTAL_0_720127
2971987,1,2026-05-21 14:58:00,251152,,720128,0,,0,,CORRECT_TOTAL_0_720128
2971988,1,2026-05-21 14:59:00,251153,,720129,0,,0,,CORRECT_TOTAL_0_720129
2971989,1,2026-05-21 15:00:00,251153,,720129,0,,0,,CORRECT_TOTAL_0_720129
2971990,1,2026-05-21 15:01:00,251154,,720130,0,,0,,CORRECT_TOTAL_0_720130
2971991,1,2026-05-21 15:02:00,251154,,720130,0,,0,,CORRECT_TOTAL_0_720130
2971992,1,2026-05-21 15:03:00,251154,,720130,0,,0,,CORRECT_TOTAL_0_720130
2971993,1,2026-05-21 15:04:00,251155,,720131,0,,0,,CORRECT_TOTAL_0_720131
2971994,1,2026-05-21 15:05:00,251155,,720131,0,,0,,CORRECT_TOTAL_0_720131
2971995,1,2026-05-21 15:06:00,251156,,720132,0,,0,,CORRECT_TOTAL_0_720132
2971996,1,2026-05-21 15:07:00,251157,,720133,0,,0,,CORRECT_TOTAL_0_720133
2971997,1,2026-05-21 15:08:00,251157,,720133,0,,0,,CORRECT_TOTAL_0_720133
2971998,1,2026-05-21 15:09:00,251158,,720134,0,,0,,CORRECT_TOTAL_0_720134
2971999,1,2026-05-21 15:10:00,251158,,720134,0,,0,,CORRECT_TOTAL_0_720134
2972000,1,2026-05-21 15:11:00,251159,,720135,0,,0,,CORRECT_TOTAL_0_720135
2972001,1,2026-05-21 15:12:00,251160,,720136,0,,0,,CORRECT_TOTAL_0_720136
2972002,1,2026-05-21 15:13:00,251160,,720136,0,,0,,CORRECT_TOTAL_0_720136
2972003,1,2026-05-21 15:14:00,251161,,720137,0,,0,,CORRECT_TOTAL_0_720137
2972004,1,2026-05-21 15:15:00,251161,,720137,0,,0,,CORRECT_TOTAL_0_720137
2972005,1,2026-05-21 15:16:00,251162,,720138,0,,0,,CORRECT_TOTAL_0_720138
2972006,1,2026-05-21 15:17:00,251162,,720138,0,,0,,CORRECT_TOTAL_0_720138
2972007,1,2026-05-21 15:18:00,251162,,720138,0,,0,,CORRECT_TOTAL_0_720138
2972008,1,2026-05-21 15:19:00,251163,,720139,0,,0,,CORRECT_TOTAL_0_720139
2972009,1,2026-05-21 15:20:00,251164,,720140,0,,0,,CORRECT_TOTAL_0_720140
2972010,1,2026-05-21 15:21:00,251164,,720140,0,,0,,CORRECT_TOTAL_0_720140
2972011,1,2026-05-21 15:22:00,251165,,720141,0,,0,,CORRECT_TOTAL_0_720141
2972012,1,2026-05-21 15:23:00,251165,,720141,0,,0,,CORRECT_TOTAL_0_720141
2972013,1,2026-05-21 15:24:00,251166,,720142,0,,0,,CORRECT_TOTAL_0_720142
2972014,1,2026-05-21 15:25:00,251167,,720143,0,,0,,CORRECT_TOTAL_0_720143
2972015,1,2026-05-21 15:26:00,251167,,720143,0,,0,,CORRECT_TOTAL_0_720143
2972016,1,2026-05-21 15:27:00,251168,,720144,0,,0,,CORRECT_TOTAL_0_720144
2972017,1,2026-05-21 15:28:00,251168,,720144,0,,0,,CORRECT_TOTAL_0_720144
2972018,1,2026-05-21 15:29:00,251169,,720145,0,,0,,CORRECT_TOTAL_0_720145
2972019,1,2026-05-21 15:30:00,251169,,720145,0,,0,,CORRECT_TOTAL_0_720145
2972020,1,2026-05-21 15:31:00,251170,,720146,0,,0,,CORRECT_TOTAL_0_720146
2972021,1,2026-05-21 15:32:00,251170,,720146,0,,0,,CORRECT_TOTAL_0_720146
2972022,1,2026-05-21 15:33:00,251171,,720147,0,,0,,CORRECT_TOTAL_0_720147
2972023,1,2026-05-21 15:34:00,251171,,720147,0,,0,,CORRECT_TOTAL_0_720147
2972024,1,2026-05-21 15:35:00,251172,,720148,0,,0,,CORRECT_TOTAL_0_720148
2972025,1,2026-05-21 15:36:00,251172,,720148,0,,0,,CORRECT_TOTAL_0_720148
2972026,1,2026-05-21 15:37:00,251173,,720149,0,,0,,CORRECT_TOTAL_0_720149
2972027,1,2026-05-21 15:38:00,251174,,720150,0,,0,,CORRECT_TOTAL_0_720150
2972028,1,2026-05-21 15:39:00,251174,,720150,0,,0,,CORRECT_TOTAL_0_720150
2972029,1,2026-05-21 15:40:00,251175,,720151,0,,0,,CORRECT_TOTAL_0_720151
2972030,1,2026-05-21 15:41:00,251175,,720151,0,,0,,CORRECT_TOTAL_0_720151
2972031,1,2026-05-21 15:42:00,251175,,720151,0,,0,,CORRECT_TOTAL_0_720151
2972032,1,2026-05-21 15:43:00,251176,,720152,0,,0,,CORRECT_TOTAL_0_720152
2972033,1,2026-05-21 15:44:00,251176,,720152,0,,0,,CORRECT_TOTAL_0_720152
2972034,1,2026-05-21 15:45:00,251177,,720153,0,,0,,CORRECT_TOTAL_0_720153
2972035,1,2026-05-21 15:46:00,251178,,720154,0,,0,,CORRECT_TOTAL_0_720154
2972036,1,2026-05-21 15:47:00,251178,,720154,0,,0,,CORRECT_TOTAL_0_720154
2972037,1,2026-05-21 15:48:00,251179,,720155,0,,0,,CORRECT_TOTAL_0_720155
2972038,1,2026-05-21 15:49:00,251179,,720155,0,,0,,CORRECT_TOTAL_0_720155
2972039,1,2026-05-21 15:50:00,251180,,720156,0,,0,,CORRECT_TOTAL_0_720156
2972040,1,2026-05-21 15:51:00,251181,,720157,0,,0,,CORRECT_TOTAL_0_720157
2972041,1,2026-05-21 15:52:00,251181,,720157,0,,0,,CORRECT_TOTAL_0_720157
2972042,1,2026-05-21 15:53:00,251181,,720157,0,,0,,CORRECT_TOTAL_0_720157
2972043,1,2026-05-21 15:54:00,251182,,720158,0,,0,,CORRECT_TOTAL_0_720158
2972044,1,2026-05-21 15:55:00,251182,,720158,0,,0,,CORRECT_TOTAL_0_720158
2972045,1,2026-05-21 15:56:00,251183,,720159,0,,0,,CORRECT_TOTAL_0_720159
2972046,1,2026-05-21 15:57:00,251183,,720159,0,,0,,CORRECT_TOTAL_0_720159
2972047,1,2026-05-21 15:58:00,251184,,720160,0,,0,,CORRECT_TOTAL_0_720160
2972048,1,2026-05-21 15:59:00,251185,,720161,0,,0,,CORRECT_TOTAL_0_720161
2972049,1,2026-05-21 16:00:00,251185,,720161,0,,0,,CORRECT_TOTAL_0_720161
2972050,1,2026-05-21 16:01:00,251186,,720162,0,,0,,CORRECT_TOTAL_0_720162
2972051,1,2026-05-21 16:02:00,251186,,720162,0,,0,,CORRECT_TOTAL_0_720162
2972052,1,2026-05-21 16:03:00,251187,,720163,0,,0,,CORRECT_TOTAL_0_720163
2972053,1,2026-05-21 16:04:00,251187,,720163,0,,0,,CORRECT_TOTAL_0_720163
2972054,1,2026-05-21 16:05:00,251188,,720164,0,,0,,CORRECT_TOTAL_0_720164
2972055,1,2026-05-21 16:06:00,251188,,720164,0,,0,,CORRECT_TOTAL_0_720164
2972056,1,2026-05-21 16:07:00,251188,,720164,0,,0,,CORRECT_TOTAL_0_720164
2972057,1,2026-05-21 16:08:00,251189,,720165,0,,0,,CORRECT_TOTAL_0_720165
2972058,1,2026-05-21 16:09:00,251190,,720166,0,,0,,CORRECT_TOTAL_0_720166
2972059,1,2026-05-21 16:10:00,251190,,720166,0,,0,,CORRECT_TOTAL_0_720166
2972060,1,2026-05-21 16:11:00,251191,,720167,0,,0,,CORRECT_TOTAL_0_720167
2972061,1,2026-05-21 16:12:00,251192,,720168,0,,0,,CORRECT_TOTAL_0_720168
2972062,1,2026-05-21 16:13:00,251192,,720168,0,,0,,CORRECT_TOTAL_0_720168
2972063,1,2026-05-21 16:14:00,251193,,720169,0,,0,,CORRECT_TOTAL_0_720169
2972064,1,2026-05-21 16:15:00,251193,,720169,0,,0,,CORRECT_TOTAL_0_720169
2972065,1,2026-05-21 16:16:00,251193,,720169,0,,0,,CORRECT_TOTAL_0_720169
2972066,1,2026-05-21 16:17:00,251194,,720170,0,,0,,CORRECT_TOTAL_0_720170
2972067,1,2026-05-21 16:18:00,251194,,720170,0,,0,,CORRECT_TOTAL_0_720170
2972068,1,2026-05-21 16:19:00,251195,,720171,0,,0,,CORRECT_TOTAL_0_720171
2972069,1,2026-05-21 16:20:00,251195,,720171,0,,0,,CORRECT_TOTAL_0_720171
2972070,1,2026-05-21 16:21:00,251196,,720172,0,,0,,CORRECT_TOTAL_0_720172
2972071,1,2026-05-21 16:22:00,251197,,720173,0,,0,,CORRECT_TOTAL_0_720173
2972072,1,2026-05-21 16:23:00,251197,,720173,0,,0,,CORRECT_TOTAL_0_720173
2972073,1,2026-05-21 16:24:00,251198,,720174,0,,0,,CORRECT_TOTAL_0_720174
2972074,1,2026-05-21 16:25:00,251199,,720175,0,,0,,CORRECT_TOTAL_0_720175
2972075,1,2026-05-21 16:26:00,251199,,720175,0,,0,,CORRECT_TOTAL_0_720175
2972076,1,2026-05-21 16:27:00,251199,,720175,0,,0,,CORRECT_TOTAL_0_720175
2972077,1,2026-05-21 16:28:00,251200,,720176,0,,0,,CORRECT_TOTAL_0_720176
2972078,1,2026-05-21 16:29:00,251200,,720176,0,,0,,CORRECT_TOTAL_0_720176
2972079,1,2026-05-21 16:30:00,251201,,720177,0,,0,,CORRECT_TOTAL_0_720177
2972080,1,2026-05-21 16:31:00,251201,,720177,0,,0,,CORRECT_TOTAL_0_720177
2972081,1,2026-05-21 16:32:00,251202,,720178,0,,0,,CORRECT_TOTAL_0_720178
2972082,1,2026-05-21 16:33:00,251202,,720178,0,,0,,CORRECT_TOTAL_0_720178
2972083,1,2026-05-21 16:34:00,251203,,720179,0,,0,,CORRECT_TOTAL_0_720179
2972084,1,2026-05-21 16:35:00,251204,,720180,0,,0,,CORRECT_TOTAL_0_720180
2972085,1,2026-05-21 16:36:00,251204,,720180,0,,0,,CORRECT_TOTAL_0_720180
2972086,1,2026-05-21 16:37:00,251205,,720181,0,,0,,CORRECT_TOTAL_0_720181
2972087,1,2026-05-21 16:38:00,251205,,720181,0,,0,,CORRECT_TOTAL_0_720181
2972088,1,2026-05-21 16:39:00,251206,,720182,0,,0,,CORRECT_TOTAL_0_720182
2972089,1,2026-05-21 16:40:00,251206,,720182,0,,0,,CORRECT_TOTAL_0_720182
2972090,1,2026-05-21 16:41:00,251206,,720182,0,,0,,CORRECT_TOTAL_0_720182
2972091,1,2026-05-21 16:42:00,251207,,720183,0,,0,,CORRECT_TOTAL_0_720183
2972092,1,2026-05-21 16:43:00,251208,,720184,0,,0,,CORRECT_TOTAL_0_720184
2972093,1,2026-05-21 16:44:00,251208,,720184,0,,0,,CORRECT_TOTAL_0_720184
2972094,1,2026-05-21 16:45:00,251209,,720185,0,,0,,CORRECT_TOTAL_0_720185
2972095,1,2026-05-21 16:46:00,251209,,720185,0,,0,,CORRECT_TOTAL_0_720185
2972096,1,2026-05-21 16:47:00,251210,,720186,0,,0,,CORRECT_TOTAL_0_720186
2972097,1,2026-05-21 16:48:00,251211,,720187,0,,0,,CORRECT_TOTAL_0_720187
2972098,1,2026-05-21 16:49:00,251211,,720187,0,,0,,CORRECT_TOTAL_0_720187
2972099,1,2026-05-21 16:50:00,251212,,720188,0,,0,,CORRECT_TOTAL_0_720188
2972100,1,2026-05-21 16:51:00,251212,,720188,0,,0,,CORRECT_TOTAL_0_720188
2972101,1,2026-05-21 16:52:00,251213,,720189,0,,0,,CORRECT_TOTAL_0_720189
2972102,1,2026-05-21 16:53:00,251213,,720189,0,,0,,CORRECT_TOTAL_0_720189
2972103,1,2026-05-21 16:54:00,251213,,720189,0,,0,,CORRECT_TOTAL_0_720189
2972104,1,2026-05-21 16:55:00,251214,,720190,0,,0,,CORRECT_TOTAL_0_720190
2972105,1,2026-05-21 16:56:00,251215,,720191,0,,0,,CORRECT_TOTAL_0_720191
2972106,1,2026-05-21 16:57:00,251215,,720191,0,,0,,CORRECT_TOTAL_0_720191
2972107,1,2026-05-21 16:58:00,251216,,720192,0,,0,,CORRECT_TOTAL_0_720192
2972108,1,2026-05-21 16:59:00,251216,,720192,0,,0,,CORRECT_TOTAL_0_720192
2972109,1,2026-05-21 17:00:00,251217,,720193,0,,0,,CORRECT_TOTAL_0_720193
2972110,1,2026-05-21 17:01:00,251218,,720194,0,,0,,CORRECT_TOTAL_0_720194
2972111,1,2026-05-21 17:02:00,251218,,720194,0,,0,,CORRECT_TOTAL_0_720194
2972112,1,2026-05-21 17:03:00,251219,,720195,0,,0,,CORRECT_TOTAL_0_720195
2972113,1,2026-05-21 17:04:00,251219,,720195,0,,0,,CORRECT_TOTAL_0_720195
2972114,1,2026-05-21 17:05:00,251219,,720195,0,,0,,CORRECT_TOTAL_0_720195
2972115,1,2026-05-21 17:06:00,251220,,720196,0,,0,,CORRECT_TOTAL_0_720196
2972116,1,2026-05-21 17:07:00,251220,,720196,0,,0,,CORRECT_TOTAL_0_720196
2972117,1,2026-05-21 17:08:00,251221,,720197,0,,0,,CORRECT_TOTAL_0_720197
2972118,1,2026-05-21 17:09:00,251222,,720198,0,,0,,CORRECT_TOTAL_0_720198
2972119,1,2026-05-21 17:10:00,251222,,720198,0,,0,,CORRECT_TOTAL_0_720198
2972120,1,2026-05-21 17:11:00,251223,,720199,0,,0,,CORRECT_TOTAL_0_720199
2972121,1,2026-05-21 17:12:00,251223,,720199,0,,0,,CORRECT_TOTAL_0_720199
2972122,1,2026-05-21 17:13:00,251224,,720200,0,,0,,CORRECT_TOTAL_0_720200
2972123,1,2026-05-21 17:14:00,251225,,720201,0,,0,,CORRECT_TOTAL_0_720201
2972124,1,2026-05-21 17:15:00,251225,,720201,0,,0,,CORRECT_TOTAL_0_720201
2972125,1,2026-05-21 17:16:00,251226,,720202,0,,0,,CORRECT_TOTAL_0_720202
2972126,1,2026-05-21 17:17:00,251226,,720202,0,,0,,CORRECT_TOTAL_0_720202
2972127,1,2026-05-21 17:18:00,251226,,720202,0,,0,,CORRECT_TOTAL_0_720202
2972128,1,2026-05-21 17:19:00,251227,,720203,0,,0,,CORRECT_TOTAL_0_720203
2972129,1,2026-05-21 17:20:00,251227,,720203,0,,0,,CORRECT_TOTAL_0_720203
2972130,1,2026-05-21 17:21:00,251228,,720204,0,,0,,CORRECT_TOTAL_0_720204
2972131,1,2026-05-21 17:22:00,251229,,720205,0,,0,,CORRECT_TOTAL_0_720205
2972132,1,2026-05-21 17:23:00,251229,,720205,0,,0,,CORRECT_TOTAL_0_720205
2972133,1,2026-05-21 17:24:00,251230,,720206,0,,0,,CORRECT_TOTAL_0_720206
2972134,1,2026-05-21 17:25:00,251230,,720206,0,,0,,CORRECT_TOTAL_0_720206
2972135,1,2026-05-21 17:26:00,251231,,720207,0,,0,,CORRECT_TOTAL_0_720207
2972136,1,2026-05-21 17:27:00,251232,,720208,0,,0,,CORRECT_TOTAL_0_720208
2972137,1,2026-05-21 17:28:00,251232,,720208,0,,0,,CORRECT_TOTAL_0_720208
2972138,1,2026-05-21 17:29:00,251233,,720209,0,,0,,CORRECT_TOTAL_0_720209
2972139,1,2026-05-21 17:30:00,251233,,720209,0,,0,,CORRECT_TOTAL_0_720209
2972140,1,2026-05-21 17:31:00,251233,,720209,0,,0,,CORRECT_TOTAL_0_720209
2972141,1,2026-05-21 17:32:00,251234,,720210,0,,0,,CORRECT_TOTAL_0_720210
2972142,1,2026-05-21 17:33:00,251234,,720210,0,,0,,CORRECT_TOTAL_0_720210
2972143,1,2026-05-21 17:34:00,251235,,720211,0,,0,,CORRECT_TOTAL_0_720211
2972144,1,2026-05-21 17:35:00,251236,,720212,0,,0,,CORRECT_TOTAL_0_720212
2972145,1,2026-05-21 17:36:00,251236,,720212,0,,0,,CORRECT_TOTAL_0_720212
2972146,1,2026-05-21 17:37:00,251237,,720213,0,,0,,CORRECT_TOTAL_0_720213
2972147,1,2026-05-21 17:38:00,251237,,720213,0,,0,,CORRECT_TOTAL_0_720213
2972148,1,2026-05-21 17:39:00,251238,,720214,0,,0,,CORRECT_TOTAL_0_720214
2972149,1,2026-05-21 17:40:00,251239,,720215,0,,0,,CORRECT_TOTAL_0_720215
2972150,1,2026-05-21 17:41:00,251239,,720215,0,,0,,CORRECT_TOTAL_0_720215
2972151,1,2026-05-21 17:42:00,251240,,720216,0,,0,,CORRECT_TOTAL_0_720216
2972152,1,2026-05-21 17:43:00,251240,,720216,0,,0,,CORRECT_TOTAL_0_720216
2972153,1,2026-05-21 17:44:00,251241,,720217,0,,0,,CORRECT_TOTAL_0_720217
2972154,1,2026-05-21 17:45:00,251241,,720217,0,,0,,CORRECT_TOTAL_0_720217
2972155,1,2026-05-21 17:46:00,251241,,720217,0,,0,,CORRECT_TOTAL_0_720217
2972156,1,2026-05-21 17:47:00,251242,,720218,0,,0,,CORRECT_TOTAL_0_720218
2972157,1,2026-05-21 17:48:00,251243,,720219,0,,0,,CORRECT_TOTAL_0_720219
2972158,1,2026-05-21 17:49:00,251243,,720219,0,,0,,CORRECT_TOTAL_0_720219
2972159,1,2026-05-21 17:50:00,251244,,720220,0,,0,,CORRECT_TOTAL_0_720220
2972160,1,2026-05-21 17:51:00,251244,,720220,0,,0,,CORRECT_TOTAL_0_720220
2972161,1,2026-05-21 17:52:00,251245,,720221,0,,0,,CORRECT_TOTAL_0_720221
2972162,1,2026-05-21 17:53:00,251246,,720222,0,,0,,CORRECT_TOTAL_0_720222
2972163,1,2026-05-21 17:54:00,251246,,720222,0,,0,,CORRECT_TOTAL_0_720222
2972164,1,2026-05-21 17:55:00,251247,,720223,0,,0,,CORRECT_TOTAL_0_720223
2972165,1,2026-05-21 17:56:00,251248,,720224,0,,0,,CORRECT_TOTAL_0_720224
2972166,1,2026-05-21 17:57:00,251248,,720224,0,,0,,CORRECT_TOTAL_0_720224
2972167,1,2026-05-21 17:58:00,251248,,720224,0,,0,,CORRECT_TOTAL_0_720224
2972168,1,2026-05-21 17:59:00,251249,,720225,0,,0,,CORRECT_TOTAL_0_720225
2972169,1,2026-05-21 18:00:00,251249,,720225,0,,0,,CORRECT_TOTAL_0_720225
2972170,1,2026-05-21 18:01:00,251250,,720226,0,,0,,CORRECT_TOTAL_0_720226
2972171,1,2026-05-21 18:02:00,251250,,720226,0,,0,,CORRECT_TOTAL_0_720226
2972172,1,2026-05-21 18:03:00,251251,,720227,0,,0,,CORRECT_TOTAL_0_720227
2972173,1,2026-05-21 18:04:00,251251,,720227,0,,0,,CORRECT_TOTAL_0_720227
2972174,1,2026-05-21 18:05:00,251252,,720228,0,,0,,CORRECT_TOTAL_0_720228
2972175,1,2026-05-21 18:06:00,251253,,720229,0,,0,,CORRECT_TOTAL_0_720229
2972176,1,2026-05-21 18:07:00,251253,,720229,0,,0,,CORRECT_TOTAL_0_720229
2972177,1,2026-05-21 18:08:00,251254,,720230,0,,0,,CORRECT_TOTAL_0_720230
2972178,1,2026-05-21 18:09:00,251255,,720231,0,,0,,CORRECT_TOTAL_0_720231
2972179,1,2026-05-21 18:10:00,251255,,720231,0,,0,,CORRECT_TOTAL_0_720231
2972180,1,2026-05-21 18:11:00,251256,,720232,0,,0,,CORRECT_TOTAL_0_720232
2972181,1,2026-05-21 18:12:00,251256,,720232,0,,0,,CORRECT_TOTAL_0_720232
2972182,1,2026-05-21 18:13:00,251257,,720233,0,,0,,CORRECT_TOTAL_0_720233
2972183,1,2026-05-21 18:14:00,251257,,720233,0,,0,,CORRECT_TOTAL_0_720233
2972184,1,2026-05-21 18:15:00,251257,,720233,0,,0,,CORRECT_TOTAL_0_720233
2972185,1,2026-05-21 18:16:00,251258,,720234,0,,0,,CORRECT_TOTAL_0_720234
2972186,1,2026-05-21 18:17:00,251259,,720235,0,,0,,CORRECT_TOTAL_0_720235
2972187,1,2026-05-21 18:18:00,251259,,720235,0,,0,,CORRECT_TOTAL_0_720235
2972188,1,2026-05-21 18:19:00,251260,,720236,0,,0,,CORRECT_TOTAL_0_720236
2972189,1,2026-05-21 18:20:00,251260,,720236,0,,0,,CORRECT_TOTAL_0_720236
2972190,1,2026-05-21 18:21:00,251261,,720237,0,,0,,CORRECT_TOTAL_0_720237
2972191,1,2026-05-21 18:22:00,251262,,720238,0,,0,,CORRECT_TOTAL_0_720238
2972192,1,2026-05-21 18:23:00,251262,,720238,0,,0,,CORRECT_TOTAL_0_720238
2972193,1,2026-05-21 18:24:00,251263,,720239,0,,0,,CORRECT_TOTAL_0_720239
2972194,1,2026-05-21 18:25:00,251263,,720239,0,,0,,CORRECT_TOTAL_0_720239
2972195,1,2026-05-21 18:26:00,251264,,720240,0,,0,,CORRECT_TOTAL_0_720240
2972196,1,2026-05-21 18:27:00,251265,,720241,0,,0,,CORRECT_TOTAL_0_720241
2972197,1,2026-05-21 18:28:00,251265,,720241,0,,0,,CORRECT_TOTAL_0_720241
2972198,1,2026-05-21 18:29:00,251266,,720242,0,,0,,CORRECT_TOTAL_0_720242
2972199,1,2026-05-21 18:30:00,251266,,720242,0,,0,,CORRECT_TOTAL_0_720242
2972200,1,2026-05-21 18:31:00,251266,,720242,0,,0,,CORRECT_TOTAL_0_720242
2972201,1,2026-05-21 18:32:00,251267,,720243,0,,0,,CORRECT_TOTAL_0_720243
2972202,1,2026-05-21 18:33:00,251267,,720243,0,,0,,CORRECT_TOTAL_0_720243
2972203,1,2026-05-21 18:34:00,251268,,720244,0,,0,,CORRECT_TOTAL_0_720244
2972204,1,2026-05-21 18:35:00,251269,,720245,0,,0,,CORRECT_TOTAL_0_720245
2972205,1,2026-05-21 18:36:00,251269,,720245,0,,0,,CORRECT_TOTAL_0_720245
2972206,1,2026-05-21 18:37:00,251270,,720246,0,,0,,CORRECT_TOTAL_0_720246
2972207,1,2026-05-21 18:38:00,251270,,720246,0,,0,,CORRECT_TOTAL_0_720246
2972208,1,2026-05-21 18:39:00,251271,,720247,0,,0,,CORRECT_TOTAL_0_720247
2972209,1,2026-05-21 18:40:00,251272,,720248,0,,0,,CORRECT_TOTAL_0_720248
2972210,1,2026-05-21 18:41:00,251272,,720248,0,,0,,CORRECT_TOTAL_0_720248
2972211,1,2026-05-21 18:42:00,251273,,720249,0,,0,,CORRECT_TOTAL_0_720249
2972212,1,2026-05-21 18:43:00,251273,,720249,0,,0,,CORRECT_TOTAL_0_720249
2972213,1,2026-05-21 18:44:00,251274,,720250,0,,0,,CORRECT_TOTAL_0_720250
2972214,1,2026-05-21 18:45:00,251275,,720251,0,,0,,CORRECT_TOTAL_0_720251
2972215,1,2026-05-21 18:46:00,251275,,720251,0,,0,,CORRECT_TOTAL_0_720251
2972216,1,2026-05-21 18:47:00,251275,,720251,0,,0,,CORRECT_TOTAL_0_720251
2972217,1,2026-05-21 18:48:00,251276,,720252,0,,0,,CORRECT_TOTAL_0_720252
2972218,1,2026-05-21 18:49:00,251276,,720252,0,,0,,CORRECT_TOTAL_0_720252
2972219,1,2026-05-21 18:50:00,251277,,720253,0,,0,,CORRECT_TOTAL_0_720253
2972220,1,2026-05-21 18:51:00,251278,,720254,0,,0,,CORRECT_TOTAL_0_720254
2972221,1,2026-05-21 18:52:00,251278,,720254,0,,0,,CORRECT_TOTAL_0_720254
2972222,1,2026-05-21 18:53:00,251279,,720255,0,,0,,CORRECT_TOTAL_0_720255
2972223,1,2026-05-21 18:54:00,251279,,720255,0,,0,,CORRECT_TOTAL_0_720255
2972224,1,2026-05-21 18:55:00,251280,,720256,0,,0,,CORRECT_TOTAL_0_720256
2972225,1,2026-05-21 18:56:00,251281,,720257,0,,0,,CORRECT_TOTAL_0_720257
2972226,1,2026-05-21 18:57:00,251281,,720257,0,,0,,CORRECT_TOTAL_0_720257
2972227,1,2026-05-21 18:58:00,251282,,720258,0,,0,,CORRECT_TOTAL_0_720258
2972228,1,2026-05-21 18:59:00,251282,,720258,0,,0,,CORRECT_TOTAL_0_720258
2972229,1,2026-05-21 19:00:00,251283,,720259,0,,0,,CORRECT_TOTAL_0_720259
2972230,1,2026-05-21 19:01:00,251284,,720260,0,,0,,CORRECT_TOTAL_0_720260
2972231,1,2026-05-21 19:02:00,251284,,720260,0,,0,,CORRECT_TOTAL_0_720260
2972232,1,2026-05-21 19:03:00,251284,,720260,0,,0,,CORRECT_TOTAL_0_720260
2972233,1,2026-05-21 19:04:00,251285,,720261,0,,0,,CORRECT_TOTAL_0_720261
2972234,1,2026-05-21 19:05:00,251285,,720261,0,,0,,CORRECT_TOTAL_0_720261
2972235,1,2026-05-21 19:06:00,251286,,720262,0,,0,,CORRECT_TOTAL_0_720262
2972236,1,2026-05-21 19:07:00,251286,,720262,0,,0,,CORRECT_TOTAL_0_720262
2972237,1,2026-05-21 19:08:00,251287,,720263,0,,0,,CORRECT_TOTAL_0_720263
2972238,1,2026-05-21 19:09:00,251288,,720264,0,,0,,CORRECT_TOTAL_0_720264
2972239,1,2026-05-21 19:10:00,251288,,720264,0,,0,,CORRECT_TOTAL_0_720264
2972240,1,2026-05-21 19:11:00,251289,,720265,0,,0,,CORRECT_TOTAL_0_720265
2972241,1,2026-05-21 19:12:00,251289,,720265,0,,0,,CORRECT_TOTAL_0_720265
2972242,1,2026-05-21 19:13:00,251290,,720266,0,,0,,CORRECT_TOTAL_0_720266
2972243,1,2026-05-21 19:14:00,251291,,720267,0,,0,,CORRECT_TOTAL_0_720267
2972244,1,2026-05-21 19:15:00,251291,,720267,0,,0,,CORRECT_TOTAL_0_720267
2972245,1,2026-05-21 19:16:00,251292,,720268,0,,0,,CORRECT_TOTAL_0_720268
2972247,1,2026-05-21 19:17:00,251292,,720268,0,,0,,CORRECT_TOTAL_0_720268
2972248,1,2026-05-21 19:18:00,251293,,720269,0,,0,,CORRECT_TOTAL_0_720269
2972249,1,2026-05-21 19:19:00,251294,,720270,0,,0,,CORRECT_TOTAL_0_720270
2972250,1,2026-05-21 19:20:00,251294,,720270,0,,0,,CORRECT_TOTAL_0_720270
2972251,1,2026-05-21 19:21:00,251295,,720271,0,,0,,CORRECT_TOTAL_0_720271
2972252,1,2026-05-21 19:22:00,251295,,720271,0,,0,,CORRECT_TOTAL_0_720271
2972253,1,2026-05-21 19:23:00,251295,,720271,0,,0,,CORRECT_TOTAL_0_720271
2972254,1,2026-05-21 19:24:00,251296,,720272,0,,0,,CORRECT_TOTAL_0_720272
2972255,1,2026-05-21 19:25:00,251297,,720273,0,,0,,CORRECT_TOTAL_0_720273
2972256,1,2026-05-21 19:26:00,251297,,720273,0,,0,,CORRECT_TOTAL_0_720273
2972257,1,2026-05-21 19:27:00,251298,,720274,0,,0,,CORRECT_TOTAL_0_720274
2972258,1,2026-05-21 19:28:00,251298,,720274,0,,0,,CORRECT_TOTAL_0_720274
2972259,1,2026-05-21 19:29:00,251299,,720275,0,,0,,CORRECT_TOTAL_0_720275
2972260,1,2026-05-21 19:30:00,251300,,720276,0,,0,,CORRECT_TOTAL_0_720276
2972261,1,2026-05-21 19:31:00,251300,,720276,0,,0,,CORRECT_TOTAL_0_720276
2972262,1,2026-05-21 19:32:00,251301,,720277,0,,0,,CORRECT_TOTAL_0_720277
2972263,1,2026-05-21 19:33:00,251301,,720277,0,,0,,CORRECT_TOTAL_0_720277
2972264,1,2026-05-21 19:34:00,251302,,720278,0,,0,,CORRECT_TOTAL_0_720278
2972265,1,2026-05-21 19:35:00,251303,,720279,0,,0,,CORRECT_TOTAL_0_720279
2972266,1,2026-05-21 19:36:00,251303,,720279,0,,0,,CORRECT_TOTAL_0_720279
2972267,1,2026-05-21 19:37:00,251304,,720280,0,,0,,CORRECT_TOTAL_0_720280
2972268,1,2026-05-21 19:38:00,251304,,720280,0,,0,,CORRECT_TOTAL_0_720280
2972269,1,2026-05-21 19:39:00,251305,,720281,0,,0,,CORRECT_TOTAL_0_720281
2972270,1,2026-05-21 19:40:00,251305,,720281,0,,0,,CORRECT_TOTAL_0_720281
2972271,1,2026-05-21 19:41:00,251306,,720282,0,,0,,CORRECT_TOTAL_0_720282
2972272,1,2026-05-21 19:42:00,251306,,720282,0,,0,,CORRECT_TOTAL_0_720282
2972273,1,2026-05-21 19:43:00,251307,,720283,0,,0,,CORRECT_TOTAL_0_720283
2972274,1,2026-05-21 19:44:00,251307,,720283,0,,0,,CORRECT_TOTAL_0_720283
2972275,1,2026-05-21 19:45:00,251308,,720284,0,,0,,CORRECT_TOTAL_0_720284
2972276,1,2026-05-21 19:46:00,251308,,720284,0,,0,,CORRECT_TOTAL_0_720284
2972277,1,2026-05-21 19:47:00,251309,,720285,0,,0,,CORRECT_TOTAL_0_720285
2972278,1,2026-05-21 19:48:00,251310,,720286,0,,0,,CORRECT_TOTAL_0_720286
2972279,1,2026-05-21 19:49:00,251310,,720286,0,,0,,CORRECT_TOTAL_0_720286
2972280,1,2026-05-21 19:50:00,251311,,720287,0,,0,,CORRECT_TOTAL_0_720287
2972281,1,2026-05-21 19:51:00,251311,,720287,0,,0,,CORRECT_TOTAL_0_720287
2972282,1,2026-05-21 19:52:00,251312,,720288,0,,0,,CORRECT_TOTAL_0_720288
2972283,1,2026-05-21 19:53:00,251313,,720289,0,,0,,CORRECT_TOTAL_0_720289
2972284,1,2026-05-21 19:54:00,251313,,720289,0,,0,,CORRECT_TOTAL_0_720289
2972285,1,2026-05-21 19:55:00,251314,,720290,0,,0,,CORRECT_TOTAL_0_720290
2972286,1,2026-05-21 19:56:00,251314,,720290,0,,0,,CORRECT_TOTAL_0_720290
2972287,1,2026-05-21 19:57:00,251315,,720291,0,,0,,CORRECT_TOTAL_0_720291
2972288,1,2026-05-21 19:58:00,251316,,720292,0,,0,,CORRECT_TOTAL_0_720292
2972289,1,2026-05-21 19:59:00,251316,,720292,0,,0,,CORRECT_TOTAL_0_720292
2972290,1,2026-05-21 20:01:00,251317,,720293,0,,0,,CORRECT_TOTAL_0_720293
2972291,1,2026-05-21 20:02:00,251317,,720293,0,,0,,CORRECT_TOTAL_0_720293
2972292,1,2026-05-21 20:03:00,251318,,720294,0,,0,,CORRECT_TOTAL_0_720294
2972293,1,2026-05-21 20:04:00,251319,,720295,0,,0,,CORRECT_TOTAL_0_720295
2972294,1,2026-05-21 20:05:00,251319,,720295,0,,0,,CORRECT_TOTAL_0_720295
2972295,1,2026-05-21 20:06:00,251320,,720296,0,,0,,CORRECT_TOTAL_0_720296
2972296,1,2026-05-21 20:07:00,251320,,720296,0,,0,,CORRECT_TOTAL_0_720296
2972297,1,2026-05-21 20:08:00,251321,,720297,0,,0,,CORRECT_TOTAL_0_720297
2972298,1,2026-05-21 20:09:00,251322,,720298,0,,0,,CORRECT_TOTAL_0_720298
2972299,1,2026-05-21 20:10:00,251322,,720298,0,,0,,CORRECT_TOTAL_0_720298
2972300,1,2026-05-21 20:11:00,251323,,720299,0,,0,,CORRECT_TOTAL_0_720299
2972301,1,2026-05-21 20:12:00,251323,,720299,0,,0,,CORRECT_TOTAL_0_720299
2972302,1,2026-05-21 20:13:00,251324,,720300,0,,0,,CORRECT_TOTAL_0_720300
2972303,1,2026-05-21 20:14:00,251325,,720301,0,,0,,CORRECT_TOTAL_0_720301
2972304,1,2026-05-21 20:15:00,251325,,720301,0,,0,,CORRECT_TOTAL_0_720301
2972305,1,2026-05-21 20:16:00,251326,,720302,0,,0,,CORRECT_TOTAL_0_720302
2972306,1,2026-05-21 20:17:00,251326,,720302,0,,0,,CORRECT_TOTAL_0_720302
2972307,1,2026-05-21 20:18:00,251327,,720303,0,,0,,CORRECT_TOTAL_0_720303
2972308,1,2026-05-21 20:19:00,251328,,720304,0,,0,,CORRECT_TOTAL_0_720304
2972309,1,2026-05-21 20:20:00,251328,,720304,0,,0,,CORRECT_TOTAL_0_720304
2972310,1,2026-05-21 20:21:00,251328,,720304,0,,0,,CORRECT_TOTAL_0_720304
2972311,1,2026-05-21 20:22:00,251329,,720305,0,,0,,CORRECT_TOTAL_0_720305
2972312,1,2026-05-21 20:23:00,251329,,720305,0,,0,,CORRECT_TOTAL_0_720305
2972313,1,2026-05-21 20:24:00,251330,,720306,0,,0,,CORRECT_TOTAL_0_720306
2972314,1,2026-05-21 20:25:00,251331,,720307,0,,0,,CORRECT_TOTAL_0_720307
2972315,1,2026-05-21 20:26:00,251331,,720307,0,,0,,CORRECT_TOTAL_0_720307
2972316,1,2026-05-21 20:27:00,251332,,720308,0,,0,,CORRECT_TOTAL_0_720308
2972317,1,2026-05-21 20:28:00,251332,,720308,0,,0,,CORRECT_TOTAL_0_720308
2972318,1,2026-05-21 20:29:00,251333,,720309,0,,0,,CORRECT_TOTAL_0_720309
2972319,1,2026-05-21 20:30:00,251334,,720310,0,,0,,CORRECT_TOTAL_0_720310
2972320,1,2026-05-21 20:31:00,251334,,720310,0,,0,,CORRECT_TOTAL_0_720310
2972321,1,2026-05-21 20:32:00,251335,,720311,0,,0,,CORRECT_TOTAL_0_720311
2972322,1,2026-05-21 20:33:00,251335,,720311,0,,0,,CORRECT_TOTAL_0_720311
2972323,1,2026-05-21 20:34:00,251336,,720312,0,,0,,CORRECT_TOTAL_0_720312
2972324,1,2026-05-21 20:35:00,251337,,720313,0,,0,,CORRECT_TOTAL_0_720313
2972325,1,2026-05-21 20:36:00,251337,,720313,0,,0,,CORRECT_TOTAL_0_720313
2972326,1,2026-05-21 20:37:00,251338,,720314,0,,0,,CORRECT_TOTAL_0_720314
2972327,1,2026-05-21 20:38:00,251338,,720314,0,,0,,CORRECT_TOTAL_0_720314
2972328,1,2026-05-21 20:39:00,251339,,720315,0,,0,,CORRECT_TOTAL_0_720315
2972329,1,2026-05-21 20:40:00,251339,,720315,0,,0,,CORRECT_TOTAL_0_720315
2972330,1,2026-05-21 20:41:00,251340,,720316,0,,0,,CORRECT_TOTAL_0_720316
2972331,1,2026-05-21 20:42:00,251340,,720316,0,,0,,CORRECT_TOTAL_0_720316
2972332,1,2026-05-21 20:43:00,251341,,720317,0,,0,,CORRECT_TOTAL_0_720317
2972333,1,2026-05-21 20:44:00,251341,,720317,0,,0,,CORRECT_TOTAL_0_720317
2972334,1,2026-05-21 20:45:00,251342,,720318,0,,0,,CORRECT_TOTAL_0_720318
2972335,1,2026-05-21 20:46:00,251343,,720319,0,,0,,CORRECT_TOTAL_0_720319
2972336,1,2026-05-21 20:47:00,251343,,720319,0,,0,,CORRECT_TOTAL_0_720319
2972337,1,2026-05-21 20:48:00,251344,,720320,0,,0,,CORRECT_TOTAL_0_720320
2972338,1,2026-05-21 20:49:00,251344,,720320,0,,0,,CORRECT_TOTAL_0_720320
2972339,1,2026-05-21 20:50:00,251345,,720321,0,,0,,CORRECT_TOTAL_0_720321
2972340,1,2026-05-21 20:51:00,251345,,720321,0,,0,,CORRECT_TOTAL_0_720321
2972341,1,2026-05-21 20:52:00,251346,,720322,0,,0,,CORRECT_TOTAL_0_720322
2972342,1,2026-05-21 20:53:00,251347,,720323,0,,0,,CORRECT_TOTAL_0_720323
2972343,1,2026-05-21 20:54:00,251347,,720323,0,,0,,CORRECT_TOTAL_0_720323
2972344,1,2026-05-21 20:55:00,251348,,720324,0,,0,,CORRECT_TOTAL_0_720324
2972345,1,2026-05-21 20:56:00,251348,,720324,0,,0,,CORRECT_TOTAL_0_720324
2972346,1,2026-05-21 20:57:00,251349,,720325,0,,0,,CORRECT_TOTAL_0_720325
2972347,1,2026-05-21 20:58:00,251350,,720326,0,,0,,CORRECT_TOTAL_0_720326
2972348,1,2026-05-21 20:59:00,251350,,720326,0,,0,,CORRECT_TOTAL_0_720326
2972349,1,2026-05-21 21:00:00,251351,,720327,0,,0,,CORRECT_TOTAL_0_720327
2972350,1,2026-05-21 21:01:00,251351,,720327,0,,0,,CORRECT_TOTAL_0_720327
2972351,1,2026-05-21 21:02:00,251352,,720328,0,,0,,CORRECT_TOTAL_0_720328
2972352,1,2026-05-21 21:03:00,251352,,720328,0,,0,,CORRECT_TOTAL_0_720328
2972353,1,2026-05-21 21:04:00,251353,,720329,0,,0,,CORRECT_TOTAL_0_720329
2972354,1,2026-05-21 21:05:00,251353,,720329,0,,0,,CORRECT_TOTAL_0_720329
2972355,1,2026-05-21 21:06:00,251354,,720330,0,,0,,CORRECT_TOTAL_0_720330
2972356,1,2026-05-21 21:07:00,251354,,720330,0,,0,,CORRECT_TOTAL_0_720330
2972357,1,2026-05-21 21:08:00,251355,,720331,0,,0,,CORRECT_TOTAL_0_720331
2972358,1,2026-05-21 21:09:00,251356,,720332,0,,0,,CORRECT_TOTAL_0_720332
2972359,1,2026-05-21 21:10:00,251356,,720332,0,,0,,CORRECT_TOTAL_0_720332
2972360,1,2026-05-21 21:11:00,251357,,720333,0,,0,,CORRECT_TOTAL_0_720333
2972361,1,2026-05-21 21:12:00,251357,,720333,0,,0,,CORRECT_TOTAL_0_720333
2972362,1,2026-05-21 21:13:00,251358,,720334,0,,0,,CORRECT_TOTAL_0_720334
2972363,1,2026-05-21 21:14:00,251359,,720335,0,,0,,CORRECT_TOTAL_0_720335
2972364,1,2026-05-21 21:15:00,251359,,720335,0,,0,,CORRECT_TOTAL_0_720335
2972365,1,2026-05-21 21:16:00,251360,,720336,0,,0,,CORRECT_TOTAL_0_720336
2972366,1,2026-05-21 21:17:00,251360,,720336,0,,0,,CORRECT_TOTAL_0_720336
2972367,1,2026-05-21 21:18:00,251361,,720337,0,,0,,CORRECT_TOTAL_0_720337
2972368,1,2026-05-21 21:19:00,251362,,720338,0,,0,,CORRECT_TOTAL_0_720338
2972369,1,2026-05-21 21:20:00,251362,,720338,0,,0,,CORRECT_TOTAL_0_720338
2972370,1,2026-05-21 21:21:00,251363,,720339,0,,0,,CORRECT_TOTAL_0_720339
2972371,1,2026-05-21 21:22:00,251363,,720339,0,,0,,CORRECT_TOTAL_0_720339
2972372,1,2026-05-21 21:23:00,251364,,720340,0,,0,,CORRECT_TOTAL_0_720340
2972373,1,2026-05-21 21:24:00,251365,,720341,0,,0,,CORRECT_TOTAL_0_720341
2972374,1,2026-05-21 21:25:00,251365,,720341,0,,0,,CORRECT_TOTAL_0_720341
2972375,1,2026-05-21 21:26:00,251366,,720342,0,,0,,CORRECT_TOTAL_0_720342
2972376,1,2026-05-21 21:27:00,251366,,720342,0,,0,,CORRECT_TOTAL_0_720342
2972377,1,2026-05-21 21:28:00,251367,,720343,0,,0,,CORRECT_TOTAL_0_720343
2972378,1,2026-05-21 21:29:00,251367,,720343,0,,0,,CORRECT_TOTAL_0_720343
2972379,1,2026-05-21 21:30:00,251368,,720344,0,,0,,CORRECT_TOTAL_0_720344
2972380,1,2026-05-21 21:31:00,251368,,720344,0,,0,,CORRECT_TOTAL_0_720344
2972381,1,2026-05-21 21:32:00,251369,,720345,0,,0,,CORRECT_TOTAL_0_720345
2972382,1,2026-05-21 21:33:00,251369,,720345,0,,0,,CORRECT_TOTAL_0_720345
2972383,1,2026-05-21 21:34:00,251370,,720346,0,,0,,CORRECT_TOTAL_0_720346
2972384,1,2026-05-21 21:35:00,251371,,720347,0,,0,,CORRECT_TOTAL_0_720347
2972385,1,2026-05-21 21:36:00,251371,,720347,0,,0,,CORRECT_TOTAL_0_720347
2972386,1,2026-05-21 21:37:00,251372,,720348,0,,0,,CORRECT_TOTAL_0_720348
2972387,1,2026-05-21 21:38:00,251372,,720348,0,,0,,CORRECT_TOTAL_0_720348
2972388,1,2026-05-21 21:39:00,251373,,720349,0,,0,,CORRECT_TOTAL_0_720349
2972389,1,2026-05-21 21:40:00,251374,,720350,0,,0,,CORRECT_TOTAL_0_720350
2972390,1,2026-05-21 21:41:00,251374,,720350,0,,0,,CORRECT_TOTAL_0_720350
2972391,1,2026-05-21 21:42:00,251375,,720351,0,,0,,CORRECT_TOTAL_0_720351
2972392,1,2026-05-21 21:43:00,251375,,720351,0,,0,,CORRECT_TOTAL_0_720351
2972393,1,2026-05-21 21:44:00,251376,,720352,0,,0,,CORRECT_TOTAL_0_720352
2972394,1,2026-05-21 21:45:00,251377,,720353,0,,0,,CORRECT_TOTAL_0_720353
2972395,1,2026-05-21 21:46:00,251377,,720353,0,,0,,CORRECT_TOTAL_0_720353
2972396,1,2026-05-21 21:47:00,251378,,720354,0,,0,,CORRECT_TOTAL_0_720354
2972397,1,2026-05-21 21:48:00,251378,,720354,0,,0,,CORRECT_TOTAL_0_720354
2972398,1,2026-05-21 21:49:00,251379,,720355,0,,0,,CORRECT_TOTAL_0_720355
2972399,1,2026-05-21 21:50:00,251380,,720356,0,,0,,CORRECT_TOTAL_0_720356
2972400,1,2026-05-21 21:51:00,251380,,720356,0,,0,,CORRECT_TOTAL_0_720356
2972401,1,2026-05-21 21:52:00,251381,,720357,0,,0,,CORRECT_TOTAL_0_720357
2972402,1,2026-05-21 21:53:00,251381,,720357,0,,0,,CORRECT_TOTAL_0_720357
2972403,1,2026-05-21 21:54:00,251382,,720358,0,,0,,CORRECT_TOTAL_0_720358
2972404,1,2026-05-21 21:55:00,251383,,720359,0,,0,,CORRECT_TOTAL_0_720359
2972405,1,2026-05-21 21:56:00,251383,,720359,0,,0,,CORRECT_TOTAL_0_720359
2972406,1,2026-05-21 21:57:00,251384,,720360,0,,0,,CORRECT_TOTAL_0_720360
2972407,1,2026-05-21 21:58:00,251384,,720360,0,,0,,CORRECT_TOTAL_0_720360
2972408,1,2026-05-21 21:59:00,251385,,720361,0,,0,,CORRECT_TOTAL_0_720361
2972409,1,2026-05-21 22:00:00,251385,,720361,0,,0,,CORRECT_TOTAL_0_720361
2972410,1,2026-05-21 22:01:00,251386,,720362,0,,0,,CORRECT_TOTAL_0_720362
2972411,1,2026-05-21 22:02:00,251386,,720362,0,,0,,CORRECT_TOTAL_0_720362
2972412,1,2026-05-21 22:03:00,251387,,720363,0,,0,,CORRECT_TOTAL_0_720363
2972413,1,2026-05-21 22:04:00,251387,,720363,0,,0,,CORRECT_TOTAL_0_720363
2972414,1,2026-05-21 22:05:00,251388,,720364,0,,0,,CORRECT_TOTAL_0_720364
2972415,1,2026-05-21 22:06:00,251389,,720365,0,,0,,CORRECT_TOTAL_0_720365
2972416,1,2026-05-21 22:07:00,251389,,720365,0,,0,,CORRECT_TOTAL_0_720365
2972417,1,2026-05-21 22:08:00,251390,,720366,0,,0,,CORRECT_TOTAL_0_720366
2972418,1,2026-05-21 22:09:00,251390,,720366,0,,0,,CORRECT_TOTAL_0_720366
2972419,1,2026-05-21 22:10:00,251391,,720367,0,,0,,CORRECT_TOTAL_0_720367
2972420,1,2026-05-21 22:11:00,251392,,720368,0,,0,,CORRECT_TOTAL_0_720368
2972421,1,2026-05-21 22:12:00,251392,,720368,0,,0,,CORRECT_TOTAL_0_720368
2972422,1,2026-05-21 22:13:00,251393,,720369,0,,0,,CORRECT_TOTAL_0_720369
2972423,1,2026-05-21 22:14:00,251393,,720369,0,,0,,CORRECT_TOTAL_0_720369
2972424,1,2026-05-21 22:15:00,251394,,720370,0,,0,,CORRECT_TOTAL_0_720370
2972425,1,2026-05-21 22:16:00,251395,,720371,0,,0,,CORRECT_TOTAL_0_720371
2972426,1,2026-05-21 22:17:00,251395,,720371,0,,0,,CORRECT_TOTAL_0_720371
2972427,1,2026-05-21 22:18:00,251396,,720372,0,,0,,CORRECT_TOTAL_0_720372
2972428,1,2026-05-21 22:19:00,251396,,720372,0,,0,,CORRECT_TOTAL_0_720372
2972429,1,2026-05-21 22:20:00,251397,,720373,0,,0,,CORRECT_TOTAL_0_720373
2972430,1,2026-05-21 22:21:00,251398,,720374,0,,0,,CORRECT_TOTAL_0_720374
2972431,1,2026-05-21 22:22:00,251398,,720374,0,,0,,CORRECT_TOTAL_0_720374
2972432,1,2026-05-21 22:23:00,251399,,720375,0,,0,,CORRECT_TOTAL_0_720375
2972433,1,2026-05-21 22:24:00,251399,,720375,0,,0,,CORRECT_TOTAL_0_720375
2972434,1,2026-05-21 22:25:00,251400,,720376,0,,0,,CORRECT_TOTAL_0_720376
2972435,1,2026-05-21 22:26:00,251401,,720377,0,,0,,CORRECT_TOTAL_0_720377
2972436,1,2026-05-21 22:27:00,251401,,720377,0,,0,,CORRECT_TOTAL_0_720377
2972437,1,2026-05-21 22:28:00,251402,,720378,0,,0,,CORRECT_TOTAL_0_720378
2972438,1,2026-05-21 22:29:00,251402,,720378,0,,0,,CORRECT_TOTAL_0_720378
2972439,1,2026-05-21 22:30:00,251402,,720378,0,,0,,CORRECT_TOTAL_0_720378
2972440,1,2026-05-21 22:31:00,251403,,720379,0,,0,,CORRECT_TOTAL_0_720379
2972441,1,2026-05-21 22:32:00,251403,,720379,0,,0,,CORRECT_TOTAL_0_720379
2972442,1,2026-05-21 22:33:00,251404,,720380,0,,0,,CORRECT_TOTAL_0_720380
2972443,1,2026-05-21 22:34:00,251405,,720381,0,,0,,CORRECT_TOTAL_0_720381
2972444,1,2026-05-21 22:35:00,251405,,720381,0,,0,,CORRECT_TOTAL_0_720381
2972445,1,2026-05-21 22:36:00,251406,,720382,0,,0,,CORRECT_TOTAL_0_720382
2972446,1,2026-05-21 22:37:00,251406,,720382,0,,0,,CORRECT_TOTAL_0_720382
2972447,1,2026-05-21 22:38:00,251407,,720383,0,,0,,CORRECT_TOTAL_0_720383
2972448,1,2026-05-21 22:39:00,251408,,720384,0,,0,,CORRECT_TOTAL_0_720384
2972449,1,2026-05-21 22:40:00,251408,,720384,0,,0,,CORRECT_TOTAL_0_720384
2972450,1,2026-05-21 22:41:00,251409,,720385,0,,0,,CORRECT_TOTAL_0_720385
2972451,1,2026-05-21 22:42:00,251410,,720386,0,,0,,CORRECT_TOTAL_0_720386
2972452,1,2026-05-21 22:43:00,251410,,720386,0,,0,,CORRECT_TOTAL_0_720386
2972453,1,2026-05-21 22:44:00,251411,,720387,0,,0,,CORRECT_TOTAL_0_720387
2972454,1,2026-05-21 22:45:00,251411,,720387,0,,0,,CORRECT_TOTAL_0_720387
2972455,1,2026-05-21 22:46:00,251412,,720388,0,,0,,CORRECT_TOTAL_0_720388
2972456,1,2026-05-21 22:47:00,251413,,720389,0,,0,,CORRECT_TOTAL_0_720389
2972457,1,2026-05-21 22:48:00,251413,,720389,0,,0,,CORRECT_TOTAL_0_720389
2972458,1,2026-05-21 22:49:00,251414,,720390,0,,0,,CORRECT_TOTAL_0_720390
2972459,1,2026-05-21 22:50:00,251414,,720390,0,,0,,CORRECT_TOTAL_0_720390
2972460,1,2026-05-21 22:51:00,251415,,720391,0,,0,,CORRECT_TOTAL_0_720391
2972461,1,2026-05-21 22:52:00,251416,,720392,0,,0,,CORRECT_TOTAL_0_720392
2972462,1,2026-05-21 22:53:00,251416,,720392,0,,0,,CORRECT_TOTAL_0_720392
2972463,1,2026-05-21 22:54:00,251417,,720393,0,,0,,CORRECT_TOTAL_0_720393
2972464,1,2026-05-21 22:55:00,251417,,720393,0,,0,,CORRECT_TOTAL_0_720393
2972465,1,2026-05-21 22:56:00,251418,,720394,0,,0,,CORRECT_TOTAL_0_720394
2972466,1,2026-05-21 22:57:00,251419,,720395,0,,0,,CORRECT_TOTAL_0_720395
2972467,1,2026-05-21 22:58:00,251419,,720395,0,,0,,CORRECT_TOTAL_0_720395
2972468,1,2026-05-21 22:59:00,251420,,720396,0,,0,,CORRECT_TOTAL_0_720396
2972469,1,2026-05-21 23:00:00,251420,,720396,0,,0,,CORRECT_TOTAL_0_720396
2972470,1,2026-05-21 23:01:00,251421,,720397,0,,0,,CORRECT_TOTAL_0_720397
2972471,1,2026-05-21 23:02:00,251422,,720398,0,,0,,CORRECT_TOTAL_0_720398
2972472,1,2026-05-21 23:03:00,251422,,720398,0,,0,,CORRECT_TOTAL_0_720398
2972473,1,2026-05-21 23:04:00,251423,,720399,0,,0,,CORRECT_TOTAL_0_720399
2972474,1,2026-05-21 23:05:00,251423,,720399,0,,0,,CORRECT_TOTAL_0_720399
2972475,1,2026-05-21 23:06:00,251424,,720400,0,,0,,CORRECT_TOTAL_0_720400
2972476,1,2026-05-21 23:07:00,251425,,720401,0,,0,,CORRECT_TOTAL_0_720401
2972477,1,2026-05-21 23:08:00,251425,,720401,0,,0,,CORRECT_TOTAL_0_720401
2972478,1,2026-05-21 23:09:00,251426,,720402,0,,0,,CORRECT_TOTAL_0_720402
2972479,1,2026-05-21 23:10:00,251426,,720402,0,,0,,CORRECT_TOTAL_0_720402
2972480,1,2026-05-21 23:11:00,251427,,720403,0,,0,,CORRECT_TOTAL_0_720403
2972481,1,2026-05-21 23:12:00,251427,,720403,0,,0,,CORRECT_TOTAL_0_720403
2972482,1,2026-05-21 23:13:00,251428,,720404,0,,0,,CORRECT_TOTAL_0_720404
2972483,1,2026-05-21 23:14:00,251428,,720404,0,,0,,CORRECT_TOTAL_0_720404
2972484,1,2026-05-21 23:15:00,251429,,720405,0,,0,,CORRECT_TOTAL_0_720405
2972485,1,2026-05-21 23:16:00,251429,,720405,0,,0,,CORRECT_TOTAL_0_720405
2972486,1,2026-05-21 23:17:00,251430,,720406,0,,0,,CORRECT_TOTAL_0_720406
2972487,1,2026-05-21 23:18:00,251431,,720407,0,,0,,CORRECT_TOTAL_0_720407
2972488,1,2026-05-21 23:19:00,251431,,720407,0,,0,,CORRECT_TOTAL_0_720407
2972489,1,2026-05-21 23:20:00,251432,,720408,0,,0,,CORRECT_TOTAL_0_720408
2972490,1,2026-05-21 23:21:00,251432,,720408,0,,0,,CORRECT_TOTAL_0_720408
2972491,1,2026-05-21 23:22:00,251433,,720409,0,,0,,CORRECT_TOTAL_0_720409
2972492,1,2026-05-21 23:23:00,251433,,720409,0,,0,,CORRECT_TOTAL_0_720409
2972493,1,2026-05-21 23:24:00,251434,,720410,0,,0,,CORRECT_TOTAL_0_720410
2972494,1,2026-05-21 23:25:00,251435,,720411,0,,0,,CORRECT_TOTAL_0_720411
2972495,1,2026-05-21 23:26:00,251435,,720411,0,,0,,CORRECT_TOTAL_0_720411
2972496,1,2026-05-21 23:27:00,251436,,720412,0,,0,,CORRECT_TOTAL_0_720412
2972497,1,2026-05-21 23:28:00,251436,,720412,0,,0,,CORRECT_TOTAL_0_720412
2972498,1,2026-05-21 23:29:00,251437,,720413,0,,0,,CORRECT_TOTAL_0_720413
2972499,1,2026-05-21 23:30:00,251438,,720414,0,,0,,CORRECT_TOTAL_0_720414
2972500,1,2026-05-21 23:31:00,251438,,720414,0,,0,,CORRECT_TOTAL_0_720414
2972501,1,2026-05-21 23:32:00,251439,,720415,0,,0,,CORRECT_TOTAL_0_720415
2972502,1,2026-05-21 23:33:00,251439,,720415,0,,0,,CORRECT_TOTAL_0_720415
2972503,1,2026-05-21 23:34:00,251440,,720416,0,,0,,CORRECT_TOTAL_0_720416
2972504,1,2026-05-21 23:35:00,251440,,720416,0,,0,,CORRECT_TOTAL_0_720416
2972505,1,2026-05-21 23:36:00,251441,,720417,0,,0,,CORRECT_TOTAL_0_720417
2972506,1,2026-05-21 23:37:00,251441,,720417,0,,0,,CORRECT_TOTAL_0_720417
2972507,1,2026-05-21 23:38:00,251442,,720418,0,,0,,CORRECT_TOTAL_0_720418
2972508,1,2026-05-21 23:39:00,251442,,720418,0,,0,,CORRECT_TOTAL_0_720418
2972509,1,2026-05-21 23:40:00,251443,,720419,0,,0,,CORRECT_TOTAL_0_720419
2972510,1,2026-05-21 23:41:00,251444,,720420,0,,0,,CORRECT_TOTAL_0_720420
2972511,1,2026-05-21 23:42:00,251444,,720420,0,,0,,CORRECT_TOTAL_0_720420
2972512,1,2026-05-21 23:43:00,251445,,720421,0,,0,,CORRECT_TOTAL_0_720421
2972513,1,2026-05-21 23:44:00,251445,,720421,0,,0,,CORRECT_TOTAL_0_720421
2972514,1,2026-05-21 23:45:00,251446,,720422,0,,0,,CORRECT_TOTAL_0_720422
2972515,1,2026-05-21 23:46:00,251447,,720423,0,,0,,CORRECT_TOTAL_0_720423
2972516,1,2026-05-21 23:47:00,251447,,720423,0,,0,,CORRECT_TOTAL_0_720423
2972517,1,2026-05-21 23:48:00,251448,,720424,0,,0,,CORRECT_TOTAL_0_720424
2972518,1,2026-05-21 23:49:00,251448,,720424,0,,0,,CORRECT_TOTAL_0_720424
2972519,1,2026-05-21 23:50:00,251449,,720425,0,,0,,CORRECT_TOTAL_0_720425
2972520,1,2026-05-21 23:51:00,251450,,720426,0,,0,,CORRECT_TOTAL_0_720426
2972521,1,2026-05-21 23:52:00,251450,,720426,0,,0,,CORRECT_TOTAL_0_720426
2972522,1,2026-05-21 23:53:00,251451,,720427,0,,0,,CORRECT_TOTAL_0_720427
2972523,1,2026-05-21 23:54:00,251451,,720427,0,,0,,CORRECT_TOTAL_0_720427
2972524,1,2026-05-21 23:55:00,251452,,720428,0,,0,,CORRECT_TOTAL_0_720428
2972525,1,2026-05-21 23:56:00,251453,,720429,0,,0,,CORRECT_TOTAL_0_720429
2972526,1,2026-05-21 23:57:00,251453,,720429,0,,0,,CORRECT_TOTAL_0_720429
2972527,1,2026-05-21 23:58:00,251454,,720430,0,,0,,CORRECT_TOTAL_0_720430
2972528,1,2026-05-21 23:59:00,251454,,720430,0,,0,,CORRECT_TOTAL_0_720430
2972529,1,2026-05-22 00:00:00,251455,,720431,0,,0,,CORRECT_TOTAL_0_720431
2972530,1,2026-05-22 00:01:00,251456,,720432,0,,0,,CORRECT_TOTAL_0_720432
2972531,1,2026-05-22 00:02:00,251456,,720432,0,,0,,CORRECT_TOTAL_0_720432
2972532,1,2026-05-22 00:03:00,251457,,720433,0,,0,,CORRECT_TOTAL_0_720433
2972533,1,2026-05-22 00:04:00,251457,,720433,0,,0,,CORRECT_TOTAL_0_720433
2972534,1,2026-05-22 00:05:00,251458,,720434,0,,0,,CORRECT_TOTAL_0_720434
2972535,1,2026-05-22 00:06:00,251459,,720435,0,,0,,CORRECT_TOTAL_0_720435
2972536,1,2026-05-22 00:07:00,251459,,720435,0,,0,,CORRECT_TOTAL_0_720435
2972537,1,2026-05-22 00:08:00,251460,,720436,0,,0,,CORRECT_TOTAL_0_720436
2972538,1,2026-05-22 00:09:00,251460,,720436,0,,0,,CORRECT_TOTAL_0_720436
2972539,1,2026-05-22 00:10:00,251461,,720437,0,,0,,CORRECT_TOTAL_0_720437
2972540,1,2026-05-22 00:11:00,251462,,720438,0,,0,,CORRECT_TOTAL_0_720438
2972541,1,2026-05-22 00:12:00,251462,,720438,0,,0,,CORRECT_TOTAL_0_720438
2972542,1,2026-05-22 00:13:00,251463,,720439,0,,0,,CORRECT_TOTAL_0_720439
2972543,1,2026-05-22 00:14:00,251463,,720439,0,,0,,CORRECT_TOTAL_0_720439
2972544,1,2026-05-22 00:15:00,251464,,720440,0,,0,,CORRECT_TOTAL_0_720440
2972545,1,2026-05-22 00:16:00,251464,,720440,0,,0,,CORRECT_TOTAL_0_720440
2972546,1,2026-05-22 00:17:00,251465,,720441,0,,0,,CORRECT_TOTAL_0_720441
2972547,1,2026-05-22 00:18:00,251466,,720442,0,,0,,CORRECT_TOTAL_0_720442
2972548,1,2026-05-22 00:19:00,251466,,720442,0,,0,,CORRECT_TOTAL_0_720442
2972549,1,2026-05-22 00:20:00,251467,,720443,0,,0,,CORRECT_TOTAL_0_720443
2972550,1,2026-05-22 00:21:00,251467,,720443,0,,0,,CORRECT_TOTAL_0_720443
2972551,1,2026-05-22 00:22:00,251468,,720444,0,,0,,CORRECT_TOTAL_0_720444
2972552,1,2026-05-22 00:23:00,251469,,720445,0,,0,,CORRECT_TOTAL_0_720445
2972553,1,2026-05-22 00:24:00,251469,,720445,0,,0,,CORRECT_TOTAL_0_720445
2972554,1,2026-05-22 00:25:00,251470,,720446,0,,0,,CORRECT_TOTAL_0_720446
2972555,1,2026-05-22 00:26:00,251471,,720447,0,,0,,CORRECT_TOTAL_0_720447
2972556,1,2026-05-22 00:27:00,251471,,720447,0,,0,,CORRECT_TOTAL_0_720447
2972557,1,2026-05-22 00:28:00,251472,,720448,0,,0,,CORRECT_TOTAL_0_720448
2972558,1,2026-05-22 00:29:00,251472,,720448,0,,0,,CORRECT_TOTAL_0_720448
2972559,1,2026-05-22 00:30:00,251473,,720449,0,,0,,CORRECT_TOTAL_0_720449
2972560,1,2026-05-22 00:31:00,251474,,720450,0,,0,,CORRECT_TOTAL_0_720450
2972561,1,2026-05-22 00:32:00,251474,,720450,0,,0,,CORRECT_TOTAL_0_720450
2972562,1,2026-05-22 00:33:00,251475,,720451,0,,0,,CORRECT_TOTAL_0_720451
2972563,1,2026-05-22 00:34:00,251475,,720451,0,,0,,CORRECT_TOTAL_0_720451
2972564,1,2026-05-22 00:35:00,251476,,720452,0,,0,,CORRECT_TOTAL_0_720452
2972565,1,2026-05-22 00:36:00,251477,,720453,0,,0,,CORRECT_TOTAL_0_720453
2972566,1,2026-05-22 00:37:00,251477,,720453,0,,0,,CORRECT_TOTAL_0_720453
2972567,1,2026-05-22 00:38:00,251478,,720454,0,,0,,CORRECT_TOTAL_0_720454
2972568,1,2026-05-22 00:39:00,251478,,720454,0,,0,,CORRECT_TOTAL_0_720454
2972570,1,2026-05-22 00:40:00,251479,,720455,0,,0,,CORRECT_TOTAL_0_720455
2972571,1,2026-05-22 00:41:00,251480,,720456,0,,0,,CORRECT_TOTAL_0_720456
2972572,1,2026-05-22 00:42:00,251480,,720456,0,,0,,CORRECT_TOTAL_0_720456
2972573,1,2026-05-22 00:43:00,251481,,720457,0,,0,,CORRECT_TOTAL_0_720457
2972574,1,2026-05-22 00:44:00,251481,,720457,0,,0,,CORRECT_TOTAL_0_720457
2972575,1,2026-05-22 00:45:00,251482,,720458,0,,0,,CORRECT_TOTAL_0_720458
2972576,1,2026-05-22 00:46:00,251483,,720459,0,,0,,CORRECT_TOTAL_0_720459
2972577,1,2026-05-22 00:47:00,251483,,720459,0,,0,,CORRECT_TOTAL_0_720459
2972578,1,2026-05-22 00:48:00,251484,,720460,0,,0,,CORRECT_TOTAL_0_720460
2972579,1,2026-05-22 00:49:00,251484,,720460,0,,0,,CORRECT_TOTAL_0_720460
2972580,1,2026-05-22 00:50:00,251485,,720461,0,,0,,CORRECT_TOTAL_0_720461
2972581,1,2026-05-22 00:51:00,251486,,720462,0,,0,,CORRECT_TOTAL_0_720462
2972582,1,2026-05-22 00:52:00,251486,,720462,0,,0,,CORRECT_TOTAL_0_720462
2972583,1,2026-05-22 00:53:00,251487,,720463,0,,0,,CORRECT_TOTAL_0_720463
2972584,1,2026-05-22 00:54:00,251487,,720463,0,,0,,CORRECT_TOTAL_0_720463
2972585,1,2026-05-22 00:55:00,251488,,720464,0,,0,,CORRECT_TOTAL_0_720464
2972586,1,2026-05-22 00:56:00,251489,,720465,0,,0,,CORRECT_TOTAL_0_720465
2972587,1,2026-05-22 00:57:00,251489,,720465,0,,0,,CORRECT_TOTAL_0_720465
2972588,1,2026-05-22 00:58:00,251490,,720466,0,,0,,CORRECT_TOTAL_0_720466
2972589,1,2026-05-22 00:59:00,251490,,720466,0,,0,,CORRECT_TOTAL_0_720466
2972590,1,2026-05-22 01:00:00,251491,,720467,0,,0,,CORRECT_TOTAL_0_720467
2972591,1,2026-05-22 01:01:00,251492,,720468,0,,0,,CORRECT_TOTAL_0_720468
2972592,1,2026-05-22 01:02:00,251492,,720468,0,,0,,CORRECT_TOTAL_0_720468
2972593,1,2026-05-22 01:03:00,251493,,720469,0,,0,,CORRECT_TOTAL_0_720469
2972594,1,2026-05-22 01:04:00,251493,,720469,0,,0,,CORRECT_TOTAL_0_720469
2972595,1,2026-05-22 01:05:00,251494,,720470,0,,0,,CORRECT_TOTAL_0_720470
2972596,1,2026-05-22 01:06:00,251495,,720471,0,,0,,CORRECT_TOTAL_0_720471
2972597,1,2026-05-22 01:07:00,251495,,720471,0,,0,,CORRECT_TOTAL_0_720471
2972598,1,2026-05-22 01:08:00,251496,,720472,0,,0,,CORRECT_TOTAL_0_720472
2972599,1,2026-05-22 01:09:00,251496,,720472,0,,0,,CORRECT_TOTAL_0_720472
2972600,1,2026-05-22 01:10:00,251497,,720473,0,,0,,CORRECT_TOTAL_0_720473
2972601,1,2026-05-22 01:11:00,251497,,720473,0,,0,,CORRECT_TOTAL_0_720473
2972602,1,2026-05-22 01:12:00,251498,,720474,0,,0,,CORRECT_TOTAL_0_720474
2972603,1,2026-05-22 01:13:00,251499,,720475,0,,0,,CORRECT_TOTAL_0_720475
2972604,1,2026-05-22 01:14:00,251499,,720475,0,,0,,CORRECT_TOTAL_0_720475
2972605,1,2026-05-22 01:15:00,251500,,720476,0,,0,,CORRECT_TOTAL_0_720476
2972606,1,2026-05-22 01:16:00,251500,,720476,0,,0,,CORRECT_TOTAL_0_720476
2972607,1,2026-05-22 01:17:00,251501,,720477,0,,0,,CORRECT_TOTAL_0_720477
2972608,1,2026-05-22 01:18:00,251502,,720478,0,,0,,CORRECT_TOTAL_0_720478
2972609,1,2026-05-22 01:19:00,251502,,720478,0,,0,,CORRECT_TOTAL_0_720478
2972610,1,2026-05-22 01:20:00,251502,,720478,0,,0,,CORRECT_TOTAL_0_720478
2972611,1,2026-05-22 01:21:00,251503,,720479,0,,0,,CORRECT_TOTAL_0_720479
2972612,1,2026-05-22 01:22:00,251503,,720479,0,,0,,CORRECT_TOTAL_0_720479
2972613,1,2026-05-22 01:23:00,251504,,720480,0,,0,,CORRECT_TOTAL_0_720480
2972614,1,2026-05-22 01:24:00,251505,,720481,0,,0,,CORRECT_TOTAL_0_720481
2972615,1,2026-05-22 01:25:00,251505,,720481,0,,0,,CORRECT_TOTAL_0_720481
2972616,1,2026-05-22 01:26:00,251506,,720482,0,,0,,CORRECT_TOTAL_0_720482
2972617,1,2026-05-22 01:27:00,251506,,720482,0,,0,,CORRECT_TOTAL_0_720482
2972618,1,2026-05-22 01:28:00,251507,,720483,0,,0,,CORRECT_TOTAL_0_720483
2972619,1,2026-05-22 01:29:00,251508,,720484,0,,0,,CORRECT_TOTAL_0_720484
2972620,1,2026-05-22 01:30:00,251508,,720484,0,,0,,CORRECT_TOTAL_0_720484
2972621,1,2026-05-22 01:31:00,251509,,720485,0,,0,,CORRECT_TOTAL_0_720485
2972622,1,2026-05-22 01:32:00,251509,,720485,0,,0,,CORRECT_TOTAL_0_720485
2972623,1,2026-05-22 01:33:00,251510,,720486,0,,0,,CORRECT_TOTAL_0_720486
2972624,1,2026-05-22 01:34:00,251511,,720487,0,,0,,CORRECT_TOTAL_0_720487
2972625,1,2026-05-22 01:35:00,251511,,720487,0,,0,,CORRECT_TOTAL_0_720487
2972626,1,2026-05-22 01:36:00,251512,,720488,0,,0,,CORRECT_TOTAL_0_720488
2972627,1,2026-05-22 01:37:00,251512,,720488,0,,0,,CORRECT_TOTAL_0_720488
2972628,1,2026-05-22 01:38:00,251513,,720489,0,,0,,CORRECT_TOTAL_0_720489
2972629,1,2026-05-22 01:39:00,251514,,720490,0,,0,,CORRECT_TOTAL_0_720490
2972630,1,2026-05-22 01:40:00,251514,,720490,0,,0,,CORRECT_TOTAL_0_720490
2972631,1,2026-05-22 01:41:00,251515,,720491,0,,0,,CORRECT_TOTAL_0_720491
2972632,1,2026-05-22 01:42:00,251515,,720491,0,,0,,CORRECT_TOTAL_0_720491
2972633,1,2026-05-22 01:43:00,251516,,720492,0,,0,,CORRECT_TOTAL_0_720492
2972634,1,2026-05-22 01:44:00,251517,,720493,0,,0,,CORRECT_TOTAL_0_720493
2972635,1,2026-05-22 01:45:00,251517,,720493,0,,0,,CORRECT_TOTAL_0_720493
2972636,1,2026-05-22 01:46:00,251517,,720493,0,,0,,CORRECT_TOTAL_0_720493
2972637,1,2026-05-22 01:47:00,251518,,720494,0,,0,,CORRECT_TOTAL_0_720494
2972638,1,2026-05-22 01:48:00,251518,,720494,0,,0,,CORRECT_TOTAL_0_720494
2972639,1,2026-05-22 01:49:00,251519,,720495,0,,0,,CORRECT_TOTAL_0_720495
2972640,1,2026-05-22 01:50:00,251520,,720496,0,,0,,CORRECT_TOTAL_0_720496
2972641,1,2026-05-22 01:51:00,251520,,720496,0,,0,,CORRECT_TOTAL_0_720496
2972642,1,2026-05-22 01:52:00,251521,,720497,0,,0,,CORRECT_TOTAL_0_720497
2972643,1,2026-05-22 01:53:00,251521,,720497,0,,0,,CORRECT_TOTAL_0_720497
2972644,1,2026-05-22 01:54:00,251522,,720498,0,,0,,CORRECT_TOTAL_0_720498
2972645,1,2026-05-22 01:55:00,251523,,720499,0,,0,,CORRECT_TOTAL_0_720499
2972646,1,2026-05-22 01:56:00,251523,,720499,0,,0,,CORRECT_TOTAL_0_720499
2972647,1,2026-05-22 01:57:00,251524,,720500,0,,0,,CORRECT_TOTAL_0_720500
2972648,1,2026-05-22 01:58:00,251524,,720500,0,,0,,CORRECT_TOTAL_0_720500
2972649,1,2026-05-22 01:59:00,251525,,720501,0,,0,,CORRECT_TOTAL_0_720501
2972650,1,2026-05-22 02:00:00,251526,,720502,0,,0,,CORRECT_TOTAL_0_720502
2972651,1,2026-05-22 02:01:00,251526,,720502,0,,0,,CORRECT_TOTAL_0_720502
2972652,1,2026-05-22 02:02:00,251527,,720503,0,,0,,CORRECT_TOTAL_0_720503
2972653,1,2026-05-22 02:03:00,251527,,720503,0,,0,,CORRECT_TOTAL_0_720503
2972654,1,2026-05-22 02:04:00,251528,,720504,0,,0,,CORRECT_TOTAL_0_720504
2972655,1,2026-05-22 02:05:00,251528,,720504,0,,0,,CORRECT_TOTAL_0_720504
2972656,1,2026-05-22 02:06:00,251529,,720505,0,,0,,CORRECT_TOTAL_0_720505
2972657,1,2026-05-22 02:07:00,251529,,720505,0,,0,,CORRECT_TOTAL_0_720505
2972658,1,2026-05-22 02:08:00,251530,,720506,0,,0,,CORRECT_TOTAL_0_720506
2972659,1,2026-05-22 02:09:00,251530,,720506,0,,0,,CORRECT_TOTAL_0_720506
2972660,1,2026-05-22 02:10:00,251531,,720507,0,,0,,CORRECT_TOTAL_0_720507
2972661,1,2026-05-22 02:11:00,251532,,720508,0,,0,,CORRECT_TOTAL_0_720508
2972662,1,2026-05-22 02:12:00,251532,,720508,0,,0,,CORRECT_TOTAL_0_720508
2972663,1,2026-05-22 02:13:00,251533,,720509,0,,0,,CORRECT_TOTAL_0_720509
2972664,1,2026-05-22 02:14:00,251533,,720509,0,,0,,CORRECT_TOTAL_0_720509
2972665,1,2026-05-22 02:15:00,251534,,720510,0,,0,,CORRECT_TOTAL_0_720510
2972666,1,2026-05-22 02:16:00,251535,,720511,0,,0,,CORRECT_TOTAL_0_720511
2972667,1,2026-05-22 02:17:00,251535,,720511,0,,0,,CORRECT_TOTAL_0_720511
2972668,1,2026-05-22 02:18:00,251536,,720512,0,,0,,CORRECT_TOTAL_0_720512
2972669,1,2026-05-22 02:19:00,251536,,720512,0,,0,,CORRECT_TOTAL_0_720512
2972670,1,2026-05-22 02:20:00,251537,,720513,0,,0,,CORRECT_TOTAL_0_720513
2972671,1,2026-05-22 02:21:00,251538,,720514,0,,0,,CORRECT_TOTAL_0_720514
2972672,1,2026-05-22 02:22:00,251538,,720514,0,,0,,CORRECT_TOTAL_0_720514
2972673,1,2026-05-22 02:23:00,251539,,720515,0,,0,,CORRECT_TOTAL_0_720515
2972674,1,2026-05-22 02:24:00,251539,,720515,0,,0,,CORRECT_TOTAL_0_720515
2972675,1,2026-05-22 02:25:00,251539,,720515,0,,0,,CORRECT_TOTAL_0_720515
2972676,1,2026-05-22 02:26:00,251540,,720516,0,,0,,CORRECT_TOTAL_0_720516
2972677,1,2026-05-22 02:27:00,251540,,720516,0,,0,,CORRECT_TOTAL_0_720516
2972678,1,2026-05-22 02:28:00,251541,,720517,0,,0,,CORRECT_TOTAL_0_720517
2972679,1,2026-05-22 02:29:00,251542,,720518,0,,0,,CORRECT_TOTAL_0_720518
2972680,1,2026-05-22 02:30:00,251542,,720518,0,,0,,CORRECT_TOTAL_0_720518
2972681,1,2026-05-22 02:31:00,251543,,720519,0,,0,,CORRECT_TOTAL_0_720519
2972682,1,2026-05-22 02:32:00,251543,,720519,0,,0,,CORRECT_TOTAL_0_720519
2972683,1,2026-05-22 02:33:00,251544,,720520,0,,0,,CORRECT_TOTAL_0_720520
2972684,1,2026-05-22 02:34:00,251545,,720521,0,,0,,CORRECT_TOTAL_0_720521
2972685,1,2026-05-22 02:35:00,251545,,720521,0,,0,,CORRECT_TOTAL_0_720521
2972686,1,2026-05-22 02:36:00,251546,,720522,0,,0,,CORRECT_TOTAL_0_720522
2972687,1,2026-05-22 02:37:00,251546,,720522,0,,0,,CORRECT_TOTAL_0_720522
2972688,1,2026-05-22 02:38:00,251547,,720523,0,,0,,CORRECT_TOTAL_0_720523
2972689,1,2026-05-22 02:39:00,251548,,720524,0,,0,,CORRECT_TOTAL_0_720524
2972690,1,2026-05-22 02:40:00,251548,,720524,0,,0,,CORRECT_TOTAL_0_720524
2972691,1,2026-05-22 02:41:00,251548,,720524,0,,0,,CORRECT_TOTAL_0_720524
2972692,1,2026-05-22 02:42:00,251549,,720525,0,,0,,CORRECT_TOTAL_0_720525
2972693,1,2026-05-22 02:43:00,251549,,720525,0,,0,,CORRECT_TOTAL_0_720525
2972694,1,2026-05-22 02:44:00,251550,,720526,0,,0,,CORRECT_TOTAL_0_720526
2972695,1,2026-05-22 02:45:00,251551,,720527,0,,0,,CORRECT_TOTAL_0_720527
2972696,1,2026-05-22 02:46:00,251551,,720527,0,,0,,CORRECT_TOTAL_0_720527
2972697,1,2026-05-22 02:47:00,251552,,720528,0,,0,,CORRECT_TOTAL_0_720528
2972698,1,2026-05-22 02:48:00,251552,,720528,0,,0,,CORRECT_TOTAL_0_720528
2972699,1,2026-05-22 02:49:00,251553,,720529,0,,0,,CORRECT_TOTAL_0_720529
2972700,1,2026-05-22 02:50:00,251554,,720530,0,,0,,CORRECT_TOTAL_0_720530
2972701,1,2026-05-22 02:51:00,251554,,720530,0,,0,,CORRECT_TOTAL_0_720530
2972702,1,2026-05-22 02:52:00,251555,,720531,0,,0,,CORRECT_TOTAL_0_720531
2972703,1,2026-05-22 02:53:00,251555,,720531,0,,0,,CORRECT_TOTAL_0_720531
2972704,1,2026-05-22 02:54:00,251556,,720532,0,,0,,CORRECT_TOTAL_0_720532
2972705,1,2026-05-22 02:55:00,251557,,720533,0,,0,,CORRECT_TOTAL_0_720533
2972706,1,2026-05-22 02:56:00,251557,,720533,0,,0,,CORRECT_TOTAL_0_720533
2972707,1,2026-05-22 02:57:00,251558,,720534,0,,0,,CORRECT_TOTAL_0_720534
2972708,1,2026-05-22 02:58:00,251558,,720534,0,,0,,CORRECT_TOTAL_0_720534
2972709,1,2026-05-22 02:59:00,251559,,720535,0,,0,,CORRECT_TOTAL_0_720535
2972710,1,2026-05-22 03:00:00,251560,,720536,0,,0,,CORRECT_TOTAL_0_720536
2972711,1,2026-05-22 03:01:00,251560,,720536,0,,0,,CORRECT_TOTAL_0_720536
2972712,1,2026-05-22 03:02:00,251561,,720537,0,,0,,CORRECT_TOTAL_0_720537
2972713,1,2026-05-22 03:03:00,251561,,720537,0,,0,,CORRECT_TOTAL_0_720537
2972714,1,2026-05-22 03:04:00,251562,,720538,0,,0,,CORRECT_TOTAL_0_720538
2972715,1,2026-05-22 03:05:00,251563,,720539,0,,0,,CORRECT_TOTAL_0_720539
2972716,1,2026-05-22 03:06:00,251563,,720539,0,,0,,CORRECT_TOTAL_0_720539
2972717,1,2026-05-22 03:07:00,251564,,720540,0,,0,,CORRECT_TOTAL_0_720540
2972718,1,2026-05-22 03:08:00,251564,,720540,0,,0,,CORRECT_TOTAL_0_720540
2972719,1,2026-05-22 03:09:00,251565,,720541,0,,0,,CORRECT_TOTAL_0_720541
2972720,1,2026-05-22 03:10:00,251566,,720542,0,,0,,CORRECT_TOTAL_0_720542
2972721,1,2026-05-22 03:11:00,251566,,720542,0,,0,,CORRECT_TOTAL_0_720542
2972722,1,2026-05-22 03:12:00,251567,,720543,0,,0,,CORRECT_TOTAL_0_720543
2972723,1,2026-05-22 03:13:00,251567,,720543,0,,0,,CORRECT_TOTAL_0_720543
2972724,1,2026-05-22 03:14:00,251568,,720544,0,,0,,CORRECT_TOTAL_0_720544
2972725,1,2026-05-22 03:15:00,251569,,720545,0,,0,,CORRECT_TOTAL_0_720545
2972726,1,2026-05-22 03:16:00,251569,,720545,0,,0,,CORRECT_TOTAL_0_720545
2972727,1,2026-05-22 03:17:00,251569,,720545,0,,0,,CORRECT_TOTAL_0_720545
2972728,1,2026-05-22 03:18:00,251570,,720546,0,,0,,CORRECT_TOTAL_0_720546
2972729,1,2026-05-22 03:19:00,251570,,720546,0,,0,,CORRECT_TOTAL_0_720546
2972730,1,2026-05-22 03:20:00,251571,,720547,0,,0,,CORRECT_TOTAL_0_720547
2972731,1,2026-05-22 03:21:00,251572,,720548,0,,0,,CORRECT_TOTAL_0_720548
2972732,1,2026-05-22 03:22:00,251572,,720548,0,,0,,CORRECT_TOTAL_0_720548
2972733,1,2026-05-22 03:23:00,251573,,720549,0,,0,,CORRECT_TOTAL_0_720549
2972734,1,2026-05-22 03:24:00,251573,,720549,0,,0,,CORRECT_TOTAL_0_720549
2972735,1,2026-05-22 03:29:00,251576,,720552,0,,0,,CORRECT_TOTAL_0_720552
2972736,1,2026-05-22 03:30:00,251577,,720553,0,,0,,CORRECT_TOTAL_0_720553
2972737,1,2026-05-22 03:31:00,251578,,720554,0,,0,,CORRECT_TOTAL_0_720554
2972738,1,2026-05-22 03:32:00,251578,,720554,0,,0,,CORRECT_TOTAL_0_720554
2972739,1,2026-05-22 03:33:00,251579,,720555,0,,0,,CORRECT_TOTAL_0_720555
2972740,1,2026-05-22 03:34:00,251579,,720555,0,,0,,CORRECT_TOTAL_0_720555
2972741,1,2026-05-22 03:35:00,251580,,720556,0,,0,,CORRECT_TOTAL_0_720556
2972742,1,2026-05-22 03:36:00,251581,,720557,0,,0,,CORRECT_TOTAL_0_720557
2972743,1,2026-05-22 03:37:00,251581,,720557,0,,0,,CORRECT_TOTAL_0_720557
2972744,1,2026-05-22 03:38:00,251582,,720558,0,,0,,CORRECT_TOTAL_0_720558
2972745,1,2026-05-22 03:39:00,251582,,720558,0,,0,,CORRECT_TOTAL_0_720558
2972746,1,2026-05-22 03:40:00,251583,,720559,0,,0,,CORRECT_TOTAL_0_720559
2972747,1,2026-05-22 03:41:00,251584,,720560,0,,0,,CORRECT_TOTAL_0_720560
2972748,1,2026-05-22 03:42:00,251584,,720560,0,,0,,CORRECT_TOTAL_0_720560
2972749,1,2026-05-22 03:43:00,251585,,720561,0,,0,,CORRECT_TOTAL_0_720561
2972750,1,2026-05-22 03:44:00,251585,,720561,0,,0,,CORRECT_TOTAL_0_720561
2972751,1,2026-05-22 03:45:00,251586,,720562,0,,0,,CORRECT_TOTAL_0_720562
2972752,1,2026-05-22 03:46:00,251587,,720563,0,,0,,CORRECT_TOTAL_0_720563
2972753,1,2026-05-22 03:47:00,251587,,720563,0,,0,,CORRECT_TOTAL_0_720563
2972754,1,2026-05-22 03:48:00,251588,,720564,0,,0,,CORRECT_TOTAL_0_720564
2972755,1,2026-05-22 03:49:00,251588,,720564,0,,0,,CORRECT_TOTAL_0_720564
2972756,1,2026-05-22 03:50:00,251588,,720564,0,,0,,CORRECT_TOTAL_0_720564
2972757,1,2026-05-22 03:51:00,251589,,720565,0,,0,,CORRECT_TOTAL_0_720565
2972758,1,2026-05-22 03:52:00,251590,,720566,0,,0,,CORRECT_TOTAL_0_720566
2972759,1,2026-05-22 03:53:00,251590,,720566,0,,0,,CORRECT_TOTAL_0_720566
2972760,1,2026-05-22 03:54:00,251591,,720567,0,,0,,CORRECT_TOTAL_0_720567
2972761,1,2026-05-22 03:55:00,251591,,720567,0,,0,,CORRECT_TOTAL_0_720567
2972762,1,2026-05-22 03:56:00,251592,,720568,0,,0,,CORRECT_TOTAL_0_720568
2972763,1,2026-05-22 03:57:00,251593,,720569,0,,0,,CORRECT_TOTAL_0_720569
2972764,1,2026-05-22 03:58:00,251593,,720569,0,,0,,CORRECT_TOTAL_0_720569
2972765,1,2026-05-22 03:59:00,251594,,720570,0,,0,,CORRECT_TOTAL_0_720570
2972766,1,2026-05-22 04:00:00,251594,,720570,0,,0,,CORRECT_TOTAL_0_720570
2972767,1,2026-05-22 04:01:00,251595,,720571,0,,0,,CORRECT_TOTAL_0_720571
2972768,1,2026-05-22 04:02:00,251595,,720571,0,,0,,CORRECT_TOTAL_0_720571
2972769,1,2026-05-22 04:03:00,251596,,720572,0,,0,,CORRECT_TOTAL_0_720572
2972770,1,2026-05-22 04:04:00,251597,,720573,0,,0,,CORRECT_TOTAL_0_720573
2972771,1,2026-05-22 04:05:00,251597,,720573,0,,0,,CORRECT_TOTAL_0_720573
2972772,1,2026-05-22 04:06:00,251598,,720574,0,,0,,CORRECT_TOTAL_0_720574
2972773,1,2026-05-22 04:07:00,251599,,720575,0,,0,,CORRECT_TOTAL_0_720575
2972774,1,2026-05-22 04:08:00,251599,,720575,0,,0,,CORRECT_TOTAL_0_720575
2972775,1,2026-05-22 04:09:00,251600,,720576,0,,0,,CORRECT_TOTAL_0_720576
2972776,1,2026-05-22 04:10:00,251600,,720576,0,,0,,CORRECT_TOTAL_0_720576
2972777,1,2026-05-22 04:11:00,251601,,720577,0,,0,,CORRECT_TOTAL_0_720577
2972778,1,2026-05-22 04:12:00,251602,,720578,0,,0,,CORRECT_TOTAL_0_720578
2972779,1,2026-05-22 04:13:00,251602,,720578,0,,0,,CORRECT_TOTAL_0_720578
2972780,1,2026-05-22 04:14:00,251602,,720578,0,,0,,CORRECT_TOTAL_0_720578
2972781,1,2026-05-22 04:15:00,251603,,720579,0,,0,,CORRECT_TOTAL_0_720579
2972782,1,2026-05-22 04:16:00,251603,,720579,0,,0,,CORRECT_TOTAL_0_720579
2972783,1,2026-05-22 04:17:00,251604,,720580,0,,0,,CORRECT_TOTAL_0_720580
2972784,1,2026-05-22 04:18:00,251604,,720580,0,,0,,CORRECT_TOTAL_0_720580
2972785,1,2026-05-22 04:19:00,251605,,720581,0,,0,,CORRECT_TOTAL_0_720581
2972786,1,2026-05-22 04:20:00,251606,,720582,0,,0,,CORRECT_TOTAL_0_720582
2972787,1,2026-05-22 04:21:00,251606,,720582,0,,0,,CORRECT_TOTAL_0_720582
2972788,1,2026-05-22 04:22:00,251607,,720583,0,,0,,CORRECT_TOTAL_0_720583
2972789,1,2026-05-22 04:23:00,251607,,720583,0,,0,,CORRECT_TOTAL_0_720583
2972790,1,2026-05-22 04:24:00,251608,,720584,0,,0,,CORRECT_TOTAL_0_720584
2972791,1,2026-05-22 04:25:00,251609,,720585,0,,0,,CORRECT_TOTAL_0_720585
2972792,1,2026-05-22 04:26:00,251609,,720585,0,,0,,CORRECT_TOTAL_0_720585
2972793,1,2026-05-22 04:27:00,251610,,720586,0,,0,,CORRECT_TOTAL_0_720586
2972794,1,2026-05-22 04:28:00,251610,,720586,0,,0,,CORRECT_TOTAL_0_720586
2972795,1,2026-05-22 04:29:00,251611,,720587,0,,0,,CORRECT_TOTAL_0_720587
2972796,1,2026-05-22 04:30:00,251612,,720588,0,,0,,CORRECT_TOTAL_0_720588
2972797,1,2026-05-22 04:31:00,251612,,720588,0,,0,,CORRECT_TOTAL_0_720588
2972798,1,2026-05-22 04:32:00,251613,,720589,0,,0,,CORRECT_TOTAL_0_720589
2972799,1,2026-05-22 04:33:00,251614,,720590,0,,0,,CORRECT_TOTAL_0_720590
2972800,1,2026-05-22 04:34:00,251614,,720590,0,,0,,CORRECT_TOTAL_0_720590
2972801,1,2026-05-22 04:35:00,251615,,720591,0,,0,,CORRECT_TOTAL_0_720591
2972802,1,2026-05-22 04:36:00,251615,,720591,0,,0,,CORRECT_TOTAL_0_720591
2972803,1,2026-05-22 04:37:00,251616,,720592,0,,0,,CORRECT_TOTAL_0_720592
2972804,1,2026-05-22 04:38:00,251616,,720592,0,,0,,CORRECT_TOTAL_0_720592
2972805,1,2026-05-22 04:39:00,251616,,720592,0,,0,,CORRECT_TOTAL_0_720592
2972806,1,2026-05-22 04:40:00,251617,,720593,0,,0,,CORRECT_TOTAL_0_720593
2972807,1,2026-05-22 04:41:00,251618,,720594,0,,0,,CORRECT_TOTAL_0_720594
2972808,1,2026-05-22 04:42:00,251618,,720594,0,,0,,CORRECT_TOTAL_0_720594
2972809,1,2026-05-22 04:43:00,251619,,720595,0,,0,,CORRECT_TOTAL_0_720595
2972810,1,2026-05-22 04:44:00,251619,,720595,0,,0,,CORRECT_TOTAL_0_720595
2972811,1,2026-05-22 04:45:00,251620,,720596,0,,0,,CORRECT_TOTAL_0_720596
2972812,1,2026-05-22 04:46:00,251621,,720597,0,,0,,CORRECT_TOTAL_0_720597
2972813,1,2026-05-22 04:47:00,251621,,720597,0,,0,,CORRECT_TOTAL_0_720597
2972814,1,2026-05-22 04:48:00,251622,,720598,0,,0,,CORRECT_TOTAL_0_720598
2972815,1,2026-05-22 04:49:00,251622,,720598,0,,0,,CORRECT_TOTAL_0_720598
2972816,1,2026-05-22 04:50:00,251623,,720599,0,,0,,CORRECT_TOTAL_0_720599
2972817,1,2026-05-22 04:51:00,251624,,720600,0,,0,,CORRECT_TOTAL_0_720600
2972818,1,2026-05-22 04:52:00,251624,,720600,0,,0,,CORRECT_TOTAL_0_720600
2972819,1,2026-05-22 04:53:00,251625,,720601,0,,0,,CORRECT_TOTAL_0_720601
2972820,1,2026-05-22 04:54:00,251625,,720601,0,,0,,CORRECT_TOTAL_0_720601
2972821,1,2026-05-22 04:55:00,251626,,720602,0,,0,,CORRECT_TOTAL_0_720602
2972822,1,2026-05-22 04:56:00,251626,,720602,0,,0,,CORRECT_TOTAL_0_720602
2972823,1,2026-05-22 04:57:00,251627,,720603,0,,0,,CORRECT_TOTAL_0_720603
2972824,1,2026-05-22 04:58:00,251627,,720603,0,,0,,CORRECT_TOTAL_0_720603
2972825,1,2026-05-22 04:59:00,251628,,720604,0,,0,,CORRECT_TOTAL_0_720604
2972826,1,2026-05-22 05:00:00,251628,,720604,0,,0,,CORRECT_TOTAL_0_720604
2972827,1,2026-05-22 05:01:00,251629,,720605,0,,0,,CORRECT_TOTAL_0_720605
2972828,1,2026-05-22 05:02:00,251629,,720605,0,,0,,CORRECT_TOTAL_0_720605
2972829,1,2026-05-22 05:03:00,251630,,720606,0,,0,,CORRECT_TOTAL_0_720606
2972830,1,2026-05-22 05:04:00,251631,,720607,0,,0,,CORRECT_TOTAL_0_720607
2972831,1,2026-05-22 05:05:00,251631,,720607,0,,0,,CORRECT_TOTAL_0_720607
2972832,1,2026-05-22 05:06:00,251632,,720608,0,,0,,CORRECT_TOTAL_0_720608
2972833,1,2026-05-22 05:07:00,251632,,720608,0,,0,,CORRECT_TOTAL_0_720608
2972834,1,2026-05-22 05:08:00,251633,,720609,0,,0,,CORRECT_TOTAL_0_720609
2972835,1,2026-05-22 05:09:00,251633,,720609,0,,0,,CORRECT_TOTAL_0_720609
2972836,1,2026-05-22 05:10:00,251634,,720610,0,,0,,CORRECT_TOTAL_0_720610
2972837,1,2026-05-22 05:11:00,251634,,720610,0,,0,,CORRECT_TOTAL_0_720610
2972838,1,2026-05-22 05:12:00,251635,,720611,0,,0,,CORRECT_TOTAL_0_720611
2972839,1,2026-05-22 05:13:00,251635,,720611,0,,0,,CORRECT_TOTAL_0_720611
2972840,1,2026-05-22 05:14:00,251636,,720612,0,,0,,CORRECT_TOTAL_0_720612
2972841,1,2026-05-22 05:15:00,251637,,720613,0,,0,,CORRECT_TOTAL_0_720613
2972842,1,2026-05-22 05:16:00,251637,,720613,0,,0,,CORRECT_TOTAL_0_720613
2972843,1,2026-05-22 05:17:00,251638,,720614,0,,0,,CORRECT_TOTAL_0_720614
2972844,1,2026-05-22 05:18:00,251638,,720614,0,,0,,CORRECT_TOTAL_0_720614
2972845,1,2026-05-22 05:19:00,251639,,720615,0,,0,,CORRECT_TOTAL_0_720615
2972846,1,2026-05-22 05:20:00,251640,,720616,0,,0,,CORRECT_TOTAL_0_720616
2972847,1,2026-05-22 05:21:00,251640,,720616,0,,0,,CORRECT_TOTAL_0_720616
2972848,1,2026-05-22 05:22:00,251640,,720616,0,,0,,CORRECT_TOTAL_0_720616
2972849,1,2026-05-22 05:23:00,251641,,720617,0,,0,,CORRECT_TOTAL_0_720617
2972850,1,2026-05-22 05:24:00,251641,,720617,0,,0,,CORRECT_TOTAL_0_720617
2972851,1,2026-05-22 05:25:00,251642,,720618,0,,0,,CORRECT_TOTAL_0_720618
2972852,1,2026-05-22 05:26:00,251642,,720618,0,,0,,CORRECT_TOTAL_0_720618
2972853,1,2026-05-22 05:27:00,251643,,720619,0,,0,,CORRECT_TOTAL_0_720619
2972854,1,2026-05-22 05:28:00,251644,,720620,0,,0,,CORRECT_TOTAL_0_720620
2972855,1,2026-05-22 05:29:00,251644,,720620,0,,0,,CORRECT_TOTAL_0_720620
2972856,1,2026-05-22 05:30:00,251645,,720621,0,,0,,CORRECT_TOTAL_0_720621
2972857,1,2026-05-22 05:31:00,251645,,720621,0,,0,,CORRECT_TOTAL_0_720621
2972858,1,2026-05-22 05:32:00,251646,,720622,0,,0,,CORRECT_TOTAL_0_720622
2972859,1,2026-05-22 05:33:00,251646,,720622,0,,0,,CORRECT_TOTAL_0_720622
2972860,1,2026-05-22 05:34:00,251647,,720623,0,,0,,CORRECT_TOTAL_0_720623
2972861,1,2026-05-22 05:35:00,251647,,720623,0,,0,,CORRECT_TOTAL_0_720623
2972862,1,2026-05-22 05:36:00,251648,,720624,0,,0,,CORRECT_TOTAL_0_720624
2972863,1,2026-05-22 05:37:00,251648,,720624,0,,0,,CORRECT_TOTAL_0_720624
2972864,1,2026-05-22 05:38:00,251649,,720625,0,,0,,CORRECT_TOTAL_0_720625
2972865,1,2026-05-22 05:39:00,251649,,720625,0,,0,,CORRECT_TOTAL_0_720625
2972866,1,2026-05-22 05:40:00,251650,,720626,0,,0,,CORRECT_TOTAL_0_720626
2972867,1,2026-05-22 05:41:00,251651,,720627,0,,0,,CORRECT_TOTAL_0_720627
2972868,1,2026-05-22 05:42:00,251651,,720627,0,,0,,CORRECT_TOTAL_0_720627
2972869,1,2026-05-22 05:43:00,251652,,720628,0,,0,,CORRECT_TOTAL_0_720628
2972870,1,2026-05-22 05:44:00,251652,,720628,0,,0,,CORRECT_TOTAL_0_720628
2972871,1,2026-05-22 05:45:00,251653,,720629,0,,0,,CORRECT_TOTAL_0_720629
2972872,1,2026-05-22 05:46:00,251653,,720629,0,,0,,CORRECT_TOTAL_0_720629
2972873,1,2026-05-22 05:47:00,251654,,720630,0,,0,,CORRECT_TOTAL_0_720630
2972874,1,2026-05-22 05:48:00,251654,,720630,0,,0,,CORRECT_TOTAL_0_720630
2972875,1,2026-05-22 05:49:00,251655,,720631,0,,0,,CORRECT_TOTAL_0_720631
2972876,1,2026-05-22 05:50:00,251655,,720631,0,,0,,CORRECT_TOTAL_0_720631
2972877,1,2026-05-22 05:51:00,251656,,720632,0,,0,,CORRECT_TOTAL_0_720632
2972878,1,2026-05-22 05:52:00,251656,,720632,0,,0,,CORRECT_TOTAL_0_720632
2972879,1,2026-05-22 05:53:00,251657,,720633,0,,0,,CORRECT_TOTAL_0_720633
2972880,1,2026-05-22 05:54:00,251658,,720634,0,,0,,CORRECT_TOTAL_0_720634
2972881,1,2026-05-22 05:55:00,251658,,720634,0,,0,,CORRECT_TOTAL_0_720634
2972882,1,2026-05-22 05:56:00,251659,,720635,0,,0,,CORRECT_TOTAL_0_720635
2972883,1,2026-05-22 05:57:00,251659,,720635,0,,0,,CORRECT_TOTAL_0_720635
2972884,1,2026-05-22 05:58:00,251660,,720636,0,,0,,CORRECT_TOTAL_0_720636
2972885,1,2026-05-22 05:59:00,251660,,720636,0,,0,,CORRECT_TOTAL_0_720636
2972886,1,2026-05-22 06:00:00,251661,,720637,0,,0,,CORRECT_TOTAL_0_720637
2972887,1,2026-05-22 06:01:00,251661,,720637,0,,0,,CORRECT_TOTAL_0_720637
2972888,1,2026-05-22 06:02:00,251662,,720638,0,,0,,CORRECT_TOTAL_0_720638
2972889,1,2026-05-22 06:03:00,251662,,720638,0,,0,,CORRECT_TOTAL_0_720638
2972890,1,2026-05-22 06:04:00,251663,,720639,0,,0,,CORRECT_TOTAL_0_720639
2972891,1,2026-05-22 06:05:00,251664,,720640,0,,0,,CORRECT_TOTAL_0_720640
2972892,1,2026-05-22 06:06:00,251664,,720640,0,,0,,CORRECT_TOTAL_0_720640
2972893,1,2026-05-22 06:07:00,251665,,720641,0,,0,,CORRECT_TOTAL_0_720641
2972894,1,2026-05-22 06:08:00,251665,,720641,0,,0,,CORRECT_TOTAL_0_720641
2972895,1,2026-05-22 06:09:00,251666,,720642,0,,0,,CORRECT_TOTAL_0_720642
2972896,1,2026-05-22 06:10:00,251667,,720643,0,,0,,CORRECT_TOTAL_0_720643
2972897,1,2026-05-22 06:11:00,251667,,720643,0,,0,,CORRECT_TOTAL_0_720643
2972898,1,2026-05-22 06:12:00,251668,,720644,0,,0,,CORRECT_TOTAL_0_720644
2972899,1,2026-05-22 06:13:00,251668,,720644,0,,0,,CORRECT_TOTAL_0_720644
2972900,1,2026-05-22 06:14:00,251669,,720645,0,,0,,CORRECT_TOTAL_0_720645
2972901,1,2026-05-22 06:15:00,251669,,720645,0,,0,,CORRECT_TOTAL_0_720645
2972902,1,2026-05-22 06:16:00,251670,,720646,0,,0,,CORRECT_TOTAL_0_720646
2972903,1,2026-05-22 06:17:00,251670,,720646,0,,0,,CORRECT_TOTAL_0_720646
2972904,1,2026-05-22 06:18:00,251671,,720647,0,,0,,CORRECT_TOTAL_0_720647
2972905,1,2026-05-22 06:19:00,251671,,720647,0,,0,,CORRECT_TOTAL_0_720647
2972906,1,2026-05-22 06:20:00,251672,,720648,0,,0,,CORRECT_TOTAL_0_720648
2972907,1,2026-05-22 06:21:00,251672,,720648,0,,0,,CORRECT_TOTAL_0_720648
2972908,1,2026-05-22 06:22:00,251673,,720649,0,,0,,CORRECT_TOTAL_0_720649
2972909,1,2026-05-22 06:23:00,251674,,720650,0,,0,,CORRECT_TOTAL_0_720650
2972910,1,2026-05-22 06:24:00,251674,,720650,0,,0,,CORRECT_TOTAL_0_720650
2972911,1,2026-05-22 06:25:00,251675,,720651,0,,0,,CORRECT_TOTAL_0_720651
2972912,1,2026-05-22 06:26:00,251675,,720651,0,,0,,CORRECT_TOTAL_0_720651
2972913,1,2026-05-22 06:27:00,251676,,720652,0,,0,,CORRECT_TOTAL_0_720652
2972914,1,2026-05-22 06:28:00,251677,,720653,0,,0,,CORRECT_TOTAL_0_720653
2972915,1,2026-05-22 06:29:00,251677,,720653,0,,0,,CORRECT_TOTAL_0_720653
2972916,1,2026-05-22 06:30:00,251677,,720653,0,,0,,CORRECT_TOTAL_0_720653
2972917,1,2026-05-22 06:31:00,251678,,720654,0,,0,,CORRECT_TOTAL_0_720654
2972918,1,2026-05-22 06:32:00,251678,,720654,0,,0,,CORRECT_TOTAL_0_720654
2972919,1,2026-05-22 06:33:00,251679,,720655,0,,0,,CORRECT_TOTAL_0_720655
2972920,1,2026-05-22 06:34:00,251680,,720656,0,,0,,CORRECT_TOTAL_0_720656
2972921,1,2026-05-22 06:35:00,251680,,720656,0,,0,,CORRECT_TOTAL_0_720656
2972922,1,2026-05-22 06:36:00,251681,,720657,0,,0,,CORRECT_TOTAL_0_720657
2972923,1,2026-05-22 06:37:00,251681,,720657,0,,0,,CORRECT_TOTAL_0_720657
2972924,1,2026-05-22 06:38:00,251682,,720658,0,,0,,CORRECT_TOTAL_0_720658
2972925,1,2026-05-22 06:39:00,251683,,720659,0,,0,,CORRECT_TOTAL_0_720659
2972926,1,2026-05-22 06:40:00,251683,,720659,0,,0,,CORRECT_TOTAL_0_720659
2972927,1,2026-05-22 06:41:00,251684,,720660,0,,0,,CORRECT_TOTAL_0_720660
2972928,1,2026-05-22 06:42:00,251684,,720660,0,,0,,CORRECT_TOTAL_0_720660
2972929,1,2026-05-22 06:43:00,251685,,720661,0,,0,,CORRECT_TOTAL_0_720661
2972930,1,2026-05-22 06:44:00,251685,,720661,0,,0,,CORRECT_TOTAL_0_720661
2972931,1,2026-05-22 06:45:00,251686,,720662,0,,0,,CORRECT_TOTAL_0_720662
2972932,1,2026-05-22 06:46:00,251686,,720662,0,,0,,CORRECT_TOTAL_0_720662
2972933,1,2026-05-22 06:47:00,251687,,720663,0,,0,,CORRECT_TOTAL_0_720663
2972934,1,2026-05-22 06:48:00,251687,,720663,0,,0,,CORRECT_TOTAL_0_720663
2972935,1,2026-05-22 06:49:00,251688,,720664,0,,0,,CORRECT_TOTAL_0_720664
2972936,1,2026-05-22 06:50:00,251689,,720665,0,,0,,CORRECT_TOTAL_0_720665
2972937,1,2026-05-22 06:51:00,251689,,720665,0,,0,,CORRECT_TOTAL_0_720665
2972938,1,2026-05-22 06:52:00,251690,,720666,0,,0,,CORRECT_TOTAL_0_720666
2972939,1,2026-05-22 06:53:00,251690,,720666,0,,0,,CORRECT_TOTAL_0_720666
2972940,1,2026-05-22 06:54:00,251691,,720667,0,,0,,CORRECT_TOTAL_0_720667
2972941,1,2026-05-22 06:55:00,251691,,720667,0,,0,,CORRECT_TOTAL_0_720667
2972942,1,2026-05-22 06:56:00,251692,,720668,0,,0,,CORRECT_TOTAL_0_720668
2972943,1,2026-05-22 06:57:00,251693,,720669,0,,0,,CORRECT_TOTAL_0_720669
2972944,1,2026-05-22 06:58:00,251693,,720669,0,,0,,CORRECT_TOTAL_0_720669
2972945,1,2026-05-22 06:59:00,251694,,720670,0,,0,,CORRECT_TOTAL_0_720670
2972946,1,2026-05-22 07:00:00,251694,,720670,0,,0,,CORRECT_TOTAL_0_720670
2972947,1,2026-05-22 07:01:00,251694,,720670,0,,0,,CORRECT_TOTAL_0_720670
2972948,1,2026-05-22 07:02:00,251695,,720671,0,,0,,CORRECT_TOTAL_0_720671
2972949,1,2026-05-22 07:03:00,251696,,720672,0,,0,,CORRECT_TOTAL_0_720672
2972950,1,2026-05-22 07:04:00,251696,,720672,0,,0,,CORRECT_TOTAL_0_720672
2972951,1,2026-05-22 07:05:00,251697,,720673,0,,0,,CORRECT_TOTAL_0_720673
2972952,1,2026-05-22 07:06:00,251697,,720673,0,,0,,CORRECT_TOTAL_0_720673
2972953,1,2026-05-22 07:07:00,251698,,720674,0,,0,,CORRECT_TOTAL_0_720674
2972954,1,2026-05-22 07:08:00,251699,,720675,0,,0,,CORRECT_TOTAL_0_720675
2972955,1,2026-05-22 07:09:00,251699,,720675,0,,0,,CORRECT_TOTAL_0_720675
2972956,1,2026-05-22 07:10:00,251700,,720676,0,,0,,CORRECT_TOTAL_0_720676
2972957,1,2026-05-22 07:11:00,251700,,720676,0,,0,,CORRECT_TOTAL_0_720676
2972958,1,2026-05-22 07:12:00,251701,,720677,0,,0,,CORRECT_TOTAL_0_720677
2972959,1,2026-05-22 07:13:00,251701,,720677,0,,0,,CORRECT_TOTAL_0_720677
2972960,1,2026-05-22 07:14:00,251702,,720678,0,,0,,CORRECT_TOTAL_0_720678
2972961,1,2026-05-22 07:15:00,251702,,720678,0,,0,,CORRECT_TOTAL_0_720678
2972962,1,2026-05-22 07:16:00,251703,,720679,0,,0,,CORRECT_TOTAL_0_720679
2972963,1,2026-05-22 07:17:00,251703,,720679,0,,0,,CORRECT_TOTAL_0_720679
2972964,1,2026-05-22 07:18:00,251704,,720680,0,,0,,CORRECT_TOTAL_0_720680
2972965,1,2026-05-22 07:19:00,251705,,720681,0,,0,,CORRECT_TOTAL_0_720681
2972966,1,2026-05-22 07:20:00,251705,,720681,0,,0,,CORRECT_TOTAL_0_720681
2972967,1,2026-05-22 07:21:00,251706,,720682,0,,0,,CORRECT_TOTAL_0_720682
2972968,1,2026-05-22 07:22:00,251706,,720682,0,,0,,CORRECT_TOTAL_0_720682
2972969,1,2026-05-22 07:23:00,251707,,720683,0,,0,,CORRECT_TOTAL_0_720683
2972970,1,2026-05-22 07:24:00,251708,,720684,0,,0,,CORRECT_TOTAL_0_720684
2972971,1,2026-05-22 07:25:00,251708,,720684,0,,0,,CORRECT_TOTAL_0_720684
2972972,1,2026-05-22 07:26:00,251709,,720685,0,,0,,CORRECT_TOTAL_0_720685
2972973,1,2026-05-22 07:27:00,251709,,720685,0,,0,,CORRECT_TOTAL_0_720685
2972974,1,2026-05-22 07:28:00,251710,,720686,0,,0,,CORRECT_TOTAL_0_720686
2972975,1,2026-05-22 07:29:00,251710,,720686,0,,0,,CORRECT_TOTAL_0_720686
2972976,1,2026-05-22 07:30:00,251710,,720686,0,,0,,CORRECT_TOTAL_0_720686
2972977,1,2026-05-22 07:31:00,251711,,720687,0,,0,,CORRECT_TOTAL_0_720687
2972978,1,2026-05-22 07:32:00,251712,,720688,0,,0,,CORRECT_TOTAL_0_720688
2972979,1,2026-05-22 07:33:00,251712,,720688,0,,0,,CORRECT_TOTAL_0_720688
2972980,1,2026-05-22 07:34:00,251713,,720689,0,,0,,CORRECT_TOTAL_0_720689
2972981,1,2026-05-22 07:35:00,251713,,720689,0,,0,,CORRECT_TOTAL_0_720689
2972982,1,2026-05-22 07:36:00,251714,,720690,0,,0,,CORRECT_TOTAL_0_720690
2972983,1,2026-05-22 07:37:00,251715,,720691,0,,0,,CORRECT_TOTAL_0_720691
2972984,1,2026-05-22 07:38:00,251715,,720691,0,,0,,CORRECT_TOTAL_0_720691
2972985,1,2026-05-22 07:39:00,251716,,720692,0,,0,,CORRECT_TOTAL_0_720692
2972986,1,2026-05-22 07:40:00,251716,,720692,0,,0,,CORRECT_TOTAL_0_720692
2972987,1,2026-05-22 07:41:00,251717,,720693,0,,0,,CORRECT_TOTAL_0_720693
2972988,1,2026-05-22 07:42:00,251717,,720693,0,,0,,CORRECT_TOTAL_0_720693
2972989,1,2026-05-22 07:43:00,251718,,720694,0,,0,,CORRECT_TOTAL_0_720694
2972990,1,2026-05-22 07:44:00,251718,,720694,0,,0,,CORRECT_TOTAL_0_720694
2972991,1,2026-05-22 07:45:00,251719,,720695,0,,0,,CORRECT_TOTAL_0_720695
2972992,1,2026-05-22 07:46:00,251719,,720695,0,,0,,CORRECT_TOTAL_0_720695
2972993,1,2026-05-22 07:47:00,251720,,720696,0,,0,,CORRECT_TOTAL_0_720696
2972994,1,2026-05-22 07:48:00,251721,,720697,0,,0,,CORRECT_TOTAL_0_720697
2972995,1,2026-05-22 07:49:00,251721,,720697,0,,0,,CORRECT_TOTAL_0_720697
2972996,1,2026-05-22 07:50:00,251722,,720698,0,,0,,CORRECT_TOTAL_0_720698
2972997,1,2026-05-22 07:51:00,251722,,720698,0,,0,,CORRECT_TOTAL_0_720698
2972998,1,2026-05-22 07:52:00,251723,,720699,0,,0,,CORRECT_TOTAL_0_720699
2972999,1,2026-05-22 07:53:00,251724,,720700,0,,0,,CORRECT_TOTAL_0_720700
2973000,1,2026-05-22 07:54:00,251724,,720700,0,,0,,CORRECT_TOTAL_0_720700
2973001,1,2026-05-22 07:55:00,251725,,720701,0,,0,,CORRECT_TOTAL_0_720701
2973002,1,2026-05-22 07:56:00,251725,,720701,0,,0,,CORRECT_TOTAL_0_720701
2973003,1,2026-05-22 07:57:00,251725,,720701,0,,0,,CORRECT_TOTAL_0_720701
2973004,1,2026-05-22 07:58:00,251726,,720702,0,,0,,CORRECT_TOTAL_0_720702
2973005,1,2026-05-22 07:59:00,251726,,720702,0,,0,,CORRECT_TOTAL_0_720702
2973006,1,2026-05-22 08:00:00,251727,,720703,0,,0,,CORRECT_TOTAL_0_720703
2973007,1,2026-05-22 08:01:00,251728,,720704,0,,0,,CORRECT_TOTAL_0_720704
2973008,1,2026-05-22 08:02:00,251728,,720704,0,,0,,CORRECT_TOTAL_0_720704
2973009,1,2026-05-22 08:03:00,251729,,720705,0,,0,,CORRECT_TOTAL_0_720705
2973010,1,2026-05-22 08:04:00,251729,,720705,0,,0,,CORRECT_TOTAL_0_720705
2973011,1,2026-05-22 08:05:00,251730,,720706,0,,0,,CORRECT_TOTAL_0_720706
2973012,1,2026-05-22 08:06:00,251731,,720707,0,,0,,CORRECT_TOTAL_0_720707
2973013,1,2026-05-22 08:07:00,251731,,720707,0,,0,,CORRECT_TOTAL_0_720707
2973014,1,2026-05-22 08:08:00,251732,,720708,0,,0,,CORRECT_TOTAL_0_720708
2973015,1,2026-05-22 08:09:00,251732,,720708,0,,0,,CORRECT_TOTAL_0_720708
2973016,1,2026-05-22 08:10:00,251733,,720709,0,,0,,CORRECT_TOTAL_0_720709
2973017,1,2026-05-22 08:11:00,251733,,720709,0,,0,,CORRECT_TOTAL_0_720709
2973018,1,2026-05-22 08:12:00,251733,,720709,0,,0,,CORRECT_TOTAL_0_720709
2973019,1,2026-05-22 08:13:00,251734,,720710,0,,0,,CORRECT_TOTAL_0_720710
2973020,1,2026-05-22 08:14:00,251735,,720711,0,,0,,CORRECT_TOTAL_0_720711
2973021,1,2026-05-22 08:15:00,251735,,720711,0,,0,,CORRECT_TOTAL_0_720711
2973022,1,2026-05-22 08:16:00,251736,,720712,0,,0,,CORRECT_TOTAL_0_720712
2973023,1,2026-05-22 08:17:00,251736,,720712,0,,0,,CORRECT_TOTAL_0_720712
2973024,1,2026-05-22 08:18:00,251737,,720713,0,,0,,CORRECT_TOTAL_0_720713
2973025,1,2026-05-22 08:19:00,251738,,720714,0,,0,,CORRECT_TOTAL_0_720714
2973026,1,2026-05-22 08:20:00,251738,,720714,0,,0,,CORRECT_TOTAL_0_720714
2973027,1,2026-05-22 08:21:00,251739,,720715,0,,0,,CORRECT_TOTAL_0_720715
2973028,1,2026-05-22 08:22:00,251739,,720715,0,,0,,CORRECT_TOTAL_0_720715
2973029,1,2026-05-22 08:23:00,251740,,720716,0,,0,,CORRECT_TOTAL_0_720716
2973030,1,2026-05-22 08:24:00,251740,,720716,0,,0,,CORRECT_TOTAL_0_720716
2973031,1,2026-05-22 08:25:00,251740,,720716,0,,0,,CORRECT_TOTAL_0_720716
2973032,1,2026-05-22 08:26:00,251741,,720717,0,,0,,CORRECT_TOTAL_0_720717
2973033,1,2026-05-22 08:27:00,251742,,720718,0,,0,,CORRECT_TOTAL_0_720718
2973034,1,2026-05-22 08:28:00,251742,,720718,0,,0,,CORRECT_TOTAL_0_720718
2973035,1,2026-05-22 08:29:00,251743,,720719,0,,0,,CORRECT_TOTAL_0_720719
2973036,1,2026-05-22 08:30:00,251743,,720719,0,,0,,CORRECT_TOTAL_0_720719
2973037,1,2026-05-22 08:31:00,251744,,720720,0,,0,,CORRECT_TOTAL_0_720720
2973038,1,2026-05-22 08:32:00,251745,,720721,0,,0,,CORRECT_TOTAL_0_720721
2973039,1,2026-05-22 08:33:00,251745,,720721,0,,0,,CORRECT_TOTAL_0_720721
2973040,1,2026-05-22 08:34:00,251745,,720721,0,,0,,CORRECT_TOTAL_0_720721
2973041,1,2026-05-22 08:35:00,251746,,720722,0,,0,,CORRECT_TOTAL_0_720722
2973042,1,2026-05-22 08:36:00,251746,,720722,0,,0,,CORRECT_TOTAL_0_720722
2973043,1,2026-05-22 08:37:00,251747,,720723,0,,0,,CORRECT_TOTAL_0_720723
2973044,1,2026-05-22 08:38:00,251747,,720723,0,,0,,CORRECT_TOTAL_0_720723
2973045,1,2026-05-22 08:39:00,251748,,720724,0,,0,,CORRECT_TOTAL_0_720724
2973046,1,2026-05-22 08:40:00,251749,,720725,0,,0,,CORRECT_TOTAL_0_720725
2973047,1,2026-05-22 08:41:00,251749,,720725,0,,0,,CORRECT_TOTAL_0_720725
2973048,1,2026-05-22 08:42:00,251750,,720726,0,,0,,CORRECT_TOTAL_0_720726
2973049,1,2026-05-22 08:43:00,251750,,720726,0,,0,,CORRECT_TOTAL_0_720726
2973050,1,2026-05-22 08:44:00,251751,,720727,0,,0,,CORRECT_TOTAL_0_720727
2973051,1,2026-05-22 08:45:00,251751,,720727,0,,0,,CORRECT_TOTAL_0_720727
2973052,1,2026-05-22 08:46:00,251752,,720728,0,,0,,CORRECT_TOTAL_0_720728
2973053,1,2026-05-22 08:47:00,251752,,720728,0,,0,,CORRECT_TOTAL_0_720728
2973054,1,2026-05-22 08:48:00,251753,,720729,0,,0,,CORRECT_TOTAL_0_720729
2973055,1,2026-05-22 08:49:00,251753,,720729,0,,0,,CORRECT_TOTAL_0_720729
2973056,1,2026-05-22 08:50:00,251754,,720730,0,,0,,CORRECT_TOTAL_0_720730
2973057,1,2026-05-22 08:51:00,251754,,720730,0,,0,,CORRECT_TOTAL_0_720730
2973058,1,2026-05-22 08:52:00,251755,,720731,0,,0,,CORRECT_TOTAL_0_720731
2973059,1,2026-05-22 08:53:00,251756,,720732,0,,0,,CORRECT_TOTAL_0_720732
2973060,1,2026-05-22 08:54:00,251756,,720732,0,,0,,CORRECT_TOTAL_0_720732
2973061,1,2026-05-22 08:55:00,251757,,720733,0,,0,,CORRECT_TOTAL_0_720733
2973062,1,2026-05-22 08:56:00,251757,,720733,0,,0,,CORRECT_TOTAL_0_720733
2973063,1,2026-05-22 08:57:00,251757,,720733,0,,0,,CORRECT_TOTAL_0_720733
2973064,1,2026-05-22 08:58:00,251758,,720734,0,,0,,CORRECT_TOTAL_0_720734
2973065,1,2026-05-22 08:59:00,251758,,720734,0,,0,,CORRECT_TOTAL_0_720734
2973066,1,2026-05-22 09:00:00,251759,,720735,0,,0,,CORRECT_TOTAL_0_720735
2973067,1,2026-05-22 09:01:00,251760,,720736,0,,0,,CORRECT_TOTAL_0_720736
2973068,1,2026-05-22 09:02:00,251760,,720736,0,,0,,CORRECT_TOTAL_0_720736
2973069,1,2026-05-22 09:03:00,251761,,720737,0,,0,,CORRECT_TOTAL_0_720737
2973070,1,2026-05-22 09:04:00,251761,,720737,0,,0,,CORRECT_TOTAL_0_720737
2973071,1,2026-05-22 09:05:00,251762,,720738,0,,0,,CORRECT_TOTAL_0_720738
2973072,1,2026-05-22 09:06:00,251762,,720738,0,,0,,CORRECT_TOTAL_0_720738
2973073,1,2026-05-22 09:07:00,251763,,720739,0,,0,,CORRECT_TOTAL_0_720739
2973074,1,2026-05-22 09:08:00,251763,,720739,0,,0,,CORRECT_TOTAL_0_720739
2973075,1,2026-05-22 09:09:00,251763,,720739,0,,0,,CORRECT_TOTAL_0_720739
2973076,1,2026-05-22 09:10:00,251764,,720740,0,,0,,CORRECT_TOTAL_0_720740
2973077,1,2026-05-22 09:11:00,251765,,720741,0,,0,,CORRECT_TOTAL_0_720741
2973078,1,2026-05-22 09:12:00,251765,,720741,0,,0,,CORRECT_TOTAL_0_720741
2973079,1,2026-05-22 09:13:00,251766,,720742,0,,0,,CORRECT_TOTAL_0_720742
2973080,1,2026-05-22 09:14:00,251766,,720742,0,,0,,CORRECT_TOTAL_0_720742
2973081,1,2026-05-22 09:15:00,251767,,720743,0,,0,,CORRECT_TOTAL_0_720743
2973082,1,2026-05-22 09:16:00,251768,,720744,0,,0,,CORRECT_TOTAL_0_720744
2973083,1,2026-05-22 09:17:00,251768,,720744,0,,0,,CORRECT_TOTAL_0_720744
2973084,1,2026-05-22 09:18:00,251769,,720745,0,,0,,CORRECT_TOTAL_0_720745
2973085,1,2026-05-22 09:19:00,251769,,720745,0,,0,,CORRECT_TOTAL_0_720745
2973086,1,2026-05-22 09:20:00,251769,,720745,0,,0,,CORRECT_TOTAL_0_720745
2973087,1,2026-05-22 09:21:00,251770,,720746,0,,0,,CORRECT_TOTAL_0_720746
2973088,1,2026-05-22 09:22:00,251770,,720746,0,,0,,CORRECT_TOTAL_0_720746
2973089,1,2026-05-22 09:23:00,251771,,720747,0,,0,,CORRECT_TOTAL_0_720747
2973090,1,2026-05-22 09:24:00,251772,,720748,0,,0,,CORRECT_TOTAL_0_720748
2973091,1,2026-05-22 09:25:00,251772,,720748,0,,0,,CORRECT_TOTAL_0_720748
2973092,1,2026-05-22 09:26:00,251773,,720749,0,,0,,CORRECT_TOTAL_0_720749
2973093,1,2026-05-22 09:27:00,251773,,720749,0,,0,,CORRECT_TOTAL_0_720749
2973094,1,2026-05-22 09:28:00,251774,,720750,0,,0,,CORRECT_TOTAL_0_720750
2973095,1,2026-05-22 09:29:00,251774,,720750,0,,0,,CORRECT_TOTAL_0_720750
2973096,1,2026-05-22 09:30:00,251775,,720751,0,,0,,CORRECT_TOTAL_0_720751
2973097,1,2026-05-22 09:31:00,251775,,720751,0,,0,,CORRECT_TOTAL_0_720751
2973098,1,2026-05-22 09:32:00,251776,,720752,0,,0,,CORRECT_TOTAL_0_720752
2973099,1,2026-05-22 09:33:00,251776,,720752,0,,0,,CORRECT_TOTAL_0_720752
2973100,1,2026-05-22 09:34:00,251777,,720753,0,,0,,CORRECT_TOTAL_0_720753
2973101,1,2026-05-22 09:35:00,251777,,720753,0,,0,,CORRECT_TOTAL_0_720753
2973102,1,2026-05-22 09:36:00,251778,,720754,0,,0,,CORRECT_TOTAL_0_720754
2973103,1,2026-05-22 09:37:00,251779,,720755,0,,0,,CORRECT_TOTAL_0_720755
2973104,1,2026-05-22 09:38:00,251779,,720755,0,,0,,CORRECT_TOTAL_0_720755
2973105,1,2026-05-22 09:39:00,251780,,720756,0,,0,,CORRECT_TOTAL_0_720756
2973106,1,2026-05-22 09:40:00,251780,,720756,0,,0,,CORRECT_TOTAL_0_720756
2973107,1,2026-05-22 09:41:00,251780,,720756,0,,0,,CORRECT_TOTAL_0_720756
2973108,1,2026-05-22 09:42:00,251781,,720757,0,,0,,CORRECT_TOTAL_0_720757
2973109,1,2026-05-22 09:43:00,251781,,720757,0,,0,,CORRECT_TOTAL_0_720757
2973110,1,2026-05-22 09:44:00,251782,,720758,0,,0,,CORRECT_TOTAL_0_720758
2973111,1,2026-05-22 09:45:00,251783,,720759,0,,0,,CORRECT_TOTAL_0_720759
2973112,1,2026-05-22 09:46:00,251783,,720759,0,,0,,CORRECT_TOTAL_0_720759
2973113,1,2026-05-22 09:47:00,251784,,720760,0,,0,,CORRECT_TOTAL_0_720760
2973114,1,2026-05-22 09:48:00,251784,,720760,0,,0,,CORRECT_TOTAL_0_720760
2973115,1,2026-05-22 09:49:00,251785,,720761,0,,0,,CORRECT_TOTAL_0_720761
2973116,1,2026-05-22 09:50:00,251786,,720762,0,,0,,CORRECT_TOTAL_0_720762
2973117,1,2026-05-22 09:51:00,251786,,720762,0,,0,,CORRECT_TOTAL_0_720762
2973118,1,2026-05-22 09:52:00,251786,,720762,0,,0,,CORRECT_TOTAL_0_720762
2973119,1,2026-05-22 09:53:00,251787,,720763,0,,0,,CORRECT_TOTAL_0_720763
2973120,1,2026-05-22 09:54:00,251787,,720763,0,,0,,CORRECT_TOTAL_0_720763
2973121,1,2026-05-22 09:55:00,251788,,720764,0,,0,,CORRECT_TOTAL_0_720764
2973122,1,2026-05-22 09:56:00,251788,,720764,0,,0,,CORRECT_TOTAL_0_720764
2973123,1,2026-05-22 09:57:00,251789,,720765,0,,0,,CORRECT_TOTAL_0_720765
2973124,1,2026-05-22 09:58:00,251790,,720766,0,,0,,CORRECT_TOTAL_0_720766
2973125,1,2026-05-22 09:59:00,251790,,720766,0,,0,,CORRECT_TOTAL_0_720766
2973126,1,2026-05-22 10:00:00,251791,,720767,0,,0,,CORRECT_TOTAL_0_720767
2973127,1,2026-05-22 10:01:00,251791,,720767,0,,0,,CORRECT_TOTAL_0_720767
2973128,1,2026-05-22 10:02:00,251792,,720768,0,,0,,CORRECT_TOTAL_0_720768
2973129,1,2026-05-22 10:03:00,251792,,720768,0,,0,,CORRECT_TOTAL_0_720768
2973130,1,2026-05-22 10:04:00,251792,,720768,0,,0,,CORRECT_TOTAL_0_720768
2973131,1,2026-05-22 10:05:00,251793,,720769,0,,0,,CORRECT_TOTAL_0_720769
2973132,1,2026-05-22 10:06:00,251794,,720770,0,,0,,CORRECT_TOTAL_0_720770
2973133,1,2026-05-22 10:07:00,251794,,720770,0,,0,,CORRECT_TOTAL_0_720770
2973134,1,2026-05-22 10:08:00,251795,,720771,0,,0,,CORRECT_TOTAL_0_720771
2973135,1,2026-05-22 10:09:00,251795,,720771,0,,0,,CORRECT_TOTAL_0_720771
2973136,1,2026-05-22 10:10:00,251796,,720772,0,,0,,CORRECT_TOTAL_0_720772
2973137,1,2026-05-22 10:11:00,251796,,720772,0,,0,,CORRECT_TOTAL_0_720772
2973138,1,2026-05-22 10:12:00,251797,,720773,0,,0,,CORRECT_TOTAL_0_720773
2973139,1,2026-05-22 10:13:00,251797,,720773,0,,0,,CORRECT_TOTAL_0_720773
2973140,1,2026-05-22 10:14:00,251798,,720774,0,,0,,CORRECT_TOTAL_0_720774
2973141,1,2026-05-22 10:15:00,251798,,720774,0,,0,,CORRECT_TOTAL_0_720774
2973142,1,2026-05-22 10:16:00,251799,,720775,0,,0,,CORRECT_TOTAL_0_720775
2973143,1,2026-05-22 10:17:00,251799,,720775,0,,0,,CORRECT_TOTAL_0_720775
2973144,1,2026-05-22 10:18:00,251800,,720776,0,,0,,CORRECT_TOTAL_0_720776
2973145,1,2026-05-22 10:19:00,251801,,720777,0,,0,,CORRECT_TOTAL_0_720777
2973146,1,2026-05-22 10:20:00,251801,,720777,0,,0,,CORRECT_TOTAL_0_720777
2973147,1,2026-05-22 10:21:00,251801,,720777,0,,0,,CORRECT_TOTAL_0_720777
2973148,1,2026-05-22 10:22:00,251802,,720778,0,,0,,CORRECT_TOTAL_0_720778
2973149,1,2026-05-22 10:23:00,251802,,720778,0,,0,,CORRECT_TOTAL_0_720778
2973150,1,2026-05-22 10:24:00,251803,,720779,0,,0,,CORRECT_TOTAL_0_720779
2973151,1,2026-05-22 10:25:00,251803,,720779,0,,0,,CORRECT_TOTAL_0_720779
2973152,1,2026-05-22 10:26:00,251804,,720780,0,,0,,CORRECT_TOTAL_0_720780
2973153,1,2026-05-22 10:27:00,251804,,720780,0,,0,,CORRECT_TOTAL_0_720780
2973154,1,2026-05-22 10:28:00,251805,,720781,0,,0,,CORRECT_TOTAL_0_720781
2973155,1,2026-05-22 10:29:00,251806,,720782,0,,0,,CORRECT_TOTAL_0_720782
2973156,1,2026-05-22 10:30:00,251806,,720782,0,,0,,CORRECT_TOTAL_0_720782
2973157,1,2026-05-22 10:31:00,251807,,720783,0,,0,,CORRECT_TOTAL_0_720783
2973158,1,2026-05-22 10:32:00,251807,,720783,0,,0,,CORRECT_TOTAL_0_720783
2973159,1,2026-05-22 10:33:00,251807,,720783,0,,0,,CORRECT_TOTAL_0_720783
2973160,1,2026-05-22 10:34:00,251808,,720784,0,,0,,CORRECT_TOTAL_0_720784
2973161,1,2026-05-22 10:35:00,251808,,720784,0,,0,,CORRECT_TOTAL_0_720784
2973162,1,2026-05-22 10:36:00,251809,,720785,0,,0,,CORRECT_TOTAL_0_720785
2973163,1,2026-05-22 10:37:00,251810,,720786,0,,0,,CORRECT_TOTAL_0_720786
2973164,1,2026-05-22 10:38:00,251810,,720786,0,,0,,CORRECT_TOTAL_0_720786
2973165,1,2026-05-22 10:39:00,251811,,720787,0,,0,,CORRECT_TOTAL_0_720787
2973166,1,2026-05-22 10:40:00,251811,,720787,0,,0,,CORRECT_TOTAL_0_720787
2973167,1,2026-05-22 10:41:00,251812,,720788,0,,0,,CORRECT_TOTAL_0_720788
2973168,1,2026-05-22 10:42:00,251812,,720788,0,,0,,CORRECT_TOTAL_0_720788
2973169,1,2026-05-22 10:43:00,251812,,720788,0,,0,,CORRECT_TOTAL_0_720788
2973170,1,2026-05-22 10:44:00,251813,,720789,0,,0,,CORRECT_TOTAL_0_720789
2973171,1,2026-05-22 10:45:00,251813,,720789,0,,0,,CORRECT_TOTAL_0_720789
2973172,1,2026-05-22 10:46:00,251814,,720790,0,,0,,CORRECT_TOTAL_0_720790
2973173,1,2026-05-22 10:47:00,251815,,720791,0,,0,,CORRECT_TOTAL_0_720791
2973174,1,2026-05-22 10:48:00,251815,,720791,0,,0,,CORRECT_TOTAL_0_720791
2973175,1,2026-05-22 10:49:00,251816,,720792,0,,0,,CORRECT_TOTAL_0_720792
2973176,1,2026-05-22 10:50:00,251816,,720792,0,,0,,CORRECT_TOTAL_0_720792
2973177,1,2026-05-22 10:51:00,251817,,720793,0,,0,,CORRECT_TOTAL_0_720793
2973178,1,2026-05-22 10:52:00,251817,,720793,0,,0,,CORRECT_TOTAL_0_720793
2973179,1,2026-05-22 10:53:00,251817,,720793,0,,0,,CORRECT_TOTAL_0_720793
2973180,1,2026-05-22 10:54:00,251818,,720794,0,,0,,CORRECT_TOTAL_0_720794
2973181,1,2026-05-22 10:55:00,251819,,720795,0,,0,,CORRECT_TOTAL_0_720795
2973182,1,2026-05-22 10:56:00,251819,,720795,0,,0,,CORRECT_TOTAL_0_720795
2973183,1,2026-05-22 10:57:00,251820,,720796,0,,0,,CORRECT_TOTAL_0_720796
2973184,1,2026-05-22 10:58:00,251820,,720796,0,,0,,CORRECT_TOTAL_0_720796
2973185,1,2026-05-22 10:59:00,251821,,720797,0,,0,,CORRECT_TOTAL_0_720797
2973186,1,2026-05-22 11:00:00,251821,,720797,0,,0,,CORRECT_TOTAL_0_720797
2973187,1,2026-05-22 11:01:00,251822,,720798,0,,0,,CORRECT_TOTAL_0_720798
2973188,1,2026-05-22 11:02:00,251822,,720798,0,,0,,CORRECT_TOTAL_0_720798
2973189,1,2026-05-22 11:03:00,251822,,720798,0,,0,,CORRECT_TOTAL_0_720798
2973190,1,2026-05-22 11:04:00,251823,,720799,0,,0,,CORRECT_TOTAL_0_720799
2973191,1,2026-05-22 11:05:00,251824,,720800,0,,0,,CORRECT_TOTAL_0_720800
2973192,1,2026-05-22 11:06:00,251824,,720800,0,,0,,CORRECT_TOTAL_0_720800
2973193,1,2026-05-22 11:07:00,251825,,720801,0,,0,,CORRECT_TOTAL_0_720801
2973194,1,2026-05-22 11:08:00,251825,,720801,0,,0,,CORRECT_TOTAL_0_720801
2973195,1,2026-05-22 11:09:00,251826,,720802,0,,0,,CORRECT_TOTAL_0_720802
2973196,1,2026-05-22 11:10:00,251826,,720802,0,,0,,CORRECT_TOTAL_0_720802
2973197,1,2026-05-22 11:11:00,251827,,720803,0,,0,,CORRECT_TOTAL_0_720803
2973198,1,2026-05-22 11:12:00,251827,,720803,0,,0,,CORRECT_TOTAL_0_720803
2973199,1,2026-05-22 11:13:00,251828,,720804,0,,0,,CORRECT_TOTAL_0_720804
2973200,1,2026-05-22 11:14:00,251828,,720804,0,,0,,CORRECT_TOTAL_0_720804
2973201,1,2026-05-22 11:15:00,251829,,720805,0,,0,,CORRECT_TOTAL_0_720805
2973202,1,2026-05-22 11:16:00,251829,,720805,0,,0,,CORRECT_TOTAL_0_720805
2973203,1,2026-05-22 11:17:00,251830,,720806,0,,0,,CORRECT_TOTAL_0_720806
2973204,1,2026-05-22 11:18:00,251830,,720806,0,,0,,CORRECT_TOTAL_0_720806
2973205,1,2026-05-22 11:19:00,251831,,720807,0,,0,,CORRECT_TOTAL_0_720807
2973206,1,2026-05-22 11:20:00,251831,,720807,0,,0,,CORRECT_TOTAL_0_720807
2973207,1,2026-05-22 11:21:00,251832,,720808,0,,0,,CORRECT_TOTAL_0_720808
2973208,1,2026-05-22 11:22:00,251832,,720808,0,,0,,CORRECT_TOTAL_0_720808
2973209,1,2026-05-22 11:23:00,251833,,720809,0,,0,,CORRECT_TOTAL_0_720809
2973210,1,2026-05-22 11:24:00,251833,,720809,0,,0,,CORRECT_TOTAL_0_720809
2973211,1,2026-05-22 11:25:00,251834,,720810,0,,0,,CORRECT_TOTAL_0_720810
2973212,1,2026-05-22 11:26:00,251834,,720810,0,,0,,CORRECT_TOTAL_0_720810
2973213,1,2026-05-22 11:27:00,251835,,720811,0,,0,,CORRECT_TOTAL_0_720811
2973214,1,2026-05-22 11:28:00,251836,,720812,0,,0,,CORRECT_TOTAL_0_720812
2973215,1,2026-05-22 11:29:00,251836,,720812,0,,0,,CORRECT_TOTAL_0_720812
2973216,1,2026-05-22 11:30:00,251836,,720812,0,,0,,CORRECT_TOTAL_0_720812
2973217,1,2026-05-22 11:31:00,251837,,720813,0,,0,,CORRECT_TOTAL_0_720813
2973218,1,2026-05-22 11:32:00,251837,,720813,0,,0,,CORRECT_TOTAL_0_720813
2973219,1,2026-05-22 11:33:00,251838,,720814,0,,0,,CORRECT_TOTAL_0_720814
2973220,1,2026-05-22 11:34:00,251838,,720814,0,,0,,CORRECT_TOTAL_0_720814
2973221,1,2026-05-22 11:35:00,251839,,720815,0,,0,,CORRECT_TOTAL_0_720815
2973222,1,2026-05-22 11:36:00,251839,,720815,0,,0,,CORRECT_TOTAL_0_720815
2973223,1,2026-05-22 11:37:00,251840,,720816,0,,0,,CORRECT_TOTAL_0_720816
2973224,1,2026-05-22 11:38:00,251841,,720817,0,,0,,CORRECT_TOTAL_0_720817
2973225,1,2026-05-22 11:39:00,251841,,720817,0,,0,,CORRECT_TOTAL_0_720817
2973226,1,2026-05-22 11:40:00,251841,,720817,0,,0,,CORRECT_TOTAL_0_720817
2973227,1,2026-05-22 11:41:00,251842,,720818,0,,0,,CORRECT_TOTAL_0_720818
2973228,1,2026-05-22 11:42:00,251842,,720818,0,,0,,CORRECT_TOTAL_0_720818
2973229,1,2026-05-22 11:43:00,251843,,720819,0,,0,,CORRECT_TOTAL_0_720819
2973230,1,2026-05-22 11:44:00,251843,,720819,0,,0,,CORRECT_TOTAL_0_720819
2973231,1,2026-05-22 11:45:00,251844,,720820,0,,0,,CORRECT_TOTAL_0_720820
2973232,1,2026-05-22 11:46:00,251844,,720820,0,,0,,CORRECT_TOTAL_0_720820
2973233,1,2026-05-22 11:47:00,251845,,720821,0,,0,,CORRECT_TOTAL_0_720821
2973234,1,2026-05-22 11:48:00,251846,,720822,0,,0,,CORRECT_TOTAL_0_720822
2973235,1,2026-05-22 11:49:00,251846,,720822,0,,0,,CORRECT_TOTAL_0_720822
2973236,1,2026-05-22 11:50:00,251846,,720822,0,,0,,CORRECT_TOTAL_0_720822
2973237,1,2026-05-22 11:51:00,251847,,720823,0,,0,,CORRECT_TOTAL_0_720823
2973238,1,2026-05-22 11:52:00,251847,,720823,0,,0,,CORRECT_TOTAL_0_720823
2973239,1,2026-05-22 11:53:00,251848,,720824,0,,0,,CORRECT_TOTAL_0_720824
2973240,1,2026-05-22 11:54:00,251848,,720824,0,,0,,CORRECT_TOTAL_0_720824
2973241,1,2026-05-22 11:55:00,251849,,720825,0,,0,,CORRECT_TOTAL_0_720825
2973242,1,2026-05-22 11:56:00,251849,,720825,0,,0,,CORRECT_TOTAL_0_720825
2973243,1,2026-05-22 11:57:00,251850,,720826,0,,0,,CORRECT_TOTAL_0_720826
2973244,1,2026-05-22 11:58:00,251851,,720827,0,,0,,CORRECT_TOTAL_0_720827
2973245,1,2026-05-22 11:59:00,251851,,720827,0,,0,,CORRECT_TOTAL_0_720827
2978168,2,2026-05-20 20:00:00,478619,,478619,0,,0,,CORRECT_TOTAL_0_478619
2978169,2,2026-05-20 21:00:00,478709,,478709,0,,0,,CORRECT_TOTAL_0_478709
2978170,2,2026-05-20 22:00:00,478808,,478808,0,,0,,CORRECT_TOTAL_0_478808
2978171,2,2026-05-20 23:00:00,478890,,478890,0,,0,,CORRECT_TOTAL_0_478890
2978172,2,2026-05-21 00:00:00,478994,,478994,0,,0,,CORRECT_TOTAL_0_478994
2978173,2,2026-05-21 01:00:00,479094,,479094,0,,0,,CORRECT_TOTAL_0_479094
2978174,2,2026-05-21 02:00:00,479171,,479171,0,,0,,CORRECT_TOTAL_0_479171
2978175,2,2026-05-21 03:00:00,479280,,479280,0,,0,,CORRECT_TOTAL_0_479280
2978176,2,2026-05-21 04:00:00,479379,,479379,0,,0,,CORRECT_TOTAL_0_479379
2978177,2,2026-05-21 05:00:00,479453,,479453,0,,0,,CORRECT_TOTAL_0_479453
2978178,2,2026-05-21 06:00:00,479541,,479541,0,,0,,CORRECT_TOTAL_0_479541
2978179,2,2026-05-21 07:00:00,479636,,479636,0,,0,,CORRECT_TOTAL_0_479636
2978180,2,2026-05-21 08:00:00,479752,,479752,0,,0,,CORRECT_TOTAL_0_479752
2978181,2,2026-05-21 09:00:00,479861,,479861,0,,0,,CORRECT_TOTAL_0_479861
2978182,2,2026-05-21 10:00:00,479952,,479952,0,,0,,CORRECT_TOTAL_0_479952
2978183,2,2026-05-21 11:00:00,480051,,480051,0,,0,,CORRECT_TOTAL_0_480051
2978184,2,2026-05-21 12:00:00,480147,,480147,0,,0,,CORRECT_TOTAL_0_480147
2978185,2,2026-05-21 13:00:00,480233,,480233,0,,0,,CORRECT_TOTAL_0_480233
2978186,2,2026-05-21 14:00:00,480338,,480338,0,,0,,CORRECT_TOTAL_0_480338
2978187,2,2026-05-21 15:00:00,480441,,480441,0,,0,,CORRECT_TOTAL_0_480441
2978188,2,2026-05-21 16:00:00,480526,,480526,0,,0,,CORRECT_TOTAL_0_480526
2978189,2,2026-05-21 17:00:00,480611,,480611,0,,0,,CORRECT_TOTAL_0_480611
2978190,2,2026-05-21 18:00:00,480709,,480709,0,,0,,CORRECT_TOTAL_0_480709
2978191,2,2026-05-21 19:00:00,480799,,480799,0,,0,,CORRECT_TOTAL_0_480799
2978192,2,2026-05-21 20:00:00,480880,,480880,0,,0,,CORRECT_TOTAL_0_480880
2978193,2,2026-05-21 21:00:00,480968,,480968,0,,0,,CORRECT_TOTAL_0_480968
2978194,2,2026-05-21 22:00:00,481052,,481052,0,,0,,CORRECT_TOTAL_0_481052
2978195,2,2026-05-21 23:00:00,481138,,481138,0,,0,,CORRECT_TOTAL_0_481138
2978196,2,2026-05-22 00:00:00,481223,,481223,0,,0,,CORRECT_TOTAL_0_481223
2978197,2,2026-05-22 01:00:00,481331,,481331,0,,0,,CORRECT_TOTAL_0_481331
2978198,2,2026-05-22 02:00:00,481424,,481424,0,,0,,CORRECT_TOTAL_0_481424
2978199,2,2026-05-22 03:00:00,481518,,481518,0,,0,,CORRECT_TOTAL_0_481518
2978200,2,2026-05-22 04:00:00,481616,,481616,0,,0,,CORRECT_TOTAL_0_481616
2978201,2,2026-05-22 05:00:00,481734,,481734,0,,0,,CORRECT_TOTAL_0_481734
2978202,2,2026-05-22 06:00:00,481837,,481837,0,,0,,CORRECT_TOTAL_0_481837
2978203,2,2026-05-22 07:00:00,481943,,481943,0,,0,,CORRECT_TOTAL_0_481943
2978204,2,2026-05-22 08:00:00,482047,,482047,0,,0,,CORRECT_TOTAL_0_482047
2978205,2,2026-05-22 09:00:00,482150,,482150,0,,0,,CORRECT_TOTAL_0_482150
2978206,2,2026-05-22 10:00:00,482242,,482242,0,,0,,CORRECT_TOTAL_0_482242
2978207,2,2026-05-22 11:00:00,482373,,482373,0,,0,,CORRECT_TOTAL_0_482373
2977758,4,2026-05-20 20:00:00,82426858,,824268,0,,0,,CORRECT_TOTAL_0_824268
2977759,4,2026-05-20 21:00:00,82433924,,824339,0,,0,,CORRECT_TOTAL_0_824339
2977760,4,2026-05-20 22:00:00,82438629,,824386,0,,0,,CORRECT_TOTAL_0_824386
2977761,4,2026-05-20 23:00:00,82442564,,824425,0,,0,,CORRECT_TOTAL_0_824425
2977762,4,2026-05-21 00:00:00,82448943,,824489,0,,0,,CORRECT_TOTAL_0_824489
2977763,4,2026-05-21 01:00:00,82456019,,824560,0,,0,,CORRECT_TOTAL_0_824560
2977764,4,2026-05-21 02:00:00,82463100,,824631,0,,0,,CORRECT_TOTAL_0_824631
2977765,4,2026-05-21 03:00:00,82468115,,824681,0,,0,,CORRECT_TOTAL_0_824681
2977766,4,2026-05-21 04:00:00,82471585,,824716,0,,0,,CORRECT_TOTAL_0_824716
2977767,4,2026-05-21 05:00:00,82475268,,824752,0,,0,,CORRECT_TOTAL_0_824752
2977768,4,2026-05-21 06:00:00,82480001,,824800,0,,0,,CORRECT_TOTAL_0_824800
2977769,4,2026-05-21 07:00:00,82487095,,824871,0,,0,,CORRECT_TOTAL_0_824871
2977770,4,2026-05-21 08:00:00,82494174,,824942,0,,0,,CORRECT_TOTAL_0_824942
2977771,4,2026-05-21 09:00:00,82501239,,825012,0,,0,,CORRECT_TOTAL_0_825012
2977772,4,2026-05-21 10:00:00,82508308,,825083,0,,0,,CORRECT_TOTAL_0_825083
2977773,4,2026-05-21 11:00:00,82515380,,825154,0,,0,,CORRECT_TOTAL_0_825154
2977774,4,2026-05-21 12:00:00,82521575,,825216,0,,0,,CORRECT_TOTAL_0_825216
2977775,4,2026-05-21 13:00:00,82527098,,825271,0,,0,,CORRECT_TOTAL_0_825271
2977776,4,2026-05-21 14:00:00,82531254,,825312,0,,0,,CORRECT_TOTAL_0_825312
2977777,4,2026-05-21 15:00:00,82536665,,825366,0,,0,,CORRECT_TOTAL_0_825366
2977778,4,2026-05-21 16:00:00,82542408,,825424,0,,0,,CORRECT_TOTAL_0_825424
2977779,4,2026-05-21 17:00:00,82549472,,825494,0,,0,,CORRECT_TOTAL_0_825494
2977780,4,2026-05-21 18:00:00,82556536,,825565,0,,0,,CORRECT_TOTAL_0_825565
2977781,4,2026-05-21 19:00:00,82563597,,825636,0,,0,,CORRECT_TOTAL_0_825636
2977782,4,2026-05-21 20:00:00,82570468,,825704,0,,0,,CORRECT_TOTAL_0_825704
2977783,4,2026-05-21 21:00:00,82577279,,825773,0,,0,,CORRECT_TOTAL_0_825773
2977784,4,2026-05-21 22:00:00,82584068,,825840,0,,0,,CORRECT_TOTAL_0_825840
2977785,4,2026-05-21 23:00:00,82591023,,825910,0,,0,,CORRECT_TOTAL_0_825910
2977786,4,2026-05-22 00:00:00,82598097,,825981,0,,0,,CORRECT_TOTAL_0_825981
2977787,4,2026-05-22 01:00:00,82605177,,826052,0,,0,,CORRECT_TOTAL_0_826052
2977788,4,2026-05-22 02:00:00,82612253,,826122,0,,0,,CORRECT_TOTAL_0_826122
2977789,4,2026-05-22 03:00:00,82619331,,826193,0,,0,,CORRECT_TOTAL_0_826193
2977790,4,2026-05-22 04:00:00,82626399,,826264,0,,0,,CORRECT_TOTAL_0_826264
2977791,4,2026-05-22 05:00:00,82633476,,826335,0,,0,,CORRECT_TOTAL_0_826335
2977792,4,2026-05-22 06:00:00,82640555,,826405,0,,0,,CORRECT_TOTAL_0_826405
2977793,4,2026-05-22 07:00:00,82647510,,826475,0,,0,,CORRECT_TOTAL_0_826475
2977794,4,2026-05-22 08:00:00,82652387,,826524,0,,0,,CORRECT_TOTAL_0_826524
2977795,4,2026-05-22 09:00:00,82655977,,826560,0,,0,,CORRECT_TOTAL_0_826560
2977796,4,2026-05-22 10:00:00,82662173,,826622,0,,0,,CORRECT_TOTAL_0_826622
2977797,4,2026-05-22 11:00:00,82669240,,826692,0,,0,,CORRECT_TOTAL_0_826692
2977963,5,2026-05-20 20:00:00,11469767,,114698,0,,0,,CORRECT_TOTAL_0_114698
2977964,5,2026-05-20 21:00:00,11477165,,114772,0,,0,,CORRECT_TOTAL_0_114772
2977965,5,2026-05-20 22:00:00,11481762,,114818,0,,0,,CORRECT_TOTAL_0_114818
2977966,5,2026-05-20 23:00:00,11485526,,114856,0,,0,,CORRECT_TOTAL_0_114856
2977967,5,2026-05-21 00:00:00,11492192,,114922,0,,0,,CORRECT_TOTAL_0_114922
2977968,5,2026-05-21 01:00:00,11499596,,114996,0,,0,,CORRECT_TOTAL_0_114996
2977969,5,2026-05-21 02:00:00,11507005,,115070,0,,0,,CORRECT_TOTAL_0_115070
2977970,5,2026-05-21 03:00:00,11511917,,115119,0,,0,,CORRECT_TOTAL_0_115119
2977971,5,2026-05-21 04:00:00,11515195,,115152,0,,0,,CORRECT_TOTAL_0_115152
2977972,5,2026-05-21 05:00:00,11518697,,115187,0,,0,,CORRECT_TOTAL_0_115187
2977973,5,2026-05-21 06:00:00,11523373,,115234,0,,0,,CORRECT_TOTAL_0_115234
2977974,5,2026-05-21 07:00:00,11530792,,115308,0,,0,,CORRECT_TOTAL_0_115308
2977975,5,2026-05-21 08:00:00,11538188,,115382,0,,0,,CORRECT_TOTAL_0_115382
2977976,5,2026-05-21 09:00:00,11545570,,115456,0,,0,,CORRECT_TOTAL_0_115456
2977977,5,2026-05-21 10:00:00,11552961,,115530,0,,0,,CORRECT_TOTAL_0_115530
2977978,5,2026-05-21 11:00:00,11560354,,115604,0,,0,,CORRECT_TOTAL_0_115604
2977979,5,2026-05-21 12:00:00,11566681,,115667,0,,0,,CORRECT_TOTAL_0_115667
2977980,5,2026-05-21 13:00:00,11572203,,115722,0,,0,,CORRECT_TOTAL_0_115722
2977981,5,2026-05-21 14:00:00,11576309,,115763,0,,0,,CORRECT_TOTAL_0_115763
2977982,5,2026-05-21 15:00:00,11581746,,115818,0,,0,,CORRECT_TOTAL_0_115818
2977983,5,2026-05-21 16:00:00,11587556,,115876,0,,0,,CORRECT_TOTAL_0_115876
2977984,5,2026-05-21 17:00:00,11594941,,115950,0,,0,,CORRECT_TOTAL_0_115950
2977985,5,2026-05-21 18:00:00,11602322,,116024,0,,0,,CORRECT_TOTAL_0_116024
2977986,5,2026-05-21 19:00:00,11609576,,116096,0,,0,,CORRECT_TOTAL_0_116096
2977987,5,2026-05-21 20:00:00,11616727,,116168,0,,0,,CORRECT_TOTAL_0_116168
2977988,5,2026-05-21 21:00:00,11623799,,116238,0,,0,,CORRECT_TOTAL_0_116238
2977989,5,2026-05-21 22:00:00,11630846,,116309,0,,0,,CORRECT_TOTAL_0_116309
2977990,5,2026-05-21 23:00:00,11638095,,116381,0,,0,,CORRECT_TOTAL_0_116381
2977991,5,2026-05-22 00:00:00,11645487,,116455,0,,0,,CORRECT_TOTAL_0_116455
2977992,5,2026-05-22 01:00:00,11652884,,116529,0,,0,,CORRECT_TOTAL_0_116529
2977993,5,2026-05-22 02:00:00,11660278,,116603,0,,0,,CORRECT_TOTAL_0_116603
2977994,5,2026-05-22 03:00:00,11667669,,116677,0,,0,,CORRECT_TOTAL_0_116677
2977995,5,2026-05-22 04:00:00,11675053,,116751,0,,0,,CORRECT_TOTAL_0_116751
2977996,5,2026-05-22 05:00:00,11682446,,116825,0,,0,,CORRECT_TOTAL_0_116825
2977997,5,2026-05-22 06:00:00,11689841,,116899,0,,0,,CORRECT_TOTAL_0_116899
2977998,5,2026-05-22 07:00:00,11697091,,116971,0,,0,,CORRECT_TOTAL_0_116971
2977999,5,2026-05-22 08:00:00,11701916,,117019,0,,0,,CORRECT_TOTAL_0_117019
2978000,5,2026-05-22 09:00:00,11705203,,117052,0,,0,,CORRECT_TOTAL_0_117052
2978001,5,2026-05-22 10:00:00,11711554,,117116,0,,0,,CORRECT_TOTAL_0_117116
2978002,5,2026-05-22 11:00:00,11718939,,117190,0,,0,,CORRECT_TOTAL_0_117190
2978086,6,2026-05-20 20:00:00,119984237,,1199842,0,,0,,CORRECT_TOTAL_0_1199842
2978087,6,2026-05-20 21:00:00,119993102,,1199931,0,,0,,CORRECT_TOTAL_0_1199931
2978088,6,2026-05-20 22:00:00,120001960,,1200019,0,,0,,CORRECT_TOTAL_0_1200019
2978089,6,2026-05-20 23:00:00,120010828,,1200108,0,,0,,CORRECT_TOTAL_0_1200108
2978090,6,2026-05-21 00:00:00,120019690,,1200197,0,,0,,CORRECT_TOTAL_0_1200197
2978091,6,2026-05-21 01:00:00,120028555,,1200285,0,,0,,CORRECT_TOTAL_0_1200285
2978092,6,2026-05-21 02:00:00,120037427,,1200374,0,,0,,CORRECT_TOTAL_0_1200374
2978093,6,2026-05-21 03:00:00,120042443,,1200424,0,,0,,CORRECT_TOTAL_0_1200424
2978094,6,2026-05-21 04:00:00,120051170,,1200511,0,,0,,CORRECT_TOTAL_0_1200511
2978095,6,2026-05-21 05:00:00,120060198,,1200602,0,,0,,CORRECT_TOTAL_0_1200602
2978096,6,2026-05-21 06:00:00,120068923,,1200689,0,,0,,CORRECT_TOTAL_0_1200689
2978097,6,2026-05-21 07:00:00,120077805,,1200778,0,,0,,CORRECT_TOTAL_0_1200778
2978098,6,2026-05-21 08:00:00,120086678,,1200866,0,,0,,CORRECT_TOTAL_0_1200866
2978099,6,2026-05-21 09:00:00,120095527,,1200955,0,,0,,CORRECT_TOTAL_0_1200955
2978100,6,2026-05-21 10:00:00,120104382,,1201043,0,,0,,CORRECT_TOTAL_0_1201043
2978101,6,2026-05-21 11:00:00,120113236,,1201132,0,,0,,CORRECT_TOTAL_0_1201132
2978102,6,2026-05-21 12:00:00,120122080,,1201220,0,,0,,CORRECT_TOTAL_0_1201220
2978103,6,2026-05-21 13:00:00,120130916,,1201309,0,,0,,CORRECT_TOTAL_0_1201309
2978104,6,2026-05-21 14:00:00,120139761,,1201397,0,,0,,CORRECT_TOTAL_0_1201397
2978105,6,2026-05-21 15:00:00,120148599,,1201486,0,,0,,CORRECT_TOTAL_0_1201486
2978106,6,2026-05-21 16:00:00,120157427,,1201574,0,,0,,CORRECT_TOTAL_0_1201574
2978107,6,2026-05-21 17:00:00,120166264,,1201662,0,,0,,CORRECT_TOTAL_0_1201662
2978108,6,2026-05-21 18:00:00,120175098,,1201751,0,,0,,CORRECT_TOTAL_0_1201751
2978109,6,2026-05-21 19:00:00,120183930,,1201839,0,,0,,CORRECT_TOTAL_0_1201839
2978110,6,2026-05-21 20:00:00,120192769,,1201927,0,,0,,CORRECT_TOTAL_0_1201927
2978111,6,2026-05-21 21:00:00,120201624,,1202016,0,,0,,CORRECT_TOTAL_0_1202016
2978112,6,2026-05-21 22:00:00,120210467,,1202104,0,,0,,CORRECT_TOTAL_0_1202104
2978113,6,2026-05-21 23:00:00,120219314,,1202193,0,,0,,CORRECT_TOTAL_0_1202193
2978114,6,2026-05-22 00:00:00,120228163,,1202281,0,,0,,CORRECT_TOTAL_0_1202281
2978115,6,2026-05-22 01:00:00,120237020,,1202370,0,,0,,CORRECT_TOTAL_0_1202370
2978116,6,2026-05-22 02:00:00,120245872,,1202458,0,,0,,CORRECT_TOTAL_0_1202458
2978117,6,2026-05-22 03:00:00,120254719,,1202547,0,,0,,CORRECT_TOTAL_0_1202547
2978118,6,2026-05-22 04:00:00,120263560,,1202635,0,,0,,CORRECT_TOTAL_0_1202635
2978119,6,2026-05-22 05:00:00,120272407,,1202724,0,,0,,CORRECT_TOTAL_0_1202724
2978120,6,2026-05-22 06:00:00,120281256,,1202812,0,,0,,CORRECT_TOTAL_0_1202812
2978121,6,2026-05-22 07:00:00,120290097,,1202901,0,,0,,CORRECT_TOTAL_0_1202901
2978122,6,2026-05-22 08:00:00,120298922,,1202989,0,,0,,CORRECT_TOTAL_0_1202989
2978123,6,2026-05-22 09:00:00,120307736,,1203077,0,,0,,CORRECT_TOTAL_0_1203077
2978124,6,2026-05-22 10:00:00,120316554,,1203165,0,,0,,CORRECT_TOTAL_0_1203165
2978125,6,2026-05-22 11:00:00,120325383,,1203253,0,,0,,CORRECT_TOTAL_0_1203253
2978209,7,2026-05-20 20:00:00,3143928,,31439,0,,0,,CORRECT_TOTAL_0_31439
2978210,7,2026-05-20 21:00:00,3147193,,31472,0,,0,,CORRECT_TOTAL_0_31472
2978211,7,2026-05-20 22:00:00,3150489,,31504,0,,0,,CORRECT_TOTAL_0_31504
2978212,7,2026-05-20 23:00:00,3153739,,31537,0,,0,,CORRECT_TOTAL_0_31537
2978213,7,2026-05-21 00:00:00,3157009,,31570,0,,0,,CORRECT_TOTAL_0_31570
2978214,7,2026-05-21 01:00:00,3160280,,31602,0,,0,,CORRECT_TOTAL_0_31602
2978215,7,2026-05-21 02:00:00,3163508,,31635,0,,0,,CORRECT_TOTAL_0_31635
2978216,7,2026-05-21 03:00:00,3166754,,31667,0,,0,,CORRECT_TOTAL_0_31667
2978217,7,2026-05-21 04:00:00,3170003,,31700,0,,0,,CORRECT_TOTAL_0_31700
2978218,7,2026-05-21 05:00:00,3173267,,31732,0,,0,,CORRECT_TOTAL_0_31732
2978219,7,2026-05-21 06:00:00,3176503,,31765,0,,0,,CORRECT_TOTAL_0_31765
2978220,7,2026-05-21 07:00:00,3179753,,31797,0,,0,,CORRECT_TOTAL_0_31797
2978221,7,2026-05-21 08:00:00,3182974,,31829,0,,0,,CORRECT_TOTAL_0_31829
2978222,7,2026-05-21 09:00:00,3186224,,31862,0,,0,,CORRECT_TOTAL_0_31862
2978223,7,2026-05-21 10:00:00,3189440,,31894,0,,0,,CORRECT_TOTAL_0_31894
2978224,7,2026-05-21 11:00:00,3192666,,31926,0,,0,,CORRECT_TOTAL_0_31926
2978225,7,2026-05-21 12:00:00,3195914,,31959,0,,0,,CORRECT_TOTAL_0_31959
2978226,7,2026-05-21 13:00:00,3199126,,31991,0,,0,,CORRECT_TOTAL_0_31991
2978227,7,2026-05-21 14:00:00,3202362,,32023,0,,0,,CORRECT_TOTAL_0_32023
2978228,7,2026-05-21 15:00:00,3205586,,32055,0,,0,,CORRECT_TOTAL_0_32055
2978229,7,2026-05-21 16:00:00,3208803,,32088,0,,0,,CORRECT_TOTAL_0_32088
2978230,7,2026-05-21 17:00:00,3212037,,32120,0,,0,,CORRECT_TOTAL_0_32120
2978231,7,2026-05-21 18:00:00,3215301,,32153,0,,0,,CORRECT_TOTAL_0_32153
2978232,7,2026-05-21 19:00:00,3218472,,32184,0,,0,,CORRECT_TOTAL_0_32184
2978233,7,2026-05-21 20:00:00,3221708,,32217,0,,0,,CORRECT_TOTAL_0_32217
2978234,7,2026-05-21 21:00:00,3224955,,32249,0,,0,,CORRECT_TOTAL_0_32249
2978235,7,2026-05-21 22:00:00,3228199,,32282,0,,0,,CORRECT_TOTAL_0_32282
2978236,7,2026-05-21 23:00:00,3231364,,32313,0,,0,,CORRECT_TOTAL_0_32313
2978237,7,2026-05-22 00:00:00,3234622,,32346,0,,0,,CORRECT_TOTAL_0_32346
2978238,7,2026-05-22 01:00:00,3237806,,32378,0,,0,,CORRECT_TOTAL_0_32378
2978239,7,2026-05-22 02:00:00,3241075,,32410,0,,0,,CORRECT_TOTAL_0_32410
2978240,7,2026-05-22 03:00:00,3244279,,32442,0,,0,,CORRECT_TOTAL_0_32442
2978241,7,2026-05-22 04:00:00,3247510,,32475,0,,0,,CORRECT_TOTAL_0_32475
2978242,7,2026-05-22 05:00:00,3250707,,32507,0,,0,,CORRECT_TOTAL_0_32507
2978243,7,2026-05-22 06:00:00,3253932,,32539,0,,0,,CORRECT_TOTAL_0_32539
2978244,7,2026-05-22 07:00:00,3257168,,32571,0,,0,,CORRECT_TOTAL_0_32571
2978245,7,2026-05-22 08:00:00,3260396,,32604,0,,0,,CORRECT_TOTAL_0_32604
2978246,7,2026-05-22 09:00:00,3263588,,32635,0,,0,,CORRECT_TOTAL_0_32635
2978247,7,2026-05-22 10:00:00,3266816,,32668,0,,0,,CORRECT_TOTAL_0_32668
2978248,7,2026-05-22 11:00:00,3270072,,32700,0,,0,,CORRECT_TOTAL_0_32700
2977799,57,2026-05-20 20:00:00,165029,,165029,0,,0,,CORRECT_TOTAL_0_165029
2977800,57,2026-05-20 21:00:00,165029,,165029,0,,0,,CORRECT_TOTAL_0_165029
2977801,57,2026-05-20 22:00:00,165029,,165029,0,,0,,CORRECT_TOTAL_0_165029
2977802,57,2026-05-20 23:00:00,165029,,165029,0,,0,,CORRECT_TOTAL_0_165029
2977803,57,2026-05-21 00:00:00,165029,,165029,0,,0,,CORRECT_TOTAL_0_165029
2977804,57,2026-05-21 01:00:00,165029,,165029,0,,0,,CORRECT_TOTAL_0_165029
2977805,57,2026-05-21 02:00:00,165029,,165029,0,,0,,CORRECT_TOTAL_0_165029
2977806,57,2026-05-21 03:00:00,165029,,165029,0,,0,,CORRECT_TOTAL_0_165029
2977807,57,2026-05-21 04:00:00,165029,,165029,0,,0,,CORRECT_TOTAL_0_165029
2977808,57,2026-05-21 05:00:00,165029,,165029,0,,0,,CORRECT_TOTAL_0_165029
2977809,57,2026-05-21 06:00:00,165029,,165029,0,,0,,CORRECT_TOTAL_0_165029
2977810,57,2026-05-21 07:00:00,165029,,165029,0,,0,,CORRECT_TOTAL_0_165029
2977811,57,2026-05-21 08:00:00,165029,,165029,0,,0,,CORRECT_TOTAL_0_165029
2977812,57,2026-05-21 09:00:00,165029,,165029,0,,0,,CORRECT_TOTAL_0_165029
2977813,57,2026-05-21 10:00:00,165029,,165029,0,,0,,CORRECT_TOTAL_0_165029
2977814,57,2026-05-21 11:00:00,165029,,165029,0,,0,,CORRECT_TOTAL_0_165029
2977815,57,2026-05-21 12:00:00,165029,,165029,0,,0,,CORRECT_TOTAL_0_165029
2977816,57,2026-05-21 13:00:00,165029,,165029,0,,0,,CORRECT_TOTAL_0_165029
2977817,57,2026-05-21 14:00:00,165029,,165029,0,,0,,CORRECT_TOTAL_0_165029
2977818,57,2026-05-21 15:00:00,165029,,165029,0,,0,,CORRECT_TOTAL_0_165029
2977819,57,2026-05-21 16:00:00,165029,,165029,0,,0,,CORRECT_TOTAL_0_165029
2977820,57,2026-05-21 17:00:00,165029,,165029,0,,0,,CORRECT_TOTAL_0_165029
2977821,57,2026-05-21 18:00:00,165029,,165029,0,,0,,CORRECT_TOTAL_0_165029
2977822,57,2026-05-21 19:00:00,165029,,165029,0,,0,,CORRECT_TOTAL_0_165029
2977823,57,2026-05-21 20:00:00,165029,,165029,0,,0,,CORRECT_TOTAL_0_165029
2977824,57,2026-05-21 21:00:00,165029,,165029,0,,0,,CORRECT_TOTAL_0_165029
2977825,57,2026-05-21 22:00:00,165029,,165029,0,,0,,CORRECT_TOTAL_0_165029
2977826,57,2026-05-21 23:00:00,165041,,165041,0,,0,,CORRECT_TOTAL_0_165041
2977827,57,2026-05-22 00:00:00,165057,,165057,0,,0,,CORRECT_TOTAL_0_165057
2977828,57,2026-05-22 01:00:00,165077,,165077,0,,0,,CORRECT_TOTAL_0_165077
2977829,57,2026-05-22 02:00:00,165110,,165110,0,,0,,CORRECT_TOTAL_0_165110
2977830,57,2026-05-22 03:00:00,165111,,165111,0,,0,,CORRECT_TOTAL_0_165111
2977831,57,2026-05-22 04:00:00,165137,,165137,0,,0,,CORRECT_TOTAL_0_165137
2977832,57,2026-05-22 05:00:00,165164,,165164,0,,0,,CORRECT_TOTAL_0_165164
2977833,57,2026-05-22 06:00:00,165185,,165185,0,,0,,CORRECT_TOTAL_0_165185
2977834,57,2026-05-22 07:00:00,165185,,165185,0,,0,,CORRECT_TOTAL_0_165185
2977835,57,2026-05-22 08:00:00,165185,,165185,0,,0,,CORRECT_TOTAL_0_165185
2977836,57,2026-05-22 09:00:00,165185,,165185,0,,0,,CORRECT_TOTAL_0_165185
2977837,57,2026-05-22 10:00:00,165185,,165185,0,,0,,CORRECT_TOTAL_0_165185
2977838,57,2026-05-22 11:00:00,165197,,165197,0,,0,,CORRECT_TOTAL_0_165197
2976133,61,2026-05-20 00:00:00,23044,,23044,0,,0,,CORRECT_TOTAL_0_23044
2976134,61,2026-05-20 00:05:00,23044,,23044,0,,0,,CORRECT_TOTAL_0_23044
2976135,61,2026-05-20 00:10:00,23044,,23044,0,,0,,CORRECT_TOTAL_0_23044
2976136,61,2026-05-20 00:15:00,23044,,23044,0,,0,,CORRECT_TOTAL_0_23044
2976137,61,2026-05-20 00:25:00,23052,,23052,0,,0,,CORRECT_TOTAL_0_23052
2976138,61,2026-05-20 00:30:00,23052,,23052,0,,0,,CORRECT_TOTAL_0_23052
2976139,61,2026-05-20 00:35:00,23052,,23052,0,,0,,CORRECT_TOTAL_0_23052
2976140,61,2026-05-20 00:40:00,23052,,23052,0,,0,,CORRECT_TOTAL_0_23052
2976141,61,2026-05-20 00:45:00,23053,,23053,0,,0,,CORRECT_TOTAL_0_23053
2976142,61,2026-05-20 00:50:00,23060,,23060,0,,0,,CORRECT_TOTAL_0_23060
2976143,61,2026-05-20 00:55:00,23060,,23060,0,,0,,CORRECT_TOTAL_0_23060
2976144,61,2026-05-20 01:00:00,23060,,23060,0,,0,,CORRECT_TOTAL_0_23060
2976145,61,2026-05-20 01:10:00,23060,,23060,0,,0,,CORRECT_TOTAL_0_23060
2976146,61,2026-05-20 01:15:00,23068,,23068,0,,0,,CORRECT_TOTAL_0_23068
2976147,61,2026-05-20 01:20:00,23068,,23068,0,,0,,CORRECT_TOTAL_0_23068
2976148,61,2026-05-20 01:25:00,23068,,23068,0,,0,,CORRECT_TOTAL_0_23068
2976149,61,2026-05-20 01:30:00,23068,,23068,0,,0,,CORRECT_TOTAL_0_23068
2976150,61,2026-05-20 01:35:00,23069,,23069,0,,0,,CORRECT_TOTAL_0_23069
2976151,61,2026-05-20 01:40:00,23075,,23075,0,,0,,CORRECT_TOTAL_0_23075
2976152,61,2026-05-20 01:45:00,23077,,23077,0,,0,,CORRECT_TOTAL_0_23077
2976153,61,2026-05-20 01:50:00,23077,,23077,0,,0,,CORRECT_TOTAL_0_23077
2976154,61,2026-05-20 01:55:00,23077,,23077,0,,0,,CORRECT_TOTAL_0_23077
2976155,61,2026-05-20 02:00:00,23079,,23079,0,,0,,CORRECT_TOTAL_0_23079
2976156,61,2026-05-20 02:05:00,23085,,23085,0,,0,,CORRECT_TOTAL_0_23085
2976157,61,2026-05-20 02:10:00,23085,,23085,0,,0,,CORRECT_TOTAL_0_23085
2976158,61,2026-05-20 02:15:00,23085,,23085,0,,0,,CORRECT_TOTAL_0_23085
2976159,61,2026-05-20 02:20:00,23089,,23089,0,,0,,CORRECT_TOTAL_0_23089
2976160,61,2026-05-20 02:25:00,23093,,23093,0,,0,,CORRECT_TOTAL_0_23093
2976161,61,2026-05-20 02:30:00,23093,,23093,0,,0,,CORRECT_TOTAL_0_23093
2976162,61,2026-05-20 02:35:00,23093,,23093,0,,0,,CORRECT_TOTAL_0_23093
2976163,61,2026-05-20 02:40:00,23093,,23093,0,,0,,CORRECT_TOTAL_0_23093
2976164,61,2026-05-20 02:45:00,23098,,23098,0,,0,,CORRECT_TOTAL_0_23098
2976165,61,2026-05-20 02:50:00,23101,,23101,0,,0,,CORRECT_TOTAL_0_23101
2976166,61,2026-05-20 02:55:00,23101,,23101,0,,0,,CORRECT_TOTAL_0_23101
2976167,61,2026-05-20 03:00:00,23101,,23101,0,,0,,CORRECT_TOTAL_0_23101
2976168,61,2026-05-20 03:05:00,23103,,23103,0,,0,,CORRECT_TOTAL_0_23103
2976169,61,2026-05-20 03:10:00,23109,,23109,0,,0,,CORRECT_TOTAL_0_23109
2976170,61,2026-05-20 03:15:00,23109,,23109,0,,0,,CORRECT_TOTAL_0_23109
2976171,61,2026-05-20 03:20:00,23109,,23109,0,,0,,CORRECT_TOTAL_0_23109
2976172,61,2026-05-20 03:25:00,23109,,23109,0,,0,,CORRECT_TOTAL_0_23109
2976173,61,2026-05-20 03:30:00,23109,,23109,0,,0,,CORRECT_TOTAL_0_23109
2976174,61,2026-05-20 03:35:00,23114,,23114,0,,0,,CORRECT_TOTAL_0_23114
2976175,61,2026-05-20 03:40:00,23117,,23117,0,,0,,CORRECT_TOTAL_0_23117
2976176,61,2026-05-20 03:45:00,23117,,23117,0,,0,,CORRECT_TOTAL_0_23117
2976177,61,2026-05-20 03:50:00,23117,,23117,0,,0,,CORRECT_TOTAL_0_23117
2976178,61,2026-05-20 03:55:00,23117,,23117,0,,0,,CORRECT_TOTAL_0_23117
2976179,61,2026-05-20 04:00:00,23124,,23124,0,,0,,CORRECT_TOTAL_0_23124
2976180,61,2026-05-20 04:05:00,23125,,23125,0,,0,,CORRECT_TOTAL_0_23125
2976181,61,2026-05-20 04:10:00,23125,,23125,0,,0,,CORRECT_TOTAL_0_23125
2976182,61,2026-05-20 04:15:00,23125,,23125,0,,0,,CORRECT_TOTAL_0_23125
2976183,61,2026-05-20 04:20:00,23125,,23125,0,,0,,CORRECT_TOTAL_0_23125
2976184,61,2026-05-20 04:25:00,23126,,23126,0,,0,,CORRECT_TOTAL_0_23126
2976185,61,2026-05-20 04:30:00,23133,,23133,0,,0,,CORRECT_TOTAL_0_23133
2976186,61,2026-05-20 04:35:00,23133,,23133,0,,0,,CORRECT_TOTAL_0_23133
2976187,61,2026-05-20 04:40:00,23133,,23133,0,,0,,CORRECT_TOTAL_0_23133
2976188,61,2026-05-20 04:45:00,23133,,23133,0,,0,,CORRECT_TOTAL_0_23133
2976189,61,2026-05-20 04:50:00,23133,,23133,0,,0,,CORRECT_TOTAL_0_23133
2976190,61,2026-05-20 04:55:00,23140,,23140,0,,0,,CORRECT_TOTAL_0_23140
2976191,61,2026-05-20 05:00:00,23141,,23141,0,,0,,CORRECT_TOTAL_0_23141
2976192,61,2026-05-20 05:05:00,23141,,23141,0,,0,,CORRECT_TOTAL_0_23141
2976193,61,2026-05-20 05:10:00,23141,,23141,0,,0,,CORRECT_TOTAL_0_23141
2976194,61,2026-05-20 05:15:00,23141,,23141,0,,0,,CORRECT_TOTAL_0_23141
2976195,61,2026-05-20 05:20:00,23148,,23148,0,,0,,CORRECT_TOTAL_0_23148
2976196,61,2026-05-20 05:25:00,23150,,23150,0,,0,,CORRECT_TOTAL_0_23150
2976197,61,2026-05-20 05:30:00,23150,,23150,0,,0,,CORRECT_TOTAL_0_23150
2976198,61,2026-05-20 05:35:00,23150,,23150,0,,0,,CORRECT_TOTAL_0_23150
2976199,61,2026-05-20 05:40:00,23150,,23150,0,,0,,CORRECT_TOTAL_0_23150
2976200,61,2026-05-20 05:45:00,23151,,23151,0,,0,,CORRECT_TOTAL_0_23151
2976201,61,2026-05-20 05:50:00,23157,,23157,0,,0,,CORRECT_TOTAL_0_23157
2976202,61,2026-05-20 05:55:00,23157,,23157,0,,0,,CORRECT_TOTAL_0_23157
2976203,61,2026-05-20 06:00:00,23157,,23157,0,,0,,CORRECT_TOTAL_0_23157
2976204,61,2026-05-20 06:05:00,23157,,23157,0,,0,,CORRECT_TOTAL_0_23157
2976205,61,2026-05-20 06:10:00,23157,,23157,0,,0,,CORRECT_TOTAL_0_23157
2976206,61,2026-05-20 06:15:00,23157,,23157,0,,0,,CORRECT_TOTAL_0_23157
2976207,61,2026-05-20 06:20:00,23164,,23164,0,,0,,CORRECT_TOTAL_0_23164
2976208,61,2026-05-20 06:25:00,23164,,23164,0,,0,,CORRECT_TOTAL_0_23164
2976209,61,2026-05-20 06:30:00,23164,,23164,0,,0,,CORRECT_TOTAL_0_23164
2976210,61,2026-05-20 06:35:00,23164,,23164,0,,0,,CORRECT_TOTAL_0_23164
2976211,61,2026-05-20 06:40:00,23164,,23164,0,,0,,CORRECT_TOTAL_0_23164
2976212,61,2026-05-20 06:45:00,23169,,23169,0,,0,,CORRECT_TOTAL_0_23169
2976213,61,2026-05-20 06:50:00,23172,,23172,0,,0,,CORRECT_TOTAL_0_23172
2976214,61,2026-05-20 06:55:00,23172,,23172,0,,0,,CORRECT_TOTAL_0_23172
2976215,61,2026-05-20 07:00:00,23172,,23172,0,,0,,CORRECT_TOTAL_0_23172
2976216,61,2026-05-20 07:05:00,23172,,23172,0,,0,,CORRECT_TOTAL_0_23172
2976217,61,2026-05-20 07:10:00,23172,,23172,0,,0,,CORRECT_TOTAL_0_23172
2976218,61,2026-05-20 07:15:00,23179,,23179,0,,0,,CORRECT_TOTAL_0_23179
2976219,61,2026-05-20 07:20:00,23180,,23180,0,,0,,CORRECT_TOTAL_0_23180
2976220,61,2026-05-20 07:25:00,23180,,23180,0,,0,,CORRECT_TOTAL_0_23180
2976221,61,2026-05-20 07:30:00,23180,,23180,0,,0,,CORRECT_TOTAL_0_23180
2976222,61,2026-05-20 07:35:00,23180,,23180,0,,0,,CORRECT_TOTAL_0_23180
2976223,61,2026-05-20 07:40:00,23180,,23180,0,,0,,CORRECT_TOTAL_0_23180
2976224,61,2026-05-20 07:45:00,23187,,23187,0,,0,,CORRECT_TOTAL_0_23187
2976225,61,2026-05-20 07:50:00,23188,,23188,0,,0,,CORRECT_TOTAL_0_23188
2976226,61,2026-05-20 07:55:00,23188,,23188,0,,0,,CORRECT_TOTAL_0_23188
2976227,61,2026-05-20 08:00:00,23188,,23188,0,,0,,CORRECT_TOTAL_0_23188
2976228,61,2026-05-20 08:05:00,23188,,23188,0,,0,,CORRECT_TOTAL_0_23188
2976229,61,2026-05-20 08:10:00,23195,,23195,0,,0,,CORRECT_TOTAL_0_23195
2976230,61,2026-05-20 08:15:00,23195,,23195,0,,0,,CORRECT_TOTAL_0_23195
2976231,61,2026-05-20 08:20:00,23195,,23195,0,,0,,CORRECT_TOTAL_0_23195
2976232,61,2026-05-20 08:25:00,23195,,23195,0,,0,,CORRECT_TOTAL_0_23195
2976233,61,2026-05-20 08:30:00,23195,,23195,0,,0,,CORRECT_TOTAL_0_23195
2976234,61,2026-05-20 08:35:00,23195,,23195,0,,0,,CORRECT_TOTAL_0_23195
2976235,61,2026-05-20 08:40:00,23203,,23203,0,,0,,CORRECT_TOTAL_0_23203
2976236,61,2026-05-20 08:45:00,23203,,23203,0,,0,,CORRECT_TOTAL_0_23203
2976237,61,2026-05-20 08:50:00,23203,,23203,0,,0,,CORRECT_TOTAL_0_23203
2976238,61,2026-05-20 08:55:00,23203,,23203,0,,0,,CORRECT_TOTAL_0_23203
2976239,61,2026-05-20 09:00:00,23203,,23203,0,,0,,CORRECT_TOTAL_0_23203
2976240,61,2026-05-20 09:05:00,23205,,23205,0,,0,,CORRECT_TOTAL_0_23205
2976241,61,2026-05-20 09:10:00,23210,,23210,0,,0,,CORRECT_TOTAL_0_23210
2976242,61,2026-05-20 09:15:00,23210,,23210,0,,0,,CORRECT_TOTAL_0_23210
2976243,61,2026-05-20 09:20:00,23210,,23210,0,,0,,CORRECT_TOTAL_0_23210
2976244,61,2026-05-20 09:25:00,23210,,23210,0,,0,,CORRECT_TOTAL_0_23210
2976245,61,2026-05-20 09:30:00,23210,,23210,0,,0,,CORRECT_TOTAL_0_23210
2976246,61,2026-05-20 09:35:00,23210,,23210,0,,0,,CORRECT_TOTAL_0_23210
2976247,61,2026-05-20 09:40:00,23214,,23214,0,,0,,CORRECT_TOTAL_0_23214
2976248,61,2026-05-20 09:45:00,23218,,23218,0,,0,,CORRECT_TOTAL_0_23218
2976249,61,2026-05-20 09:50:00,23218,,23218,0,,0,,CORRECT_TOTAL_0_23218
2976250,61,2026-05-20 09:55:00,23218,,23218,0,,0,,CORRECT_TOTAL_0_23218
2976251,61,2026-05-20 10:00:00,23218,,23218,0,,0,,CORRECT_TOTAL_0_23218
2976252,61,2026-05-20 10:05:00,23220,,23220,0,,0,,CORRECT_TOTAL_0_23220
2976253,61,2026-05-20 10:10:00,23226,,23226,0,,0,,CORRECT_TOTAL_0_23226
2976254,61,2026-05-20 10:15:00,23226,,23226,0,,0,,CORRECT_TOTAL_0_23226
2976255,61,2026-05-20 10:20:00,23226,,23226,0,,0,,CORRECT_TOTAL_0_23226
2976256,61,2026-05-20 10:25:00,23226,,23226,0,,0,,CORRECT_TOTAL_0_23226
2976257,61,2026-05-20 10:30:00,23226,,23226,0,,0,,CORRECT_TOTAL_0_23226
2976258,61,2026-05-20 10:40:00,23233,,23233,0,,0,,CORRECT_TOTAL_0_23233
2976259,61,2026-05-20 10:45:00,23233,,23233,0,,0,,CORRECT_TOTAL_0_23233
2976260,61,2026-05-20 10:50:00,23233,,23233,0,,0,,CORRECT_TOTAL_0_23233
2976261,61,2026-05-20 10:55:00,23233,,23233,0,,0,,CORRECT_TOTAL_0_23233
2976262,61,2026-05-20 11:00:00,23233,,23233,0,,0,,CORRECT_TOTAL_0_23233
2976263,61,2026-05-20 11:05:00,23237,,23237,0,,0,,CORRECT_TOTAL_0_23237
2976264,61,2026-05-20 11:10:00,23241,,23241,0,,0,,CORRECT_TOTAL_0_23241
2976265,61,2026-05-20 11:15:00,23241,,23241,0,,0,,CORRECT_TOTAL_0_23241
2976266,61,2026-05-20 11:20:00,23241,,23241,0,,0,,CORRECT_TOTAL_0_23241
2976267,61,2026-05-20 11:25:00,23241,,23241,0,,0,,CORRECT_TOTAL_0_23241
2976268,61,2026-05-20 11:30:00,23242,,23242,0,,0,,CORRECT_TOTAL_0_23242
2976269,61,2026-05-20 11:35:00,23250,,23250,0,,0,,CORRECT_TOTAL_0_23250
2976270,61,2026-05-20 11:40:00,23250,,23250,0,,0,,CORRECT_TOTAL_0_23250
2976271,61,2026-05-20 11:45:00,23250,,23250,0,,0,,CORRECT_TOTAL_0_23250
2976272,61,2026-05-20 11:50:00,23251,,23251,0,,0,,CORRECT_TOTAL_0_23251
2976273,61,2026-05-20 11:55:00,23258,,23258,0,,0,,CORRECT_TOTAL_0_23258
2976274,61,2026-05-20 12:00:00,23258,,23258,0,,0,,CORRECT_TOTAL_0_23258
2976275,61,2026-05-20 12:05:00,23258,,23258,0,,0,,CORRECT_TOTAL_0_23258
2976276,61,2026-05-20 12:10:00,23258,,23258,0,,0,,CORRECT_TOTAL_0_23258
2976277,61,2026-05-20 12:20:00,23266,,23266,0,,0,,CORRECT_TOTAL_0_23266
2976278,61,2026-05-20 12:25:00,23266,,23266,0,,0,,CORRECT_TOTAL_0_23266
2976279,61,2026-05-20 12:30:00,23266,,23266,0,,0,,CORRECT_TOTAL_0_23266
2976280,61,2026-05-20 12:35:00,23266,,23266,0,,0,,CORRECT_TOTAL_0_23266
2976281,61,2026-05-20 12:40:00,23266,,23266,0,,0,,CORRECT_TOTAL_0_23266
2976282,61,2026-05-20 12:45:00,23272,,23272,0,,0,,CORRECT_TOTAL_0_23272
2976283,61,2026-05-20 12:55:00,23274,,23274,0,,0,,CORRECT_TOTAL_0_23274
2976284,61,2026-05-20 13:00:00,23274,,23274,0,,0,,CORRECT_TOTAL_0_23274
2976285,61,2026-05-20 13:05:00,23274,,23274,0,,0,,CORRECT_TOTAL_0_23274
2976286,61,2026-05-20 13:10:00,23277,,23277,0,,0,,CORRECT_TOTAL_0_23277
2976287,61,2026-05-20 13:15:00,23282,,23282,0,,0,,CORRECT_TOTAL_0_23282
2976288,61,2026-05-20 13:20:00,23282,,23282,0,,0,,CORRECT_TOTAL_0_23282
2976289,61,2026-05-20 13:25:00,23282,,23282,0,,0,,CORRECT_TOTAL_0_23282
2976290,61,2026-05-20 13:30:00,23282,,23282,0,,0,,CORRECT_TOTAL_0_23282
2976291,61,2026-05-20 13:35:00,23282,,23282,0,,0,,CORRECT_TOTAL_0_23282
2976292,61,2026-05-20 13:40:00,23285,,23285,0,,0,,CORRECT_TOTAL_0_23285
2976293,61,2026-05-20 13:45:00,23289,,23289,0,,0,,CORRECT_TOTAL_0_23289
2976294,61,2026-05-20 13:55:00,23289,,23289,0,,0,,CORRECT_TOTAL_0_23289
2976295,61,2026-05-20 14:00:00,23289,,23289,0,,0,,CORRECT_TOTAL_0_23289
2976296,61,2026-05-20 14:05:00,23289,,23289,0,,0,,CORRECT_TOTAL_0_23289
2976297,61,2026-05-20 14:10:00,23289,,23289,0,,0,,CORRECT_TOTAL_0_23289
2976298,61,2026-05-20 14:15:00,23297,,23297,0,,0,,CORRECT_TOTAL_0_23297
2976299,61,2026-05-20 14:20:00,23297,,23297,0,,0,,CORRECT_TOTAL_0_23297
2976300,61,2026-05-20 14:25:00,23297,,23297,0,,0,,CORRECT_TOTAL_0_23297
2976301,61,2026-05-20 14:30:00,23297,,23297,0,,0,,CORRECT_TOTAL_0_23297
2976302,61,2026-05-20 14:35:00,23297,,23297,0,,0,,CORRECT_TOTAL_0_23297
2976303,61,2026-05-20 14:40:00,23300,,23300,0,,0,,CORRECT_TOTAL_0_23300
2976304,61,2026-05-20 14:45:00,23305,,23305,0,,0,,CORRECT_TOTAL_0_23305
2976305,61,2026-05-20 14:50:00,23305,,23305,0,,0,,CORRECT_TOTAL_0_23305
2976306,61,2026-05-20 14:55:00,23305,,23305,0,,0,,CORRECT_TOTAL_0_23305
2976307,61,2026-05-20 15:00:00,23305,,23305,0,,0,,CORRECT_TOTAL_0_23305
2976308,61,2026-05-20 15:05:00,23305,,23305,0,,0,,CORRECT_TOTAL_0_23305
2976309,61,2026-05-20 15:10:00,23309,,23309,0,,0,,CORRECT_TOTAL_0_23309
2976310,61,2026-05-20 15:15:00,23313,,23313,0,,0,,CORRECT_TOTAL_0_23313
2976311,61,2026-05-20 15:20:00,23313,,23313,0,,0,,CORRECT_TOTAL_0_23313
2976312,61,2026-05-20 15:25:00,23313,,23313,0,,0,,CORRECT_TOTAL_0_23313
2976313,61,2026-05-20 15:30:00,23313,,23313,0,,0,,CORRECT_TOTAL_0_23313
2976314,61,2026-05-20 15:35:00,23313,,23313,0,,0,,CORRECT_TOTAL_0_23313
2976315,61,2026-05-20 15:40:00,23313,,23313,0,,0,,CORRECT_TOTAL_0_23313
2976316,61,2026-05-20 15:45:00,23320,,23320,0,,0,,CORRECT_TOTAL_0_23320
2976317,61,2026-05-20 15:50:00,23320,,23320,0,,0,,CORRECT_TOTAL_0_23320
2976318,61,2026-05-20 15:55:00,23320,,23320,0,,0,,CORRECT_TOTAL_0_23320
2976319,61,2026-05-20 16:00:00,23320,,23320,0,,0,,CORRECT_TOTAL_0_23320
2976320,61,2026-05-20 16:05:00,23325,,23325,0,,0,,CORRECT_TOTAL_0_23325
2976321,61,2026-05-20 16:10:00,23328,,23328,0,,0,,CORRECT_TOTAL_0_23328
2976322,61,2026-05-20 16:15:00,23328,,23328,0,,0,,CORRECT_TOTAL_0_23328
2976323,61,2026-05-20 16:20:00,23328,,23328,0,,0,,CORRECT_TOTAL_0_23328
2976324,61,2026-05-20 16:25:00,23328,,23328,0,,0,,CORRECT_TOTAL_0_23328
2976325,61,2026-05-20 16:30:00,23328,,23328,0,,0,,CORRECT_TOTAL_0_23328
2976326,61,2026-05-20 16:35:00,23335,,23335,0,,0,,CORRECT_TOTAL_0_23335
2976327,61,2026-05-20 16:40:00,23335,,23335,0,,0,,CORRECT_TOTAL_0_23335
2976328,61,2026-05-20 16:45:00,23335,,23335,0,,0,,CORRECT_TOTAL_0_23335
2976329,61,2026-05-20 16:50:00,23335,,23335,0,,0,,CORRECT_TOTAL_0_23335
2976330,61,2026-05-20 17:00:00,23343,,23343,0,,0,,CORRECT_TOTAL_0_23343
2976331,61,2026-05-20 17:05:00,23344,,23344,0,,0,,CORRECT_TOTAL_0_23344
2976332,61,2026-05-20 17:10:00,23344,,23344,0,,0,,CORRECT_TOTAL_0_23344
2976333,61,2026-05-20 17:15:00,23344,,23344,0,,0,,CORRECT_TOTAL_0_23344
2976334,61,2026-05-20 17:20:00,23346,,23346,0,,0,,CORRECT_TOTAL_0_23346
2976335,61,2026-05-20 17:25:00,23352,,23352,0,,0,,CORRECT_TOTAL_0_23352
2976336,61,2026-05-20 17:30:00,23352,,23352,0,,0,,CORRECT_TOTAL_0_23352
2976337,61,2026-05-20 17:35:00,23352,,23352,0,,0,,CORRECT_TOTAL_0_23352
2976338,61,2026-05-20 17:40:00,23352,,23352,0,,0,,CORRECT_TOTAL_0_23352
2976339,61,2026-05-20 17:45:00,23352,,23352,0,,0,,CORRECT_TOTAL_0_23352
2976340,61,2026-05-20 17:55:00,23359,,23359,0,,0,,CORRECT_TOTAL_0_23359
2976341,61,2026-05-20 18:00:00,23359,,23359,0,,0,,CORRECT_TOTAL_0_23359
2976342,61,2026-05-20 18:05:00,23359,,23359,0,,0,,CORRECT_TOTAL_0_23359
2976343,61,2026-05-20 18:10:00,23359,,23359,0,,0,,CORRECT_TOTAL_0_23359
2976344,61,2026-05-20 18:15:00,23359,,23359,0,,0,,CORRECT_TOTAL_0_23359
2976345,61,2026-05-20 18:20:00,23359,,23359,0,,0,,CORRECT_TOTAL_0_23359
2976346,61,2026-05-20 18:25:00,23360,,23360,0,,0,,CORRECT_TOTAL_0_23360
2976347,61,2026-05-20 18:30:00,23367,,23367,0,,0,,CORRECT_TOTAL_0_23367
2976348,61,2026-05-20 18:35:00,23367,,23367,0,,0,,CORRECT_TOTAL_0_23367
2976349,61,2026-05-20 18:40:00,23367,,23367,0,,0,,CORRECT_TOTAL_0_23367
2976350,61,2026-05-20 18:45:00,23367,,23367,0,,0,,CORRECT_TOTAL_0_23367
2976351,61,2026-05-20 18:50:00,23367,,23367,0,,0,,CORRECT_TOTAL_0_23367
2976352,61,2026-05-20 18:55:00,23370,,23370,0,,0,,CORRECT_TOTAL_0_23370
2976353,61,2026-05-20 19:00:00,23374,,23374,0,,0,,CORRECT_TOTAL_0_23374
2976354,61,2026-05-20 19:05:00,23374,,23374,0,,0,,CORRECT_TOTAL_0_23374
2976355,61,2026-05-20 19:15:00,23374,,23374,0,,0,,CORRECT_TOTAL_0_23374
2976356,61,2026-05-20 19:20:00,23374,,23374,0,,0,,CORRECT_TOTAL_0_23374
2976357,61,2026-05-20 19:25:00,23374,,23374,0,,0,,CORRECT_TOTAL_0_23374
2976358,61,2026-05-20 19:30:00,23376,,23376,0,,0,,CORRECT_TOTAL_0_23376
2976359,61,2026-05-20 19:35:00,23382,,23382,0,,0,,CORRECT_TOTAL_0_23382
2976360,61,2026-05-20 19:40:00,23382,,23382,0,,0,,CORRECT_TOTAL_0_23382
2976361,61,2026-05-20 19:45:00,23382,,23382,0,,0,,CORRECT_TOTAL_0_23382
2976362,61,2026-05-20 19:50:00,23382,,23382,0,,0,,CORRECT_TOTAL_0_23382
2976363,61,2026-05-20 19:55:00,23382,,23382,0,,0,,CORRECT_TOTAL_0_23382
2976364,61,2026-05-20 20:00:00,23389,,23389,0,,0,,CORRECT_TOTAL_0_23389
2976365,61,2026-05-20 20:05:00,23390,,23390,0,,0,,CORRECT_TOTAL_0_23390
2976366,61,2026-05-20 20:10:00,23390,,23390,0,,0,,CORRECT_TOTAL_0_23390
2976367,61,2026-05-20 20:20:00,23399,,23399,0,,0,,CORRECT_TOTAL_0_23399
2976368,61,2026-05-20 20:25:00,23399,,23399,0,,0,,CORRECT_TOTAL_0_23399
2976369,61,2026-05-20 20:30:00,23399,,23399,0,,0,,CORRECT_TOTAL_0_23399
2976370,61,2026-05-20 20:35:00,23404,,23404,0,,0,,CORRECT_TOTAL_0_23404
2976371,61,2026-05-20 20:40:00,23408,,23408,0,,0,,CORRECT_TOTAL_0_23408
2976372,61,2026-05-20 20:45:00,23408,,23408,0,,0,,CORRECT_TOTAL_0_23408
2976373,61,2026-05-20 20:50:00,23408,,23408,0,,0,,CORRECT_TOTAL_0_23408
2976374,61,2026-05-20 20:55:00,23416,,23416,0,,0,,CORRECT_TOTAL_0_23416
2976375,61,2026-05-20 21:00:00,23418,,23418,0,,0,,CORRECT_TOTAL_0_23418
2976376,61,2026-05-20 21:05:00,23418,,23418,0,,0,,CORRECT_TOTAL_0_23418
2976377,61,2026-05-20 21:10:00,23422,,23422,0,,0,,CORRECT_TOTAL_0_23422
2976378,61,2026-05-20 21:15:00,23428,,23428,0,,0,,CORRECT_TOTAL_0_23428
2976379,61,2026-05-20 21:20:00,23428,,23428,0,,0,,CORRECT_TOTAL_0_23428
2976380,61,2026-05-20 21:25:00,23428,,23428,0,,0,,CORRECT_TOTAL_0_23428
2976381,61,2026-05-20 21:30:00,23434,,23434,0,,0,,CORRECT_TOTAL_0_23434
2976382,61,2026-05-20 21:35:00,23435,,23435,0,,0,,CORRECT_TOTAL_0_23435
2976383,61,2026-05-20 21:40:00,23438,,23438,0,,0,,CORRECT_TOTAL_0_23438
2976384,61,2026-05-20 21:45:00,23445,,23445,0,,0,,CORRECT_TOTAL_0_23445
2976385,61,2026-05-20 21:50:00,23448,,23448,0,,0,,CORRECT_TOTAL_0_23448
2976386,61,2026-05-20 21:55:00,23448,,23448,0,,0,,CORRECT_TOTAL_0_23448
2976387,61,2026-05-20 22:00:00,23449,,23449,0,,0,,CORRECT_TOTAL_0_23449
2976388,61,2026-05-20 22:05:00,23459,,23459,0,,0,,CORRECT_TOTAL_0_23459
2976389,61,2026-05-20 22:10:00,23459,,23459,0,,0,,CORRECT_TOTAL_0_23459
2976390,61,2026-05-20 22:15:00,23462,,23462,0,,0,,CORRECT_TOTAL_0_23462
2976391,61,2026-05-20 22:20:00,23468,,23468,0,,0,,CORRECT_TOTAL_0_23468
2976392,61,2026-05-20 22:25:00,23469,,23469,0,,0,,CORRECT_TOTAL_0_23469
2976393,61,2026-05-20 22:30:00,23469,,23469,0,,0,,CORRECT_TOTAL_0_23469
2976394,61,2026-05-20 22:35:00,23475,,23475,0,,0,,CORRECT_TOTAL_0_23475
2976395,61,2026-05-20 22:40:00,23479,,23479,0,,0,,CORRECT_TOTAL_0_23479
2976396,61,2026-05-20 22:45:00,23479,,23479,0,,0,,CORRECT_TOTAL_0_23479
2976397,61,2026-05-20 22:50:00,23479,,23479,0,,0,,CORRECT_TOTAL_0_23479
2976398,61,2026-05-20 22:55:00,23485,,23485,0,,0,,CORRECT_TOTAL_0_23485
2976399,61,2026-05-20 23:00:00,23488,,23488,0,,0,,CORRECT_TOTAL_0_23488
2976400,61,2026-05-20 23:05:00,23488,,23488,0,,0,,CORRECT_TOTAL_0_23488
2976401,61,2026-05-20 23:10:00,23488,,23488,0,,0,,CORRECT_TOTAL_0_23488
2976402,61,2026-05-20 23:15:00,23488,,23488,0,,0,,CORRECT_TOTAL_0_23488
2976403,61,2026-05-20 23:20:00,23488,,23488,0,,0,,CORRECT_TOTAL_0_23488
2976404,61,2026-05-20 23:25:00,23488,,23488,0,,0,,CORRECT_TOTAL_0_23488
2976405,61,2026-05-20 23:35:00,23495,,23495,0,,0,,CORRECT_TOTAL_0_23495
2976406,61,2026-05-20 23:40:00,23495,,23495,0,,0,,CORRECT_TOTAL_0_23495
2976407,61,2026-05-20 23:45:00,23495,,23495,0,,0,,CORRECT_TOTAL_0_23495
2976408,61,2026-05-20 23:50:00,23495,,23495,0,,0,,CORRECT_TOTAL_0_23495
2976409,61,2026-05-20 23:55:00,23497,,23497,0,,0,,CORRECT_TOTAL_0_23497
2976410,61,2026-05-21 00:00:00,23503,,23503,0,,0,,CORRECT_TOTAL_0_23503
2976411,61,2026-05-21 00:05:00,23503,,23503,0,,0,,CORRECT_TOTAL_0_23503
2976412,61,2026-05-21 00:10:00,23503,,23503,0,,0,,CORRECT_TOTAL_0_23503
2976413,61,2026-05-21 00:15:00,23503,,23503,0,,0,,CORRECT_TOTAL_0_23503
2976414,61,2026-05-21 00:20:00,23503,,23503,0,,0,,CORRECT_TOTAL_0_23503
2976415,61,2026-05-21 00:25:00,23503,,23503,0,,0,,CORRECT_TOTAL_0_23503
2976416,61,2026-05-21 00:30:00,23503,,23503,0,,0,,CORRECT_TOTAL_0_23503
2976417,61,2026-05-21 00:35:00,23503,,23503,0,,0,,CORRECT_TOTAL_0_23503
2976418,61,2026-05-21 00:45:00,23510,,23510,0,,0,,CORRECT_TOTAL_0_23510
2976419,61,2026-05-21 00:50:00,23510,,23510,0,,0,,CORRECT_TOTAL_0_23510
2976420,61,2026-05-21 00:55:00,23510,,23510,0,,0,,CORRECT_TOTAL_0_23510
2976421,61,2026-05-21 01:00:00,23510,,23510,0,,0,,CORRECT_TOTAL_0_23510
2976422,61,2026-05-21 01:05:00,23510,,23510,0,,0,,CORRECT_TOTAL_0_23510
2976423,61,2026-05-21 01:10:00,23510,,23510,0,,0,,CORRECT_TOTAL_0_23510
2976424,61,2026-05-21 01:15:00,23510,,23510,0,,0,,CORRECT_TOTAL_0_23510
2976425,61,2026-05-21 01:20:00,23511,,23511,0,,0,,CORRECT_TOTAL_0_23511
2976426,61,2026-05-21 01:25:00,23517,,23517,0,,0,,CORRECT_TOTAL_0_23517
2976427,61,2026-05-21 01:30:00,23517,,23517,0,,0,,CORRECT_TOTAL_0_23517
2976428,61,2026-05-21 01:35:00,23517,,23517,0,,0,,CORRECT_TOTAL_0_23517
2976429,61,2026-05-21 01:40:00,23517,,23517,0,,0,,CORRECT_TOTAL_0_23517
2976430,61,2026-05-21 01:45:00,23517,,23517,0,,0,,CORRECT_TOTAL_0_23517
2976431,61,2026-05-21 01:50:00,23517,,23517,0,,0,,CORRECT_TOTAL_0_23517
2976432,61,2026-05-21 01:55:00,23517,,23517,0,,0,,CORRECT_TOTAL_0_23517
2976433,61,2026-05-21 02:05:00,23517,,23517,0,,0,,CORRECT_TOTAL_0_23517
2976434,61,2026-05-21 02:10:00,23517,,23517,0,,0,,CORRECT_TOTAL_0_23517
2976435,61,2026-05-21 02:15:00,23517,,23517,0,,0,,CORRECT_TOTAL_0_23517
2976436,61,2026-05-21 02:20:00,23517,,23517,0,,0,,CORRECT_TOTAL_0_23517
2976437,61,2026-05-21 02:25:00,23517,,23517,0,,0,,CORRECT_TOTAL_0_23517
2976438,61,2026-05-21 02:30:00,23517,,23517,0,,0,,CORRECT_TOTAL_0_23517
2976439,61,2026-05-21 02:35:00,23523,,23523,0,,0,,CORRECT_TOTAL_0_23523
2976440,61,2026-05-21 02:40:00,23524,,23524,0,,0,,CORRECT_TOTAL_0_23524
2976441,61,2026-05-21 02:45:00,23524,,23524,0,,0,,CORRECT_TOTAL_0_23524
2976442,61,2026-05-21 02:50:00,23524,,23524,0,,0,,CORRECT_TOTAL_0_23524
2976443,61,2026-05-21 02:55:00,23524,,23524,0,,0,,CORRECT_TOTAL_0_23524
2976444,61,2026-05-21 03:00:00,23524,,23524,0,,0,,CORRECT_TOTAL_0_23524
2976445,61,2026-05-21 03:05:00,23524,,23524,0,,0,,CORRECT_TOTAL_0_23524
2976446,61,2026-05-21 03:10:00,23524,,23524,0,,0,,CORRECT_TOTAL_0_23524
2976447,61,2026-05-21 03:15:00,23524,,23524,0,,0,,CORRECT_TOTAL_0_23524
2976448,61,2026-05-21 03:20:00,23524,,23524,0,,0,,CORRECT_TOTAL_0_23524
2976449,61,2026-05-21 03:25:00,23524,,23524,0,,0,,CORRECT_TOTAL_0_23524
2976450,61,2026-05-21 03:35:00,23524,,23524,0,,0,,CORRECT_TOTAL_0_23524
2976451,61,2026-05-21 03:40:00,23524,,23524,0,,0,,CORRECT_TOTAL_0_23524
2976452,61,2026-05-21 03:45:00,23524,,23524,0,,0,,CORRECT_TOTAL_0_23524
2976453,61,2026-05-21 03:50:00,23524,,23524,0,,0,,CORRECT_TOTAL_0_23524
2976454,61,2026-05-21 03:55:00,23524,,23524,0,,0,,CORRECT_TOTAL_0_23524
2976455,61,2026-05-21 04:00:00,23524,,23524,0,,0,,CORRECT_TOTAL_0_23524
2976456,61,2026-05-21 04:05:00,23527,,23527,0,,0,,CORRECT_TOTAL_0_23527
2976457,61,2026-05-21 04:10:00,23530,,23530,0,,0,,CORRECT_TOTAL_0_23530
2976458,61,2026-05-21 04:15:00,23530,,23530,0,,0,,CORRECT_TOTAL_0_23530
2976459,61,2026-05-21 04:20:00,23530,,23530,0,,0,,CORRECT_TOTAL_0_23530
2976460,61,2026-05-21 04:25:00,23530,,23530,0,,0,,CORRECT_TOTAL_0_23530
2976461,61,2026-05-21 04:30:00,23530,,23530,0,,0,,CORRECT_TOTAL_0_23530
2976462,61,2026-05-21 04:35:00,23530,,23530,0,,0,,CORRECT_TOTAL_0_23530
2976463,61,2026-05-21 04:40:00,23530,,23530,0,,0,,CORRECT_TOTAL_0_23530
2976464,61,2026-05-21 04:45:00,23530,,23530,0,,0,,CORRECT_TOTAL_0_23530
2976465,61,2026-05-21 04:50:00,23530,,23530,0,,0,,CORRECT_TOTAL_0_23530
2976466,61,2026-05-21 04:55:00,23530,,23530,0,,0,,CORRECT_TOTAL_0_23530
2976467,61,2026-05-21 05:00:00,23530,,23530,0,,0,,CORRECT_TOTAL_0_23530
2976468,61,2026-05-21 05:05:00,23530,,23530,0,,0,,CORRECT_TOTAL_0_23530
2976469,61,2026-05-21 05:10:00,23530,,23530,0,,0,,CORRECT_TOTAL_0_23530
2976470,61,2026-05-21 05:15:00,23530,,23530,0,,0,,CORRECT_TOTAL_0_23530
2976471,61,2026-05-21 05:20:00,23530,,23530,0,,0,,CORRECT_TOTAL_0_23530
2976472,61,2026-05-21 05:25:00,23530,,23530,0,,0,,CORRECT_TOTAL_0_23530
2976473,61,2026-05-21 05:30:00,23530,,23530,0,,0,,CORRECT_TOTAL_0_23530
2976474,61,2026-05-21 05:35:00,23530,,23530,0,,0,,CORRECT_TOTAL_0_23530
2976475,61,2026-05-21 05:40:00,23537,,23537,0,,0,,CORRECT_TOTAL_0_23537
2976476,61,2026-05-21 05:45:00,23537,,23537,0,,0,,CORRECT_TOTAL_0_23537
2976477,61,2026-05-21 05:50:00,23537,,23537,0,,0,,CORRECT_TOTAL_0_23537
2976478,61,2026-05-21 05:55:00,23537,,23537,0,,0,,CORRECT_TOTAL_0_23537
2976479,61,2026-05-21 06:00:00,23537,,23537,0,,0,,CORRECT_TOTAL_0_23537
2976480,61,2026-05-21 06:05:00,23537,,23537,0,,0,,CORRECT_TOTAL_0_23537
2976481,61,2026-05-21 06:10:00,23537,,23537,0,,0,,CORRECT_TOTAL_0_23537
2976482,61,2026-05-21 06:15:00,23537,,23537,0,,0,,CORRECT_TOTAL_0_23537
2976483,61,2026-05-21 06:20:00,23537,,23537,0,,0,,CORRECT_TOTAL_0_23537
2976484,61,2026-05-21 06:25:00,23537,,23537,0,,0,,CORRECT_TOTAL_0_23537
2976485,61,2026-05-21 06:30:00,23537,,23537,0,,0,,CORRECT_TOTAL_0_23537
2976486,61,2026-05-21 06:35:00,23537,,23537,0,,0,,CORRECT_TOTAL_0_23537
2976487,61,2026-05-21 06:40:00,23537,,23537,0,,0,,CORRECT_TOTAL_0_23537
2976488,61,2026-05-21 06:45:00,23537,,23537,0,,0,,CORRECT_TOTAL_0_23537
2976489,61,2026-05-21 06:50:00,23537,,23537,0,,0,,CORRECT_TOTAL_0_23537
2976490,61,2026-05-21 06:55:00,23537,,23537,0,,0,,CORRECT_TOTAL_0_23537
2976491,61,2026-05-21 07:00:00,23537,,23537,0,,0,,CORRECT_TOTAL_0_23537
2976492,61,2026-05-21 07:05:00,23537,,23537,0,,0,,CORRECT_TOTAL_0_23537
2976493,61,2026-05-21 07:10:00,23539,,23539,0,,0,,CORRECT_TOTAL_0_23539
2976494,61,2026-05-21 07:15:00,23544,,23544,0,,0,,CORRECT_TOTAL_0_23544
2976495,61,2026-05-21 07:20:00,23544,,23544,0,,0,,CORRECT_TOTAL_0_23544
2976496,61,2026-05-21 07:25:00,23544,,23544,0,,0,,CORRECT_TOTAL_0_23544
2976497,61,2026-05-21 07:30:00,23544,,23544,0,,0,,CORRECT_TOTAL_0_23544
2976498,61,2026-05-21 07:35:00,23544,,23544,0,,0,,CORRECT_TOTAL_0_23544
2976499,61,2026-05-21 07:40:00,23544,,23544,0,,0,,CORRECT_TOTAL_0_23544
2976500,61,2026-05-21 07:45:00,23544,,23544,0,,0,,CORRECT_TOTAL_0_23544
2976501,61,2026-05-21 07:50:00,23544,,23544,0,,0,,CORRECT_TOTAL_0_23544
2976502,61,2026-05-21 07:55:00,23544,,23544,0,,0,,CORRECT_TOTAL_0_23544
2976503,61,2026-05-21 08:00:00,23544,,23544,0,,0,,CORRECT_TOTAL_0_23544
2976504,61,2026-05-21 08:05:00,23544,,23544,0,,0,,CORRECT_TOTAL_0_23544
2976505,61,2026-05-21 08:10:00,23544,,23544,0,,0,,CORRECT_TOTAL_0_23544
2976506,61,2026-05-21 08:15:00,23544,,23544,0,,0,,CORRECT_TOTAL_0_23544
2976507,61,2026-05-21 08:20:00,23544,,23544,0,,0,,CORRECT_TOTAL_0_23544
2976508,61,2026-05-21 08:25:00,23544,,23544,0,,0,,CORRECT_TOTAL_0_23544
2976509,61,2026-05-21 08:30:00,23544,,23544,0,,0,,CORRECT_TOTAL_0_23544
2976510,61,2026-05-21 08:35:00,23544,,23544,0,,0,,CORRECT_TOTAL_0_23544
2976511,61,2026-05-21 08:40:00,23544,,23544,0,,0,,CORRECT_TOTAL_0_23544
2976512,61,2026-05-21 08:50:00,23550,,23550,0,,0,,CORRECT_TOTAL_0_23550
2976513,61,2026-05-21 08:55:00,23550,,23550,0,,0,,CORRECT_TOTAL_0_23550
2976514,61,2026-05-21 09:00:00,23550,,23550,0,,0,,CORRECT_TOTAL_0_23550
2976515,61,2026-05-21 09:05:00,23550,,23550,0,,0,,CORRECT_TOTAL_0_23550
2976516,61,2026-05-21 09:10:00,23550,,23550,0,,0,,CORRECT_TOTAL_0_23550
2976517,61,2026-05-21 09:15:00,23550,,23550,0,,0,,CORRECT_TOTAL_0_23550
2976518,61,2026-05-21 09:20:00,23550,,23550,0,,0,,CORRECT_TOTAL_0_23550
2976519,61,2026-05-21 09:25:00,23550,,23550,0,,0,,CORRECT_TOTAL_0_23550
2976520,61,2026-05-21 09:30:00,23550,,23550,0,,0,,CORRECT_TOTAL_0_23550
2976521,61,2026-05-21 09:35:00,23550,,23550,0,,0,,CORRECT_TOTAL_0_23550
2976522,61,2026-05-21 09:40:00,23550,,23550,0,,0,,CORRECT_TOTAL_0_23550
2976523,61,2026-05-21 09:45:00,23550,,23550,0,,0,,CORRECT_TOTAL_0_23550
2976524,61,2026-05-21 09:50:00,23550,,23550,0,,0,,CORRECT_TOTAL_0_23550
2976525,61,2026-05-21 09:55:00,23550,,23550,0,,0,,CORRECT_TOTAL_0_23550
2976526,61,2026-05-21 10:00:00,23550,,23550,0,,0,,CORRECT_TOTAL_0_23550
2976527,61,2026-05-21 10:05:00,23550,,23550,0,,0,,CORRECT_TOTAL_0_23550
2976528,61,2026-05-21 10:10:00,23550,,23550,0,,0,,CORRECT_TOTAL_0_23550
2976529,61,2026-05-21 10:15:00,23550,,23550,0,,0,,CORRECT_TOTAL_0_23550
2976530,61,2026-05-21 10:20:00,23550,,23550,0,,0,,CORRECT_TOTAL_0_23550
2976531,61,2026-05-21 10:25:00,23550,,23550,0,,0,,CORRECT_TOTAL_0_23550
2976532,61,2026-05-21 10:30:00,23550,,23550,0,,0,,CORRECT_TOTAL_0_23550
2976533,61,2026-05-21 10:35:00,23556,,23556,0,,0,,CORRECT_TOTAL_0_23556
2976534,61,2026-05-21 10:40:00,23557,,23557,0,,0,,CORRECT_TOTAL_0_23557
2976535,61,2026-05-21 10:45:00,23557,,23557,0,,0,,CORRECT_TOTAL_0_23557
2976536,61,2026-05-21 10:50:00,23557,,23557,0,,0,,CORRECT_TOTAL_0_23557
2976537,61,2026-05-21 10:55:00,23557,,23557,0,,0,,CORRECT_TOTAL_0_23557
2976538,61,2026-05-21 11:05:00,23557,,23557,0,,0,,CORRECT_TOTAL_0_23557
2976539,61,2026-05-21 11:10:00,23557,,23557,0,,0,,CORRECT_TOTAL_0_23557
2976540,61,2026-05-21 11:20:00,23557,,23557,0,,0,,CORRECT_TOTAL_0_23557
2976541,61,2026-05-21 11:25:00,23557,,23557,0,,0,,CORRECT_TOTAL_0_23557
2976542,61,2026-05-21 11:30:00,23557,,23557,0,,0,,CORRECT_TOTAL_0_23557
2976543,61,2026-05-21 11:35:00,23557,,23557,0,,0,,CORRECT_TOTAL_0_23557
2976544,61,2026-05-21 11:40:00,23557,,23557,0,,0,,CORRECT_TOTAL_0_23557
2976545,61,2026-05-21 11:45:00,23557,,23557,0,,0,,CORRECT_TOTAL_0_23557
2976546,61,2026-05-21 11:50:00,23557,,23557,0,,0,,CORRECT_TOTAL_0_23557
2976547,61,2026-05-21 11:55:00,23557,,23557,0,,0,,CORRECT_TOTAL_0_23557
2976548,61,2026-05-21 12:00:00,23557,,23557,0,,0,,CORRECT_TOTAL_0_23557
2976549,61,2026-05-21 12:05:00,23557,,23557,0,,0,,CORRECT_TOTAL_0_23557
2976550,61,2026-05-21 12:10:00,23557,,23557,0,,0,,CORRECT_TOTAL_0_23557
2976551,61,2026-05-21 12:15:00,23557,,23557,0,,0,,CORRECT_TOTAL_0_23557
2976552,61,2026-05-21 12:20:00,23562,,23562,0,,0,,CORRECT_TOTAL_0_23562
2976553,61,2026-05-21 12:25:00,23564,,23564,0,,0,,CORRECT_TOTAL_0_23564
2976554,61,2026-05-21 12:30:00,23564,,23564,0,,0,,CORRECT_TOTAL_0_23564
2976555,61,2026-05-21 12:35:00,23564,,23564,0,,0,,CORRECT_TOTAL_0_23564
2976556,61,2026-05-21 12:40:00,23564,,23564,0,,0,,CORRECT_TOTAL_0_23564
2976557,61,2026-05-21 12:45:00,23564,,23564,0,,0,,CORRECT_TOTAL_0_23564
2976558,61,2026-05-21 12:50:00,23564,,23564,0,,0,,CORRECT_TOTAL_0_23564
2976559,61,2026-05-21 12:55:00,23564,,23564,0,,0,,CORRECT_TOTAL_0_23564
2976560,61,2026-05-21 13:00:00,23564,,23564,0,,0,,CORRECT_TOTAL_0_23564
2976561,61,2026-05-21 13:05:00,23564,,23564,0,,0,,CORRECT_TOTAL_0_23564
2976562,61,2026-05-21 13:10:00,23564,,23564,0,,0,,CORRECT_TOTAL_0_23564
2976563,61,2026-05-21 13:15:00,23564,,23564,0,,0,,CORRECT_TOTAL_0_23564
2976564,61,2026-05-21 13:20:00,23564,,23564,0,,0,,CORRECT_TOTAL_0_23564
2976565,61,2026-05-21 13:25:00,23564,,23564,0,,0,,CORRECT_TOTAL_0_23564
2976566,61,2026-05-21 13:30:00,23564,,23564,0,,0,,CORRECT_TOTAL_0_23564
2976567,61,2026-05-21 13:35:00,23564,,23564,0,,0,,CORRECT_TOTAL_0_23564
2976568,61,2026-05-21 13:40:00,23564,,23564,0,,0,,CORRECT_TOTAL_0_23564
2976569,61,2026-05-21 13:45:00,23564,,23564,0,,0,,CORRECT_TOTAL_0_23564
2976570,61,2026-05-21 13:50:00,23564,,23564,0,,0,,CORRECT_TOTAL_0_23564
2976571,61,2026-05-21 13:55:00,23564,,23564,0,,0,,CORRECT_TOTAL_0_23564
2976572,61,2026-05-21 14:00:00,23564,,23564,0,,0,,CORRECT_TOTAL_0_23564
2976573,61,2026-05-21 14:05:00,23570,,23570,0,,0,,CORRECT_TOTAL_0_23570
2976574,61,2026-05-21 14:10:00,23570,,23570,0,,0,,CORRECT_TOTAL_0_23570
2976575,61,2026-05-21 14:15:00,23570,,23570,0,,0,,CORRECT_TOTAL_0_23570
2976576,61,2026-05-21 14:20:00,23570,,23570,0,,0,,CORRECT_TOTAL_0_23570
2976577,61,2026-05-21 14:25:00,23570,,23570,0,,0,,CORRECT_TOTAL_0_23570
2976578,61,2026-05-21 14:30:00,23570,,23570,0,,0,,CORRECT_TOTAL_0_23570
2976579,61,2026-05-21 14:35:00,23570,,23570,0,,0,,CORRECT_TOTAL_0_23570
2976580,61,2026-05-21 14:40:00,23570,,23570,0,,0,,CORRECT_TOTAL_0_23570
2976581,61,2026-05-21 14:45:00,23570,,23570,0,,0,,CORRECT_TOTAL_0_23570
2976582,61,2026-05-21 14:50:00,23570,,23570,0,,0,,CORRECT_TOTAL_0_23570
2976583,61,2026-05-21 14:55:00,23570,,23570,0,,0,,CORRECT_TOTAL_0_23570
2976584,61,2026-05-21 15:00:00,23570,,23570,0,,0,,CORRECT_TOTAL_0_23570
2976585,61,2026-05-21 15:05:00,23570,,23570,0,,0,,CORRECT_TOTAL_0_23570
2976586,61,2026-05-21 15:10:00,23570,,23570,0,,0,,CORRECT_TOTAL_0_23570
2976587,61,2026-05-21 15:15:00,23570,,23570,0,,0,,CORRECT_TOTAL_0_23570
2976588,61,2026-05-21 15:20:00,23570,,23570,0,,0,,CORRECT_TOTAL_0_23570
2976589,61,2026-05-21 15:25:00,23570,,23570,0,,0,,CORRECT_TOTAL_0_23570
2976590,61,2026-05-21 15:30:00,23570,,23570,0,,0,,CORRECT_TOTAL_0_23570
2976591,61,2026-05-21 15:35:00,23570,,23570,0,,0,,CORRECT_TOTAL_0_23570
2976592,61,2026-05-21 15:40:00,23570,,23570,0,,0,,CORRECT_TOTAL_0_23570
2976593,61,2026-05-21 15:45:00,23570,,23570,0,,0,,CORRECT_TOTAL_0_23570
2976594,61,2026-05-21 15:50:00,23574,,23574,0,,0,,CORRECT_TOTAL_0_23574
2976595,61,2026-05-21 15:55:00,23577,,23577,0,,0,,CORRECT_TOTAL_0_23577
2976596,61,2026-05-21 16:00:00,23577,,23577,0,,0,,CORRECT_TOTAL_0_23577
2976597,61,2026-05-21 16:05:00,23577,,23577,0,,0,,CORRECT_TOTAL_0_23577
2976598,61,2026-05-21 16:10:00,23577,,23577,0,,0,,CORRECT_TOTAL_0_23577
2976599,61,2026-05-21 16:15:00,23577,,23577,0,,0,,CORRECT_TOTAL_0_23577
2976600,61,2026-05-21 16:20:00,23577,,23577,0,,0,,CORRECT_TOTAL_0_23577
2976601,61,2026-05-21 16:25:00,23577,,23577,0,,0,,CORRECT_TOTAL_0_23577
2976602,61,2026-05-21 16:30:00,23577,,23577,0,,0,,CORRECT_TOTAL_0_23577
2976603,61,2026-05-21 16:35:00,23577,,23577,0,,0,,CORRECT_TOTAL_0_23577
2976604,61,2026-05-21 16:40:00,23577,,23577,0,,0,,CORRECT_TOTAL_0_23577
2976605,61,2026-05-21 16:45:00,23577,,23577,0,,0,,CORRECT_TOTAL_0_23577
2976606,61,2026-05-21 16:55:00,23577,,23577,0,,0,,CORRECT_TOTAL_0_23577
2976607,61,2026-05-21 17:00:00,23577,,23577,0,,0,,CORRECT_TOTAL_0_23577
2976608,61,2026-05-21 17:05:00,23577,,23577,0,,0,,CORRECT_TOTAL_0_23577
2976609,61,2026-05-21 17:10:00,23577,,23577,0,,0,,CORRECT_TOTAL_0_23577
2976610,61,2026-05-21 17:15:00,23577,,23577,0,,0,,CORRECT_TOTAL_0_23577
2976611,61,2026-05-21 17:25:00,23577,,23577,0,,0,,CORRECT_TOTAL_0_23577
2976612,61,2026-05-21 17:30:00,23582,,23582,0,,0,,CORRECT_TOTAL_0_23582
2976613,61,2026-05-21 17:35:00,23584,,23584,0,,0,,CORRECT_TOTAL_0_23584
2976614,61,2026-05-21 17:40:00,23584,,23584,0,,0,,CORRECT_TOTAL_0_23584
2976615,61,2026-05-21 17:45:00,23584,,23584,0,,0,,CORRECT_TOTAL_0_23584
2976616,61,2026-05-21 17:50:00,23584,,23584,0,,0,,CORRECT_TOTAL_0_23584
2976617,61,2026-05-21 17:55:00,23584,,23584,0,,0,,CORRECT_TOTAL_0_23584
2976618,61,2026-05-21 18:00:00,23584,,23584,0,,0,,CORRECT_TOTAL_0_23584
2976619,61,2026-05-21 18:05:00,23584,,23584,0,,0,,CORRECT_TOTAL_0_23584
2976620,61,2026-05-21 18:10:00,23584,,23584,0,,0,,CORRECT_TOTAL_0_23584
2976621,61,2026-05-21 18:15:00,23584,,23584,0,,0,,CORRECT_TOTAL_0_23584
2976622,61,2026-05-21 18:20:00,23584,,23584,0,,0,,CORRECT_TOTAL_0_23584
2976623,61,2026-05-21 18:25:00,23584,,23584,0,,0,,CORRECT_TOTAL_0_23584
2976624,61,2026-05-21 18:30:00,23584,,23584,0,,0,,CORRECT_TOTAL_0_23584
2976625,61,2026-05-21 18:35:00,23584,,23584,0,,0,,CORRECT_TOTAL_0_23584
2976626,61,2026-05-21 18:45:00,23584,,23584,0,,0,,CORRECT_TOTAL_0_23584
2976627,61,2026-05-21 18:50:00,23584,,23584,0,,0,,CORRECT_TOTAL_0_23584
2976628,61,2026-05-21 18:55:00,23584,,23584,0,,0,,CORRECT_TOTAL_0_23584
2976629,61,2026-05-21 19:00:00,23584,,23584,0,,0,,CORRECT_TOTAL_0_23584
2976630,61,2026-05-21 19:05:00,23584,,23584,0,,0,,CORRECT_TOTAL_0_23584
2976631,61,2026-05-21 19:10:00,23590,,23590,0,,0,,CORRECT_TOTAL_0_23590
2976632,61,2026-05-21 19:15:00,23590,,23590,0,,0,,CORRECT_TOTAL_0_23590
2976633,61,2026-05-21 19:20:00,23590,,23590,0,,0,,CORRECT_TOTAL_0_23590
2976634,61,2026-05-21 19:25:00,23590,,23590,0,,0,,CORRECT_TOTAL_0_23590
2976635,61,2026-05-21 19:30:00,23590,,23590,0,,0,,CORRECT_TOTAL_0_23590
2976636,61,2026-05-21 19:35:00,23590,,23590,0,,0,,CORRECT_TOTAL_0_23590
2976637,61,2026-05-21 19:40:00,23590,,23590,0,,0,,CORRECT_TOTAL_0_23590
2976638,61,2026-05-21 19:45:00,23590,,23590,0,,0,,CORRECT_TOTAL_0_23590
2976639,61,2026-05-21 19:50:00,23590,,23590,0,,0,,CORRECT_TOTAL_0_23590
2976640,61,2026-05-21 19:55:00,23590,,23590,0,,0,,CORRECT_TOTAL_0_23590
2976641,61,2026-05-21 20:00:00,23590,,23590,0,,0,,CORRECT_TOTAL_0_23590
2976642,61,2026-05-21 20:10:00,23590,,23590,0,,0,,CORRECT_TOTAL_0_23590
2976643,61,2026-05-21 20:15:00,23590,,23590,0,,0,,CORRECT_TOTAL_0_23590
2976644,61,2026-05-21 20:20:00,23590,,23590,0,,0,,CORRECT_TOTAL_0_23590
2976645,61,2026-05-21 20:25:00,23590,,23590,0,,0,,CORRECT_TOTAL_0_23590
2976646,61,2026-05-21 20:30:00,23590,,23590,0,,0,,CORRECT_TOTAL_0_23590
2976647,61,2026-05-21 20:35:00,23590,,23590,0,,0,,CORRECT_TOTAL_0_23590
2976648,61,2026-05-21 20:40:00,23590,,23590,0,,0,,CORRECT_TOTAL_0_23590
2976649,61,2026-05-21 20:45:00,23590,,23590,0,,0,,CORRECT_TOTAL_0_23590
2976650,61,2026-05-21 20:50:00,23597,,23597,0,,0,,CORRECT_TOTAL_0_23597
2976651,61,2026-05-21 20:55:00,23597,,23597,0,,0,,CORRECT_TOTAL_0_23597
2976652,61,2026-05-21 21:00:00,23597,,23597,0,,0,,CORRECT_TOTAL_0_23597
2976653,61,2026-05-21 21:05:00,23597,,23597,0,,0,,CORRECT_TOTAL_0_23597
2976654,61,2026-05-21 21:10:00,23597,,23597,0,,0,,CORRECT_TOTAL_0_23597
2976655,61,2026-05-21 21:15:00,23597,,23597,0,,0,,CORRECT_TOTAL_0_23597
2976656,61,2026-05-21 21:20:00,23597,,23597,0,,0,,CORRECT_TOTAL_0_23597
2976657,61,2026-05-21 21:25:00,23597,,23597,0,,0,,CORRECT_TOTAL_0_23597
2976658,61,2026-05-21 21:30:00,23597,,23597,0,,0,,CORRECT_TOTAL_0_23597
2976659,61,2026-05-21 21:35:00,23597,,23597,0,,0,,CORRECT_TOTAL_0_23597
2976660,61,2026-05-21 21:40:00,23597,,23597,0,,0,,CORRECT_TOTAL_0_23597
2976661,61,2026-05-21 21:45:00,23597,,23597,0,,0,,CORRECT_TOTAL_0_23597
2976662,61,2026-05-21 21:50:00,23597,,23597,0,,0,,CORRECT_TOTAL_0_23597
2976663,61,2026-05-21 21:55:00,23597,,23597,0,,0,,CORRECT_TOTAL_0_23597
2976664,61,2026-05-21 22:00:00,23597,,23597,0,,0,,CORRECT_TOTAL_0_23597
2976665,61,2026-05-21 22:05:00,23604,,23604,0,,0,,CORRECT_TOTAL_0_23604
2976666,61,2026-05-21 22:10:00,23604,,23604,0,,0,,CORRECT_TOTAL_0_23604
2976667,61,2026-05-21 22:15:00,23604,,23604,0,,0,,CORRECT_TOTAL_0_23604
2976668,61,2026-05-21 22:20:00,23604,,23604,0,,0,,CORRECT_TOTAL_0_23604
2976669,61,2026-05-21 22:25:00,23604,,23604,0,,0,,CORRECT_TOTAL_0_23604
2976670,61,2026-05-21 22:30:00,23604,,23604,0,,0,,CORRECT_TOTAL_0_23604
2976671,61,2026-05-21 22:35:00,23604,,23604,0,,0,,CORRECT_TOTAL_0_23604
2976672,61,2026-05-21 22:40:00,23604,,23604,0,,0,,CORRECT_TOTAL_0_23604
2976673,61,2026-05-21 22:45:00,23604,,23604,0,,0,,CORRECT_TOTAL_0_23604
2976674,61,2026-05-21 22:50:00,23604,,23604,0,,0,,CORRECT_TOTAL_0_23604
2976675,61,2026-05-21 22:55:00,23604,,23604,0,,0,,CORRECT_TOTAL_0_23604
2976676,61,2026-05-21 23:00:00,23604,,23604,0,,0,,CORRECT_TOTAL_0_23604
2976677,61,2026-05-21 23:05:00,23604,,23604,0,,0,,CORRECT_TOTAL_0_23604
2976678,61,2026-05-21 23:10:00,23604,,23604,0,,0,,CORRECT_TOTAL_0_23604
2976679,61,2026-05-21 23:15:00,23604,,23604,0,,0,,CORRECT_TOTAL_0_23604
2976680,61,2026-05-21 23:20:00,23604,,23604,0,,0,,CORRECT_TOTAL_0_23604
2976681,61,2026-05-21 23:25:00,23604,,23604,0,,0,,CORRECT_TOTAL_0_23604
2976682,61,2026-05-21 23:30:00,23604,,23604,0,,0,,CORRECT_TOTAL_0_23604
2976683,61,2026-05-21 23:35:00,23607,,23607,0,,0,,CORRECT_TOTAL_0_23607
2976684,61,2026-05-21 23:40:00,23611,,23611,0,,0,,CORRECT_TOTAL_0_23611
2976685,61,2026-05-21 23:45:00,23611,,23611,0,,0,,CORRECT_TOTAL_0_23611
2976686,61,2026-05-21 23:50:00,23611,,23611,0,,0,,CORRECT_TOTAL_0_23611
2976687,61,2026-05-21 23:55:00,23611,,23611,0,,0,,CORRECT_TOTAL_0_23611
2976688,61,2026-05-22 00:00:00,23611,,23611,0,,0,,CORRECT_TOTAL_0_23611
2976689,61,2026-05-22 00:05:00,23611,,23611,0,,0,,CORRECT_TOTAL_0_23611
2976690,61,2026-05-22 00:10:00,23611,,23611,0,,0,,CORRECT_TOTAL_0_23611
2976691,61,2026-05-22 00:15:00,23611,,23611,0,,0,,CORRECT_TOTAL_0_23611
2976692,61,2026-05-22 00:20:00,23615,,23615,0,,0,,CORRECT_TOTAL_0_23615
2976693,61,2026-05-22 00:30:00,23618,,23618,0,,0,,CORRECT_TOTAL_0_23618
2976694,61,2026-05-22 00:35:00,23618,,23618,0,,0,,CORRECT_TOTAL_0_23618
2976695,61,2026-05-22 00:40:00,23618,,23618,0,,0,,CORRECT_TOTAL_0_23618
2976696,61,2026-05-22 00:45:00,23618,,23618,0,,0,,CORRECT_TOTAL_0_23618
2976697,61,2026-05-22 00:50:00,23621,,23621,0,,0,,CORRECT_TOTAL_0_23621
2976699,61,2026-05-22 00:55:00,23625,,23625,0,,0,,CORRECT_TOTAL_0_23625
2976700,61,2026-05-22 01:00:00,23625,,23625,0,,0,,CORRECT_TOTAL_0_23625
2976701,61,2026-05-22 01:05:00,23625,,23625,0,,0,,CORRECT_TOTAL_0_23625
2976702,61,2026-05-22 01:10:00,23625,,23625,0,,0,,CORRECT_TOTAL_0_23625
2976703,61,2026-05-22 01:15:00,23625,,23625,0,,0,,CORRECT_TOTAL_0_23625
2976704,61,2026-05-22 01:20:00,23625,,23625,0,,0,,CORRECT_TOTAL_0_23625
2976705,61,2026-05-22 01:25:00,23625,,23625,0,,0,,CORRECT_TOTAL_0_23625
2976706,61,2026-05-22 01:30:00,23625,,23625,0,,0,,CORRECT_TOTAL_0_23625
2976707,61,2026-05-22 01:35:00,23630,,23630,0,,0,,CORRECT_TOTAL_0_23630
2976708,61,2026-05-22 01:40:00,23632,,23632,0,,0,,CORRECT_TOTAL_0_23632
2976709,61,2026-05-22 01:45:00,23632,,23632,0,,0,,CORRECT_TOTAL_0_23632
2976710,61,2026-05-22 01:50:00,23632,,23632,0,,0,,CORRECT_TOTAL_0_23632
2976711,61,2026-05-22 01:55:00,23632,,23632,0,,0,,CORRECT_TOTAL_0_23632
2976712,61,2026-05-22 02:00:00,23632,,23632,0,,0,,CORRECT_TOTAL_0_23632
2976713,61,2026-05-22 02:05:00,23632,,23632,0,,0,,CORRECT_TOTAL_0_23632
2976714,61,2026-05-22 02:10:00,23632,,23632,0,,0,,CORRECT_TOTAL_0_23632
2976715,61,2026-05-22 02:15:00,23639,,23639,0,,0,,CORRECT_TOTAL_0_23639
2976716,61,2026-05-22 02:20:00,23639,,23639,0,,0,,CORRECT_TOTAL_0_23639
2976717,61,2026-05-22 02:25:00,23639,,23639,0,,0,,CORRECT_TOTAL_0_23639
2976718,61,2026-05-22 02:30:00,23639,,23639,0,,0,,CORRECT_TOTAL_0_23639
2976719,61,2026-05-22 02:35:00,23639,,23639,0,,0,,CORRECT_TOTAL_0_23639
2976720,61,2026-05-22 02:40:00,23639,,23639,0,,0,,CORRECT_TOTAL_0_23639
2976721,61,2026-05-22 02:45:00,23639,,23639,0,,0,,CORRECT_TOTAL_0_23639
2976722,61,2026-05-22 02:50:00,23639,,23639,0,,0,,CORRECT_TOTAL_0_23639
2976723,61,2026-05-22 02:55:00,23645,,23645,0,,0,,CORRECT_TOTAL_0_23645
2976724,61,2026-05-22 03:00:00,23647,,23647,0,,0,,CORRECT_TOTAL_0_23647
2976725,61,2026-05-22 03:05:00,23647,,23647,0,,0,,CORRECT_TOTAL_0_23647
2976726,61,2026-05-22 03:10:00,23647,,23647,0,,0,,CORRECT_TOTAL_0_23647
2976727,61,2026-05-22 03:15:00,23647,,23647,0,,0,,CORRECT_TOTAL_0_23647
2976728,61,2026-05-22 03:20:00,23647,,23647,0,,0,,CORRECT_TOTAL_0_23647
2976729,61,2026-05-22 03:25:00,23647,,23647,0,,0,,CORRECT_TOTAL_0_23647
2976730,61,2026-05-22 03:30:00,23647,,23647,0,,0,,CORRECT_TOTAL_0_23647
2976731,61,2026-05-22 03:35:00,23648,,23648,0,,0,,CORRECT_TOTAL_0_23648
2976732,61,2026-05-22 03:40:00,23654,,23654,0,,0,,CORRECT_TOTAL_0_23654
2976733,61,2026-05-22 03:45:00,23654,,23654,0,,0,,CORRECT_TOTAL_0_23654
2976734,61,2026-05-22 03:50:00,23654,,23654,0,,0,,CORRECT_TOTAL_0_23654
2976735,61,2026-05-22 03:55:00,23654,,23654,0,,0,,CORRECT_TOTAL_0_23654
2976736,61,2026-05-22 04:00:00,23654,,23654,0,,0,,CORRECT_TOTAL_0_23654
2976737,61,2026-05-22 04:05:00,23654,,23654,0,,0,,CORRECT_TOTAL_0_23654
2976738,61,2026-05-22 04:10:00,23654,,23654,0,,0,,CORRECT_TOTAL_0_23654
2976739,61,2026-05-22 04:15:00,23654,,23654,0,,0,,CORRECT_TOTAL_0_23654
2976740,61,2026-05-22 04:20:00,23661,,23661,0,,0,,CORRECT_TOTAL_0_23661
2976741,61,2026-05-22 04:25:00,23661,,23661,0,,0,,CORRECT_TOTAL_0_23661
2976742,61,2026-05-22 04:30:00,23661,,23661,0,,0,,CORRECT_TOTAL_0_23661
2976743,61,2026-05-22 04:35:00,23661,,23661,0,,0,,CORRECT_TOTAL_0_23661
2976744,61,2026-05-22 04:40:00,23661,,23661,0,,0,,CORRECT_TOTAL_0_23661
2976745,61,2026-05-22 04:45:00,23661,,23661,0,,0,,CORRECT_TOTAL_0_23661
2976746,61,2026-05-22 04:50:00,23661,,23661,0,,0,,CORRECT_TOTAL_0_23661
2976747,61,2026-05-22 04:55:00,23664,,23664,0,,0,,CORRECT_TOTAL_0_23664
2976748,61,2026-05-22 05:00:00,23668,,23668,0,,0,,CORRECT_TOTAL_0_23668
2976749,61,2026-05-22 05:05:00,23668,,23668,0,,0,,CORRECT_TOTAL_0_23668
2976750,61,2026-05-22 05:10:00,23668,,23668,0,,0,,CORRECT_TOTAL_0_23668
2976751,61,2026-05-22 05:15:00,23668,,23668,0,,0,,CORRECT_TOTAL_0_23668
2976752,61,2026-05-22 05:20:00,23668,,23668,0,,0,,CORRECT_TOTAL_0_23668
2976753,61,2026-05-22 05:25:00,23668,,23668,0,,0,,CORRECT_TOTAL_0_23668
2976754,61,2026-05-22 05:30:00,23668,,23668,0,,0,,CORRECT_TOTAL_0_23668
2976755,61,2026-05-22 05:35:00,23670,,23670,0,,0,,CORRECT_TOTAL_0_23670
2976756,61,2026-05-22 05:40:00,23676,,23676,0,,0,,CORRECT_TOTAL_0_23676
2976757,61,2026-05-22 05:45:00,23676,,23676,0,,0,,CORRECT_TOTAL_0_23676
2976758,61,2026-05-22 05:50:00,23676,,23676,0,,0,,CORRECT_TOTAL_0_23676
2976759,61,2026-05-22 05:55:00,23676,,23676,0,,0,,CORRECT_TOTAL_0_23676
2976760,61,2026-05-22 06:00:00,23676,,23676,0,,0,,CORRECT_TOTAL_0_23676
2976761,61,2026-05-22 06:05:00,23679,,23679,0,,0,,CORRECT_TOTAL_0_23679
2976762,61,2026-05-22 06:10:00,23683,,23683,0,,0,,CORRECT_TOTAL_0_23683
2976763,61,2026-05-22 06:15:00,23683,,23683,0,,0,,CORRECT_TOTAL_0_23683
2976764,61,2026-05-22 06:20:00,23683,,23683,0,,0,,CORRECT_TOTAL_0_23683
2976765,61,2026-05-22 06:25:00,23683,,23683,0,,0,,CORRECT_TOTAL_0_23683
2976766,61,2026-05-22 06:30:00,23683,,23683,0,,0,,CORRECT_TOTAL_0_23683
2976767,61,2026-05-22 06:35:00,23686,,23686,0,,0,,CORRECT_TOTAL_0_23686
2976768,61,2026-05-22 06:40:00,23691,,23691,0,,0,,CORRECT_TOTAL_0_23691
2976769,61,2026-05-22 06:50:00,23691,,23691,0,,0,,CORRECT_TOTAL_0_23691
2976770,61,2026-05-22 06:55:00,23691,,23691,0,,0,,CORRECT_TOTAL_0_23691
2976771,61,2026-05-22 07:00:00,23691,,23691,0,,0,,CORRECT_TOTAL_0_23691
2976772,61,2026-05-22 07:05:00,23691,,23691,0,,0,,CORRECT_TOTAL_0_23691
2976773,61,2026-05-22 07:10:00,23697,,23697,0,,0,,CORRECT_TOTAL_0_23697
2976774,61,2026-05-22 07:15:00,23698,,23698,0,,0,,CORRECT_TOTAL_0_23698
2976775,61,2026-05-22 07:20:00,23698,,23698,0,,0,,CORRECT_TOTAL_0_23698
2976776,61,2026-05-22 07:25:00,23698,,23698,0,,0,,CORRECT_TOTAL_0_23698
2976777,61,2026-05-22 07:30:00,23698,,23698,0,,0,,CORRECT_TOTAL_0_23698
2976778,61,2026-05-22 07:35:00,23698,,23698,0,,0,,CORRECT_TOTAL_0_23698
2976779,61,2026-05-22 07:40:00,23698,,23698,0,,0,,CORRECT_TOTAL_0_23698
2976780,61,2026-05-22 07:45:00,23698,,23698,0,,0,,CORRECT_TOTAL_0_23698
2976781,61,2026-05-22 07:50:00,23701,,23701,0,,0,,CORRECT_TOTAL_0_23701
2976782,61,2026-05-22 07:55:00,23706,,23706,0,,0,,CORRECT_TOTAL_0_23706
2976783,61,2026-05-22 08:00:00,23706,,23706,0,,0,,CORRECT_TOTAL_0_23706
2976784,61,2026-05-22 08:05:00,23706,,23706,0,,0,,CORRECT_TOTAL_0_23706
2976785,61,2026-05-22 08:10:00,23706,,23706,0,,0,,CORRECT_TOTAL_0_23706
2976786,61,2026-05-22 08:15:00,23706,,23706,0,,0,,CORRECT_TOTAL_0_23706
2976787,61,2026-05-22 08:20:00,23706,,23706,0,,0,,CORRECT_TOTAL_0_23706
2976788,61,2026-05-22 08:25:00,23708,,23708,0,,0,,CORRECT_TOTAL_0_23708
2976789,61,2026-05-22 08:30:00,23713,,23713,0,,0,,CORRECT_TOTAL_0_23713
2976790,61,2026-05-22 08:35:00,23713,,23713,0,,0,,CORRECT_TOTAL_0_23713
2976791,61,2026-05-22 08:40:00,23713,,23713,0,,0,,CORRECT_TOTAL_0_23713
2976792,61,2026-05-22 08:45:00,23713,,23713,0,,0,,CORRECT_TOTAL_0_23713
2976793,61,2026-05-22 08:50:00,23713,,23713,0,,0,,CORRECT_TOTAL_0_23713
2976794,61,2026-05-22 08:55:00,23715,,23715,0,,0,,CORRECT_TOTAL_0_23715
2976795,61,2026-05-22 09:00:00,23720,,23720,0,,0,,CORRECT_TOTAL_0_23720
2976796,61,2026-05-22 09:10:00,23721,,23721,0,,0,,CORRECT_TOTAL_0_23721
2976797,61,2026-05-22 09:15:00,23721,,23721,0,,0,,CORRECT_TOTAL_0_23721
2976798,61,2026-05-22 09:20:00,23721,,23721,0,,0,,CORRECT_TOTAL_0_23721
2976799,61,2026-05-22 09:25:00,23721,,23721,0,,0,,CORRECT_TOTAL_0_23721
2976800,61,2026-05-22 09:30:00,23727,,23727,0,,0,,CORRECT_TOTAL_0_23727
2976801,61,2026-05-22 09:35:00,23728,,23728,0,,0,,CORRECT_TOTAL_0_23728
2976802,61,2026-05-22 09:40:00,23728,,23728,0,,0,,CORRECT_TOTAL_0_23728
2976803,61,2026-05-22 09:45:00,23728,,23728,0,,0,,CORRECT_TOTAL_0_23728
2976804,61,2026-05-22 09:50:00,23728,,23728,0,,0,,CORRECT_TOTAL_0_23728
2976805,61,2026-05-22 09:55:00,23728,,23728,0,,0,,CORRECT_TOTAL_0_23728
2976806,61,2026-05-22 10:00:00,23731,,23731,0,,0,,CORRECT_TOTAL_0_23731
2976807,61,2026-05-22 10:05:00,23736,,23736,0,,0,,CORRECT_TOTAL_0_23736
2976808,61,2026-05-22 10:10:00,23736,,23736,0,,0,,CORRECT_TOTAL_0_23736
2976809,61,2026-05-22 10:15:00,23736,,23736,0,,0,,CORRECT_TOTAL_0_23736
2976810,61,2026-05-22 10:20:00,23736,,23736,0,,0,,CORRECT_TOTAL_0_23736
2976811,61,2026-05-22 10:25:00,23736,,23736,0,,0,,CORRECT_TOTAL_0_23736
2976812,61,2026-05-22 10:30:00,23737,,23737,0,,0,,CORRECT_TOTAL_0_23737
2976813,61,2026-05-22 10:35:00,23744,,23744,0,,0,,CORRECT_TOTAL_0_23744
2976814,61,2026-05-22 10:40:00,23744,,23744,0,,0,,CORRECT_TOTAL_0_23744
2976815,61,2026-05-22 10:45:00,23744,,23744,0,,0,,CORRECT_TOTAL_0_23744
2976816,61,2026-05-22 10:50:00,23744,,23744,0,,0,,CORRECT_TOTAL_0_23744
2976817,61,2026-05-22 11:00:00,23744,,23744,0,,0,,CORRECT_TOTAL_0_23744
2976818,61,2026-05-22 11:05:00,23746,,23746,0,,0,,CORRECT_TOTAL_0_23746
2976819,61,2026-05-22 11:10:00,23752,,23752,0,,0,,CORRECT_TOTAL_0_23752
2976820,61,2026-05-22 11:15:00,23752,,23752,0,,0,,CORRECT_TOTAL_0_23752
2976821,61,2026-05-22 11:20:00,23752,,23752,0,,0,,CORRECT_TOTAL_0_23752
2976822,61,2026-05-22 11:25:00,23752,,23752,0,,0,,CORRECT_TOTAL_0_23752
2976823,61,2026-05-22 11:30:00,23752,,23752,0,,0,,CORRECT_TOTAL_0_23752
2976824,61,2026-05-22 11:35:00,23752,,23752,0,,0,,CORRECT_TOTAL_0_23752
2976825,61,2026-05-22 11:40:00,23753,,23753,0,,0,,CORRECT_TOTAL_0_23753
2976826,61,2026-05-22 11:45:00,23759,,23759,0,,0,,CORRECT_TOTAL_0_23759
2976827,61,2026-05-22 11:50:00,23759,,23759,0,,0,,CORRECT_TOTAL_0_23759
2976828,61,2026-05-22 11:55:00,23759,,23759,0,,0,,CORRECT_TOTAL_0_23759
2976831,62,2026-05-20 00:00:00,113529,,113529,0,,0,,CORRECT_TOTAL_0_113529
2976832,62,2026-05-20 00:05:00,113530,,113530,0,,0,,CORRECT_TOTAL_0_113530
2976833,62,2026-05-20 00:10:00,113530,,113530,0,,0,,CORRECT_TOTAL_0_113530
2976834,62,2026-05-20 00:15:00,113530,,113530,0,,0,,CORRECT_TOTAL_0_113530
2976835,62,2026-05-20 00:20:00,113530,,113530,0,,0,,CORRECT_TOTAL_0_113530
2976836,62,2026-05-20 00:25:00,113534,,113534,0,,0,,CORRECT_TOTAL_0_113534
2976837,62,2026-05-20 00:30:00,113538,,113538,0,,0,,CORRECT_TOTAL_0_113538
2976838,62,2026-05-20 00:35:00,113542,,113542,0,,0,,CORRECT_TOTAL_0_113542
2976839,62,2026-05-20 00:40:00,113545,,113545,0,,0,,CORRECT_TOTAL_0_113545
2976840,62,2026-05-20 00:45:00,113545,,113545,0,,0,,CORRECT_TOTAL_0_113545
2976841,62,2026-05-20 00:50:00,113545,,113545,0,,0,,CORRECT_TOTAL_0_113545
2976842,62,2026-05-20 00:55:00,113546,,113546,0,,0,,CORRECT_TOTAL_0_113546
2976843,62,2026-05-20 01:00:00,113550,,113550,0,,0,,CORRECT_TOTAL_0_113550
2976844,62,2026-05-20 01:05:00,113553,,113553,0,,0,,CORRECT_TOTAL_0_113553
2976845,62,2026-05-20 01:10:00,113558,,113558,0,,0,,CORRECT_TOTAL_0_113558
2976846,62,2026-05-20 01:15:00,113560,,113560,0,,0,,CORRECT_TOTAL_0_113560
2976847,62,2026-05-20 01:20:00,113560,,113560,0,,0,,CORRECT_TOTAL_0_113560
2976848,62,2026-05-20 01:25:00,113560,,113560,0,,0,,CORRECT_TOTAL_0_113560
2976849,62,2026-05-20 01:30:00,113564,,113564,0,,0,,CORRECT_TOTAL_0_113564
2976850,62,2026-05-20 01:35:00,113568,,113568,0,,0,,CORRECT_TOTAL_0_113568
2976851,62,2026-05-20 01:40:00,113572,,113572,0,,0,,CORRECT_TOTAL_0_113572
2976852,62,2026-05-20 01:45:00,113573,,113573,0,,0,,CORRECT_TOTAL_0_113573
2976853,62,2026-05-20 01:50:00,113573,,113573,0,,0,,CORRECT_TOTAL_0_113573
2976854,62,2026-05-20 01:55:00,113573,,113573,0,,0,,CORRECT_TOTAL_0_113573
2976855,62,2026-05-20 02:00:00,113577,,113577,0,,0,,CORRECT_TOTAL_0_113577
2976856,62,2026-05-20 02:05:00,113581,,113581,0,,0,,CORRECT_TOTAL_0_113581
2976857,62,2026-05-20 02:10:00,113585,,113585,0,,0,,CORRECT_TOTAL_0_113585
2976858,62,2026-05-20 02:15:00,113589,,113589,0,,0,,CORRECT_TOTAL_0_113589
2976859,62,2026-05-20 02:20:00,113590,,113590,0,,0,,CORRECT_TOTAL_0_113590
2976860,62,2026-05-20 02:25:00,113590,,113590,0,,0,,CORRECT_TOTAL_0_113590
2976861,62,2026-05-20 02:30:00,113590,,113590,0,,0,,CORRECT_TOTAL_0_113590
2976862,62,2026-05-20 02:35:00,113593,,113593,0,,0,,CORRECT_TOTAL_0_113593
2976863,62,2026-05-20 02:40:00,113597,,113597,0,,0,,CORRECT_TOTAL_0_113597
2976864,62,2026-05-20 02:45:00,113601,,113601,0,,0,,CORRECT_TOTAL_0_113601
2976865,62,2026-05-20 02:50:00,113601,,113601,0,,0,,CORRECT_TOTAL_0_113601
2976866,62,2026-05-20 02:55:00,113601,,113601,0,,0,,CORRECT_TOTAL_0_113601
2976867,62,2026-05-20 03:00:00,113602,,113602,0,,0,,CORRECT_TOTAL_0_113602
2976868,62,2026-05-20 03:05:00,113606,,113606,0,,0,,CORRECT_TOTAL_0_113606
2976869,62,2026-05-20 03:10:00,113609,,113609,0,,0,,CORRECT_TOTAL_0_113609
2976870,62,2026-05-20 03:15:00,113613,,113613,0,,0,,CORRECT_TOTAL_0_113613
2976871,62,2026-05-20 03:20:00,113617,,113617,0,,0,,CORRECT_TOTAL_0_113617
2976872,62,2026-05-20 03:25:00,113621,,113621,0,,0,,CORRECT_TOTAL_0_113621
2976873,62,2026-05-20 03:30:00,113621,,113621,0,,0,,CORRECT_TOTAL_0_113621
2976874,62,2026-05-20 03:35:00,113621,,113621,0,,0,,CORRECT_TOTAL_0_113621
2976875,62,2026-05-20 03:40:00,113622,,113622,0,,0,,CORRECT_TOTAL_0_113622
2976876,62,2026-05-20 03:45:00,113626,,113626,0,,0,,CORRECT_TOTAL_0_113626
2976877,62,2026-05-20 03:50:00,113630,,113630,0,,0,,CORRECT_TOTAL_0_113630
2976878,62,2026-05-20 03:55:00,113633,,113633,0,,0,,CORRECT_TOTAL_0_113633
2976879,62,2026-05-20 04:00:00,113634,,113634,0,,0,,CORRECT_TOTAL_0_113634
2976880,62,2026-05-20 04:05:00,113634,,113634,0,,0,,CORRECT_TOTAL_0_113634
2976881,62,2026-05-20 04:10:00,113634,,113634,0,,0,,CORRECT_TOTAL_0_113634
2976882,62,2026-05-20 04:15:00,113634,,113634,0,,0,,CORRECT_TOTAL_0_113634
2976883,62,2026-05-20 04:20:00,113637,,113637,0,,0,,CORRECT_TOTAL_0_113637
2976884,62,2026-05-20 04:25:00,113641,,113641,0,,0,,CORRECT_TOTAL_0_113641
2976885,62,2026-05-20 04:30:00,113644,,113644,0,,0,,CORRECT_TOTAL_0_113644
2976886,62,2026-05-20 04:35:00,113644,,113644,0,,0,,CORRECT_TOTAL_0_113644
2976887,62,2026-05-20 04:40:00,113644,,113644,0,,0,,CORRECT_TOTAL_0_113644
2976888,62,2026-05-20 04:45:00,113646,,113646,0,,0,,CORRECT_TOTAL_0_113646
2976889,62,2026-05-20 04:50:00,113649,,113649,0,,0,,CORRECT_TOTAL_0_113649
2976890,62,2026-05-20 04:55:00,113653,,113653,0,,0,,CORRECT_TOTAL_0_113653
2976891,62,2026-05-20 05:00:00,113655,,113655,0,,0,,CORRECT_TOTAL_0_113655
2976892,62,2026-05-20 05:05:00,113655,,113655,0,,0,,CORRECT_TOTAL_0_113655
2976893,62,2026-05-20 05:10:00,113655,,113655,0,,0,,CORRECT_TOTAL_0_113655
2976894,62,2026-05-20 05:15:00,113658,,113658,0,,0,,CORRECT_TOTAL_0_113658
2976895,62,2026-05-20 05:20:00,113662,,113662,0,,0,,CORRECT_TOTAL_0_113662
2976896,62,2026-05-20 05:25:00,113666,,113666,0,,0,,CORRECT_TOTAL_0_113666
2976897,62,2026-05-20 05:30:00,113667,,113667,0,,0,,CORRECT_TOTAL_0_113667
2976898,62,2026-05-20 05:35:00,113667,,113667,0,,0,,CORRECT_TOTAL_0_113667
2976899,62,2026-05-20 05:40:00,113667,,113667,0,,0,,CORRECT_TOTAL_0_113667
2976900,62,2026-05-20 05:45:00,113671,,113671,0,,0,,CORRECT_TOTAL_0_113671
2976901,62,2026-05-20 05:50:00,113675,,113675,0,,0,,CORRECT_TOTAL_0_113675
2976902,62,2026-05-20 05:55:00,113679,,113679,0,,0,,CORRECT_TOTAL_0_113679
2976903,62,2026-05-20 06:00:00,113679,,113679,0,,0,,CORRECT_TOTAL_0_113679
2976904,62,2026-05-20 06:05:00,113679,,113679,0,,0,,CORRECT_TOTAL_0_113679
2976905,62,2026-05-20 06:10:00,113679,,113679,0,,0,,CORRECT_TOTAL_0_113679
2976906,62,2026-05-20 06:15:00,113679,,113679,0,,0,,CORRECT_TOTAL_0_113679
2976907,62,2026-05-20 06:20:00,113683,,113683,0,,0,,CORRECT_TOTAL_0_113683
2976908,62,2026-05-20 06:25:00,113687,,113687,0,,0,,CORRECT_TOTAL_0_113687
2976909,62,2026-05-20 06:30:00,113687,,113687,0,,0,,CORRECT_TOTAL_0_113687
2976910,62,2026-05-20 06:35:00,113687,,113687,0,,0,,CORRECT_TOTAL_0_113687
2976911,62,2026-05-20 06:40:00,113687,,113687,0,,0,,CORRECT_TOTAL_0_113687
2976912,62,2026-05-20 06:45:00,113687,,113687,0,,0,,CORRECT_TOTAL_0_113687
2976913,62,2026-05-20 06:50:00,113687,,113687,0,,0,,CORRECT_TOTAL_0_113687
2976914,62,2026-05-20 06:55:00,113687,,113687,0,,0,,CORRECT_TOTAL_0_113687
2976915,62,2026-05-20 07:00:00,113690,,113690,0,,0,,CORRECT_TOTAL_0_113690
2976916,62,2026-05-20 07:05:00,113694,,113694,0,,0,,CORRECT_TOTAL_0_113694
2976917,62,2026-05-20 07:10:00,113698,,113698,0,,0,,CORRECT_TOTAL_0_113698
2976918,62,2026-05-20 07:15:00,113702,,113702,0,,0,,CORRECT_TOTAL_0_113702
2976919,62,2026-05-20 07:20:00,113703,,113703,0,,0,,CORRECT_TOTAL_0_113703
2976920,62,2026-05-20 07:25:00,113703,,113703,0,,0,,CORRECT_TOTAL_0_113703
2976921,62,2026-05-20 07:30:00,113703,,113703,0,,0,,CORRECT_TOTAL_0_113703
2976922,62,2026-05-20 07:35:00,113703,,113703,0,,0,,CORRECT_TOTAL_0_113703
2976923,62,2026-05-20 07:40:00,113706,,113706,0,,0,,CORRECT_TOTAL_0_113706
2976924,62,2026-05-20 07:45:00,113710,,113710,0,,0,,CORRECT_TOTAL_0_113710
2976925,62,2026-05-20 07:50:00,113711,,113711,0,,0,,CORRECT_TOTAL_0_113711
2976926,62,2026-05-20 07:55:00,113711,,113711,0,,0,,CORRECT_TOTAL_0_113711
2976927,62,2026-05-20 08:00:00,113711,,113711,0,,0,,CORRECT_TOTAL_0_113711
2976928,62,2026-05-20 08:05:00,113711,,113711,0,,0,,CORRECT_TOTAL_0_113711
2976929,62,2026-05-20 08:10:00,113712,,113712,0,,0,,CORRECT_TOTAL_0_113712
2976930,62,2026-05-20 08:15:00,113717,,113717,0,,0,,CORRECT_TOTAL_0_113717
2976931,62,2026-05-20 08:20:00,113720,,113720,0,,0,,CORRECT_TOTAL_0_113720
2976932,62,2026-05-20 08:25:00,113720,,113720,0,,0,,CORRECT_TOTAL_0_113720
2976933,62,2026-05-20 08:30:00,113720,,113720,0,,0,,CORRECT_TOTAL_0_113720
2976934,62,2026-05-20 08:35:00,113720,,113720,0,,0,,CORRECT_TOTAL_0_113720
2976935,62,2026-05-20 08:40:00,113720,,113720,0,,0,,CORRECT_TOTAL_0_113720
2976936,62,2026-05-20 08:45:00,113723,,113723,0,,0,,CORRECT_TOTAL_0_113723
2976937,62,2026-05-20 08:50:00,113727,,113727,0,,0,,CORRECT_TOTAL_0_113727
2976938,62,2026-05-20 08:55:00,113730,,113730,0,,0,,CORRECT_TOTAL_0_113730
2976939,62,2026-05-20 09:00:00,113730,,113730,0,,0,,CORRECT_TOTAL_0_113730
2976940,62,2026-05-20 09:05:00,113730,,113730,0,,0,,CORRECT_TOTAL_0_113730
2976941,62,2026-05-20 09:10:00,113730,,113730,0,,0,,CORRECT_TOTAL_0_113730
2976942,62,2026-05-20 09:15:00,113730,,113730,0,,0,,CORRECT_TOTAL_0_113730
2976943,62,2026-05-20 09:20:00,113730,,113730,0,,0,,CORRECT_TOTAL_0_113730
2976944,62,2026-05-20 09:25:00,113732,,113732,0,,0,,CORRECT_TOTAL_0_113732
2976945,62,2026-05-20 09:30:00,113736,,113736,0,,0,,CORRECT_TOTAL_0_113736
2976946,62,2026-05-20 09:35:00,113739,,113739,0,,0,,CORRECT_TOTAL_0_113739
2976947,62,2026-05-20 09:40:00,113739,,113739,0,,0,,CORRECT_TOTAL_0_113739
2976948,62,2026-05-20 09:45:00,113739,,113739,0,,0,,CORRECT_TOTAL_0_113739
2976949,62,2026-05-20 09:50:00,113739,,113739,0,,0,,CORRECT_TOTAL_0_113739
2976950,62,2026-05-20 09:55:00,113739,,113739,0,,0,,CORRECT_TOTAL_0_113739
2976951,62,2026-05-20 10:00:00,113741,,113741,0,,0,,CORRECT_TOTAL_0_113741
2976952,62,2026-05-20 10:05:00,113745,,113745,0,,0,,CORRECT_TOTAL_0_113745
2976953,62,2026-05-20 10:10:00,113748,,113748,0,,0,,CORRECT_TOTAL_0_113748
2976954,62,2026-05-20 10:15:00,113748,,113748,0,,0,,CORRECT_TOTAL_0_113748
2976955,62,2026-05-20 10:20:00,113748,,113748,0,,0,,CORRECT_TOTAL_0_113748
2976956,62,2026-05-20 10:25:00,113748,,113748,0,,0,,CORRECT_TOTAL_0_113748
2976957,62,2026-05-20 10:30:00,113748,,113748,0,,0,,CORRECT_TOTAL_0_113748
2976958,62,2026-05-20 10:35:00,113748,,113748,0,,0,,CORRECT_TOTAL_0_113748
2976959,62,2026-05-20 10:40:00,113752,,113752,0,,0,,CORRECT_TOTAL_0_113752
2976960,62,2026-05-20 10:45:00,113755,,113755,0,,0,,CORRECT_TOTAL_0_113755
2976961,62,2026-05-20 10:50:00,113758,,113758,0,,0,,CORRECT_TOTAL_0_113758
2976962,62,2026-05-20 10:55:00,113762,,113762,0,,0,,CORRECT_TOTAL_0_113762
2976963,62,2026-05-20 11:00:00,113765,,113765,0,,0,,CORRECT_TOTAL_0_113765
2976964,62,2026-05-20 11:05:00,113768,,113768,0,,0,,CORRECT_TOTAL_0_113768
2976965,62,2026-05-20 11:15:00,113775,,113775,0,,0,,CORRECT_TOTAL_0_113775
2976966,62,2026-05-20 11:20:00,113778,,113778,0,,0,,CORRECT_TOTAL_0_113778
2976967,62,2026-05-20 11:25:00,113781,,113781,0,,0,,CORRECT_TOTAL_0_113781
2976968,62,2026-05-20 11:30:00,113783,,113783,0,,0,,CORRECT_TOTAL_0_113783
2976969,62,2026-05-20 11:35:00,113786,,113786,0,,0,,CORRECT_TOTAL_0_113786
2976970,62,2026-05-20 11:40:00,113789,,113789,0,,0,,CORRECT_TOTAL_0_113789
2976971,62,2026-05-20 11:45:00,113792,,113792,0,,0,,CORRECT_TOTAL_0_113792
2976972,62,2026-05-20 11:50:00,113795,,113795,0,,0,,CORRECT_TOTAL_0_113795
2976973,62,2026-05-20 11:55:00,113798,,113798,0,,0,,CORRECT_TOTAL_0_113798
2976974,62,2026-05-20 12:00:00,113801,,113801,0,,0,,CORRECT_TOTAL_0_113801
2976975,62,2026-05-20 12:05:00,113804,,113804,0,,0,,CORRECT_TOTAL_0_113804
2976976,62,2026-05-20 12:10:00,113807,,113807,0,,0,,CORRECT_TOTAL_0_113807
2976977,62,2026-05-20 12:15:00,113810,,113810,0,,0,,CORRECT_TOTAL_0_113810
2976978,62,2026-05-20 12:20:00,113813,,113813,0,,0,,CORRECT_TOTAL_0_113813
2976979,62,2026-05-20 12:25:00,113817,,113817,0,,0,,CORRECT_TOTAL_0_113817
2976980,62,2026-05-20 12:30:00,113821,,113821,0,,0,,CORRECT_TOTAL_0_113821
2976981,62,2026-05-20 12:35:00,113824,,113824,0,,0,,CORRECT_TOTAL_0_113824
2976982,62,2026-05-20 12:40:00,113824,,113824,0,,0,,CORRECT_TOTAL_0_113824
2976983,62,2026-05-20 12:45:00,113824,,113824,0,,0,,CORRECT_TOTAL_0_113824
2976984,62,2026-05-20 12:50:00,113824,,113824,0,,0,,CORRECT_TOTAL_0_113824
2976985,62,2026-05-20 12:55:00,113824,,113824,0,,0,,CORRECT_TOTAL_0_113824
2976986,62,2026-05-20 13:00:00,113824,,113824,0,,0,,CORRECT_TOTAL_0_113824
2976987,62,2026-05-20 13:05:00,113824,,113824,0,,0,,CORRECT_TOTAL_0_113824
2976988,62,2026-05-20 13:10:00,113828,,113828,0,,0,,CORRECT_TOTAL_0_113828
2976989,62,2026-05-20 13:15:00,113832,,113832,0,,0,,CORRECT_TOTAL_0_113832
2976990,62,2026-05-20 13:20:00,113832,,113832,0,,0,,CORRECT_TOTAL_0_113832
2976991,62,2026-05-20 13:25:00,113832,,113832,0,,0,,CORRECT_TOTAL_0_113832
2976992,62,2026-05-20 13:30:00,113832,,113832,0,,0,,CORRECT_TOTAL_0_113832
2976993,62,2026-05-20 13:35:00,113832,,113832,0,,0,,CORRECT_TOTAL_0_113832
2976994,62,2026-05-20 13:50:00,113841,,113841,0,,0,,CORRECT_TOTAL_0_113841
2976995,62,2026-05-20 13:55:00,113841,,113841,0,,0,,CORRECT_TOTAL_0_113841
2976996,62,2026-05-20 14:00:00,113841,,113841,0,,0,,CORRECT_TOTAL_0_113841
2976997,62,2026-05-20 14:05:00,113841,,113841,0,,0,,CORRECT_TOTAL_0_113841
2976998,62,2026-05-20 14:10:00,113841,,113841,0,,0,,CORRECT_TOTAL_0_113841
2976999,62,2026-05-20 14:15:00,113842,,113842,0,,0,,CORRECT_TOTAL_0_113842
2977000,62,2026-05-20 14:20:00,113846,,113846,0,,0,,CORRECT_TOTAL_0_113846
2977001,62,2026-05-20 14:25:00,113850,,113850,0,,0,,CORRECT_TOTAL_0_113850
2977002,62,2026-05-20 14:30:00,113851,,113851,0,,0,,CORRECT_TOTAL_0_113851
2977003,62,2026-05-20 14:35:00,113851,,113851,0,,0,,CORRECT_TOTAL_0_113851
2977004,62,2026-05-20 14:40:00,113851,,113851,0,,0,,CORRECT_TOTAL_0_113851
2977005,62,2026-05-20 14:45:00,113851,,113851,0,,0,,CORRECT_TOTAL_0_113851
2977006,62,2026-05-20 14:50:00,113851,,113851,0,,0,,CORRECT_TOTAL_0_113851
2977007,62,2026-05-20 14:55:00,113851,,113851,0,,0,,CORRECT_TOTAL_0_113851
2977008,62,2026-05-20 15:00:00,113854,,113854,0,,0,,CORRECT_TOTAL_0_113854
2977009,62,2026-05-20 15:05:00,113857,,113857,0,,0,,CORRECT_TOTAL_0_113857
2977010,62,2026-05-20 15:10:00,113861,,113861,0,,0,,CORRECT_TOTAL_0_113861
2977011,62,2026-05-20 15:15:00,113861,,113861,0,,0,,CORRECT_TOTAL_0_113861
2977012,62,2026-05-20 15:20:00,113861,,113861,0,,0,,CORRECT_TOTAL_0_113861
2977013,62,2026-05-20 15:25:00,113861,,113861,0,,0,,CORRECT_TOTAL_0_113861
2977014,62,2026-05-20 15:30:00,113861,,113861,0,,0,,CORRECT_TOTAL_0_113861
2977015,62,2026-05-20 15:35:00,113864,,113864,0,,0,,CORRECT_TOTAL_0_113864
2977016,62,2026-05-20 15:40:00,113868,,113868,0,,0,,CORRECT_TOTAL_0_113868
2977017,62,2026-05-20 15:45:00,113869,,113869,0,,0,,CORRECT_TOTAL_0_113869
2977018,62,2026-05-20 15:50:00,113869,,113869,0,,0,,CORRECT_TOTAL_0_113869
2977019,62,2026-05-20 15:55:00,113869,,113869,0,,0,,CORRECT_TOTAL_0_113869
2977020,62,2026-05-20 16:00:00,113869,,113869,0,,0,,CORRECT_TOTAL_0_113869
2977021,62,2026-05-20 16:05:00,113869,,113869,0,,0,,CORRECT_TOTAL_0_113869
2977022,62,2026-05-20 16:10:00,113870,,113870,0,,0,,CORRECT_TOTAL_0_113870
2977023,62,2026-05-20 16:15:00,113874,,113874,0,,0,,CORRECT_TOTAL_0_113874
2977024,62,2026-05-20 16:20:00,113878,,113878,0,,0,,CORRECT_TOTAL_0_113878
2977025,62,2026-05-20 16:25:00,113879,,113879,0,,0,,CORRECT_TOTAL_0_113879
2977026,62,2026-05-20 16:30:00,113879,,113879,0,,0,,CORRECT_TOTAL_0_113879
2977027,62,2026-05-20 16:35:00,113879,,113879,0,,0,,CORRECT_TOTAL_0_113879
2977028,62,2026-05-20 16:40:00,113879,,113879,0,,0,,CORRECT_TOTAL_0_113879
2977029,62,2026-05-20 16:45:00,113879,,113879,0,,0,,CORRECT_TOTAL_0_113879
2977030,62,2026-05-20 16:50:00,113883,,113883,0,,0,,CORRECT_TOTAL_0_113883
2977031,62,2026-05-20 16:55:00,113887,,113887,0,,0,,CORRECT_TOTAL_0_113887
2977032,62,2026-05-20 17:00:00,113891,,113891,0,,0,,CORRECT_TOTAL_0_113891
2977033,62,2026-05-20 17:05:00,113891,,113891,0,,0,,CORRECT_TOTAL_0_113891
2977034,62,2026-05-20 17:10:00,113891,,113891,0,,0,,CORRECT_TOTAL_0_113891
2977035,62,2026-05-20 17:15:00,113891,,113891,0,,0,,CORRECT_TOTAL_0_113891
2977036,62,2026-05-20 17:20:00,113891,,113891,0,,0,,CORRECT_TOTAL_0_113891
2977037,62,2026-05-20 17:25:00,113891,,113891,0,,0,,CORRECT_TOTAL_0_113891
2977038,62,2026-05-20 17:30:00,113893,,113893,0,,0,,CORRECT_TOTAL_0_113893
2977039,62,2026-05-20 17:35:00,113897,,113897,0,,0,,CORRECT_TOTAL_0_113897
2977040,62,2026-05-20 17:40:00,113898,,113898,0,,0,,CORRECT_TOTAL_0_113898
2977041,62,2026-05-20 17:45:00,113898,,113898,0,,0,,CORRECT_TOTAL_0_113898
2977042,62,2026-05-20 17:50:00,113898,,113898,0,,0,,CORRECT_TOTAL_0_113898
2977043,62,2026-05-20 17:55:00,113898,,113898,0,,0,,CORRECT_TOTAL_0_113898
2977044,62,2026-05-20 18:00:00,113898,,113898,0,,0,,CORRECT_TOTAL_0_113898
2977045,62,2026-05-20 18:05:00,113898,,113898,0,,0,,CORRECT_TOTAL_0_113898
2977046,62,2026-05-20 18:10:00,113901,,113901,0,,0,,CORRECT_TOTAL_0_113901
2977047,62,2026-05-20 18:15:00,113905,,113905,0,,0,,CORRECT_TOTAL_0_113905
2977048,62,2026-05-20 18:20:00,113909,,113909,0,,0,,CORRECT_TOTAL_0_113909
2977049,62,2026-05-20 18:25:00,113910,,113910,0,,0,,CORRECT_TOTAL_0_113910
2977050,62,2026-05-20 18:30:00,113910,,113910,0,,0,,CORRECT_TOTAL_0_113910
2977051,62,2026-05-20 18:35:00,113910,,113910,0,,0,,CORRECT_TOTAL_0_113910
2977052,62,2026-05-20 18:40:00,113910,,113910,0,,0,,CORRECT_TOTAL_0_113910
2977053,62,2026-05-20 18:45:00,113913,,113913,0,,0,,CORRECT_TOTAL_0_113913
2977054,62,2026-05-20 18:50:00,113917,,113917,0,,0,,CORRECT_TOTAL_0_113917
2977055,62,2026-05-20 18:55:00,113918,,113918,0,,0,,CORRECT_TOTAL_0_113918
2977056,62,2026-05-20 19:00:00,113918,,113918,0,,0,,CORRECT_TOTAL_0_113918
2977057,62,2026-05-20 19:05:00,113918,,113918,0,,0,,CORRECT_TOTAL_0_113918
2977058,62,2026-05-20 19:10:00,113918,,113918,0,,0,,CORRECT_TOTAL_0_113918
2977059,62,2026-05-20 19:15:00,113918,,113918,0,,0,,CORRECT_TOTAL_0_113918
2977060,62,2026-05-20 19:20:00,113919,,113919,0,,0,,CORRECT_TOTAL_0_113919
2977061,62,2026-05-20 19:25:00,113923,,113923,0,,0,,CORRECT_TOTAL_0_113923
2977062,62,2026-05-20 19:30:00,113927,,113927,0,,0,,CORRECT_TOTAL_0_113927
2977063,62,2026-05-20 19:35:00,113929,,113929,0,,0,,CORRECT_TOTAL_0_113929
2977064,62,2026-05-20 19:40:00,113929,,113929,0,,0,,CORRECT_TOTAL_0_113929
2977065,62,2026-05-20 19:45:00,113929,,113929,0,,0,,CORRECT_TOTAL_0_113929
2977066,62,2026-05-20 19:50:00,113929,,113929,0,,0,,CORRECT_TOTAL_0_113929
2977067,62,2026-05-20 19:55:00,113931,,113931,0,,0,,CORRECT_TOTAL_0_113931
2977068,62,2026-05-20 20:00:00,113935,,113935,0,,0,,CORRECT_TOTAL_0_113935
2977069,62,2026-05-20 20:05:00,113938,,113938,0,,0,,CORRECT_TOTAL_0_113938
2977070,62,2026-05-20 20:10:00,113939,,113939,0,,0,,CORRECT_TOTAL_0_113939
2977071,62,2026-05-20 20:15:00,113939,,113939,0,,0,,CORRECT_TOTAL_0_113939
2977072,62,2026-05-20 20:20:00,113939,,113939,0,,0,,CORRECT_TOTAL_0_113939
2977073,62,2026-05-20 20:25:00,113939,,113939,0,,0,,CORRECT_TOTAL_0_113939
2977074,62,2026-05-20 20:30:00,113939,,113939,0,,0,,CORRECT_TOTAL_0_113939
2977075,62,2026-05-20 20:35:00,113941,,113941,0,,0,,CORRECT_TOTAL_0_113941
2977076,62,2026-05-20 20:40:00,113945,,113945,0,,0,,CORRECT_TOTAL_0_113945
2977077,62,2026-05-20 20:45:00,113949,,113949,0,,0,,CORRECT_TOTAL_0_113949
2977078,62,2026-05-20 20:50:00,113951,,113951,0,,0,,CORRECT_TOTAL_0_113951
2977079,62,2026-05-20 20:55:00,113951,,113951,0,,0,,CORRECT_TOTAL_0_113951
2977080,62,2026-05-20 21:00:00,113951,,113951,0,,0,,CORRECT_TOTAL_0_113951
2977081,62,2026-05-20 21:05:00,113954,,113954,0,,0,,CORRECT_TOTAL_0_113954
2977082,62,2026-05-20 21:10:00,113958,,113958,0,,0,,CORRECT_TOTAL_0_113958
2977083,62,2026-05-20 21:15:00,113962,,113962,0,,0,,CORRECT_TOTAL_0_113962
2977084,62,2026-05-20 21:20:00,113964,,113964,0,,0,,CORRECT_TOTAL_0_113964
2977085,62,2026-05-20 21:25:00,113964,,113964,0,,0,,CORRECT_TOTAL_0_113964
2977086,62,2026-05-20 21:30:00,113965,,113965,0,,0,,CORRECT_TOTAL_0_113965
2977087,62,2026-05-20 21:35:00,113969,,113969,0,,0,,CORRECT_TOTAL_0_113969
2977088,62,2026-05-20 21:40:00,113972,,113972,0,,0,,CORRECT_TOTAL_0_113972
2977089,62,2026-05-20 21:45:00,113977,,113977,0,,0,,CORRECT_TOTAL_0_113977
2977090,62,2026-05-20 21:50:00,113978,,113978,0,,0,,CORRECT_TOTAL_0_113978
2977091,62,2026-05-20 21:55:00,113978,,113978,0,,0,,CORRECT_TOTAL_0_113978
2977092,62,2026-05-20 22:00:00,113979,,113979,0,,0,,CORRECT_TOTAL_0_113979
2977093,62,2026-05-20 22:05:00,113983,,113983,0,,0,,CORRECT_TOTAL_0_113983
2977094,62,2026-05-20 22:10:00,113987,,113987,0,,0,,CORRECT_TOTAL_0_113987
2977095,62,2026-05-20 22:15:00,113991,,113991,0,,0,,CORRECT_TOTAL_0_113991
2977096,62,2026-05-20 22:20:00,113992,,113992,0,,0,,CORRECT_TOTAL_0_113992
2977097,62,2026-05-20 22:25:00,113992,,113992,0,,0,,CORRECT_TOTAL_0_113992
2977098,62,2026-05-20 22:30:00,113994,,113994,0,,0,,CORRECT_TOTAL_0_113994
2977099,62,2026-05-20 22:35:00,113998,,113998,0,,0,,CORRECT_TOTAL_0_113998
2977100,62,2026-05-20 22:40:00,114002,,114002,0,,0,,CORRECT_TOTAL_0_114002
2977101,62,2026-05-20 22:45:00,114006,,114006,0,,0,,CORRECT_TOTAL_0_114006
2977102,62,2026-05-20 22:50:00,114009,,114009,0,,0,,CORRECT_TOTAL_0_114009
2977103,62,2026-05-20 22:55:00,114009,,114009,0,,0,,CORRECT_TOTAL_0_114009
2977104,62,2026-05-20 23:00:00,114010,,114010,0,,0,,CORRECT_TOTAL_0_114010
2977105,62,2026-05-20 23:05:00,114014,,114014,0,,0,,CORRECT_TOTAL_0_114014
2977106,62,2026-05-20 23:10:00,114018,,114018,0,,0,,CORRECT_TOTAL_0_114018
2977107,62,2026-05-20 23:15:00,114019,,114019,0,,0,,CORRECT_TOTAL_0_114019
2977108,62,2026-05-20 23:20:00,114019,,114019,0,,0,,CORRECT_TOTAL_0_114019
2977109,62,2026-05-20 23:25:00,114019,,114019,0,,0,,CORRECT_TOTAL_0_114019
2977110,62,2026-05-20 23:30:00,114019,,114019,0,,0,,CORRECT_TOTAL_0_114019
2977111,62,2026-05-20 23:35:00,114019,,114019,0,,0,,CORRECT_TOTAL_0_114019
2977112,62,2026-05-20 23:40:00,114020,,114020,0,,0,,CORRECT_TOTAL_0_114020
2977113,62,2026-05-20 23:45:00,114024,,114024,0,,0,,CORRECT_TOTAL_0_114024
2977114,62,2026-05-20 23:50:00,114027,,114027,0,,0,,CORRECT_TOTAL_0_114027
2977115,62,2026-05-20 23:55:00,114027,,114027,0,,0,,CORRECT_TOTAL_0_114027
2977116,62,2026-05-21 00:00:00,114027,,114027,0,,0,,CORRECT_TOTAL_0_114027
2977117,62,2026-05-21 00:05:00,114027,,114027,0,,0,,CORRECT_TOTAL_0_114027
2977118,62,2026-05-21 00:10:00,114027,,114027,0,,0,,CORRECT_TOTAL_0_114027
2977119,62,2026-05-21 00:15:00,114031,,114031,0,,0,,CORRECT_TOTAL_0_114031
2977120,62,2026-05-21 00:20:00,114035,,114035,0,,0,,CORRECT_TOTAL_0_114035
2977121,62,2026-05-21 00:25:00,114037,,114037,0,,0,,CORRECT_TOTAL_0_114037
2977122,62,2026-05-21 00:30:00,114037,,114037,0,,0,,CORRECT_TOTAL_0_114037
2977123,62,2026-05-21 00:35:00,114037,,114037,0,,0,,CORRECT_TOTAL_0_114037
2977124,62,2026-05-21 00:40:00,114037,,114037,0,,0,,CORRECT_TOTAL_0_114037
2977125,62,2026-05-21 00:45:00,114037,,114037,0,,0,,CORRECT_TOTAL_0_114037
2977126,62,2026-05-21 00:50:00,114041,,114041,0,,0,,CORRECT_TOTAL_0_114041
2977127,62,2026-05-21 00:55:00,114045,,114045,0,,0,,CORRECT_TOTAL_0_114045
2977128,62,2026-05-21 01:00:00,114047,,114047,0,,0,,CORRECT_TOTAL_0_114047
2977129,62,2026-05-21 01:05:00,114047,,114047,0,,0,,CORRECT_TOTAL_0_114047
2977130,62,2026-05-21 01:10:00,114047,,114047,0,,0,,CORRECT_TOTAL_0_114047
2977131,62,2026-05-21 01:15:00,114047,,114047,0,,0,,CORRECT_TOTAL_0_114047
2977132,62,2026-05-21 01:20:00,114048,,114048,0,,0,,CORRECT_TOTAL_0_114048
2977133,62,2026-05-21 01:25:00,114053,,114053,0,,0,,CORRECT_TOTAL_0_114053
2977134,62,2026-05-21 01:30:00,114055,,114055,0,,0,,CORRECT_TOTAL_0_114055
2977135,62,2026-05-21 01:35:00,114055,,114055,0,,0,,CORRECT_TOTAL_0_114055
2977136,62,2026-05-21 01:40:00,114055,,114055,0,,0,,CORRECT_TOTAL_0_114055
2977137,62,2026-05-21 01:45:00,114055,,114055,0,,0,,CORRECT_TOTAL_0_114055
2977138,62,2026-05-21 01:50:00,114055,,114055,0,,0,,CORRECT_TOTAL_0_114055
2977139,62,2026-05-21 01:55:00,114055,,114055,0,,0,,CORRECT_TOTAL_0_114055
2977140,62,2026-05-21 02:00:00,114055,,114055,0,,0,,CORRECT_TOTAL_0_114055
2977141,62,2026-05-21 02:05:00,114055,,114055,0,,0,,CORRECT_TOTAL_0_114055
2977142,62,2026-05-21 02:10:00,114055,,114055,0,,0,,CORRECT_TOTAL_0_114055
2977143,62,2026-05-21 02:15:00,114055,,114055,0,,0,,CORRECT_TOTAL_0_114055
2977144,62,2026-05-21 02:20:00,114055,,114055,0,,0,,CORRECT_TOTAL_0_114055
2977145,62,2026-05-21 02:25:00,114056,,114056,0,,0,,CORRECT_TOTAL_0_114056
2977146,62,2026-05-21 02:30:00,114060,,114060,0,,0,,CORRECT_TOTAL_0_114060
2977147,62,2026-05-21 02:35:00,114061,,114061,0,,0,,CORRECT_TOTAL_0_114061
2977148,62,2026-05-21 02:40:00,114061,,114061,0,,0,,CORRECT_TOTAL_0_114061
2977149,62,2026-05-21 02:45:00,114061,,114061,0,,0,,CORRECT_TOTAL_0_114061
2977150,62,2026-05-21 02:50:00,114061,,114061,0,,0,,CORRECT_TOTAL_0_114061
2977151,62,2026-05-21 02:55:00,114061,,114061,0,,0,,CORRECT_TOTAL_0_114061
2977152,62,2026-05-21 03:00:00,114061,,114061,0,,0,,CORRECT_TOTAL_0_114061
2977153,62,2026-05-21 03:05:00,114061,,114061,0,,0,,CORRECT_TOTAL_0_114061
2977154,62,2026-05-21 03:10:00,114061,,114061,0,,0,,CORRECT_TOTAL_0_114061
2977155,62,2026-05-21 03:15:00,114061,,114061,0,,0,,CORRECT_TOTAL_0_114061
2977156,62,2026-05-21 03:20:00,114061,,114061,0,,0,,CORRECT_TOTAL_0_114061
2977157,62,2026-05-21 03:25:00,114061,,114061,0,,0,,CORRECT_TOTAL_0_114061
2977158,62,2026-05-21 03:30:00,114061,,114061,0,,0,,CORRECT_TOTAL_0_114061
2977159,62,2026-05-21 03:35:00,114061,,114061,0,,0,,CORRECT_TOTAL_0_114061
2977160,62,2026-05-21 03:40:00,114061,,114061,0,,0,,CORRECT_TOTAL_0_114061
2977161,62,2026-05-21 03:45:00,114061,,114061,0,,0,,CORRECT_TOTAL_0_114061
2977162,62,2026-05-21 03:50:00,114061,,114061,0,,0,,CORRECT_TOTAL_0_114061
2977163,62,2026-05-21 03:55:00,114061,,114061,0,,0,,CORRECT_TOTAL_0_114061
2977164,62,2026-05-21 04:00:00,114061,,114061,0,,0,,CORRECT_TOTAL_0_114061
2977165,62,2026-05-21 04:05:00,114061,,114061,0,,0,,CORRECT_TOTAL_0_114061
2977166,62,2026-05-21 04:10:00,114065,,114065,0,,0,,CORRECT_TOTAL_0_114065
2977167,62,2026-05-21 04:15:00,114068,,114068,0,,0,,CORRECT_TOTAL_0_114068
2977168,62,2026-05-21 04:20:00,114068,,114068,0,,0,,CORRECT_TOTAL_0_114068
2977169,62,2026-05-21 04:25:00,114068,,114068,0,,0,,CORRECT_TOTAL_0_114068
2977170,62,2026-05-21 04:30:00,114068,,114068,0,,0,,CORRECT_TOTAL_0_114068
2977171,62,2026-05-21 04:35:00,114068,,114068,0,,0,,CORRECT_TOTAL_0_114068
2977172,62,2026-05-21 04:40:00,114068,,114068,0,,0,,CORRECT_TOTAL_0_114068
2977173,62,2026-05-21 04:45:00,114068,,114068,0,,0,,CORRECT_TOTAL_0_114068
2977174,62,2026-05-21 04:50:00,114068,,114068,0,,0,,CORRECT_TOTAL_0_114068
2977175,62,2026-05-21 04:55:00,114068,,114068,0,,0,,CORRECT_TOTAL_0_114068
2977176,62,2026-05-21 05:00:00,114068,,114068,0,,0,,CORRECT_TOTAL_0_114068
2977177,62,2026-05-21 05:05:00,114068,,114068,0,,0,,CORRECT_TOTAL_0_114068
2977178,62,2026-05-21 05:10:00,114068,,114068,0,,0,,CORRECT_TOTAL_0_114068
2977179,62,2026-05-21 05:15:00,114068,,114068,0,,0,,CORRECT_TOTAL_0_114068
2977180,62,2026-05-21 05:20:00,114068,,114068,0,,0,,CORRECT_TOTAL_0_114068
2977181,62,2026-05-21 05:25:00,114068,,114068,0,,0,,CORRECT_TOTAL_0_114068
2977182,62,2026-05-21 05:30:00,114068,,114068,0,,0,,CORRECT_TOTAL_0_114068
2977183,62,2026-05-21 05:35:00,114068,,114068,0,,0,,CORRECT_TOTAL_0_114068
2977184,62,2026-05-21 05:40:00,114068,,114068,0,,0,,CORRECT_TOTAL_0_114068
2977185,62,2026-05-21 05:45:00,114068,,114068,0,,0,,CORRECT_TOTAL_0_114068
2977186,62,2026-05-21 05:50:00,114072,,114072,0,,0,,CORRECT_TOTAL_0_114072
2977187,62,2026-05-21 05:55:00,114074,,114074,0,,0,,CORRECT_TOTAL_0_114074
2977188,62,2026-05-21 06:00:00,114074,,114074,0,,0,,CORRECT_TOTAL_0_114074
2977189,62,2026-05-21 06:05:00,114074,,114074,0,,0,,CORRECT_TOTAL_0_114074
2977190,62,2026-05-21 06:10:00,114074,,114074,0,,0,,CORRECT_TOTAL_0_114074
2977191,62,2026-05-21 06:15:00,114074,,114074,0,,0,,CORRECT_TOTAL_0_114074
2977192,62,2026-05-21 06:20:00,114074,,114074,0,,0,,CORRECT_TOTAL_0_114074
2977193,62,2026-05-21 06:25:00,114074,,114074,0,,0,,CORRECT_TOTAL_0_114074
2977195,62,2026-05-21 06:30:00,114074,,114074,0,,0,,CORRECT_TOTAL_0_114074
2977196,62,2026-05-21 06:35:00,114074,,114074,0,,0,,CORRECT_TOTAL_0_114074
2977197,62,2026-05-21 06:40:00,114074,,114074,0,,0,,CORRECT_TOTAL_0_114074
2977198,62,2026-05-21 06:45:00,114074,,114074,0,,0,,CORRECT_TOTAL_0_114074
2977199,62,2026-05-21 06:50:00,114074,,114074,0,,0,,CORRECT_TOTAL_0_114074
2977200,62,2026-05-21 06:55:00,114074,,114074,0,,0,,CORRECT_TOTAL_0_114074
2977201,62,2026-05-21 07:00:00,114074,,114074,0,,0,,CORRECT_TOTAL_0_114074
2977202,62,2026-05-21 07:05:00,114074,,114074,0,,0,,CORRECT_TOTAL_0_114074
2977203,62,2026-05-21 07:10:00,114074,,114074,0,,0,,CORRECT_TOTAL_0_114074
2977204,62,2026-05-21 07:15:00,114074,,114074,0,,0,,CORRECT_TOTAL_0_114074
2977205,62,2026-05-21 07:20:00,114074,,114074,0,,0,,CORRECT_TOTAL_0_114074
2977206,62,2026-05-21 07:25:00,114074,,114074,0,,0,,CORRECT_TOTAL_0_114074
2977207,62,2026-05-21 07:30:00,114076,,114076,0,,0,,CORRECT_TOTAL_0_114076
2977208,62,2026-05-21 07:35:00,114081,,114081,0,,0,,CORRECT_TOTAL_0_114081
2977209,62,2026-05-21 07:40:00,114081,,114081,0,,0,,CORRECT_TOTAL_0_114081
2977210,62,2026-05-21 07:45:00,114081,,114081,0,,0,,CORRECT_TOTAL_0_114081
2977211,62,2026-05-21 07:50:00,114081,,114081,0,,0,,CORRECT_TOTAL_0_114081
2977212,62,2026-05-21 07:55:00,114081,,114081,0,,0,,CORRECT_TOTAL_0_114081
2977213,62,2026-05-21 08:00:00,114081,,114081,0,,0,,CORRECT_TOTAL_0_114081
2977214,62,2026-05-21 08:05:00,114081,,114081,0,,0,,CORRECT_TOTAL_0_114081
2977215,62,2026-05-21 08:10:00,114081,,114081,0,,0,,CORRECT_TOTAL_0_114081
2977216,62,2026-05-21 08:15:00,114081,,114081,0,,0,,CORRECT_TOTAL_0_114081
2977217,62,2026-05-21 08:20:00,114081,,114081,0,,0,,CORRECT_TOTAL_0_114081
2977218,62,2026-05-21 08:25:00,114081,,114081,0,,0,,CORRECT_TOTAL_0_114081
2977219,62,2026-05-21 08:30:00,114081,,114081,0,,0,,CORRECT_TOTAL_0_114081
2977220,62,2026-05-21 08:35:00,114081,,114081,0,,0,,CORRECT_TOTAL_0_114081
2977221,62,2026-05-21 08:40:00,114081,,114081,0,,0,,CORRECT_TOTAL_0_114081
2977222,62,2026-05-21 08:45:00,114082,,114082,0,,0,,CORRECT_TOTAL_0_114082
2977223,62,2026-05-21 08:50:00,114086,,114086,0,,0,,CORRECT_TOTAL_0_114086
2977224,62,2026-05-21 08:55:00,114088,,114088,0,,0,,CORRECT_TOTAL_0_114088
2977225,62,2026-05-21 09:00:00,114088,,114088,0,,0,,CORRECT_TOTAL_0_114088
2977226,62,2026-05-21 09:05:00,114088,,114088,0,,0,,CORRECT_TOTAL_0_114088
2977227,62,2026-05-21 09:10:00,114088,,114088,0,,0,,CORRECT_TOTAL_0_114088
2977228,62,2026-05-21 09:15:00,114088,,114088,0,,0,,CORRECT_TOTAL_0_114088
2977229,62,2026-05-21 09:20:00,114088,,114088,0,,0,,CORRECT_TOTAL_0_114088
2977230,62,2026-05-21 09:25:00,114088,,114088,0,,0,,CORRECT_TOTAL_0_114088
2977231,62,2026-05-21 09:30:00,114088,,114088,0,,0,,CORRECT_TOTAL_0_114088
2977232,62,2026-05-21 09:35:00,114088,,114088,0,,0,,CORRECT_TOTAL_0_114088
2977233,62,2026-05-21 09:40:00,114088,,114088,0,,0,,CORRECT_TOTAL_0_114088
2977234,62,2026-05-21 09:45:00,114088,,114088,0,,0,,CORRECT_TOTAL_0_114088
2977235,62,2026-05-21 09:50:00,114088,,114088,0,,0,,CORRECT_TOTAL_0_114088
2977236,62,2026-05-21 09:55:00,114089,,114089,0,,0,,CORRECT_TOTAL_0_114089
2977237,62,2026-05-21 10:00:00,114093,,114093,0,,0,,CORRECT_TOTAL_0_114093
2977238,62,2026-05-21 10:05:00,114095,,114095,0,,0,,CORRECT_TOTAL_0_114095
2977239,62,2026-05-21 10:10:00,114095,,114095,0,,0,,CORRECT_TOTAL_0_114095
2977240,62,2026-05-21 10:15:00,114095,,114095,0,,0,,CORRECT_TOTAL_0_114095
2977241,62,2026-05-21 10:20:00,114095,,114095,0,,0,,CORRECT_TOTAL_0_114095
2977242,62,2026-05-21 10:25:00,114095,,114095,0,,0,,CORRECT_TOTAL_0_114095
2977243,62,2026-05-21 10:30:00,114095,,114095,0,,0,,CORRECT_TOTAL_0_114095
2977244,62,2026-05-21 10:35:00,114095,,114095,0,,0,,CORRECT_TOTAL_0_114095
2977245,62,2026-05-21 10:40:00,114095,,114095,0,,0,,CORRECT_TOTAL_0_114095
2977246,62,2026-05-21 10:45:00,114095,,114095,0,,0,,CORRECT_TOTAL_0_114095
2977247,62,2026-05-21 10:50:00,114095,,114095,0,,0,,CORRECT_TOTAL_0_114095
2977248,62,2026-05-21 10:55:00,114095,,114095,0,,0,,CORRECT_TOTAL_0_114095
2977249,62,2026-05-21 11:00:00,114095,,114095,0,,0,,CORRECT_TOTAL_0_114095
2977250,62,2026-05-21 11:05:00,114095,,114095,0,,0,,CORRECT_TOTAL_0_114095
2977251,62,2026-05-21 11:10:00,114095,,114095,0,,0,,CORRECT_TOTAL_0_114095
2977252,62,2026-05-21 11:15:00,114095,,114095,0,,0,,CORRECT_TOTAL_0_114095
2977253,62,2026-05-21 11:20:00,114095,,114095,0,,0,,CORRECT_TOTAL_0_114095
2977254,62,2026-05-21 11:25:00,114095,,114095,0,,0,,CORRECT_TOTAL_0_114095
2977255,62,2026-05-21 11:30:00,114095,,114095,0,,0,,CORRECT_TOTAL_0_114095
2977256,62,2026-05-21 11:35:00,114095,,114095,0,,0,,CORRECT_TOTAL_0_114095
2977257,62,2026-05-21 11:40:00,114097,,114097,0,,0,,CORRECT_TOTAL_0_114097
2977258,62,2026-05-21 11:45:00,114101,,114101,0,,0,,CORRECT_TOTAL_0_114101
2977259,62,2026-05-21 11:50:00,114101,,114101,0,,0,,CORRECT_TOTAL_0_114101
2977260,62,2026-05-21 11:55:00,114101,,114101,0,,0,,CORRECT_TOTAL_0_114101
2977261,62,2026-05-21 12:00:00,114101,,114101,0,,0,,CORRECT_TOTAL_0_114101
2977262,62,2026-05-21 12:05:00,114101,,114101,0,,0,,CORRECT_TOTAL_0_114101
2977263,62,2026-05-21 12:10:00,114101,,114101,0,,0,,CORRECT_TOTAL_0_114101
2977264,62,2026-05-21 12:15:00,114101,,114101,0,,0,,CORRECT_TOTAL_0_114101
2977265,62,2026-05-21 12:20:00,114101,,114101,0,,0,,CORRECT_TOTAL_0_114101
2977266,62,2026-05-21 12:25:00,114101,,114101,0,,0,,CORRECT_TOTAL_0_114101
2977267,62,2026-05-21 12:30:00,114101,,114101,0,,0,,CORRECT_TOTAL_0_114101
2977268,62,2026-05-21 12:35:00,114101,,114101,0,,0,,CORRECT_TOTAL_0_114101
2977269,62,2026-05-21 12:40:00,114101,,114101,0,,0,,CORRECT_TOTAL_0_114101
2977270,62,2026-05-21 12:45:00,114101,,114101,0,,0,,CORRECT_TOTAL_0_114101
2977271,62,2026-05-21 12:50:00,114101,,114101,0,,0,,CORRECT_TOTAL_0_114101
2977272,62,2026-05-21 12:55:00,114101,,114101,0,,0,,CORRECT_TOTAL_0_114101
2977273,62,2026-05-21 13:00:00,114101,,114101,0,,0,,CORRECT_TOTAL_0_114101
2977274,62,2026-05-21 13:05:00,114101,,114101,0,,0,,CORRECT_TOTAL_0_114101
2977275,62,2026-05-21 13:10:00,114101,,114101,0,,0,,CORRECT_TOTAL_0_114101
2977276,62,2026-05-21 13:15:00,114101,,114101,0,,0,,CORRECT_TOTAL_0_114101
2977277,62,2026-05-21 13:20:00,114102,,114102,0,,0,,CORRECT_TOTAL_0_114102
2977278,62,2026-05-21 13:25:00,114106,,114106,0,,0,,CORRECT_TOTAL_0_114106
2977279,62,2026-05-21 13:30:00,114108,,114108,0,,0,,CORRECT_TOTAL_0_114108
2977280,62,2026-05-21 13:35:00,114108,,114108,0,,0,,CORRECT_TOTAL_0_114108
2977281,62,2026-05-21 13:40:00,114108,,114108,0,,0,,CORRECT_TOTAL_0_114108
2977282,62,2026-05-21 13:45:00,114108,,114108,0,,0,,CORRECT_TOTAL_0_114108
2977283,62,2026-05-21 13:50:00,114108,,114108,0,,0,,CORRECT_TOTAL_0_114108
2977284,62,2026-05-21 13:55:00,114108,,114108,0,,0,,CORRECT_TOTAL_0_114108
2977285,62,2026-05-21 14:00:00,114108,,114108,0,,0,,CORRECT_TOTAL_0_114108
2977286,62,2026-05-21 14:05:00,114108,,114108,0,,0,,CORRECT_TOTAL_0_114108
2977287,62,2026-05-21 14:10:00,114108,,114108,0,,0,,CORRECT_TOTAL_0_114108
2977288,62,2026-05-21 14:15:00,114108,,114108,0,,0,,CORRECT_TOTAL_0_114108
2977289,62,2026-05-21 14:20:00,114108,,114108,0,,0,,CORRECT_TOTAL_0_114108
2977290,62,2026-05-21 14:25:00,114108,,114108,0,,0,,CORRECT_TOTAL_0_114108
2977291,62,2026-05-21 14:30:00,114108,,114108,0,,0,,CORRECT_TOTAL_0_114108
2977292,62,2026-05-21 14:35:00,114108,,114108,0,,0,,CORRECT_TOTAL_0_114108
2977293,62,2026-05-21 14:40:00,114108,,114108,0,,0,,CORRECT_TOTAL_0_114108
2977294,62,2026-05-21 14:45:00,114108,,114108,0,,0,,CORRECT_TOTAL_0_114108
2977295,62,2026-05-21 14:50:00,114108,,114108,0,,0,,CORRECT_TOTAL_0_114108
2977296,62,2026-05-21 14:55:00,114108,,114108,0,,0,,CORRECT_TOTAL_0_114108
2977297,62,2026-05-21 15:00:00,114108,,114108,0,,0,,CORRECT_TOTAL_0_114108
2977298,62,2026-05-21 15:05:00,114110,,114110,0,,0,,CORRECT_TOTAL_0_114110
2977299,62,2026-05-21 15:10:00,114114,,114114,0,,0,,CORRECT_TOTAL_0_114114
2977300,62,2026-05-21 15:15:00,114114,,114114,0,,0,,CORRECT_TOTAL_0_114114
2977301,62,2026-05-21 15:20:00,114114,,114114,0,,0,,CORRECT_TOTAL_0_114114
2977302,62,2026-05-21 15:25:00,114114,,114114,0,,0,,CORRECT_TOTAL_0_114114
2977303,62,2026-05-21 15:30:00,114114,,114114,0,,0,,CORRECT_TOTAL_0_114114
2977304,62,2026-05-21 15:35:00,114114,,114114,0,,0,,CORRECT_TOTAL_0_114114
2977305,62,2026-05-21 15:40:00,114114,,114114,0,,0,,CORRECT_TOTAL_0_114114
2977306,62,2026-05-21 15:45:00,114114,,114114,0,,0,,CORRECT_TOTAL_0_114114
2977307,62,2026-05-21 15:50:00,114114,,114114,0,,0,,CORRECT_TOTAL_0_114114
2977308,62,2026-05-21 15:55:00,114114,,114114,0,,0,,CORRECT_TOTAL_0_114114
2977309,62,2026-05-21 16:00:00,114114,,114114,0,,0,,CORRECT_TOTAL_0_114114
2977310,62,2026-05-21 16:05:00,114114,,114114,0,,0,,CORRECT_TOTAL_0_114114
2977311,62,2026-05-21 16:10:00,114114,,114114,0,,0,,CORRECT_TOTAL_0_114114
2977312,62,2026-05-21 16:15:00,114114,,114114,0,,0,,CORRECT_TOTAL_0_114114
2977313,62,2026-05-21 16:20:00,114114,,114114,0,,0,,CORRECT_TOTAL_0_114114
2977314,62,2026-05-21 16:25:00,114114,,114114,0,,0,,CORRECT_TOTAL_0_114114
2977315,62,2026-05-21 16:30:00,114114,,114114,0,,0,,CORRECT_TOTAL_0_114114
2977316,62,2026-05-21 16:35:00,114114,,114114,0,,0,,CORRECT_TOTAL_0_114114
2977317,62,2026-05-21 16:40:00,114114,,114114,0,,0,,CORRECT_TOTAL_0_114114
2977318,62,2026-05-21 16:45:00,114114,,114114,0,,0,,CORRECT_TOTAL_0_114114
2977319,62,2026-05-21 16:50:00,114118,,114118,0,,0,,CORRECT_TOTAL_0_114118
2977320,62,2026-05-21 16:55:00,114121,,114121,0,,0,,CORRECT_TOTAL_0_114121
2977321,62,2026-05-21 17:00:00,114121,,114121,0,,0,,CORRECT_TOTAL_0_114121
2977322,62,2026-05-21 17:05:00,114121,,114121,0,,0,,CORRECT_TOTAL_0_114121
2977323,62,2026-05-21 17:10:00,114121,,114121,0,,0,,CORRECT_TOTAL_0_114121
2977324,62,2026-05-21 17:15:00,114121,,114121,0,,0,,CORRECT_TOTAL_0_114121
2977325,62,2026-05-21 17:20:00,114121,,114121,0,,0,,CORRECT_TOTAL_0_114121
2977326,62,2026-05-21 17:25:00,114121,,114121,0,,0,,CORRECT_TOTAL_0_114121
2977327,62,2026-05-21 17:30:00,114121,,114121,0,,0,,CORRECT_TOTAL_0_114121
2977328,62,2026-05-21 17:35:00,114121,,114121,0,,0,,CORRECT_TOTAL_0_114121
2977329,62,2026-05-21 17:40:00,114121,,114121,0,,0,,CORRECT_TOTAL_0_114121
2977330,62,2026-05-21 17:45:00,114121,,114121,0,,0,,CORRECT_TOTAL_0_114121
2977331,62,2026-05-21 17:50:00,114121,,114121,0,,0,,CORRECT_TOTAL_0_114121
2977332,62,2026-05-21 17:55:00,114121,,114121,0,,0,,CORRECT_TOTAL_0_114121
2977333,62,2026-05-21 18:00:00,114121,,114121,0,,0,,CORRECT_TOTAL_0_114121
2977334,62,2026-05-21 18:05:00,114121,,114121,0,,0,,CORRECT_TOTAL_0_114121
2977335,62,2026-05-21 18:10:00,114121,,114121,0,,0,,CORRECT_TOTAL_0_114121
2977336,62,2026-05-21 18:15:00,114121,,114121,0,,0,,CORRECT_TOTAL_0_114121
2977337,62,2026-05-21 18:20:00,114121,,114121,0,,0,,CORRECT_TOTAL_0_114121
2977338,62,2026-05-21 18:25:00,114121,,114121,0,,0,,CORRECT_TOTAL_0_114121
2977339,62,2026-05-21 18:30:00,114123,,114123,0,,0,,CORRECT_TOTAL_0_114123
2977340,62,2026-05-21 18:35:00,114127,,114127,0,,0,,CORRECT_TOTAL_0_114127
2977341,62,2026-05-21 18:40:00,114127,,114127,0,,0,,CORRECT_TOTAL_0_114127
2977342,62,2026-05-21 18:45:00,114127,,114127,0,,0,,CORRECT_TOTAL_0_114127
2977343,62,2026-05-21 18:50:00,114127,,114127,0,,0,,CORRECT_TOTAL_0_114127
2977344,62,2026-05-21 18:55:00,114127,,114127,0,,0,,CORRECT_TOTAL_0_114127
2977345,62,2026-05-21 19:00:00,114127,,114127,0,,0,,CORRECT_TOTAL_0_114127
2977346,62,2026-05-21 19:05:00,114127,,114127,0,,0,,CORRECT_TOTAL_0_114127
2977347,62,2026-05-21 19:10:00,114127,,114127,0,,0,,CORRECT_TOTAL_0_114127
2977348,62,2026-05-21 19:15:00,114127,,114127,0,,0,,CORRECT_TOTAL_0_114127
2977349,62,2026-05-21 19:20:00,114127,,114127,0,,0,,CORRECT_TOTAL_0_114127
2977350,62,2026-05-21 19:25:00,114127,,114127,0,,0,,CORRECT_TOTAL_0_114127
2977351,62,2026-05-21 19:30:00,114127,,114127,0,,0,,CORRECT_TOTAL_0_114127
2977352,62,2026-05-21 19:35:00,114127,,114127,0,,0,,CORRECT_TOTAL_0_114127
2977353,62,2026-05-21 19:40:00,114127,,114127,0,,0,,CORRECT_TOTAL_0_114127
2977354,62,2026-05-21 19:45:00,114127,,114127,0,,0,,CORRECT_TOTAL_0_114127
2977355,62,2026-05-21 19:50:00,114127,,114127,0,,0,,CORRECT_TOTAL_0_114127
2977356,62,2026-05-21 19:55:00,114127,,114127,0,,0,,CORRECT_TOTAL_0_114127
2977357,62,2026-05-21 20:00:00,114127,,114127,0,,0,,CORRECT_TOTAL_0_114127
2977358,62,2026-05-21 20:05:00,114127,,114127,0,,0,,CORRECT_TOTAL_0_114127
2977359,62,2026-05-21 20:10:00,114127,,114127,0,,0,,CORRECT_TOTAL_0_114127
2977360,62,2026-05-21 20:15:00,114130,,114130,0,,0,,CORRECT_TOTAL_0_114130
2977361,62,2026-05-21 20:20:00,114134,,114134,0,,0,,CORRECT_TOTAL_0_114134
2977362,62,2026-05-21 20:25:00,114134,,114134,0,,0,,CORRECT_TOTAL_0_114134
2977363,62,2026-05-21 20:30:00,114134,,114134,0,,0,,CORRECT_TOTAL_0_114134
2977364,62,2026-05-21 20:35:00,114134,,114134,0,,0,,CORRECT_TOTAL_0_114134
2977365,62,2026-05-21 20:40:00,114134,,114134,0,,0,,CORRECT_TOTAL_0_114134
2977366,62,2026-05-21 20:45:00,114134,,114134,0,,0,,CORRECT_TOTAL_0_114134
2977367,62,2026-05-21 20:50:00,114134,,114134,0,,0,,CORRECT_TOTAL_0_114134
2977368,62,2026-05-21 20:55:00,114134,,114134,0,,0,,CORRECT_TOTAL_0_114134
2977369,62,2026-05-21 21:00:00,114134,,114134,0,,0,,CORRECT_TOTAL_0_114134
2977370,62,2026-05-21 21:05:00,114134,,114134,0,,0,,CORRECT_TOTAL_0_114134
2977371,62,2026-05-21 21:10:00,114134,,114134,0,,0,,CORRECT_TOTAL_0_114134
2977372,62,2026-05-21 21:15:00,114134,,114134,0,,0,,CORRECT_TOTAL_0_114134
2977373,62,2026-05-21 21:20:00,114134,,114134,0,,0,,CORRECT_TOTAL_0_114134
2977374,62,2026-05-21 21:25:00,114134,,114134,0,,0,,CORRECT_TOTAL_0_114134
2977375,62,2026-05-21 21:30:00,114134,,114134,0,,0,,CORRECT_TOTAL_0_114134
2977376,62,2026-05-21 21:35:00,114134,,114134,0,,0,,CORRECT_TOTAL_0_114134
2977377,62,2026-05-21 21:40:00,114134,,114134,0,,0,,CORRECT_TOTAL_0_114134
2977378,62,2026-05-21 21:45:00,114134,,114134,0,,0,,CORRECT_TOTAL_0_114134
2977379,62,2026-05-21 21:50:00,114134,,114134,0,,0,,CORRECT_TOTAL_0_114134
2977380,62,2026-05-21 21:55:00,114137,,114137,0,,0,,CORRECT_TOTAL_0_114137
2977381,62,2026-05-21 22:00:00,114140,,114140,0,,0,,CORRECT_TOTAL_0_114140
2977382,62,2026-05-21 22:05:00,114140,,114140,0,,0,,CORRECT_TOTAL_0_114140
2977383,62,2026-05-21 22:10:00,114140,,114140,0,,0,,CORRECT_TOTAL_0_114140
2977384,62,2026-05-21 22:15:00,114140,,114140,0,,0,,CORRECT_TOTAL_0_114140
2977385,62,2026-05-21 22:20:00,114140,,114140,0,,0,,CORRECT_TOTAL_0_114140
2977386,62,2026-05-21 22:25:00,114140,,114140,0,,0,,CORRECT_TOTAL_0_114140
2977387,62,2026-05-21 22:30:00,114140,,114140,0,,0,,CORRECT_TOTAL_0_114140
2977388,62,2026-05-21 22:35:00,114140,,114140,0,,0,,CORRECT_TOTAL_0_114140
2977389,62,2026-05-21 22:40:00,114140,,114140,0,,0,,CORRECT_TOTAL_0_114140
2977390,62,2026-05-21 22:45:00,114140,,114140,0,,0,,CORRECT_TOTAL_0_114140
2977391,62,2026-05-21 22:50:00,114140,,114140,0,,0,,CORRECT_TOTAL_0_114140
2977392,62,2026-05-21 22:55:00,114140,,114140,0,,0,,CORRECT_TOTAL_0_114140
2977393,62,2026-05-21 23:00:00,114140,,114140,0,,0,,CORRECT_TOTAL_0_114140
2977394,62,2026-05-21 23:05:00,114141,,114141,0,,0,,CORRECT_TOTAL_0_114141
2977395,62,2026-05-21 23:10:00,114145,,114145,0,,0,,CORRECT_TOTAL_0_114145
2977396,62,2026-05-21 23:15:00,114148,,114148,0,,0,,CORRECT_TOTAL_0_114148
2977397,62,2026-05-21 23:20:00,114148,,114148,0,,0,,CORRECT_TOTAL_0_114148
2977398,62,2026-05-21 23:25:00,114148,,114148,0,,0,,CORRECT_TOTAL_0_114148
2977399,62,2026-05-21 23:30:00,114148,,114148,0,,0,,CORRECT_TOTAL_0_114148
2977400,62,2026-05-21 23:35:00,114148,,114148,0,,0,,CORRECT_TOTAL_0_114148
2977401,62,2026-05-21 23:40:00,114148,,114148,0,,0,,CORRECT_TOTAL_0_114148
2977402,62,2026-05-21 23:45:00,114151,,114151,0,,0,,CORRECT_TOTAL_0_114151
2977403,62,2026-05-21 23:50:00,114155,,114155,0,,0,,CORRECT_TOTAL_0_114155
2977404,62,2026-05-21 23:55:00,114157,,114157,0,,0,,CORRECT_TOTAL_0_114157
2977405,62,2026-05-22 00:00:00,114157,,114157,0,,0,,CORRECT_TOTAL_0_114157
2977406,62,2026-05-22 00:05:00,114157,,114157,0,,0,,CORRECT_TOTAL_0_114157
2977407,62,2026-05-22 00:10:00,114157,,114157,0,,0,,CORRECT_TOTAL_0_114157
2977408,62,2026-05-22 00:15:00,114157,,114157,0,,0,,CORRECT_TOTAL_0_114157
2977409,62,2026-05-22 00:20:00,114159,,114159,0,,0,,CORRECT_TOTAL_0_114159
2977410,62,2026-05-22 00:25:00,114163,,114163,0,,0,,CORRECT_TOTAL_0_114163
2977411,62,2026-05-22 00:30:00,114165,,114165,0,,0,,CORRECT_TOTAL_0_114165
2977412,62,2026-05-22 00:35:00,114165,,114165,0,,0,,CORRECT_TOTAL_0_114165
2977413,62,2026-05-22 00:40:00,114165,,114165,0,,0,,CORRECT_TOTAL_0_114165
2977414,62,2026-05-22 00:45:00,114165,,114165,0,,0,,CORRECT_TOTAL_0_114165
2977415,62,2026-05-22 00:50:00,114165,,114165,0,,0,,CORRECT_TOTAL_0_114165
2977416,62,2026-05-22 00:55:00,114165,,114165,0,,0,,CORRECT_TOTAL_0_114165
2977417,62,2026-05-22 01:00:00,114165,,114165,0,,0,,CORRECT_TOTAL_0_114165
2977418,62,2026-05-22 01:05:00,114165,,114165,0,,0,,CORRECT_TOTAL_0_114165
2977419,62,2026-05-22 01:10:00,114165,,114165,0,,0,,CORRECT_TOTAL_0_114165
2977420,62,2026-05-22 01:15:00,114165,,114165,0,,0,,CORRECT_TOTAL_0_114165
2977421,62,2026-05-22 01:20:00,114165,,114165,0,,0,,CORRECT_TOTAL_0_114165
2977422,62,2026-05-22 01:25:00,114166,,114166,0,,0,,CORRECT_TOTAL_0_114166
2977423,62,2026-05-22 01:30:00,114170,,114170,0,,0,,CORRECT_TOTAL_0_114170
2977424,62,2026-05-22 01:35:00,114173,,114173,0,,0,,CORRECT_TOTAL_0_114173
2977425,62,2026-05-22 01:40:00,114173,,114173,0,,0,,CORRECT_TOTAL_0_114173
2977426,62,2026-05-22 01:45:00,114173,,114173,0,,0,,CORRECT_TOTAL_0_114173
2977427,62,2026-05-22 01:50:00,114173,,114173,0,,0,,CORRECT_TOTAL_0_114173
2977428,62,2026-05-22 01:55:00,114173,,114173,0,,0,,CORRECT_TOTAL_0_114173
2977429,62,2026-05-22 02:00:00,114173,,114173,0,,0,,CORRECT_TOTAL_0_114173
2977430,62,2026-05-22 02:05:00,114173,,114173,0,,0,,CORRECT_TOTAL_0_114173
2977431,62,2026-05-22 02:10:00,114173,,114173,0,,0,,CORRECT_TOTAL_0_114173
2977432,62,2026-05-22 02:15:00,114173,,114173,0,,0,,CORRECT_TOTAL_0_114173
2977433,62,2026-05-22 02:20:00,114173,,114173,0,,0,,CORRECT_TOTAL_0_114173
2977434,62,2026-05-22 02:25:00,114173,,114173,0,,0,,CORRECT_TOTAL_0_114173
2977435,62,2026-05-22 02:30:00,114173,,114173,0,,0,,CORRECT_TOTAL_0_114173
2977436,62,2026-05-22 02:35:00,114173,,114173,0,,0,,CORRECT_TOTAL_0_114173
2977437,62,2026-05-22 02:40:00,114173,,114173,0,,0,,CORRECT_TOTAL_0_114173
2977438,62,2026-05-22 02:45:00,114173,,114173,0,,0,,CORRECT_TOTAL_0_114173
2977439,62,2026-05-22 02:50:00,114176,,114176,0,,0,,CORRECT_TOTAL_0_114176
2977440,62,2026-05-22 02:55:00,114180,,114180,0,,0,,CORRECT_TOTAL_0_114180
2977441,62,2026-05-22 03:00:00,114180,,114180,0,,0,,CORRECT_TOTAL_0_114180
2977442,62,2026-05-22 03:05:00,114180,,114180,0,,0,,CORRECT_TOTAL_0_114180
2977443,62,2026-05-22 03:10:00,114180,,114180,0,,0,,CORRECT_TOTAL_0_114180
2977444,62,2026-05-22 03:15:00,114180,,114180,0,,0,,CORRECT_TOTAL_0_114180
2977445,62,2026-05-22 03:20:00,114180,,114180,0,,0,,CORRECT_TOTAL_0_114180
2977446,62,2026-05-22 03:25:00,114180,,114180,0,,0,,CORRECT_TOTAL_0_114180
2977447,62,2026-05-22 03:30:00,114180,,114180,0,,0,,CORRECT_TOTAL_0_114180
2977448,62,2026-05-22 03:35:00,114180,,114180,0,,0,,CORRECT_TOTAL_0_114180
2977449,62,2026-05-22 03:40:00,114181,,114181,0,,0,,CORRECT_TOTAL_0_114181
2977450,62,2026-05-22 03:45:00,114185,,114185,0,,0,,CORRECT_TOTAL_0_114185
2977451,62,2026-05-22 03:50:00,114187,,114187,0,,0,,CORRECT_TOTAL_0_114187
2977452,62,2026-05-22 03:55:00,114187,,114187,0,,0,,CORRECT_TOTAL_0_114187
2977453,62,2026-05-22 04:00:00,114187,,114187,0,,0,,CORRECT_TOTAL_0_114187
2977454,62,2026-05-22 04:05:00,114187,,114187,0,,0,,CORRECT_TOTAL_0_114187
2977455,62,2026-05-22 04:10:00,114187,,114187,0,,0,,CORRECT_TOTAL_0_114187
2977456,62,2026-05-22 04:15:00,114187,,114187,0,,0,,CORRECT_TOTAL_0_114187
2977457,62,2026-05-22 04:20:00,114187,,114187,0,,0,,CORRECT_TOTAL_0_114187
2977458,62,2026-05-22 04:25:00,114187,,114187,0,,0,,CORRECT_TOTAL_0_114187
2977459,62,2026-05-22 04:30:00,114187,,114187,0,,0,,CORRECT_TOTAL_0_114187
2977460,62,2026-05-22 04:35:00,114187,,114187,0,,0,,CORRECT_TOTAL_0_114187
2977461,62,2026-05-22 04:40:00,114188,,114188,0,,0,,CORRECT_TOTAL_0_114188
2977462,62,2026-05-22 04:45:00,114192,,114192,0,,0,,CORRECT_TOTAL_0_114192
2977463,62,2026-05-22 04:50:00,114195,,114195,0,,0,,CORRECT_TOTAL_0_114195
2977464,62,2026-05-22 04:55:00,114195,,114195,0,,0,,CORRECT_TOTAL_0_114195
2977465,62,2026-05-22 05:00:00,114195,,114195,0,,0,,CORRECT_TOTAL_0_114195
2977466,62,2026-05-22 05:05:00,114195,,114195,0,,0,,CORRECT_TOTAL_0_114195
2977467,62,2026-05-22 05:10:00,114195,,114195,0,,0,,CORRECT_TOTAL_0_114195
2977468,62,2026-05-22 05:15:00,114195,,114195,0,,0,,CORRECT_TOTAL_0_114195
2977469,62,2026-05-22 05:20:00,114195,,114195,0,,0,,CORRECT_TOTAL_0_114195
2977470,62,2026-05-22 05:25:00,114195,,114195,0,,0,,CORRECT_TOTAL_0_114195
2977472,62,2026-05-22 05:30:00,114195,,114195,0,,0,,CORRECT_TOTAL_0_114195
2977473,62,2026-05-22 05:35:00,114199,,114199,0,,0,,CORRECT_TOTAL_0_114199
2977474,62,2026-05-22 05:40:00,114202,,114202,0,,0,,CORRECT_TOTAL_0_114202
2977475,62,2026-05-22 05:45:00,114202,,114202,0,,0,,CORRECT_TOTAL_0_114202
2977476,62,2026-05-22 05:50:00,114202,,114202,0,,0,,CORRECT_TOTAL_0_114202
2977477,62,2026-05-22 05:55:00,114202,,114202,0,,0,,CORRECT_TOTAL_0_114202
2977478,62,2026-05-22 06:00:00,114202,,114202,0,,0,,CORRECT_TOTAL_0_114202
2977479,62,2026-05-22 06:05:00,114202,,114202,0,,0,,CORRECT_TOTAL_0_114202
2977480,62,2026-05-22 06:10:00,114202,,114202,0,,0,,CORRECT_TOTAL_0_114202
2977481,62,2026-05-22 06:15:00,114202,,114202,0,,0,,CORRECT_TOTAL_0_114202
2977482,62,2026-05-22 06:20:00,114203,,114203,0,,0,,CORRECT_TOTAL_0_114203
2977483,62,2026-05-22 06:25:00,114207,,114207,0,,0,,CORRECT_TOTAL_0_114207
2977484,62,2026-05-22 06:30:00,114210,,114210,0,,0,,CORRECT_TOTAL_0_114210
2977485,62,2026-05-22 06:35:00,114210,,114210,0,,0,,CORRECT_TOTAL_0_114210
2977486,62,2026-05-22 06:40:00,114210,,114210,0,,0,,CORRECT_TOTAL_0_114210
2977487,62,2026-05-22 06:45:00,114214,,114214,0,,0,,CORRECT_TOTAL_0_114214
2977488,62,2026-05-22 06:50:00,114218,,114218,0,,0,,CORRECT_TOTAL_0_114218
2977489,62,2026-05-22 06:55:00,114221,,114221,0,,0,,CORRECT_TOTAL_0_114221
2977490,62,2026-05-22 07:00:00,114221,,114221,0,,0,,CORRECT_TOTAL_0_114221
2977491,62,2026-05-22 07:05:00,114221,,114221,0,,0,,CORRECT_TOTAL_0_114221
2977492,62,2026-05-22 07:10:00,114221,,114221,0,,0,,CORRECT_TOTAL_0_114221
2977493,62,2026-05-22 07:15:00,114221,,114221,0,,0,,CORRECT_TOTAL_0_114221
2977494,62,2026-05-22 07:20:00,114221,,114221,0,,0,,CORRECT_TOTAL_0_114221
2977495,62,2026-05-22 07:25:00,114225,,114225,0,,0,,CORRECT_TOTAL_0_114225
2977496,62,2026-05-22 07:30:00,114228,,114228,0,,0,,CORRECT_TOTAL_0_114228
2977497,62,2026-05-22 07:35:00,114230,,114230,0,,0,,CORRECT_TOTAL_0_114230
2977498,62,2026-05-22 07:40:00,114230,,114230,0,,0,,CORRECT_TOTAL_0_114230
2977499,62,2026-05-22 07:45:00,114230,,114230,0,,0,,CORRECT_TOTAL_0_114230
2977500,62,2026-05-22 07:50:00,114230,,114230,0,,0,,CORRECT_TOTAL_0_114230
2977501,62,2026-05-22 07:55:00,114230,,114230,0,,0,,CORRECT_TOTAL_0_114230
2977502,62,2026-05-22 08:00:00,114232,,114232,0,,0,,CORRECT_TOTAL_0_114232
2977503,62,2026-05-22 08:05:00,114236,,114236,0,,0,,CORRECT_TOTAL_0_114236
2977504,62,2026-05-22 08:10:00,114238,,114238,0,,0,,CORRECT_TOTAL_0_114238
2977505,62,2026-05-22 08:15:00,114238,,114238,0,,0,,CORRECT_TOTAL_0_114238
2977506,62,2026-05-22 08:20:00,114238,,114238,0,,0,,CORRECT_TOTAL_0_114238
2977507,62,2026-05-22 08:25:00,114238,,114238,0,,0,,CORRECT_TOTAL_0_114238
2977508,62,2026-05-22 08:30:00,114238,,114238,0,,0,,CORRECT_TOTAL_0_114238
2977509,62,2026-05-22 08:35:00,114238,,114238,0,,0,,CORRECT_TOTAL_0_114238
2977510,62,2026-05-22 08:40:00,114238,,114238,0,,0,,CORRECT_TOTAL_0_114238
2977511,62,2026-05-22 08:45:00,114242,,114242,0,,0,,CORRECT_TOTAL_0_114242
2977512,62,2026-05-22 08:50:00,114246,,114246,0,,0,,CORRECT_TOTAL_0_114246
2977513,62,2026-05-22 08:55:00,114246,,114246,0,,0,,CORRECT_TOTAL_0_114246
2977514,62,2026-05-22 09:00:00,114246,,114246,0,,0,,CORRECT_TOTAL_0_114246
2977515,62,2026-05-22 09:05:00,114246,,114246,0,,0,,CORRECT_TOTAL_0_114246
2977516,62,2026-05-22 09:10:00,114246,,114246,0,,0,,CORRECT_TOTAL_0_114246
2977517,62,2026-05-22 09:15:00,114246,,114246,0,,0,,CORRECT_TOTAL_0_114246
2977518,62,2026-05-22 09:20:00,114247,,114247,0,,0,,CORRECT_TOTAL_0_114247
2977519,62,2026-05-22 09:25:00,114251,,114251,0,,0,,CORRECT_TOTAL_0_114251
2977520,62,2026-05-22 09:30:00,114255,,114255,0,,0,,CORRECT_TOTAL_0_114255
2977521,62,2026-05-22 09:35:00,114256,,114256,0,,0,,CORRECT_TOTAL_0_114256
2977522,62,2026-05-22 09:40:00,114256,,114256,0,,0,,CORRECT_TOTAL_0_114256
2977523,62,2026-05-22 09:45:00,114256,,114256,0,,0,,CORRECT_TOTAL_0_114256
2977524,62,2026-05-22 09:50:00,114256,,114256,0,,0,,CORRECT_TOTAL_0_114256
2977525,62,2026-05-22 09:55:00,114256,,114256,0,,0,,CORRECT_TOTAL_0_114256
2977526,62,2026-05-22 10:00:00,114256,,114256,0,,0,,CORRECT_TOTAL_0_114256
2977527,62,2026-05-22 10:05:00,114260,,114260,0,,0,,CORRECT_TOTAL_0_114260
2977528,62,2026-05-22 10:10:00,114264,,114264,0,,0,,CORRECT_TOTAL_0_114264
2977529,62,2026-05-22 10:15:00,114264,,114264,0,,0,,CORRECT_TOTAL_0_114264
2977530,62,2026-05-22 10:20:00,114264,,114264,0,,0,,CORRECT_TOTAL_0_114264
2977531,62,2026-05-22 10:25:00,114264,,114264,0,,0,,CORRECT_TOTAL_0_114264
2977532,62,2026-05-22 10:30:00,114264,,114264,0,,0,,CORRECT_TOTAL_0_114264
2977533,62,2026-05-22 10:35:00,114264,,114264,0,,0,,CORRECT_TOTAL_0_114264
2977534,62,2026-05-22 10:40:00,114264,,114264,0,,0,,CORRECT_TOTAL_0_114264
2977535,62,2026-05-22 10:45:00,114265,,114265,0,,0,,CORRECT_TOTAL_0_114265
2977536,62,2026-05-22 10:50:00,114269,,114269,0,,0,,CORRECT_TOTAL_0_114269
2977537,62,2026-05-22 10:55:00,114273,,114273,0,,0,,CORRECT_TOTAL_0_114273
2977538,62,2026-05-22 11:00:00,114273,,114273,0,,0,,CORRECT_TOTAL_0_114273
2977539,62,2026-05-22 11:05:00,114273,,114273,0,,0,,CORRECT_TOTAL_0_114273
2977540,62,2026-05-22 11:10:00,114273,,114273,0,,0,,CORRECT_TOTAL_0_114273
2977541,62,2026-05-22 11:15:00,114273,,114273,0,,0,,CORRECT_TOTAL_0_114273
2977542,62,2026-05-22 11:20:00,114273,,114273,0,,0,,CORRECT_TOTAL_0_114273
2977543,62,2026-05-22 11:25:00,114277,,114277,0,,0,,CORRECT_TOTAL_0_114277
2977544,62,2026-05-22 11:30:00,114280,,114280,0,,0,,CORRECT_TOTAL_0_114280
2977545,62,2026-05-22 11:35:00,114280,,114280,0,,0,,CORRECT_TOTAL_0_114280
2977546,62,2026-05-22 11:40:00,114280,,114280,0,,0,,CORRECT_TOTAL_0_114280
2977547,62,2026-05-22 11:45:00,114280,,114280,0,,0,,CORRECT_TOTAL_0_114280
2977548,62,2026-05-22 11:50:00,114280,,114280,0,,0,,CORRECT_TOTAL_0_114280
2977549,62,2026-05-22 11:55:00,114281,,114281,0,,0,,CORRECT_TOTAL_0_114281
2974700,63,2026-05-20 00:00:00,16158,,16158,0,,0,,CORRECT_TOTAL_0_16158
2974701,63,2026-05-20 00:05:00,16158,,16158,0,,0,,CORRECT_TOTAL_0_16158
2974702,63,2026-05-20 00:10:00,16158,,16158,0,,0,,CORRECT_TOTAL_0_16158
2974703,63,2026-05-20 00:15:00,16158,,16158,0,,0,,CORRECT_TOTAL_0_16158
2974704,63,2026-05-20 00:20:00,16158,,16158,0,,0,,CORRECT_TOTAL_0_16158
2974705,63,2026-05-20 00:25:00,16158,,16158,0,,0,,CORRECT_TOTAL_0_16158
2974706,63,2026-05-20 00:30:00,16158,,16158,0,,0,,CORRECT_TOTAL_0_16158
2974707,63,2026-05-20 00:35:00,16158,,16158,0,,0,,CORRECT_TOTAL_0_16158
2974708,63,2026-05-20 00:40:00,16158,,16158,0,,0,,CORRECT_TOTAL_0_16158
2974709,63,2026-05-20 00:45:00,16158,,16158,0,,0,,CORRECT_TOTAL_0_16158
2974710,63,2026-05-20 00:50:00,16158,,16158,0,,0,,CORRECT_TOTAL_0_16158
2974711,63,2026-05-20 00:55:00,16158,,16158,0,,0,,CORRECT_TOTAL_0_16158
2974712,63,2026-05-20 01:00:00,16158,,16158,0,,0,,CORRECT_TOTAL_0_16158
2974713,63,2026-05-20 01:05:00,16158,,16158,0,,0,,CORRECT_TOTAL_0_16158
2974714,63,2026-05-20 01:10:00,16158,,16158,0,,0,,CORRECT_TOTAL_0_16158
2974715,63,2026-05-20 01:15:00,16158,,16158,0,,0,,CORRECT_TOTAL_0_16158
2974716,63,2026-05-20 01:20:00,16158,,16158,0,,0,,CORRECT_TOTAL_0_16158
2974717,63,2026-05-20 01:25:00,16158,,16158,0,,0,,CORRECT_TOTAL_0_16158
2974718,63,2026-05-20 01:30:00,16158,,16158,0,,0,,CORRECT_TOTAL_0_16158
2974719,63,2026-05-20 01:35:00,16158,,16158,0,,0,,CORRECT_TOTAL_0_16158
2974720,63,2026-05-20 01:40:00,16158,,16158,0,,0,,CORRECT_TOTAL_0_16158
2974721,63,2026-05-20 01:45:00,16158,,16158,0,,0,,CORRECT_TOTAL_0_16158
2974722,63,2026-05-20 01:50:00,16158,,16158,0,,0,,CORRECT_TOTAL_0_16158
2974723,63,2026-05-20 01:55:00,16158,,16158,0,,0,,CORRECT_TOTAL_0_16158
2974724,63,2026-05-20 02:00:00,16158,,16158,0,,0,,CORRECT_TOTAL_0_16158
2974725,63,2026-05-20 02:05:00,16158,,16158,0,,0,,CORRECT_TOTAL_0_16158
2974726,63,2026-05-20 02:10:00,16158,,16158,0,,0,,CORRECT_TOTAL_0_16158
2974727,63,2026-05-20 02:15:00,16158,,16158,0,,0,,CORRECT_TOTAL_0_16158
2974728,63,2026-05-20 02:20:00,16158,,16158,0,,0,,CORRECT_TOTAL_0_16158
2974729,63,2026-05-20 02:25:00,16158,,16158,0,,0,,CORRECT_TOTAL_0_16158
2974730,63,2026-05-20 02:30:00,16158,,16158,0,,0,,CORRECT_TOTAL_0_16158
2974731,63,2026-05-20 02:35:00,16158,,16158,0,,0,,CORRECT_TOTAL_0_16158
2974732,63,2026-05-20 02:40:00,16158,,16158,0,,0,,CORRECT_TOTAL_0_16158
2974733,63,2026-05-20 02:45:00,16158,,16158,0,,0,,CORRECT_TOTAL_0_16158
2974734,63,2026-05-20 02:50:00,16158,,16158,0,,0,,CORRECT_TOTAL_0_16158
2974735,63,2026-05-20 02:55:00,16158,,16158,0,,0,,CORRECT_TOTAL_0_16158
2974736,63,2026-05-20 03:00:00,16158,,16158,0,,0,,CORRECT_TOTAL_0_16158
2974737,63,2026-05-20 03:05:00,16158,,16158,0,,0,,CORRECT_TOTAL_0_16158
2974738,63,2026-05-20 03:10:00,16158,,16158,0,,0,,CORRECT_TOTAL_0_16158
2974739,63,2026-05-20 03:15:00,16158,,16158,0,,0,,CORRECT_TOTAL_0_16158
2974740,63,2026-05-20 03:20:00,16158,,16158,0,,0,,CORRECT_TOTAL_0_16158
2974741,63,2026-05-20 03:25:00,16158,,16158,0,,0,,CORRECT_TOTAL_0_16158
2974742,63,2026-05-20 03:30:00,16158,,16158,0,,0,,CORRECT_TOTAL_0_16158
2974743,63,2026-05-20 03:35:00,16158,,16158,0,,0,,CORRECT_TOTAL_0_16158
2974744,63,2026-05-20 03:40:00,16158,,16158,0,,0,,CORRECT_TOTAL_0_16158
2974745,63,2026-05-20 03:45:00,16158,,16158,0,,0,,CORRECT_TOTAL_0_16158
2974746,63,2026-05-20 03:50:00,16158,,16158,0,,0,,CORRECT_TOTAL_0_16158
2974747,63,2026-05-20 03:55:00,16158,,16158,0,,0,,CORRECT_TOTAL_0_16158
2974748,63,2026-05-20 04:00:00,16158,,16158,0,,0,,CORRECT_TOTAL_0_16158
2974749,63,2026-05-20 04:05:00,16158,,16158,0,,0,,CORRECT_TOTAL_0_16158
2974750,63,2026-05-20 04:10:00,16158,,16158,0,,0,,CORRECT_TOTAL_0_16158
2974751,63,2026-05-20 04:15:00,16158,,16158,0,,0,,CORRECT_TOTAL_0_16158
2974752,63,2026-05-20 04:20:00,16158,,16158,0,,0,,CORRECT_TOTAL_0_16158
2974753,63,2026-05-20 04:25:00,16158,,16158,0,,0,,CORRECT_TOTAL_0_16158
2974754,63,2026-05-20 04:30:00,16158,,16158,0,,0,,CORRECT_TOTAL_0_16158
2974755,63,2026-05-20 04:35:00,16158,,16158,0,,0,,CORRECT_TOTAL_0_16158
2974756,63,2026-05-20 04:40:00,16158,,16158,0,,0,,CORRECT_TOTAL_0_16158
2974757,63,2026-05-20 04:50:00,16158,,16158,0,,0,,CORRECT_TOTAL_0_16158
2974758,63,2026-05-20 04:55:00,16158,,16158,0,,0,,CORRECT_TOTAL_0_16158
2974759,63,2026-05-20 05:00:00,16158,,16158,0,,0,,CORRECT_TOTAL_0_16158
2974760,63,2026-05-20 05:05:00,16158,,16158,0,,0,,CORRECT_TOTAL_0_16158
2974761,63,2026-05-20 05:10:00,16158,,16158,0,,0,,CORRECT_TOTAL_0_16158
2974762,63,2026-05-20 05:15:00,16158,,16158,0,,0,,CORRECT_TOTAL_0_16158
2974763,63,2026-05-20 05:20:00,16158,,16158,0,,0,,CORRECT_TOTAL_0_16158
2974764,63,2026-05-20 05:25:00,16158,,16158,0,,0,,CORRECT_TOTAL_0_16158
2974765,63,2026-05-20 05:30:00,16158,,16158,0,,0,,CORRECT_TOTAL_0_16158
2974766,63,2026-05-20 05:35:00,16158,,16158,0,,0,,CORRECT_TOTAL_0_16158
2974767,63,2026-05-20 05:40:00,16158,,16158,0,,0,,CORRECT_TOTAL_0_16158
2974768,63,2026-05-20 05:45:00,16158,,16158,0,,0,,CORRECT_TOTAL_0_16158
2974769,63,2026-05-20 05:50:00,16158,,16158,0,,0,,CORRECT_TOTAL_0_16158
2974770,63,2026-05-20 05:55:00,16158,,16158,0,,0,,CORRECT_TOTAL_0_16158
2974771,63,2026-05-20 06:00:00,16158,,16158,0,,0,,CORRECT_TOTAL_0_16158
2974772,63,2026-05-20 06:05:00,16158,,16158,0,,0,,CORRECT_TOTAL_0_16158
2974773,63,2026-05-20 06:10:00,16158,,16158,0,,0,,CORRECT_TOTAL_0_16158
2974774,63,2026-05-20 06:15:00,16158,,16158,0,,0,,CORRECT_TOTAL_0_16158
2974775,63,2026-05-20 06:20:00,16158,,16158,0,,0,,CORRECT_TOTAL_0_16158
2974776,63,2026-05-20 06:25:00,16158,,16158,0,,0,,CORRECT_TOTAL_0_16158
2974777,63,2026-05-20 06:30:00,16158,,16158,0,,0,,CORRECT_TOTAL_0_16158
2974778,63,2026-05-20 06:35:00,16158,,16158,0,,0,,CORRECT_TOTAL_0_16158
2974779,63,2026-05-20 06:40:00,16158,,16158,0,,0,,CORRECT_TOTAL_0_16158
2974780,63,2026-05-20 06:45:00,16158,,16158,0,,0,,CORRECT_TOTAL_0_16158
2974781,63,2026-05-20 06:50:00,16158,,16158,0,,0,,CORRECT_TOTAL_0_16158
2974782,63,2026-05-20 06:55:00,16158,,16158,0,,0,,CORRECT_TOTAL_0_16158
2974783,63,2026-05-20 07:00:00,16158,,16158,0,,0,,CORRECT_TOTAL_0_16158
2974784,63,2026-05-20 07:05:00,16158,,16158,0,,0,,CORRECT_TOTAL_0_16158
2974785,63,2026-05-20 07:10:00,16158,,16158,0,,0,,CORRECT_TOTAL_0_16158
2974786,63,2026-05-20 07:15:00,16158,,16158,0,,0,,CORRECT_TOTAL_0_16158
2974787,63,2026-05-20 07:20:00,16158,,16158,0,,0,,CORRECT_TOTAL_0_16158
2974788,63,2026-05-20 07:25:00,16158,,16158,0,,0,,CORRECT_TOTAL_0_16158
2974789,63,2026-05-20 07:30:00,16158,,16158,0,,0,,CORRECT_TOTAL_0_16158
2974790,63,2026-05-20 07:35:00,16158,,16158,0,,0,,CORRECT_TOTAL_0_16158
2974791,63,2026-05-20 07:40:00,16158,,16158,0,,0,,CORRECT_TOTAL_0_16158
2974792,63,2026-05-20 07:45:00,16158,,16158,0,,0,,CORRECT_TOTAL_0_16158
2974793,63,2026-05-20 07:50:00,16158,,16158,0,,0,,CORRECT_TOTAL_0_16158
2974794,63,2026-05-20 07:55:00,16158,,16158,0,,0,,CORRECT_TOTAL_0_16158
2974795,63,2026-05-20 08:00:00,16158,,16158,0,,0,,CORRECT_TOTAL_0_16158
2974796,63,2026-05-20 08:05:00,16158,,16158,0,,0,,CORRECT_TOTAL_0_16158
2974797,63,2026-05-20 08:10:00,16158,,16158,0,,0,,CORRECT_TOTAL_0_16158
2974798,63,2026-05-20 08:15:00,16158,,16158,0,,0,,CORRECT_TOTAL_0_16158
2974799,63,2026-05-20 08:20:00,16158,,16158,0,,0,,CORRECT_TOTAL_0_16158
2974800,63,2026-05-20 08:25:00,16158,,16158,0,,0,,CORRECT_TOTAL_0_16158
2974801,63,2026-05-20 08:30:00,16158,,16158,0,,0,,CORRECT_TOTAL_0_16158
2974802,63,2026-05-20 08:35:00,16158,,16158,0,,0,,CORRECT_TOTAL_0_16158
2974803,63,2026-05-20 08:40:00,16158,,16158,0,,0,,CORRECT_TOTAL_0_16158
2974804,63,2026-05-20 08:45:00,16158,,16158,0,,0,,CORRECT_TOTAL_0_16158
2974805,63,2026-05-20 08:50:00,16158,,16158,0,,0,,CORRECT_TOTAL_0_16158
2974806,63,2026-05-20 08:55:00,16158,,16158,0,,0,,CORRECT_TOTAL_0_16158
2974807,63,2026-05-20 09:00:00,16158,,16158,0,,0,,CORRECT_TOTAL_0_16158
2974808,63,2026-05-20 09:05:00,16158,,16158,0,,0,,CORRECT_TOTAL_0_16158
2974809,63,2026-05-20 09:10:00,16158,,16158,0,,0,,CORRECT_TOTAL_0_16158
2974810,63,2026-05-20 09:15:00,16158,,16158,0,,0,,CORRECT_TOTAL_0_16158
2974811,63,2026-05-20 09:20:00,16158,,16158,0,,0,,CORRECT_TOTAL_0_16158
2974812,63,2026-05-20 09:25:00,16158,,16158,0,,0,,CORRECT_TOTAL_0_16158
2974813,63,2026-05-20 09:30:00,16158,,16158,0,,0,,CORRECT_TOTAL_0_16158
2974814,63,2026-05-20 09:35:00,16158,,16158,0,,0,,CORRECT_TOTAL_0_16158
2974815,63,2026-05-20 09:40:00,16158,,16158,0,,0,,CORRECT_TOTAL_0_16158
2974816,63,2026-05-20 09:45:00,16158,,16158,0,,0,,CORRECT_TOTAL_0_16158
2974817,63,2026-05-20 09:50:00,16158,,16158,0,,0,,CORRECT_TOTAL_0_16158
2974818,63,2026-05-20 09:55:00,16158,,16158,0,,0,,CORRECT_TOTAL_0_16158
2974819,63,2026-05-20 10:00:00,16158,,16158,0,,0,,CORRECT_TOTAL_0_16158
2974820,63,2026-05-20 10:05:00,16158,,16158,0,,0,,CORRECT_TOTAL_0_16158
2974821,63,2026-05-20 10:10:00,16158,,16158,0,,0,,CORRECT_TOTAL_0_16158
2974822,63,2026-05-20 10:15:00,16158,,16158,0,,0,,CORRECT_TOTAL_0_16158
2974823,63,2026-05-20 10:20:00,16158,,16158,0,,0,,CORRECT_TOTAL_0_16158
2974824,63,2026-05-20 10:25:00,16158,,16158,0,,0,,CORRECT_TOTAL_0_16158
2974825,63,2026-05-20 10:30:00,16158,,16158,0,,0,,CORRECT_TOTAL_0_16158
2974826,63,2026-05-20 10:35:00,16158,,16158,0,,0,,CORRECT_TOTAL_0_16158
2974827,63,2026-05-20 10:40:00,16158,,16158,0,,0,,CORRECT_TOTAL_0_16158
2974828,63,2026-05-20 10:45:00,16158,,16158,0,,0,,CORRECT_TOTAL_0_16158
2974829,63,2026-05-20 10:50:00,16158,,16158,0,,0,,CORRECT_TOTAL_0_16158
2974830,63,2026-05-20 10:55:00,16158,,16158,0,,0,,CORRECT_TOTAL_0_16158
2974831,63,2026-05-20 11:00:00,16158,,16158,0,,0,,CORRECT_TOTAL_0_16158
2974832,63,2026-05-20 11:05:00,16158,,16158,0,,0,,CORRECT_TOTAL_0_16158
2974833,63,2026-05-20 11:10:00,16158,,16158,0,,0,,CORRECT_TOTAL_0_16158
2974834,63,2026-05-20 11:15:00,16158,,16158,0,,0,,CORRECT_TOTAL_0_16158
2974835,63,2026-05-20 11:25:00,16158,,16158,0,,0,,CORRECT_TOTAL_0_16158
2974836,63,2026-05-20 11:30:00,16158,,16158,0,,0,,CORRECT_TOTAL_0_16158
2974837,63,2026-05-20 11:35:00,16158,,16158,0,,0,,CORRECT_TOTAL_0_16158
2974838,63,2026-05-20 11:40:00,16158,,16158,0,,0,,CORRECT_TOTAL_0_16158
2974839,63,2026-05-20 11:45:00,16158,,16158,0,,0,,CORRECT_TOTAL_0_16158
2974840,63,2026-05-20 11:50:00,16158,,16158,0,,0,,CORRECT_TOTAL_0_16158
2974841,63,2026-05-20 11:55:00,16158,,16158,0,,0,,CORRECT_TOTAL_0_16158
2974842,63,2026-05-20 12:00:00,16158,,16158,0,,0,,CORRECT_TOTAL_0_16158
2974843,63,2026-05-20 12:05:00,16158,,16158,0,,0,,CORRECT_TOTAL_0_16158
2974844,63,2026-05-20 12:10:00,16158,,16158,0,,0,,CORRECT_TOTAL_0_16158
2974845,63,2026-05-20 12:15:00,16158,,16158,0,,0,,CORRECT_TOTAL_0_16158
2974846,63,2026-05-20 12:20:00,16158,,16158,0,,0,,CORRECT_TOTAL_0_16158
2974847,63,2026-05-20 12:25:00,16158,,16158,0,,0,,CORRECT_TOTAL_0_16158
2974848,63,2026-05-20 12:30:00,16158,,16158,0,,0,,CORRECT_TOTAL_0_16158
2974849,63,2026-05-20 12:35:00,16158,,16158,0,,0,,CORRECT_TOTAL_0_16158
2974850,63,2026-05-20 12:40:00,16158,,16158,0,,0,,CORRECT_TOTAL_0_16158
2974851,63,2026-05-20 12:45:00,16158,,16158,0,,0,,CORRECT_TOTAL_0_16158
2974852,63,2026-05-20 12:50:00,16158,,16158,0,,0,,CORRECT_TOTAL_0_16158
2974853,63,2026-05-20 12:55:00,16158,,16158,0,,0,,CORRECT_TOTAL_0_16158
2974854,63,2026-05-20 13:00:00,16158,,16158,0,,0,,CORRECT_TOTAL_0_16158
2974855,63,2026-05-20 13:05:00,16158,,16158,0,,0,,CORRECT_TOTAL_0_16158
2974856,63,2026-05-20 13:10:00,16158,,16158,0,,0,,CORRECT_TOTAL_0_16158
2974857,63,2026-05-20 13:15:00,16158,,16158,0,,0,,CORRECT_TOTAL_0_16158
2974858,63,2026-05-20 13:20:00,16158,,16158,0,,0,,CORRECT_TOTAL_0_16158
2974859,63,2026-05-20 13:25:00,16158,,16158,0,,0,,CORRECT_TOTAL_0_16158
2974860,63,2026-05-20 13:30:00,16158,,16158,0,,0,,CORRECT_TOTAL_0_16158
2974861,63,2026-05-20 13:35:00,16158,,16158,0,,0,,CORRECT_TOTAL_0_16158
2974862,63,2026-05-20 13:40:00,16158,,16158,0,,0,,CORRECT_TOTAL_0_16158
2974863,63,2026-05-20 13:45:00,16158,,16158,0,,0,,CORRECT_TOTAL_0_16158
2974864,63,2026-05-20 13:50:00,16158,,16158,0,,0,,CORRECT_TOTAL_0_16158
2974865,63,2026-05-20 13:55:00,16158,,16158,0,,0,,CORRECT_TOTAL_0_16158
2974866,63,2026-05-20 14:00:00,16158,,16158,0,,0,,CORRECT_TOTAL_0_16158
2974867,63,2026-05-20 14:05:00,16158,,16158,0,,0,,CORRECT_TOTAL_0_16158
2974868,63,2026-05-20 14:10:00,16158,,16158,0,,0,,CORRECT_TOTAL_0_16158
2974869,63,2026-05-20 14:20:00,16158,,16158,0,,0,,CORRECT_TOTAL_0_16158
2974870,63,2026-05-20 14:25:00,16158,,16158,0,,0,,CORRECT_TOTAL_0_16158
2974871,63,2026-05-20 14:30:00,16158,,16158,0,,0,,CORRECT_TOTAL_0_16158
2974872,63,2026-05-20 14:35:00,16158,,16158,0,,0,,CORRECT_TOTAL_0_16158
2974873,63,2026-05-20 14:40:00,16158,,16158,0,,0,,CORRECT_TOTAL_0_16158
2974874,63,2026-05-20 14:45:00,16158,,16158,0,,0,,CORRECT_TOTAL_0_16158
2974875,63,2026-05-20 14:50:00,16158,,16158,0,,0,,CORRECT_TOTAL_0_16158
2974876,63,2026-05-20 14:55:00,16158,,16158,0,,0,,CORRECT_TOTAL_0_16158
2974877,63,2026-05-20 15:00:00,16158,,16158,0,,0,,CORRECT_TOTAL_0_16158
2974878,63,2026-05-20 15:05:00,16158,,16158,0,,0,,CORRECT_TOTAL_0_16158
2974879,63,2026-05-20 15:10:00,16158,,16158,0,,0,,CORRECT_TOTAL_0_16158
2974880,63,2026-05-20 15:15:00,16158,,16158,0,,0,,CORRECT_TOTAL_0_16158
2974881,63,2026-05-20 15:20:00,16158,,16158,0,,0,,CORRECT_TOTAL_0_16158
2974882,63,2026-05-20 15:25:00,16158,,16158,0,,0,,CORRECT_TOTAL_0_16158
2974883,63,2026-05-20 15:30:00,16158,,16158,0,,0,,CORRECT_TOTAL_0_16158
2974884,63,2026-05-20 15:40:00,16158,,16158,0,,0,,CORRECT_TOTAL_0_16158
2974885,63,2026-05-20 15:45:00,16158,,16158,0,,0,,CORRECT_TOTAL_0_16158
2974886,63,2026-05-20 15:50:00,16158,,16158,0,,0,,CORRECT_TOTAL_0_16158
2974887,63,2026-05-20 15:55:00,16158,,16158,0,,0,,CORRECT_TOTAL_0_16158
2974888,63,2026-05-20 16:00:00,16158,,16158,0,,0,,CORRECT_TOTAL_0_16158
2974889,63,2026-05-20 16:05:00,16158,,16158,0,,0,,CORRECT_TOTAL_0_16158
2974890,63,2026-05-20 16:10:00,16158,,16158,0,,0,,CORRECT_TOTAL_0_16158
2974891,63,2026-05-20 16:15:00,16158,,16158,0,,0,,CORRECT_TOTAL_0_16158
2974892,63,2026-05-20 16:20:00,16158,,16158,0,,0,,CORRECT_TOTAL_0_16158
2974893,63,2026-05-20 16:25:00,16158,,16158,0,,0,,CORRECT_TOTAL_0_16158
2974894,63,2026-05-20 16:30:00,16158,,16158,0,,0,,CORRECT_TOTAL_0_16158
2974895,63,2026-05-20 16:35:00,16158,,16158,0,,0,,CORRECT_TOTAL_0_16158
2974896,63,2026-05-20 16:40:00,16158,,16158,0,,0,,CORRECT_TOTAL_0_16158
2974897,63,2026-05-20 16:45:00,16158,,16158,0,,0,,CORRECT_TOTAL_0_16158
2974898,63,2026-05-20 16:50:00,16158,,16158,0,,0,,CORRECT_TOTAL_0_16158
2974899,63,2026-05-20 16:55:00,16158,,16158,0,,0,,CORRECT_TOTAL_0_16158
2974900,63,2026-05-20 17:00:00,16158,,16158,0,,0,,CORRECT_TOTAL_0_16158
2974901,63,2026-05-20 17:05:00,16158,,16158,0,,0,,CORRECT_TOTAL_0_16158
2974902,63,2026-05-20 17:10:00,16158,,16158,0,,0,,CORRECT_TOTAL_0_16158
2974903,63,2026-05-20 17:15:00,16158,,16158,0,,0,,CORRECT_TOTAL_0_16158
2974904,63,2026-05-20 17:20:00,16158,,16158,0,,0,,CORRECT_TOTAL_0_16158
2974905,63,2026-05-20 17:25:00,16158,,16158,0,,0,,CORRECT_TOTAL_0_16158
2974906,63,2026-05-20 17:30:00,16158,,16158,0,,0,,CORRECT_TOTAL_0_16158
2974907,63,2026-05-20 17:35:00,16158,,16158,0,,0,,CORRECT_TOTAL_0_16158
2974908,63,2026-05-20 17:40:00,16158,,16158,0,,0,,CORRECT_TOTAL_0_16158
2974909,63,2026-05-20 17:45:00,16158,,16158,0,,0,,CORRECT_TOTAL_0_16158
2974910,63,2026-05-20 17:50:00,16158,,16158,0,,0,,CORRECT_TOTAL_0_16158
2974911,63,2026-05-20 17:55:00,16158,,16158,0,,0,,CORRECT_TOTAL_0_16158
2974912,63,2026-05-20 18:00:00,16158,,16158,0,,0,,CORRECT_TOTAL_0_16158
2974913,63,2026-05-20 18:05:00,16158,,16158,0,,0,,CORRECT_TOTAL_0_16158
2974914,63,2026-05-20 18:10:00,16158,,16158,0,,0,,CORRECT_TOTAL_0_16158
2974915,63,2026-05-20 18:15:00,16158,,16158,0,,0,,CORRECT_TOTAL_0_16158
2974916,63,2026-05-20 18:20:00,16158,,16158,0,,0,,CORRECT_TOTAL_0_16158
2974917,63,2026-05-20 18:25:00,16158,,16158,0,,0,,CORRECT_TOTAL_0_16158
2974918,63,2026-05-20 18:30:00,16158,,16158,0,,0,,CORRECT_TOTAL_0_16158
2974919,63,2026-05-20 18:35:00,16158,,16158,0,,0,,CORRECT_TOTAL_0_16158
2974920,63,2026-05-20 18:40:00,16158,,16158,0,,0,,CORRECT_TOTAL_0_16158
2974921,63,2026-05-20 18:45:00,16158,,16158,0,,0,,CORRECT_TOTAL_0_16158
2974922,63,2026-05-20 18:50:00,16158,,16158,0,,0,,CORRECT_TOTAL_0_16158
2974923,63,2026-05-20 18:55:00,16158,,16158,0,,0,,CORRECT_TOTAL_0_16158
2974924,63,2026-05-20 19:00:00,16158,,16158,0,,0,,CORRECT_TOTAL_0_16158
2974925,63,2026-05-20 19:05:00,16158,,16158,0,,0,,CORRECT_TOTAL_0_16158
2974926,63,2026-05-20 19:15:00,16158,,16158,0,,0,,CORRECT_TOTAL_0_16158
2974927,63,2026-05-20 19:20:00,16158,,16158,0,,0,,CORRECT_TOTAL_0_16158
2974928,63,2026-05-20 19:25:00,16158,,16158,0,,0,,CORRECT_TOTAL_0_16158
2974929,63,2026-05-20 19:30:00,16158,,16158,0,,0,,CORRECT_TOTAL_0_16158
2974930,63,2026-05-20 19:35:00,16158,,16158,0,,0,,CORRECT_TOTAL_0_16158
2974931,63,2026-05-20 19:40:00,16158,,16158,0,,0,,CORRECT_TOTAL_0_16158
2974932,63,2026-05-20 19:45:00,16158,,16158,0,,0,,CORRECT_TOTAL_0_16158
2974933,63,2026-05-20 19:50:00,16158,,16158,0,,0,,CORRECT_TOTAL_0_16158
2974934,63,2026-05-20 19:55:00,16158,,16158,0,,0,,CORRECT_TOTAL_0_16158
2974935,63,2026-05-20 20:00:00,16158,,16158,0,,0,,CORRECT_TOTAL_0_16158
2974936,63,2026-05-20 20:05:00,16158,,16158,0,,0,,CORRECT_TOTAL_0_16158
2974937,63,2026-05-20 20:10:00,16158,,16158,0,,0,,CORRECT_TOTAL_0_16158
2974938,63,2026-05-20 20:20:00,16158,,16158,0,,0,,CORRECT_TOTAL_0_16158
2974939,63,2026-05-20 20:25:00,16158,,16158,0,,0,,CORRECT_TOTAL_0_16158
2974940,63,2026-05-20 20:30:00,16158,,16158,0,,0,,CORRECT_TOTAL_0_16158
2974941,63,2026-05-20 20:35:00,16158,,16158,0,,0,,CORRECT_TOTAL_0_16158
2974942,63,2026-05-20 20:40:00,16158,,16158,0,,0,,CORRECT_TOTAL_0_16158
2974943,63,2026-05-20 20:45:00,16158,,16158,0,,0,,CORRECT_TOTAL_0_16158
2974944,63,2026-05-20 20:50:00,16158,,16158,0,,0,,CORRECT_TOTAL_0_16158
2974945,63,2026-05-20 20:55:00,16158,,16158,0,,0,,CORRECT_TOTAL_0_16158
2974946,63,2026-05-20 21:00:00,16158,,16158,0,,0,,CORRECT_TOTAL_0_16158
2974947,63,2026-05-20 21:05:00,16158,,16158,0,,0,,CORRECT_TOTAL_0_16158
2974948,63,2026-05-20 21:10:00,16158,,16158,0,,0,,CORRECT_TOTAL_0_16158
2974949,63,2026-05-20 21:15:00,16158,,16158,0,,0,,CORRECT_TOTAL_0_16158
2974950,63,2026-05-20 21:20:00,16158,,16158,0,,0,,CORRECT_TOTAL_0_16158
2974951,63,2026-05-20 21:25:00,16158,,16158,0,,0,,CORRECT_TOTAL_0_16158
2974952,63,2026-05-20 21:30:00,16158,,16158,0,,0,,CORRECT_TOTAL_0_16158
2974953,63,2026-05-20 21:35:00,16158,,16158,0,,0,,CORRECT_TOTAL_0_16158
2974954,63,2026-05-20 21:40:00,16158,,16158,0,,0,,CORRECT_TOTAL_0_16158
2974955,63,2026-05-20 21:45:00,16158,,16158,0,,0,,CORRECT_TOTAL_0_16158
2974956,63,2026-05-20 21:50:00,16158,,16158,0,,0,,CORRECT_TOTAL_0_16158
2974957,63,2026-05-20 21:55:00,16158,,16158,0,,0,,CORRECT_TOTAL_0_16158
2974958,63,2026-05-20 22:00:00,16158,,16158,0,,0,,CORRECT_TOTAL_0_16158
2974959,63,2026-05-20 22:05:00,16158,,16158,0,,0,,CORRECT_TOTAL_0_16158
2974960,63,2026-05-20 22:10:00,16158,,16158,0,,0,,CORRECT_TOTAL_0_16158
2974961,63,2026-05-20 22:15:00,16158,,16158,0,,0,,CORRECT_TOTAL_0_16158
2974962,63,2026-05-20 22:20:00,16158,,16158,0,,0,,CORRECT_TOTAL_0_16158
2974963,63,2026-05-20 22:25:00,16158,,16158,0,,0,,CORRECT_TOTAL_0_16158
2974964,63,2026-05-20 22:30:00,16158,,16158,0,,0,,CORRECT_TOTAL_0_16158
2974965,63,2026-05-20 22:35:00,16158,,16158,0,,0,,CORRECT_TOTAL_0_16158
2974966,63,2026-05-20 22:40:00,16158,,16158,0,,0,,CORRECT_TOTAL_0_16158
2974967,63,2026-05-20 22:45:00,16158,,16158,0,,0,,CORRECT_TOTAL_0_16158
2974968,63,2026-05-20 22:50:00,16158,,16158,0,,0,,CORRECT_TOTAL_0_16158
2974969,63,2026-05-20 22:55:00,16158,,16158,0,,0,,CORRECT_TOTAL_0_16158
2974970,63,2026-05-20 23:00:00,16158,,16158,0,,0,,CORRECT_TOTAL_0_16158
2974971,63,2026-05-20 23:05:00,16158,,16158,0,,0,,CORRECT_TOTAL_0_16158
2974972,63,2026-05-20 23:10:00,16158,,16158,0,,0,,CORRECT_TOTAL_0_16158
2974973,63,2026-05-20 23:15:00,16158,,16158,0,,0,,CORRECT_TOTAL_0_16158
2974974,63,2026-05-20 23:20:00,16158,,16158,0,,0,,CORRECT_TOTAL_0_16158
2974975,63,2026-05-20 23:25:00,16158,,16158,0,,0,,CORRECT_TOTAL_0_16158
2974976,63,2026-05-20 23:30:00,16158,,16158,0,,0,,CORRECT_TOTAL_0_16158
2974977,63,2026-05-20 23:35:00,16158,,16158,0,,0,,CORRECT_TOTAL_0_16158
2974978,63,2026-05-20 23:40:00,16158,,16158,0,,0,,CORRECT_TOTAL_0_16158
2974979,63,2026-05-20 23:45:00,16158,,16158,0,,0,,CORRECT_TOTAL_0_16158
2974980,63,2026-05-20 23:50:00,16158,,16158,0,,0,,CORRECT_TOTAL_0_16158
2974981,63,2026-05-20 23:55:00,16158,,16158,0,,0,,CORRECT_TOTAL_0_16158
2974982,63,2026-05-21 00:00:00,16158,,16158,0,,0,,CORRECT_TOTAL_0_16158
2974983,63,2026-05-21 00:05:00,16158,,16158,0,,0,,CORRECT_TOTAL_0_16158
2974984,63,2026-05-21 00:10:00,16158,,16158,0,,0,,CORRECT_TOTAL_0_16158
2974985,63,2026-05-21 00:15:00,16158,,16158,0,,0,,CORRECT_TOTAL_0_16158
2974986,63,2026-05-21 00:20:00,16158,,16158,0,,0,,CORRECT_TOTAL_0_16158
2974987,63,2026-05-21 00:25:00,16158,,16158,0,,0,,CORRECT_TOTAL_0_16158
2974988,63,2026-05-21 00:30:00,16158,,16158,0,,0,,CORRECT_TOTAL_0_16158
2974989,63,2026-05-21 00:35:00,16158,,16158,0,,0,,CORRECT_TOTAL_0_16158
2974990,63,2026-05-21 00:40:00,16158,,16158,0,,0,,CORRECT_TOTAL_0_16158
2974991,63,2026-05-21 00:45:00,16158,,16158,0,,0,,CORRECT_TOTAL_0_16158
2974992,63,2026-05-21 00:50:00,16158,,16158,0,,0,,CORRECT_TOTAL_0_16158
2974993,63,2026-05-21 00:55:00,16158,,16158,0,,0,,CORRECT_TOTAL_0_16158
2974994,63,2026-05-21 01:00:00,16158,,16158,0,,0,,CORRECT_TOTAL_0_16158
2974995,63,2026-05-21 01:05:00,16158,,16158,0,,0,,CORRECT_TOTAL_0_16158
2974996,63,2026-05-21 01:10:00,16158,,16158,0,,0,,CORRECT_TOTAL_0_16158
2974997,63,2026-05-21 01:15:00,16158,,16158,0,,0,,CORRECT_TOTAL_0_16158
2974998,63,2026-05-21 01:20:00,16158,,16158,0,,0,,CORRECT_TOTAL_0_16158
2974999,63,2026-05-21 01:25:00,16158,,16158,0,,0,,CORRECT_TOTAL_0_16158
2975000,63,2026-05-21 01:30:00,16158,,16158,0,,0,,CORRECT_TOTAL_0_16158
2975001,63,2026-05-21 01:35:00,16158,,16158,0,,0,,CORRECT_TOTAL_0_16158
2975002,63,2026-05-21 01:40:00,16158,,16158,0,,0,,CORRECT_TOTAL_0_16158
2975003,63,2026-05-21 01:45:00,16158,,16158,0,,0,,CORRECT_TOTAL_0_16158
2975004,63,2026-05-21 01:50:00,16158,,16158,0,,0,,CORRECT_TOTAL_0_16158
2975005,63,2026-05-21 01:55:00,16158,,16158,0,,0,,CORRECT_TOTAL_0_16158
2975006,63,2026-05-21 02:00:00,16158,,16158,0,,0,,CORRECT_TOTAL_0_16158
2975007,63,2026-05-21 02:05:00,16158,,16158,0,,0,,CORRECT_TOTAL_0_16158
2975008,63,2026-05-21 02:10:00,16158,,16158,0,,0,,CORRECT_TOTAL_0_16158
2975009,63,2026-05-21 02:15:00,16158,,16158,0,,0,,CORRECT_TOTAL_0_16158
2975010,63,2026-05-21 02:20:00,16158,,16158,0,,0,,CORRECT_TOTAL_0_16158
2975011,63,2026-05-21 02:25:00,16158,,16158,0,,0,,CORRECT_TOTAL_0_16158
2975012,63,2026-05-21 02:30:00,16158,,16158,0,,0,,CORRECT_TOTAL_0_16158
2975013,63,2026-05-21 02:35:00,16158,,16158,0,,0,,CORRECT_TOTAL_0_16158
2975014,63,2026-05-21 02:40:00,16158,,16158,0,,0,,CORRECT_TOTAL_0_16158
2975015,63,2026-05-21 02:45:00,16158,,16158,0,,0,,CORRECT_TOTAL_0_16158
2975016,63,2026-05-21 02:50:00,16158,,16158,0,,0,,CORRECT_TOTAL_0_16158
2975017,63,2026-05-21 02:55:00,16158,,16158,0,,0,,CORRECT_TOTAL_0_16158
2975018,63,2026-05-21 03:00:00,16158,,16158,0,,0,,CORRECT_TOTAL_0_16158
2975019,63,2026-05-21 03:05:00,16158,,16158,0,,0,,CORRECT_TOTAL_0_16158
2975020,63,2026-05-21 03:10:00,16158,,16158,0,,0,,CORRECT_TOTAL_0_16158
2975021,63,2026-05-21 03:15:00,16158,,16158,0,,0,,CORRECT_TOTAL_0_16158
2975022,63,2026-05-21 03:20:00,16158,,16158,0,,0,,CORRECT_TOTAL_0_16158
2975023,63,2026-05-21 03:25:00,16158,,16158,0,,0,,CORRECT_TOTAL_0_16158
2975024,63,2026-05-21 03:30:00,16158,,16158,0,,0,,CORRECT_TOTAL_0_16158
2975025,63,2026-05-21 03:35:00,16158,,16158,0,,0,,CORRECT_TOTAL_0_16158
2975026,63,2026-05-21 03:40:00,16158,,16158,0,,0,,CORRECT_TOTAL_0_16158
2975027,63,2026-05-21 03:45:00,16158,,16158,0,,0,,CORRECT_TOTAL_0_16158
2975028,63,2026-05-21 03:50:00,16158,,16158,0,,0,,CORRECT_TOTAL_0_16158
2975029,63,2026-05-21 03:55:00,16158,,16158,0,,0,,CORRECT_TOTAL_0_16158
2975030,63,2026-05-21 04:00:00,16158,,16158,0,,0,,CORRECT_TOTAL_0_16158
2975031,63,2026-05-21 04:05:00,16158,,16158,0,,0,,CORRECT_TOTAL_0_16158
2975032,63,2026-05-21 04:10:00,16158,,16158,0,,0,,CORRECT_TOTAL_0_16158
2975033,63,2026-05-21 04:15:00,16158,,16158,0,,0,,CORRECT_TOTAL_0_16158
2975034,63,2026-05-21 04:20:00,16158,,16158,0,,0,,CORRECT_TOTAL_0_16158
2975035,63,2026-05-21 04:25:00,16158,,16158,0,,0,,CORRECT_TOTAL_0_16158
2975036,63,2026-05-21 04:30:00,16158,,16158,0,,0,,CORRECT_TOTAL_0_16158
2975037,63,2026-05-21 04:35:00,16158,,16158,0,,0,,CORRECT_TOTAL_0_16158
2975038,63,2026-05-21 04:40:00,16158,,16158,0,,0,,CORRECT_TOTAL_0_16158
2975039,63,2026-05-21 04:45:00,16158,,16158,0,,0,,CORRECT_TOTAL_0_16158
2975040,63,2026-05-21 04:50:00,16158,,16158,0,,0,,CORRECT_TOTAL_0_16158
2975041,63,2026-05-21 05:00:00,16158,,16158,0,,0,,CORRECT_TOTAL_0_16158
2975042,63,2026-05-21 05:05:00,16158,,16158,0,,0,,CORRECT_TOTAL_0_16158
2975043,63,2026-05-21 05:10:00,16158,,16158,0,,0,,CORRECT_TOTAL_0_16158
2975044,63,2026-05-21 05:15:00,16158,,16158,0,,0,,CORRECT_TOTAL_0_16158
2975045,63,2026-05-21 05:20:00,16158,,16158,0,,0,,CORRECT_TOTAL_0_16158
2975046,63,2026-05-21 05:25:00,16158,,16158,0,,0,,CORRECT_TOTAL_0_16158
2975047,63,2026-05-21 05:35:00,16158,,16158,0,,0,,CORRECT_TOTAL_0_16158
2975048,63,2026-05-21 05:40:00,16158,,16158,0,,0,,CORRECT_TOTAL_0_16158
2975049,63,2026-05-21 05:45:00,16158,,16158,0,,0,,CORRECT_TOTAL_0_16158
2975050,63,2026-05-21 05:50:00,16158,,16158,0,,0,,CORRECT_TOTAL_0_16158
2975051,63,2026-05-21 05:55:00,16158,,16158,0,,0,,CORRECT_TOTAL_0_16158
2975052,63,2026-05-21 06:00:00,16158,,16158,0,,0,,CORRECT_TOTAL_0_16158
2975053,63,2026-05-21 06:05:00,16158,,16158,0,,0,,CORRECT_TOTAL_0_16158
2975054,63,2026-05-21 06:10:00,16158,,16158,0,,0,,CORRECT_TOTAL_0_16158
2975055,63,2026-05-21 06:15:00,16158,,16158,0,,0,,CORRECT_TOTAL_0_16158
2975056,63,2026-05-21 06:20:00,16158,,16158,0,,0,,CORRECT_TOTAL_0_16158
2975057,63,2026-05-21 06:25:00,16158,,16158,0,,0,,CORRECT_TOTAL_0_16158
2975058,63,2026-05-21 06:30:00,16158,,16158,0,,0,,CORRECT_TOTAL_0_16158
2975059,63,2026-05-21 06:35:00,16158,,16158,0,,0,,CORRECT_TOTAL_0_16158
2975060,63,2026-05-21 06:40:00,16158,,16158,0,,0,,CORRECT_TOTAL_0_16158
2975061,63,2026-05-21 06:45:00,16158,,16158,0,,0,,CORRECT_TOTAL_0_16158
2975062,63,2026-05-21 06:50:00,16158,,16158,0,,0,,CORRECT_TOTAL_0_16158
2975063,63,2026-05-21 06:55:00,16158,,16158,0,,0,,CORRECT_TOTAL_0_16158
2975064,63,2026-05-21 07:00:00,16158,,16158,0,,0,,CORRECT_TOTAL_0_16158
2975065,63,2026-05-21 07:05:00,16158,,16158,0,,0,,CORRECT_TOTAL_0_16158
2975066,63,2026-05-21 07:10:00,16158,,16158,0,,0,,CORRECT_TOTAL_0_16158
2975067,63,2026-05-21 07:15:00,16158,,16158,0,,0,,CORRECT_TOTAL_0_16158
2975068,63,2026-05-21 07:20:00,16158,,16158,0,,0,,CORRECT_TOTAL_0_16158
2975069,63,2026-05-21 07:25:00,16158,,16158,0,,0,,CORRECT_TOTAL_0_16158
2975070,63,2026-05-21 07:30:00,16158,,16158,0,,0,,CORRECT_TOTAL_0_16158
2975071,63,2026-05-21 07:35:00,16158,,16158,0,,0,,CORRECT_TOTAL_0_16158
2975072,63,2026-05-21 07:40:00,16158,,16158,0,,0,,CORRECT_TOTAL_0_16158
2975073,63,2026-05-21 07:45:00,16158,,16158,0,,0,,CORRECT_TOTAL_0_16158
2975074,63,2026-05-21 07:50:00,16158,,16158,0,,0,,CORRECT_TOTAL_0_16158
2975075,63,2026-05-21 07:55:00,16158,,16158,0,,0,,CORRECT_TOTAL_0_16158
2975076,63,2026-05-21 08:00:00,16158,,16158,0,,0,,CORRECT_TOTAL_0_16158
2975077,63,2026-05-21 08:05:00,16158,,16158,0,,0,,CORRECT_TOTAL_0_16158
2975078,63,2026-05-21 08:10:00,16158,,16158,0,,0,,CORRECT_TOTAL_0_16158
2975079,63,2026-05-21 08:15:00,16158,,16158,0,,0,,CORRECT_TOTAL_0_16158
2975080,63,2026-05-21 08:20:00,16158,,16158,0,,0,,CORRECT_TOTAL_0_16158
2975081,63,2026-05-21 08:25:00,16158,,16158,0,,0,,CORRECT_TOTAL_0_16158
2975082,63,2026-05-21 08:30:00,16158,,16158,0,,0,,CORRECT_TOTAL_0_16158
2975083,63,2026-05-21 08:35:00,16158,,16158,0,,0,,CORRECT_TOTAL_0_16158
2975084,63,2026-05-21 08:40:00,16158,,16158,0,,0,,CORRECT_TOTAL_0_16158
2975085,63,2026-05-21 08:45:00,16158,,16158,0,,0,,CORRECT_TOTAL_0_16158
2975086,63,2026-05-21 08:50:00,16158,,16158,0,,0,,CORRECT_TOTAL_0_16158
2975087,63,2026-05-21 08:55:00,16158,,16158,0,,0,,CORRECT_TOTAL_0_16158
2975088,63,2026-05-21 09:00:00,16158,,16158,0,,0,,CORRECT_TOTAL_0_16158
2975089,63,2026-05-21 09:05:00,16158,,16158,0,,0,,CORRECT_TOTAL_0_16158
2975090,63,2026-05-21 09:10:00,16158,,16158,0,,0,,CORRECT_TOTAL_0_16158
2975091,63,2026-05-21 09:15:00,16158,,16158,0,,0,,CORRECT_TOTAL_0_16158
2975092,63,2026-05-21 09:20:00,16158,,16158,0,,0,,CORRECT_TOTAL_0_16158
2975093,63,2026-05-21 09:25:00,16158,,16158,0,,0,,CORRECT_TOTAL_0_16158
2975094,63,2026-05-21 09:30:00,16158,,16158,0,,0,,CORRECT_TOTAL_0_16158
2975095,63,2026-05-21 09:35:00,16158,,16158,0,,0,,CORRECT_TOTAL_0_16158
2975096,63,2026-05-21 09:40:00,16158,,16158,0,,0,,CORRECT_TOTAL_0_16158
2975097,63,2026-05-21 09:45:00,16158,,16158,0,,0,,CORRECT_TOTAL_0_16158
2975098,63,2026-05-21 09:50:00,16158,,16158,0,,0,,CORRECT_TOTAL_0_16158
2975099,63,2026-05-21 09:55:00,16158,,16158,0,,0,,CORRECT_TOTAL_0_16158
2975100,63,2026-05-21 10:00:00,16158,,16158,0,,0,,CORRECT_TOTAL_0_16158
2975101,63,2026-05-21 10:05:00,16158,,16158,0,,0,,CORRECT_TOTAL_0_16158
2975102,63,2026-05-21 10:10:00,16158,,16158,0,,0,,CORRECT_TOTAL_0_16158
2975103,63,2026-05-21 10:15:00,16158,,16158,0,,0,,CORRECT_TOTAL_0_16158
2975104,63,2026-05-21 10:20:00,16158,,16158,0,,0,,CORRECT_TOTAL_0_16158
2975105,63,2026-05-21 10:25:00,16158,,16158,0,,0,,CORRECT_TOTAL_0_16158
2975106,63,2026-05-21 10:30:00,16158,,16158,0,,0,,CORRECT_TOTAL_0_16158
2975107,63,2026-05-21 10:35:00,16158,,16158,0,,0,,CORRECT_TOTAL_0_16158
2975108,63,2026-05-21 10:40:00,16158,,16158,0,,0,,CORRECT_TOTAL_0_16158
2975109,63,2026-05-21 10:50:00,16158,,16158,0,,0,,CORRECT_TOTAL_0_16158
2975110,63,2026-05-21 10:55:00,16158,,16158,0,,0,,CORRECT_TOTAL_0_16158
2975111,63,2026-05-21 11:00:00,16158,,16158,0,,0,,CORRECT_TOTAL_0_16158
2975112,63,2026-05-21 11:05:00,16158,,16158,0,,0,,CORRECT_TOTAL_0_16158
2975113,63,2026-05-21 11:10:00,16158,,16158,0,,0,,CORRECT_TOTAL_0_16158
2975114,63,2026-05-21 11:15:00,16158,,16158,0,,0,,CORRECT_TOTAL_0_16158
2975115,63,2026-05-21 11:20:00,16158,,16158,0,,0,,CORRECT_TOTAL_0_16158
2975116,63,2026-05-21 11:25:00,16158,,16158,0,,0,,CORRECT_TOTAL_0_16158
2975117,63,2026-05-21 11:35:00,16158,,16158,0,,0,,CORRECT_TOTAL_0_16158
2975118,63,2026-05-21 11:40:00,16158,,16158,0,,0,,CORRECT_TOTAL_0_16158
2975119,63,2026-05-21 11:45:00,16158,,16158,0,,0,,CORRECT_TOTAL_0_16158
2975120,63,2026-05-21 11:50:00,16158,,16158,0,,0,,CORRECT_TOTAL_0_16158
2975121,63,2026-05-21 11:55:00,16158,,16158,0,,0,,CORRECT_TOTAL_0_16158
2975122,63,2026-05-21 12:00:00,16158,,16158,0,,0,,CORRECT_TOTAL_0_16158
2975124,63,2026-05-21 12:05:00,16158,,16158,0,,0,,CORRECT_TOTAL_0_16158
2975125,63,2026-05-21 12:10:00,16158,,16158,0,,0,,CORRECT_TOTAL_0_16158
2975126,63,2026-05-21 12:15:00,16158,,16158,0,,0,,CORRECT_TOTAL_0_16158
2975127,63,2026-05-21 12:20:00,16158,,16158,0,,0,,CORRECT_TOTAL_0_16158
2975128,63,2026-05-21 12:25:00,16158,,16158,0,,0,,CORRECT_TOTAL_0_16158
2975129,63,2026-05-21 12:30:00,16158,,16158,0,,0,,CORRECT_TOTAL_0_16158
2975130,63,2026-05-21 12:35:00,16158,,16158,0,,0,,CORRECT_TOTAL_0_16158
2975131,63,2026-05-21 12:40:00,16158,,16158,0,,0,,CORRECT_TOTAL_0_16158
2975132,63,2026-05-21 12:45:00,16158,,16158,0,,0,,CORRECT_TOTAL_0_16158
2975133,63,2026-05-21 12:50:00,16158,,16158,0,,0,,CORRECT_TOTAL_0_16158
2975134,63,2026-05-21 12:55:00,16158,,16158,0,,0,,CORRECT_TOTAL_0_16158
2975135,63,2026-05-21 13:00:00,16158,,16158,0,,0,,CORRECT_TOTAL_0_16158
2975136,63,2026-05-21 13:05:00,16158,,16158,0,,0,,CORRECT_TOTAL_0_16158
2975137,63,2026-05-21 13:10:00,16158,,16158,0,,0,,CORRECT_TOTAL_0_16158
2975138,63,2026-05-21 13:15:00,16158,,16158,0,,0,,CORRECT_TOTAL_0_16158
2975139,63,2026-05-21 13:20:00,16158,,16158,0,,0,,CORRECT_TOTAL_0_16158
2975140,63,2026-05-21 13:25:00,16158,,16158,0,,0,,CORRECT_TOTAL_0_16158
2975141,63,2026-05-21 13:35:00,16158,,16158,0,,0,,CORRECT_TOTAL_0_16158
2975142,63,2026-05-21 13:40:00,16158,,16158,0,,0,,CORRECT_TOTAL_0_16158
2975143,63,2026-05-21 13:45:00,16158,,16158,0,,0,,CORRECT_TOTAL_0_16158
2975144,63,2026-05-21 13:50:00,16158,,16158,0,,0,,CORRECT_TOTAL_0_16158
2975145,63,2026-05-21 13:55:00,16158,,16158,0,,0,,CORRECT_TOTAL_0_16158
2975146,63,2026-05-21 14:00:00,16158,,16158,0,,0,,CORRECT_TOTAL_0_16158
2975147,63,2026-05-21 14:05:00,16158,,16158,0,,0,,CORRECT_TOTAL_0_16158
2975148,63,2026-05-21 14:10:00,16158,,16158,0,,0,,CORRECT_TOTAL_0_16158
2975149,63,2026-05-21 14:15:00,16158,,16158,0,,0,,CORRECT_TOTAL_0_16158
2975150,63,2026-05-21 14:20:00,16158,,16158,0,,0,,CORRECT_TOTAL_0_16158
2975151,63,2026-05-21 14:25:00,16158,,16158,0,,0,,CORRECT_TOTAL_0_16158
2975152,63,2026-05-21 14:30:00,16158,,16158,0,,0,,CORRECT_TOTAL_0_16158
2975153,63,2026-05-21 14:35:00,16158,,16158,0,,0,,CORRECT_TOTAL_0_16158
2975154,63,2026-05-21 14:40:00,16158,,16158,0,,0,,CORRECT_TOTAL_0_16158
2975155,63,2026-05-21 14:45:00,16158,,16158,0,,0,,CORRECT_TOTAL_0_16158
2975156,63,2026-05-21 14:50:00,16158,,16158,0,,0,,CORRECT_TOTAL_0_16158
2975157,63,2026-05-21 14:55:00,16158,,16158,0,,0,,CORRECT_TOTAL_0_16158
2975158,63,2026-05-21 15:00:00,16158,,16158,0,,0,,CORRECT_TOTAL_0_16158
2975159,63,2026-05-21 15:05:00,16158,,16158,0,,0,,CORRECT_TOTAL_0_16158
2975160,63,2026-05-21 15:10:00,16158,,16158,0,,0,,CORRECT_TOTAL_0_16158
2975161,63,2026-05-21 15:15:00,16158,,16158,0,,0,,CORRECT_TOTAL_0_16158
2975162,63,2026-05-21 15:20:00,16158,,16158,0,,0,,CORRECT_TOTAL_0_16158
2975163,63,2026-05-21 15:25:00,16158,,16158,0,,0,,CORRECT_TOTAL_0_16158
2975164,63,2026-05-21 15:30:00,16158,,16158,0,,0,,CORRECT_TOTAL_0_16158
2975165,63,2026-05-21 15:35:00,16158,,16158,0,,0,,CORRECT_TOTAL_0_16158
2975166,63,2026-05-21 15:40:00,16158,,16158,0,,0,,CORRECT_TOTAL_0_16158
2975167,63,2026-05-21 15:45:00,16158,,16158,0,,0,,CORRECT_TOTAL_0_16158
2975168,63,2026-05-21 15:50:00,16158,,16158,0,,0,,CORRECT_TOTAL_0_16158
2975169,63,2026-05-21 15:55:00,16158,,16158,0,,0,,CORRECT_TOTAL_0_16158
2975170,63,2026-05-21 16:00:00,16158,,16158,0,,0,,CORRECT_TOTAL_0_16158
2975171,63,2026-05-21 16:05:00,16158,,16158,0,,0,,CORRECT_TOTAL_0_16158
2975172,63,2026-05-21 16:10:00,16158,,16158,0,,0,,CORRECT_TOTAL_0_16158
2975173,63,2026-05-21 16:15:00,16158,,16158,0,,0,,CORRECT_TOTAL_0_16158
2975174,63,2026-05-21 16:20:00,16158,,16158,0,,0,,CORRECT_TOTAL_0_16158
2975175,63,2026-05-21 16:25:00,16158,,16158,0,,0,,CORRECT_TOTAL_0_16158
2975176,63,2026-05-21 16:30:00,16158,,16158,0,,0,,CORRECT_TOTAL_0_16158
2975177,63,2026-05-21 16:35:00,16158,,16158,0,,0,,CORRECT_TOTAL_0_16158
2975178,63,2026-05-21 16:40:00,16158,,16158,0,,0,,CORRECT_TOTAL_0_16158
2975179,63,2026-05-21 16:45:00,16158,,16158,0,,0,,CORRECT_TOTAL_0_16158
2975180,63,2026-05-21 16:50:00,16158,,16158,0,,0,,CORRECT_TOTAL_0_16158
2975181,63,2026-05-21 16:55:00,16158,,16158,0,,0,,CORRECT_TOTAL_0_16158
2975182,63,2026-05-21 17:00:00,16158,,16158,0,,0,,CORRECT_TOTAL_0_16158
2975183,63,2026-05-21 17:05:00,16158,,16158,0,,0,,CORRECT_TOTAL_0_16158
2975184,63,2026-05-21 17:10:00,16158,,16158,0,,0,,CORRECT_TOTAL_0_16158
2975185,63,2026-05-21 17:15:00,16158,,16158,0,,0,,CORRECT_TOTAL_0_16158
2975186,63,2026-05-21 17:20:00,16158,,16158,0,,0,,CORRECT_TOTAL_0_16158
2975187,63,2026-05-21 17:25:00,16158,,16158,0,,0,,CORRECT_TOTAL_0_16158
2975188,63,2026-05-21 17:30:00,16158,,16158,0,,0,,CORRECT_TOTAL_0_16158
2975189,63,2026-05-21 17:40:00,16158,,16158,0,,0,,CORRECT_TOTAL_0_16158
2975190,63,2026-05-21 17:45:00,16158,,16158,0,,0,,CORRECT_TOTAL_0_16158
2975191,63,2026-05-21 17:50:00,16158,,16158,0,,0,,CORRECT_TOTAL_0_16158
2975192,63,2026-05-21 17:55:00,16158,,16158,0,,0,,CORRECT_TOTAL_0_16158
2975193,63,2026-05-21 18:00:00,16158,,16158,0,,0,,CORRECT_TOTAL_0_16158
2975194,63,2026-05-21 18:05:00,16158,,16158,0,,0,,CORRECT_TOTAL_0_16158
2975195,63,2026-05-21 18:10:00,16158,,16158,0,,0,,CORRECT_TOTAL_0_16158
2975196,63,2026-05-21 18:15:00,16158,,16158,0,,0,,CORRECT_TOTAL_0_16158
2975197,63,2026-05-21 18:20:00,16158,,16158,0,,0,,CORRECT_TOTAL_0_16158
2975198,63,2026-05-21 18:30:00,16158,,16158,0,,0,,CORRECT_TOTAL_0_16158
2975199,63,2026-05-21 18:35:00,16158,,16158,0,,0,,CORRECT_TOTAL_0_16158
2975200,63,2026-05-21 18:40:00,16158,,16158,0,,0,,CORRECT_TOTAL_0_16158
2975201,63,2026-05-21 18:45:00,16158,,16158,0,,0,,CORRECT_TOTAL_0_16158
2975202,63,2026-05-21 18:50:00,16158,,16158,0,,0,,CORRECT_TOTAL_0_16158
2975203,63,2026-05-21 18:55:00,16158,,16158,0,,0,,CORRECT_TOTAL_0_16158
2975204,63,2026-05-21 19:00:00,16158,,16158,0,,0,,CORRECT_TOTAL_0_16158
2975205,63,2026-05-21 19:05:00,16158,,16158,0,,0,,CORRECT_TOTAL_0_16158
2975206,63,2026-05-21 19:10:00,16158,,16158,0,,0,,CORRECT_TOTAL_0_16158
2975207,63,2026-05-21 19:15:00,16158,,16158,0,,0,,CORRECT_TOTAL_0_16158
2975208,63,2026-05-21 19:20:00,16158,,16158,0,,0,,CORRECT_TOTAL_0_16158
2975209,63,2026-05-21 19:25:00,16158,,16158,0,,0,,CORRECT_TOTAL_0_16158
2975210,63,2026-05-21 19:30:00,16158,,16158,0,,0,,CORRECT_TOTAL_0_16158
2975211,63,2026-05-21 19:35:00,16158,,16158,0,,0,,CORRECT_TOTAL_0_16158
2975212,63,2026-05-21 19:40:00,16158,,16158,0,,0,,CORRECT_TOTAL_0_16158
2975213,63,2026-05-21 19:45:00,16158,,16158,0,,0,,CORRECT_TOTAL_0_16158
2975214,63,2026-05-21 19:50:00,16158,,16158,0,,0,,CORRECT_TOTAL_0_16158
2975215,63,2026-05-21 19:55:00,16158,,16158,0,,0,,CORRECT_TOTAL_0_16158
2975216,63,2026-05-21 20:00:00,16158,,16158,0,,0,,CORRECT_TOTAL_0_16158
2975217,63,2026-05-21 20:05:00,16158,,16158,0,,0,,CORRECT_TOTAL_0_16158
2975218,63,2026-05-21 20:10:00,16158,,16158,0,,0,,CORRECT_TOTAL_0_16158
2975219,63,2026-05-21 20:15:00,16158,,16158,0,,0,,CORRECT_TOTAL_0_16158
2975220,63,2026-05-21 20:20:00,16158,,16158,0,,0,,CORRECT_TOTAL_0_16158
2975221,63,2026-05-21 20:25:00,16158,,16158,0,,0,,CORRECT_TOTAL_0_16158
2975222,63,2026-05-21 20:30:00,16158,,16158,0,,0,,CORRECT_TOTAL_0_16158
2975223,63,2026-05-21 20:35:00,16158,,16158,0,,0,,CORRECT_TOTAL_0_16158
2975224,63,2026-05-21 20:40:00,16158,,16158,0,,0,,CORRECT_TOTAL_0_16158
2975225,63,2026-05-21 20:45:00,16158,,16158,0,,0,,CORRECT_TOTAL_0_16158
2975226,63,2026-05-21 20:50:00,16158,,16158,0,,0,,CORRECT_TOTAL_0_16158
2975227,63,2026-05-21 20:55:00,16158,,16158,0,,0,,CORRECT_TOTAL_0_16158
2975228,63,2026-05-21 21:00:00,16158,,16158,0,,0,,CORRECT_TOTAL_0_16158
2975229,63,2026-05-21 21:05:00,16158,,16158,0,,0,,CORRECT_TOTAL_0_16158
2975230,63,2026-05-21 21:10:00,16158,,16158,0,,0,,CORRECT_TOTAL_0_16158
2975231,63,2026-05-21 21:15:00,16158,,16158,0,,0,,CORRECT_TOTAL_0_16158
2975232,63,2026-05-21 21:20:00,16158,,16158,0,,0,,CORRECT_TOTAL_0_16158
2975233,63,2026-05-21 21:25:00,16158,,16158,0,,0,,CORRECT_TOTAL_0_16158
2975234,63,2026-05-21 21:30:00,16158,,16158,0,,0,,CORRECT_TOTAL_0_16158
2975235,63,2026-05-21 21:35:00,16158,,16158,0,,0,,CORRECT_TOTAL_0_16158
2975236,63,2026-05-21 21:40:00,16158,,16158,0,,0,,CORRECT_TOTAL_0_16158
2975237,63,2026-05-21 21:45:00,16158,,16158,0,,0,,CORRECT_TOTAL_0_16158
2975238,63,2026-05-21 21:50:00,16158,,16158,0,,0,,CORRECT_TOTAL_0_16158
2975239,63,2026-05-21 21:55:00,16158,,16158,0,,0,,CORRECT_TOTAL_0_16158
2975240,63,2026-05-21 22:00:00,16158,,16158,0,,0,,CORRECT_TOTAL_0_16158
2975241,63,2026-05-21 22:05:00,16158,,16158,0,,0,,CORRECT_TOTAL_0_16158
2975242,63,2026-05-21 22:10:00,16158,,16158,0,,0,,CORRECT_TOTAL_0_16158
2975243,63,2026-05-21 22:15:00,16158,,16158,0,,0,,CORRECT_TOTAL_0_16158
2975244,63,2026-05-21 22:20:00,16158,,16158,0,,0,,CORRECT_TOTAL_0_16158
2975245,63,2026-05-21 22:25:00,16158,,16158,0,,0,,CORRECT_TOTAL_0_16158
2975246,63,2026-05-21 22:30:00,16158,,16158,0,,0,,CORRECT_TOTAL_0_16158
2975247,63,2026-05-21 22:35:00,16158,,16158,0,,0,,CORRECT_TOTAL_0_16158
2975248,63,2026-05-21 22:40:00,16158,,16158,0,,0,,CORRECT_TOTAL_0_16158
2975249,63,2026-05-21 22:45:00,16158,,16158,0,,0,,CORRECT_TOTAL_0_16158
2975250,63,2026-05-21 22:50:00,16158,,16158,0,,0,,CORRECT_TOTAL_0_16158
2975251,63,2026-05-21 23:00:00,16158,,16158,0,,0,,CORRECT_TOTAL_0_16158
2975252,63,2026-05-21 23:05:00,16158,,16158,0,,0,,CORRECT_TOTAL_0_16158
2975253,63,2026-05-21 23:10:00,16158,,16158,0,,0,,CORRECT_TOTAL_0_16158
2975254,63,2026-05-21 23:15:00,16158,,16158,0,,0,,CORRECT_TOTAL_0_16158
2975255,63,2026-05-21 23:20:00,16158,,16158,0,,0,,CORRECT_TOTAL_0_16158
2975256,63,2026-05-21 23:25:00,16158,,16158,0,,0,,CORRECT_TOTAL_0_16158
2975257,63,2026-05-21 23:30:00,16158,,16158,0,,0,,CORRECT_TOTAL_0_16158
2975258,63,2026-05-21 23:35:00,16158,,16158,0,,0,,CORRECT_TOTAL_0_16158
2975259,63,2026-05-21 23:40:00,16158,,16158,0,,0,,CORRECT_TOTAL_0_16158
2975260,63,2026-05-21 23:45:00,16158,,16158,0,,0,,CORRECT_TOTAL_0_16158
2975261,63,2026-05-21 23:50:00,16158,,16158,0,,0,,CORRECT_TOTAL_0_16158
2975262,63,2026-05-21 23:55:00,16158,,16158,0,,0,,CORRECT_TOTAL_0_16158
2975263,63,2026-05-22 00:00:00,16158,,16158,0,,0,,CORRECT_TOTAL_0_16158
2975264,63,2026-05-22 00:05:00,16158,,16158,0,,0,,CORRECT_TOTAL_0_16158
2975265,63,2026-05-22 00:10:00,16158,,16158,0,,0,,CORRECT_TOTAL_0_16158
2975266,63,2026-05-22 00:15:00,16158,,16158,0,,0,,CORRECT_TOTAL_0_16158
2975267,63,2026-05-22 00:20:00,16158,,16158,0,,0,,CORRECT_TOTAL_0_16158
2975268,63,2026-05-22 00:25:00,16158,,16158,0,,0,,CORRECT_TOTAL_0_16158
2975269,63,2026-05-22 00:30:00,16158,,16158,0,,0,,CORRECT_TOTAL_0_16158
2975270,63,2026-05-22 00:35:00,16158,,16158,0,,0,,CORRECT_TOTAL_0_16158
2975271,63,2026-05-22 00:40:00,16158,,16158,0,,0,,CORRECT_TOTAL_0_16158
2975272,63,2026-05-22 00:45:00,16158,,16158,0,,0,,CORRECT_TOTAL_0_16158
2975273,63,2026-05-22 00:50:00,16158,,16158,0,,0,,CORRECT_TOTAL_0_16158
2975274,63,2026-05-22 00:55:00,16158,,16158,0,,0,,CORRECT_TOTAL_0_16158
2975275,63,2026-05-22 01:00:00,16158,,16158,0,,0,,CORRECT_TOTAL_0_16158
2975276,63,2026-05-22 01:05:00,16158,,16158,0,,0,,CORRECT_TOTAL_0_16158
2975277,63,2026-05-22 01:10:00,16158,,16158,0,,0,,CORRECT_TOTAL_0_16158
2975278,63,2026-05-22 01:15:00,16158,,16158,0,,0,,CORRECT_TOTAL_0_16158
2975279,63,2026-05-22 01:20:00,16158,,16158,0,,0,,CORRECT_TOTAL_0_16158
2975280,63,2026-05-22 01:25:00,16158,,16158,0,,0,,CORRECT_TOTAL_0_16158
2975281,63,2026-05-22 01:30:00,16158,,16158,0,,0,,CORRECT_TOTAL_0_16158
2975282,63,2026-05-22 01:35:00,16158,,16158,0,,0,,CORRECT_TOTAL_0_16158
2975283,63,2026-05-22 01:40:00,16158,,16158,0,,0,,CORRECT_TOTAL_0_16158
2975284,63,2026-05-22 01:45:00,16158,,16158,0,,0,,CORRECT_TOTAL_0_16158
2975285,63,2026-05-22 01:50:00,16158,,16158,0,,0,,CORRECT_TOTAL_0_16158
2975286,63,2026-05-22 01:55:00,16158,,16158,0,,0,,CORRECT_TOTAL_0_16158
2975287,63,2026-05-22 02:00:00,16158,,16158,0,,0,,CORRECT_TOTAL_0_16158
2975288,63,2026-05-22 02:05:00,16158,,16158,0,,0,,CORRECT_TOTAL_0_16158
2975289,63,2026-05-22 02:10:00,16158,,16158,0,,0,,CORRECT_TOTAL_0_16158
2975290,63,2026-05-22 02:15:00,16158,,16158,0,,0,,CORRECT_TOTAL_0_16158
2975291,63,2026-05-22 02:20:00,16158,,16158,0,,0,,CORRECT_TOTAL_0_16158
2975292,63,2026-05-22 02:25:00,16158,,16158,0,,0,,CORRECT_TOTAL_0_16158
2975293,63,2026-05-22 02:30:00,16158,,16158,0,,0,,CORRECT_TOTAL_0_16158
2975294,63,2026-05-22 02:35:00,16158,,16158,0,,0,,CORRECT_TOTAL_0_16158
2975295,63,2026-05-22 02:40:00,16158,,16158,0,,0,,CORRECT_TOTAL_0_16158
2975296,63,2026-05-22 02:45:00,16158,,16158,0,,0,,CORRECT_TOTAL_0_16158
2975297,63,2026-05-22 02:50:00,16158,,16158,0,,0,,CORRECT_TOTAL_0_16158
2975298,63,2026-05-22 02:55:00,16158,,16158,0,,0,,CORRECT_TOTAL_0_16158
2975299,63,2026-05-22 03:00:00,16158,,16158,0,,0,,CORRECT_TOTAL_0_16158
2975300,63,2026-05-22 03:05:00,16158,,16158,0,,0,,CORRECT_TOTAL_0_16158
2975301,63,2026-05-22 03:10:00,16158,,16158,0,,0,,CORRECT_TOTAL_0_16158
2975302,63,2026-05-22 03:15:00,16158,,16158,0,,0,,CORRECT_TOTAL_0_16158
2975303,63,2026-05-22 03:20:00,16158,,16158,0,,0,,CORRECT_TOTAL_0_16158
2975304,63,2026-05-22 03:25:00,16158,,16158,0,,0,,CORRECT_TOTAL_0_16158
2975305,63,2026-05-22 03:30:00,16158,,16158,0,,0,,CORRECT_TOTAL_0_16158
2975306,63,2026-05-22 03:35:00,16158,,16158,0,,0,,CORRECT_TOTAL_0_16158
2975307,63,2026-05-22 03:40:00,16158,,16158,0,,0,,CORRECT_TOTAL_0_16158
2975308,63,2026-05-22 03:45:00,16158,,16158,0,,0,,CORRECT_TOTAL_0_16158
2975309,63,2026-05-22 03:50:00,16158,,16158,0,,0,,CORRECT_TOTAL_0_16158
2975310,63,2026-05-22 03:55:00,16158,,16158,0,,0,,CORRECT_TOTAL_0_16158
2975311,63,2026-05-22 04:00:00,16158,,16158,0,,0,,CORRECT_TOTAL_0_16158
2975312,63,2026-05-22 04:05:00,16158,,16158,0,,0,,CORRECT_TOTAL_0_16158
2975313,63,2026-05-22 04:10:00,16158,,16158,0,,0,,CORRECT_TOTAL_0_16158
2975314,63,2026-05-22 04:15:00,16158,,16158,0,,0,,CORRECT_TOTAL_0_16158
2975315,63,2026-05-22 04:20:00,16158,,16158,0,,0,,CORRECT_TOTAL_0_16158
2975316,63,2026-05-22 04:25:00,16158,,16158,0,,0,,CORRECT_TOTAL_0_16158
2975317,63,2026-05-22 04:30:00,16158,,16158,0,,0,,CORRECT_TOTAL_0_16158
2975318,63,2026-05-22 04:35:00,16158,,16158,0,,0,,CORRECT_TOTAL_0_16158
2975319,63,2026-05-22 04:40:00,16158,,16158,0,,0,,CORRECT_TOTAL_0_16158
2975320,63,2026-05-22 04:45:00,16158,,16158,0,,0,,CORRECT_TOTAL_0_16158
2975321,63,2026-05-22 04:50:00,16158,,16158,0,,0,,CORRECT_TOTAL_0_16158
2975322,63,2026-05-22 04:55:00,16158,,16158,0,,0,,CORRECT_TOTAL_0_16158
2975323,63,2026-05-22 05:00:00,16158,,16158,0,,0,,CORRECT_TOTAL_0_16158
2975324,63,2026-05-22 05:05:00,16158,,16158,0,,0,,CORRECT_TOTAL_0_16158
2975325,63,2026-05-22 05:10:00,16158,,16158,0,,0,,CORRECT_TOTAL_0_16158
2975326,63,2026-05-22 05:15:00,16158,,16158,0,,0,,CORRECT_TOTAL_0_16158
2975327,63,2026-05-22 05:20:00,16158,,16158,0,,0,,CORRECT_TOTAL_0_16158
2975328,63,2026-05-22 05:25:00,16158,,16158,0,,0,,CORRECT_TOTAL_0_16158
2975329,63,2026-05-22 05:30:00,16158,,16158,0,,0,,CORRECT_TOTAL_0_16158
2975330,63,2026-05-22 05:35:00,16158,,16158,0,,0,,CORRECT_TOTAL_0_16158
2975331,63,2026-05-22 05:40:00,16158,,16158,0,,0,,CORRECT_TOTAL_0_16158
2975332,63,2026-05-22 05:45:00,16158,,16158,0,,0,,CORRECT_TOTAL_0_16158
2975333,63,2026-05-22 05:50:00,16158,,16158,0,,0,,CORRECT_TOTAL_0_16158
2975334,63,2026-05-22 05:55:00,16158,,16158,0,,0,,CORRECT_TOTAL_0_16158
2975335,63,2026-05-22 06:00:00,16158,,16158,0,,0,,CORRECT_TOTAL_0_16158
2975336,63,2026-05-22 06:05:00,16158,,16158,0,,0,,CORRECT_TOTAL_0_16158
2975337,63,2026-05-22 06:10:00,16158,,16158,0,,0,,CORRECT_TOTAL_0_16158
2975338,63,2026-05-22 06:15:00,16158,,16158,0,,0,,CORRECT_TOTAL_0_16158
2975339,63,2026-05-22 06:20:00,16158,,16158,0,,0,,CORRECT_TOTAL_0_16158
2975340,63,2026-05-22 06:25:00,16158,,16158,0,,0,,CORRECT_TOTAL_0_16158
2975341,63,2026-05-22 06:30:00,16158,,16158,0,,0,,CORRECT_TOTAL_0_16158
2975342,63,2026-05-22 06:35:00,16158,,16158,0,,0,,CORRECT_TOTAL_0_16158
2975343,63,2026-05-22 06:40:00,16158,,16158,0,,0,,CORRECT_TOTAL_0_16158
2975344,63,2026-05-22 06:45:00,16158,,16158,0,,0,,CORRECT_TOTAL_0_16158
2975345,63,2026-05-22 06:50:00,16158,,16158,0,,0,,CORRECT_TOTAL_0_16158
2975346,63,2026-05-22 06:55:00,16158,,16158,0,,0,,CORRECT_TOTAL_0_16158
2975347,63,2026-05-22 07:00:00,16158,,16158,0,,0,,CORRECT_TOTAL_0_16158
2975348,63,2026-05-22 07:05:00,16158,,16158,0,,0,,CORRECT_TOTAL_0_16158
2975349,63,2026-05-22 07:10:00,16158,,16158,0,,0,,CORRECT_TOTAL_0_16158
2975350,63,2026-05-22 07:15:00,16158,,16158,0,,0,,CORRECT_TOTAL_0_16158
2975351,63,2026-05-22 07:25:00,16158,,16158,0,,0,,CORRECT_TOTAL_0_16158
2975352,63,2026-05-22 07:30:00,16158,,16158,0,,0,,CORRECT_TOTAL_0_16158
2975353,63,2026-05-22 07:35:00,16158,,16158,0,,0,,CORRECT_TOTAL_0_16158
2975354,63,2026-05-22 07:40:00,16158,,16158,0,,0,,CORRECT_TOTAL_0_16158
2975355,63,2026-05-22 07:45:00,16158,,16158,0,,0,,CORRECT_TOTAL_0_16158
2975356,63,2026-05-22 07:50:00,16158,,16158,0,,0,,CORRECT_TOTAL_0_16158
2975357,63,2026-05-22 07:55:00,16158,,16158,0,,0,,CORRECT_TOTAL_0_16158
2975358,63,2026-05-22 08:00:00,16158,,16158,0,,0,,CORRECT_TOTAL_0_16158
2975359,63,2026-05-22 08:05:00,16158,,16158,0,,0,,CORRECT_TOTAL_0_16158
2975360,63,2026-05-22 08:10:00,16158,,16158,0,,0,,CORRECT_TOTAL_0_16158
2975361,63,2026-05-22 08:15:00,16158,,16158,0,,0,,CORRECT_TOTAL_0_16158
2975362,63,2026-05-22 08:20:00,16158,,16158,0,,0,,CORRECT_TOTAL_0_16158
2975363,63,2026-05-22 08:25:00,16158,,16158,0,,0,,CORRECT_TOTAL_0_16158
2975364,63,2026-05-22 08:30:00,16158,,16158,0,,0,,CORRECT_TOTAL_0_16158
2975365,63,2026-05-22 08:35:00,16158,,16158,0,,0,,CORRECT_TOTAL_0_16158
2975366,63,2026-05-22 08:40:00,16158,,16158,0,,0,,CORRECT_TOTAL_0_16158
2975367,63,2026-05-22 08:45:00,16158,,16158,0,,0,,CORRECT_TOTAL_0_16158
2975368,63,2026-05-22 08:50:00,16158,,16158,0,,0,,CORRECT_TOTAL_0_16158
2975369,63,2026-05-22 08:55:00,16158,,16158,0,,0,,CORRECT_TOTAL_0_16158
2975370,63,2026-05-22 09:00:00,16158,,16158,0,,0,,CORRECT_TOTAL_0_16158
2975371,63,2026-05-22 09:05:00,16158,,16158,0,,0,,CORRECT_TOTAL_0_16158
2975372,63,2026-05-22 09:10:00,16158,,16158,0,,0,,CORRECT_TOTAL_0_16158
2975373,63,2026-05-22 09:15:00,16158,,16158,0,,0,,CORRECT_TOTAL_0_16158
2975374,63,2026-05-22 09:20:00,16158,,16158,0,,0,,CORRECT_TOTAL_0_16158
2975375,63,2026-05-22 09:25:00,16158,,16158,0,,0,,CORRECT_TOTAL_0_16158
2975376,63,2026-05-22 09:30:00,16158,,16158,0,,0,,CORRECT_TOTAL_0_16158
2975377,63,2026-05-22 09:35:00,16158,,16158,0,,0,,CORRECT_TOTAL_0_16158
2975378,63,2026-05-22 09:40:00,16158,,16158,0,,0,,CORRECT_TOTAL_0_16158
2975379,63,2026-05-22 09:45:00,16158,,16158,0,,0,,CORRECT_TOTAL_0_16158
2975380,63,2026-05-22 09:50:00,16158,,16158,0,,0,,CORRECT_TOTAL_0_16158
2975381,63,2026-05-22 09:55:00,16158,,16158,0,,0,,CORRECT_TOTAL_0_16158
2975382,63,2026-05-22 10:00:00,16158,,16158,0,,0,,CORRECT_TOTAL_0_16158
2975383,63,2026-05-22 10:05:00,16158,,16158,0,,0,,CORRECT_TOTAL_0_16158
2975384,63,2026-05-22 10:10:00,16158,,16158,0,,0,,CORRECT_TOTAL_0_16158
2975385,63,2026-05-22 10:15:00,16158,,16158,0,,0,,CORRECT_TOTAL_0_16158
2975386,63,2026-05-22 10:20:00,16158,,16158,0,,0,,CORRECT_TOTAL_0_16158
2975387,63,2026-05-22 10:25:00,16158,,16158,0,,0,,CORRECT_TOTAL_0_16158
2975388,63,2026-05-22 10:30:00,16158,,16158,0,,0,,CORRECT_TOTAL_0_16158
2975389,63,2026-05-22 10:35:00,16158,,16158,0,,0,,CORRECT_TOTAL_0_16158
2975390,63,2026-05-22 10:40:00,16158,,16158,0,,0,,CORRECT_TOTAL_0_16158
2975391,63,2026-05-22 10:45:00,16158,,16158,0,,0,,CORRECT_TOTAL_0_16158
2975392,63,2026-05-22 10:50:00,16158,,16158,0,,0,,CORRECT_TOTAL_0_16158
2975393,63,2026-05-22 10:55:00,16158,,16158,0,,0,,CORRECT_TOTAL_0_16158
2975394,63,2026-05-22 11:00:00,16158,,16158,0,,0,,CORRECT_TOTAL_0_16158
2975395,63,2026-05-22 11:05:00,16158,,16158,0,,0,,CORRECT_TOTAL_0_16158
2975396,63,2026-05-22 11:10:00,16158,,16158,0,,0,,CORRECT_TOTAL_0_16158
2975397,63,2026-05-22 11:15:00,16158,,16158,0,,0,,CORRECT_TOTAL_0_16158
2975398,63,2026-05-22 11:20:00,16158,,16158,0,,0,,CORRECT_TOTAL_0_16158
2975399,63,2026-05-22 11:25:00,16158,,16158,0,,0,,CORRECT_TOTAL_0_16158
2975400,63,2026-05-22 11:30:00,16158,,16158,0,,0,,CORRECT_TOTAL_0_16158
2975401,63,2026-05-22 11:35:00,16158,,16158,0,,0,,CORRECT_TOTAL_0_16158
2975402,63,2026-05-22 11:40:00,16158,,16158,0,,0,,CORRECT_TOTAL_0_16158
2975403,63,2026-05-22 11:45:00,16158,,16158,0,,0,,CORRECT_TOTAL_0_16158
2975404,63,2026-05-22 11:50:00,16158,,16158,0,,0,,CORRECT_TOTAL_0_16158
2975405,63,2026-05-22 11:55:00,16158,,16158,0,,0,,CORRECT_TOTAL_0_16158
2973977,64,2026-05-20 00:00:00,110256,,11025,0,,0,,CORRECT_TOTAL_0_11025
2973978,64,2026-05-20 00:05:00,110277,,11027,0,,0,,CORRECT_TOTAL_0_11027
2973979,64,2026-05-20 00:10:00,110297,,11029,0,,0,,CORRECT_TOTAL_0_11029
2973980,64,2026-05-20 00:15:00,110318,,11032,0,,0,,CORRECT_TOTAL_0_11032
2973981,64,2026-05-20 00:20:00,110323,,11032,0,,0,,CORRECT_TOTAL_0_11032
2973982,64,2026-05-20 00:25:00,110323,,11032,0,,0,,CORRECT_TOTAL_0_11032
2973983,64,2026-05-20 00:30:00,110323,,11032,0,,0,,CORRECT_TOTAL_0_11032
2973984,64,2026-05-20 00:35:00,110323,,11032,0,,0,,CORRECT_TOTAL_0_11032
2973985,64,2026-05-20 00:40:00,110323,,11032,0,,0,,CORRECT_TOTAL_0_11032
2973986,64,2026-05-20 00:45:00,110323,,11032,0,,0,,CORRECT_TOTAL_0_11032
2973987,64,2026-05-20 00:50:00,110323,,11032,0,,0,,CORRECT_TOTAL_0_11032
2973988,64,2026-05-20 00:55:00,110323,,11032,0,,0,,CORRECT_TOTAL_0_11032
2973989,64,2026-05-20 01:00:00,110323,,11032,0,,0,,CORRECT_TOTAL_0_11032
2973990,64,2026-05-20 01:05:00,110323,,11032,0,,0,,CORRECT_TOTAL_0_11032
2973991,64,2026-05-20 01:10:00,110323,,11032,0,,0,,CORRECT_TOTAL_0_11032
2973992,64,2026-05-20 01:15:00,110323,,11032,0,,0,,CORRECT_TOTAL_0_11032
2973993,64,2026-05-20 01:20:00,110323,,11032,0,,0,,CORRECT_TOTAL_0_11032
2973994,64,2026-05-20 01:25:00,110323,,11032,0,,0,,CORRECT_TOTAL_0_11032
2973995,64,2026-05-20 01:30:00,110323,,11032,0,,0,,CORRECT_TOTAL_0_11032
2973996,64,2026-05-20 01:35:00,110323,,11033,0,,0,,CORRECT_TOTAL_0_11033
2973997,64,2026-05-20 01:40:00,110323,,11033,0,,0,,CORRECT_TOTAL_0_11033
2973998,64,2026-05-20 01:45:00,110323,,11032,0,,0,,CORRECT_TOTAL_0_11032
2973999,64,2026-05-20 01:50:00,110323,,11032,0,,0,,CORRECT_TOTAL_0_11032
2974000,64,2026-05-20 01:55:00,110337,,11034,0,,0,,CORRECT_TOTAL_0_11034
2974001,64,2026-05-20 02:00:00,110358,,11036,0,,0,,CORRECT_TOTAL_0_11036
2974002,64,2026-05-20 02:05:00,110378,,11038,0,,0,,CORRECT_TOTAL_0_11038
2974003,64,2026-05-20 02:10:00,110398,,11039,0,,0,,CORRECT_TOTAL_0_11039
2974004,64,2026-05-20 02:15:00,110418,,11041,0,,0,,CORRECT_TOTAL_0_11041
2974005,64,2026-05-20 02:20:00,110438,,11043,0,,0,,CORRECT_TOTAL_0_11043
2974006,64,2026-05-20 02:25:00,110458,,11045,0,,0,,CORRECT_TOTAL_0_11045
2974007,64,2026-05-20 02:30:00,110479,,11048,0,,0,,CORRECT_TOTAL_0_11048
2974008,64,2026-05-20 02:35:00,110499,,11050,0,,0,,CORRECT_TOTAL_0_11050
2974009,64,2026-05-20 02:40:00,110519,,11052,0,,0,,CORRECT_TOTAL_0_11052
2974010,64,2026-05-20 02:45:00,110537,,11053,0,,0,,CORRECT_TOTAL_0_11053
2974011,64,2026-05-20 02:50:00,110537,,11053,0,,0,,CORRECT_TOTAL_0_11053
2974012,64,2026-05-20 02:55:00,110537,,11053,0,,0,,CORRECT_TOTAL_0_11053
2974013,64,2026-05-20 03:00:00,110537,,11053,0,,0,,CORRECT_TOTAL_0_11053
2974014,64,2026-05-20 03:05:00,110537,,11053,0,,0,,CORRECT_TOTAL_0_11053
2974015,64,2026-05-20 03:10:00,110537,,11053,0,,0,,CORRECT_TOTAL_0_11053
2974016,64,2026-05-20 03:15:00,110537,,11053,0,,0,,CORRECT_TOTAL_0_11053
2974017,64,2026-05-20 03:20:00,110537,,11053,0,,0,,CORRECT_TOTAL_0_11053
2974018,64,2026-05-20 03:25:00,110537,,11053,0,,0,,CORRECT_TOTAL_0_11053
2974019,64,2026-05-20 03:30:00,110537,,11053,0,,0,,CORRECT_TOTAL_0_11053
2974020,64,2026-05-20 03:35:00,110537,,11053,0,,0,,CORRECT_TOTAL_0_11053
2974021,64,2026-05-20 03:40:00,110537,,11053,0,,0,,CORRECT_TOTAL_0_11053
2974022,64,2026-05-20 03:45:00,110537,,11053,0,,0,,CORRECT_TOTAL_0_11053
2974023,64,2026-05-20 03:50:00,110537,,11054,0,,0,,CORRECT_TOTAL_0_11054
2974024,64,2026-05-20 03:55:00,110537,,11054,0,,0,,CORRECT_TOTAL_0_11054
2974025,64,2026-05-20 04:00:00,110537,,11054,0,,0,,CORRECT_TOTAL_0_11054
2974026,64,2026-05-20 04:05:00,110546,,11055,0,,0,,CORRECT_TOTAL_0_11055
2974027,64,2026-05-20 04:10:00,110567,,11057,0,,0,,CORRECT_TOTAL_0_11057
2974028,64,2026-05-20 04:15:00,110587,,11059,0,,0,,CORRECT_TOTAL_0_11059
2974029,64,2026-05-20 04:20:00,110607,,11061,0,,0,,CORRECT_TOTAL_0_11061
2974030,64,2026-05-20 04:25:00,110629,,11063,0,,0,,CORRECT_TOTAL_0_11063
2974031,64,2026-05-20 04:30:00,110650,,11065,0,,0,,CORRECT_TOTAL_0_11065
2974032,64,2026-05-20 04:35:00,110670,,11067,0,,0,,CORRECT_TOTAL_0_11067
2974033,64,2026-05-20 04:40:00,110690,,11069,0,,0,,CORRECT_TOTAL_0_11069
2974034,64,2026-05-20 04:45:00,110708,,11071,0,,0,,CORRECT_TOTAL_0_11071
2974035,64,2026-05-20 04:50:00,110729,,11073,0,,0,,CORRECT_TOTAL_0_11073
2974036,64,2026-05-20 04:55:00,110738,,11074,0,,0,,CORRECT_TOTAL_0_11074
2974037,64,2026-05-20 05:00:00,110738,,11074,0,,0,,CORRECT_TOTAL_0_11074
2974038,64,2026-05-20 05:05:00,110738,,11074,0,,0,,CORRECT_TOTAL_0_11074
2974039,64,2026-05-20 05:10:00,110738,,11074,0,,0,,CORRECT_TOTAL_0_11074
2974040,64,2026-05-20 05:15:00,110738,,11074,0,,0,,CORRECT_TOTAL_0_11074
2974041,64,2026-05-20 05:20:00,110738,,11074,0,,0,,CORRECT_TOTAL_0_11074
2974042,64,2026-05-20 05:25:00,110738,,11074,0,,0,,CORRECT_TOTAL_0_11074
2974043,64,2026-05-20 05:30:00,110738,,11074,0,,0,,CORRECT_TOTAL_0_11074
2974044,64,2026-05-20 05:35:00,110738,,11074,0,,0,,CORRECT_TOTAL_0_11074
2974045,64,2026-05-20 05:40:00,110738,,11074,0,,0,,CORRECT_TOTAL_0_11074
2974046,64,2026-05-20 05:45:00,110738,,11074,0,,0,,CORRECT_TOTAL_0_11074
2974047,64,2026-05-20 05:50:00,110738,,11074,0,,0,,CORRECT_TOTAL_0_11074
2974048,64,2026-05-20 05:55:00,110738,,11074,0,,0,,CORRECT_TOTAL_0_11074
2974049,64,2026-05-20 06:00:00,110738,,11074,0,,0,,CORRECT_TOTAL_0_11074
2974050,64,2026-05-20 06:05:00,110738,,11074,0,,0,,CORRECT_TOTAL_0_11074
2974051,64,2026-05-20 06:10:00,110738,,11074,0,,0,,CORRECT_TOTAL_0_11074
2974052,64,2026-05-20 06:15:00,110738,,11074,0,,0,,CORRECT_TOTAL_0_11074
2974053,64,2026-05-20 06:20:00,110738,,11074,0,,0,,CORRECT_TOTAL_0_11074
2974054,64,2026-05-20 06:25:00,110738,,11074,0,,0,,CORRECT_TOTAL_0_11074
2974055,64,2026-05-20 06:30:00,110738,,11074,0,,0,,CORRECT_TOTAL_0_11074
2974056,64,2026-05-20 06:35:00,110738,,11074,0,,0,,CORRECT_TOTAL_0_11074
2974057,64,2026-05-20 06:40:00,110738,,11074,0,,0,,CORRECT_TOTAL_0_11074
2974058,64,2026-05-20 06:45:00,110738,,11074,0,,0,,CORRECT_TOTAL_0_11074
2974059,64,2026-05-20 06:50:00,110738,,11074,0,,0,,CORRECT_TOTAL_0_11074
2974060,64,2026-05-20 06:55:00,110738,,11074,0,,0,,CORRECT_TOTAL_0_11074
2974061,64,2026-05-20 07:00:00,110738,,11074,0,,0,,CORRECT_TOTAL_0_11074
2974062,64,2026-05-20 07:05:00,110752,,11076,0,,0,,CORRECT_TOTAL_0_11076
2974063,64,2026-05-20 07:10:00,110773,,11078,0,,0,,CORRECT_TOTAL_0_11078
2974064,64,2026-05-20 07:15:00,110795,,11080,0,,0,,CORRECT_TOTAL_0_11080
2974065,64,2026-05-20 07:20:00,110814,,11082,0,,0,,CORRECT_TOTAL_0_11082
2974066,64,2026-05-20 07:25:00,110834,,11084,0,,0,,CORRECT_TOTAL_0_11084
2974067,64,2026-05-20 07:30:00,110855,,11086,0,,0,,CORRECT_TOTAL_0_11086
2974068,64,2026-05-20 07:35:00,110874,,11088,0,,0,,CORRECT_TOTAL_0_11088
2974069,64,2026-05-20 07:40:00,110886,,11089,0,,0,,CORRECT_TOTAL_0_11089
2974070,64,2026-05-20 07:45:00,110886,,11089,0,,0,,CORRECT_TOTAL_0_11089
2974071,64,2026-05-20 07:50:00,110886,,11089,0,,0,,CORRECT_TOTAL_0_11089
2974072,64,2026-05-20 07:55:00,110886,,11089,0,,0,,CORRECT_TOTAL_0_11089
2974073,64,2026-05-20 08:00:00,110886,,11089,0,,0,,CORRECT_TOTAL_0_11089
2974074,64,2026-05-20 08:05:00,110886,,11089,0,,0,,CORRECT_TOTAL_0_11089
2974075,64,2026-05-20 08:10:00,110886,,11089,0,,0,,CORRECT_TOTAL_0_11089
2974076,64,2026-05-20 08:15:00,110886,,11088,0,,0,,CORRECT_TOTAL_0_11088
2974077,64,2026-05-20 08:20:00,110886,,11088,0,,0,,CORRECT_TOTAL_0_11088
2974078,64,2026-05-20 08:25:00,110886,,11089,0,,0,,CORRECT_TOTAL_0_11089
2974079,64,2026-05-20 08:30:00,110886,,11088,0,,0,,CORRECT_TOTAL_0_11088
2974080,64,2026-05-20 08:35:00,110886,,11088,0,,0,,CORRECT_TOTAL_0_11088
2974081,64,2026-05-20 08:40:00,110886,,11088,0,,0,,CORRECT_TOTAL_0_11088
2974082,64,2026-05-20 08:45:00,110886,,11088,0,,0,,CORRECT_TOTAL_0_11088
2974083,64,2026-05-20 08:50:00,110886,,11088,0,,0,,CORRECT_TOTAL_0_11088
2974084,64,2026-05-20 08:55:00,110886,,11088,0,,0,,CORRECT_TOTAL_0_11088
2974085,64,2026-05-20 09:00:00,110886,,11089,0,,0,,CORRECT_TOTAL_0_11089
2974086,64,2026-05-20 09:05:00,110886,,11089,0,,0,,CORRECT_TOTAL_0_11089
2974087,64,2026-05-20 09:10:00,110886,,11089,0,,0,,CORRECT_TOTAL_0_11089
2974088,64,2026-05-20 09:15:00,110886,,11089,0,,0,,CORRECT_TOTAL_0_11089
2974089,64,2026-05-20 09:20:00,110886,,11089,0,,0,,CORRECT_TOTAL_0_11089
2974090,64,2026-05-20 09:25:00,110886,,11089,0,,0,,CORRECT_TOTAL_0_11089
2974091,64,2026-05-20 09:30:00,110886,,11089,0,,0,,CORRECT_TOTAL_0_11089
2974092,64,2026-05-20 09:35:00,110887,,11089,0,,0,,CORRECT_TOTAL_0_11089
2974093,64,2026-05-20 09:40:00,110907,,11091,0,,0,,CORRECT_TOTAL_0_11091
2974094,64,2026-05-20 09:45:00,110928,,11093,0,,0,,CORRECT_TOTAL_0_11093
2974095,64,2026-05-20 09:50:00,110948,,11095,0,,0,,CORRECT_TOTAL_0_11095
2974096,64,2026-05-20 09:55:00,110968,,11097,0,,0,,CORRECT_TOTAL_0_11097
2974097,64,2026-05-20 10:00:00,110989,,11099,0,,0,,CORRECT_TOTAL_0_11099
2974098,64,2026-05-20 10:05:00,111005,,11101,0,,0,,CORRECT_TOTAL_0_11101
2974099,64,2026-05-20 10:10:00,111025,,11103,0,,0,,CORRECT_TOTAL_0_11103
2974100,64,2026-05-20 10:15:00,111042,,11104,0,,0,,CORRECT_TOTAL_0_11104
2974101,64,2026-05-20 10:20:00,111042,,11104,0,,0,,CORRECT_TOTAL_0_11104
2974102,64,2026-05-20 10:25:00,111042,,11104,0,,0,,CORRECT_TOTAL_0_11104
2974103,64,2026-05-20 10:30:00,111042,,11104,0,,0,,CORRECT_TOTAL_0_11104
2974104,64,2026-05-20 10:35:00,111042,,11104,0,,0,,CORRECT_TOTAL_0_11104
2974105,64,2026-05-20 10:40:00,111042,,11104,0,,0,,CORRECT_TOTAL_0_11104
2974106,64,2026-05-20 10:45:00,111042,,11104,0,,0,,CORRECT_TOTAL_0_11104
2974107,64,2026-05-20 10:50:00,111042,,11104,0,,0,,CORRECT_TOTAL_0_11104
2974108,64,2026-05-20 10:55:00,111042,,11104,0,,0,,CORRECT_TOTAL_0_11104
2974109,64,2026-05-20 11:00:00,111042,,11104,0,,0,,CORRECT_TOTAL_0_11104
2974110,64,2026-05-20 11:05:00,111042,,11104,0,,0,,CORRECT_TOTAL_0_11104
2974111,64,2026-05-20 11:10:00,111042,,11104,0,,0,,CORRECT_TOTAL_0_11104
2974112,64,2026-05-20 11:15:00,111042,,11105,0,,0,,CORRECT_TOTAL_0_11105
2974113,64,2026-05-20 11:20:00,111042,,11105,0,,0,,CORRECT_TOTAL_0_11105
2974114,64,2026-05-20 11:25:00,111042,,11105,0,,0,,CORRECT_TOTAL_0_11105
2974115,64,2026-05-20 11:30:00,111042,,11105,0,,0,,CORRECT_TOTAL_0_11105
2974116,64,2026-05-20 11:35:00,111042,,11104,0,,0,,CORRECT_TOTAL_0_11104
2974117,64,2026-05-20 11:40:00,111042,,11104,0,,0,,CORRECT_TOTAL_0_11104
2974118,64,2026-05-20 11:45:00,111042,,11104,0,,0,,CORRECT_TOTAL_0_11104
2974119,64,2026-05-20 11:50:00,111042,,11105,0,,0,,CORRECT_TOTAL_0_11105
2974120,64,2026-05-20 11:55:00,111042,,11105,0,,0,,CORRECT_TOTAL_0_11105
2974121,64,2026-05-20 12:00:00,111051,,11106,0,,0,,CORRECT_TOTAL_0_11106
2974122,64,2026-05-20 12:05:00,111072,,11108,0,,0,,CORRECT_TOTAL_0_11108
2974123,64,2026-05-20 12:10:00,111092,,11110,0,,0,,CORRECT_TOTAL_0_11110
2974124,64,2026-05-20 12:15:00,111112,,11112,0,,0,,CORRECT_TOTAL_0_11112
2974125,64,2026-05-20 12:20:00,111133,,11114,0,,0,,CORRECT_TOTAL_0_11114
2974126,64,2026-05-20 12:25:00,111153,,11116,0,,0,,CORRECT_TOTAL_0_11116
2974127,64,2026-05-20 12:30:00,111173,,11118,0,,0,,CORRECT_TOTAL_0_11118
2974128,64,2026-05-20 12:35:00,111189,,11119,0,,0,,CORRECT_TOTAL_0_11119
2974129,64,2026-05-20 12:40:00,111189,,11119,0,,0,,CORRECT_TOTAL_0_11119
2974130,64,2026-05-20 12:45:00,111189,,11119,0,,0,,CORRECT_TOTAL_0_11119
2974131,64,2026-05-20 12:50:00,111189,,11119,0,,0,,CORRECT_TOTAL_0_11119
2974132,64,2026-05-20 12:55:00,111189,,11119,0,,0,,CORRECT_TOTAL_0_11119
2974133,64,2026-05-20 13:00:00,111189,,11119,0,,0,,CORRECT_TOTAL_0_11119
2974134,64,2026-05-20 13:05:00,111189,,11119,0,,0,,CORRECT_TOTAL_0_11119
2974135,64,2026-05-20 13:10:00,111189,,11119,0,,0,,CORRECT_TOTAL_0_11119
2974136,64,2026-05-20 13:15:00,111189,,11119,0,,0,,CORRECT_TOTAL_0_11119
2974137,64,2026-05-20 13:20:00,111189,,11119,0,,0,,CORRECT_TOTAL_0_11119
2974138,64,2026-05-20 13:25:00,111189,,11119,0,,0,,CORRECT_TOTAL_0_11119
2974139,64,2026-05-20 13:30:00,111189,,11119,0,,0,,CORRECT_TOTAL_0_11119
2974140,64,2026-05-20 13:35:00,111189,,11119,0,,0,,CORRECT_TOTAL_0_11119
2974141,64,2026-05-20 13:40:00,111189,,11119,0,,0,,CORRECT_TOTAL_0_11119
2974142,64,2026-05-20 13:45:00,111189,,11119,0,,0,,CORRECT_TOTAL_0_11119
2974143,64,2026-05-20 13:50:00,111189,,11119,0,,0,,CORRECT_TOTAL_0_11119
2974144,64,2026-05-20 13:55:00,111189,,11119,0,,0,,CORRECT_TOTAL_0_11119
2974145,64,2026-05-20 14:00:00,111189,,11119,0,,0,,CORRECT_TOTAL_0_11119
2974146,64,2026-05-20 14:05:00,111189,,11119,0,,0,,CORRECT_TOTAL_0_11119
2974147,64,2026-05-20 14:10:00,111189,,11119,0,,0,,CORRECT_TOTAL_0_11119
2974148,64,2026-05-20 14:15:00,111189,,11119,0,,0,,CORRECT_TOTAL_0_11119
2974149,64,2026-05-20 14:20:00,111205,,11120,0,,0,,CORRECT_TOTAL_0_11120
2974150,64,2026-05-20 14:25:00,111225,,11122,0,,0,,CORRECT_TOTAL_0_11122
2974151,64,2026-05-20 14:30:00,111245,,11124,0,,0,,CORRECT_TOTAL_0_11124
2974152,64,2026-05-20 14:35:00,111264,,11126,0,,0,,CORRECT_TOTAL_0_11126
2974153,64,2026-05-20 14:40:00,111284,,11128,0,,0,,CORRECT_TOTAL_0_11128
2974154,64,2026-05-20 14:45:00,111304,,11130,0,,0,,CORRECT_TOTAL_0_11130
2974155,64,2026-05-20 14:50:00,111324,,11132,0,,0,,CORRECT_TOTAL_0_11132
2974156,64,2026-05-20 14:55:00,111343,,11134,0,,0,,CORRECT_TOTAL_0_11134
2974157,64,2026-05-20 15:00:00,111343,,11134,0,,0,,CORRECT_TOTAL_0_11134
2974158,64,2026-05-20 15:05:00,111343,,11134,0,,0,,CORRECT_TOTAL_0_11134
2974159,64,2026-05-20 15:10:00,111343,,11134,0,,0,,CORRECT_TOTAL_0_11134
2974160,64,2026-05-20 15:15:00,111343,,11134,0,,0,,CORRECT_TOTAL_0_11134
2974161,64,2026-05-20 15:20:00,111343,,11134,0,,0,,CORRECT_TOTAL_0_11134
2974162,64,2026-05-20 15:25:00,111343,,11134,0,,0,,CORRECT_TOTAL_0_11134
2974163,64,2026-05-20 15:30:00,111343,,11134,0,,0,,CORRECT_TOTAL_0_11134
2974164,64,2026-05-20 15:35:00,111343,,11134,0,,0,,CORRECT_TOTAL_0_11134
2974165,64,2026-05-20 15:40:00,111343,,11134,0,,0,,CORRECT_TOTAL_0_11134
2974166,64,2026-05-20 15:45:00,111343,,11134,0,,0,,CORRECT_TOTAL_0_11134
2974167,64,2026-05-20 15:50:00,111343,,11134,0,,0,,CORRECT_TOTAL_0_11134
2974168,64,2026-05-20 15:55:00,111343,,11134,0,,0,,CORRECT_TOTAL_0_11134
2974169,64,2026-05-20 16:00:00,111343,,11134,0,,0,,CORRECT_TOTAL_0_11134
2974170,64,2026-05-20 16:05:00,111343,,11134,0,,0,,CORRECT_TOTAL_0_11134
2974171,64,2026-05-20 16:10:00,111343,,11134,0,,0,,CORRECT_TOTAL_0_11134
2974172,64,2026-05-20 16:15:00,111343,,11134,0,,0,,CORRECT_TOTAL_0_11134
2974173,64,2026-05-20 16:20:00,111359,,11136,0,,0,,CORRECT_TOTAL_0_11136
2974174,64,2026-05-20 16:25:00,111379,,11138,0,,0,,CORRECT_TOTAL_0_11138
2974175,64,2026-05-20 16:30:00,111397,,11140,0,,0,,CORRECT_TOTAL_0_11140
2974176,64,2026-05-20 16:35:00,111418,,11142,0,,0,,CORRECT_TOTAL_0_11142
2974177,64,2026-05-20 16:40:00,111438,,11144,0,,0,,CORRECT_TOTAL_0_11144
2974178,64,2026-05-20 16:45:00,111458,,11146,0,,0,,CORRECT_TOTAL_0_11146
2974179,64,2026-05-20 16:50:00,111478,,11148,0,,0,,CORRECT_TOTAL_0_11148
2974180,64,2026-05-20 16:55:00,111498,,11150,0,,0,,CORRECT_TOTAL_0_11150
2974181,64,2026-05-20 17:00:00,111520,,11152,0,,0,,CORRECT_TOTAL_0_11152
2974182,64,2026-05-20 17:05:00,111541,,11154,0,,0,,CORRECT_TOTAL_0_11154
2974183,64,2026-05-20 17:10:00,111551,,11155,0,,0,,CORRECT_TOTAL_0_11155
2974184,64,2026-05-20 17:15:00,111551,,11155,0,,0,,CORRECT_TOTAL_0_11155
2974185,64,2026-05-20 17:20:00,111551,,11155,0,,0,,CORRECT_TOTAL_0_11155
2974186,64,2026-05-20 17:25:00,111551,,11155,0,,0,,CORRECT_TOTAL_0_11155
2974187,64,2026-05-20 17:30:00,111551,,11155,0,,0,,CORRECT_TOTAL_0_11155
2974188,64,2026-05-20 17:35:00,111551,,11155,0,,0,,CORRECT_TOTAL_0_11155
2974189,64,2026-05-20 17:40:00,111551,,11155,0,,0,,CORRECT_TOTAL_0_11155
2974190,64,2026-05-20 17:45:00,111551,,11155,0,,0,,CORRECT_TOTAL_0_11155
2974191,64,2026-05-20 17:50:00,111551,,11155,0,,0,,CORRECT_TOTAL_0_11155
2974192,64,2026-05-20 17:55:00,111551,,11155,0,,0,,CORRECT_TOTAL_0_11155
2974193,64,2026-05-20 18:00:00,111551,,11155,0,,0,,CORRECT_TOTAL_0_11155
2974194,64,2026-05-20 18:05:00,111551,,11155,0,,0,,CORRECT_TOTAL_0_11155
2974195,64,2026-05-20 18:10:00,111551,,11155,0,,0,,CORRECT_TOTAL_0_11155
2974196,64,2026-05-20 18:15:00,111551,,11155,0,,0,,CORRECT_TOTAL_0_11155
2974197,64,2026-05-20 18:20:00,111558,,11156,0,,0,,CORRECT_TOTAL_0_11156
2974198,64,2026-05-20 18:25:00,111577,,11158,0,,0,,CORRECT_TOTAL_0_11158
2974199,64,2026-05-20 18:30:00,111597,,11160,0,,0,,CORRECT_TOTAL_0_11160
2974200,64,2026-05-20 18:35:00,111617,,11162,0,,0,,CORRECT_TOTAL_0_11162
2974201,64,2026-05-20 18:40:00,111638,,11164,0,,0,,CORRECT_TOTAL_0_11164
2974202,64,2026-05-20 18:45:00,111658,,11166,0,,0,,CORRECT_TOTAL_0_11166
2974203,64,2026-05-20 18:50:00,111678,,11168,0,,0,,CORRECT_TOTAL_0_11168
2974204,64,2026-05-20 18:55:00,111699,,11170,0,,0,,CORRECT_TOTAL_0_11170
2974205,64,2026-05-20 19:00:00,111719,,11172,0,,0,,CORRECT_TOTAL_0_11172
2974206,64,2026-05-20 19:05:00,111721,,11172,0,,0,,CORRECT_TOTAL_0_11172
2974207,64,2026-05-20 19:10:00,111721,,11172,0,,0,,CORRECT_TOTAL_0_11172
2974208,64,2026-05-20 19:15:00,111721,,11172,0,,0,,CORRECT_TOTAL_0_11172
2974209,64,2026-05-20 19:20:00,111721,,11172,0,,0,,CORRECT_TOTAL_0_11172
2974210,64,2026-05-20 19:25:00,111721,,11172,0,,0,,CORRECT_TOTAL_0_11172
2974211,64,2026-05-20 19:30:00,111721,,11172,0,,0,,CORRECT_TOTAL_0_11172
2974212,64,2026-05-20 19:35:00,111721,,11172,0,,0,,CORRECT_TOTAL_0_11172
2974213,64,2026-05-20 19:40:00,111721,,11172,0,,0,,CORRECT_TOTAL_0_11172
2974214,64,2026-05-20 19:45:00,111721,,11172,0,,0,,CORRECT_TOTAL_0_11172
2974215,64,2026-05-20 19:50:00,111721,,11172,0,,0,,CORRECT_TOTAL_0_11172
2974216,64,2026-05-20 19:55:00,111721,,11172,0,,0,,CORRECT_TOTAL_0_11172
2974217,64,2026-05-20 20:00:00,111721,,11172,0,,0,,CORRECT_TOTAL_0_11172
2974218,64,2026-05-20 20:05:00,111721,,11172,0,,0,,CORRECT_TOTAL_0_11172
2974219,64,2026-05-20 20:10:00,111721,,11172,0,,0,,CORRECT_TOTAL_0_11172
2974220,64,2026-05-20 20:15:00,111721,,11172,0,,0,,CORRECT_TOTAL_0_11172
2974221,64,2026-05-20 20:20:00,111721,,11172,0,,0,,CORRECT_TOTAL_0_11172
2974222,64,2026-05-20 20:25:00,111721,,11172,0,,0,,CORRECT_TOTAL_0_11172
2974223,64,2026-05-20 20:30:00,111731,,11173,0,,0,,CORRECT_TOTAL_0_11173
2974224,64,2026-05-20 20:35:00,111751,,11175,0,,0,,CORRECT_TOTAL_0_11175
2974225,64,2026-05-20 20:40:00,111771,,11177,0,,0,,CORRECT_TOTAL_0_11177
2974226,64,2026-05-20 20:45:00,111792,,11179,0,,0,,CORRECT_TOTAL_0_11179
2974227,64,2026-05-20 20:50:00,111812,,11181,0,,0,,CORRECT_TOTAL_0_11181
2974228,64,2026-05-20 20:55:00,111833,,11183,0,,0,,CORRECT_TOTAL_0_11183
2974229,64,2026-05-20 21:00:00,111853,,11185,0,,0,,CORRECT_TOTAL_0_11185
2974230,64,2026-05-20 21:05:00,111873,,11187,0,,0,,CORRECT_TOTAL_0_11187
2974231,64,2026-05-20 21:10:00,111893,,11189,0,,0,,CORRECT_TOTAL_0_11189
2974232,64,2026-05-20 21:15:00,111899,,11190,0,,0,,CORRECT_TOTAL_0_11190
2974233,64,2026-05-20 21:20:00,111899,,11190,0,,0,,CORRECT_TOTAL_0_11190
2974234,64,2026-05-20 21:25:00,111899,,11190,0,,0,,CORRECT_TOTAL_0_11190
2974235,64,2026-05-20 21:30:00,111899,,11190,0,,0,,CORRECT_TOTAL_0_11190
2974236,64,2026-05-20 21:35:00,111899,,11190,0,,0,,CORRECT_TOTAL_0_11190
2974237,64,2026-05-20 21:40:00,111899,,11190,0,,0,,CORRECT_TOTAL_0_11190
2974238,64,2026-05-20 21:45:00,111899,,11190,0,,0,,CORRECT_TOTAL_0_11190
2974239,64,2026-05-20 21:50:00,111899,,11190,0,,0,,CORRECT_TOTAL_0_11190
2974240,64,2026-05-20 21:55:00,111899,,11190,0,,0,,CORRECT_TOTAL_0_11190
2974241,64,2026-05-20 22:00:00,111899,,11190,0,,0,,CORRECT_TOTAL_0_11190
2974242,64,2026-05-20 22:05:00,111899,,11190,0,,0,,CORRECT_TOTAL_0_11190
2974243,64,2026-05-20 22:10:00,111915,,11191,0,,0,,CORRECT_TOTAL_0_11191
2974244,64,2026-05-20 22:15:00,111936,,11193,0,,0,,CORRECT_TOTAL_0_11193
2974245,64,2026-05-20 22:20:00,111956,,11195,0,,0,,CORRECT_TOTAL_0_11195
2974246,64,2026-05-20 22:25:00,111976,,11197,0,,0,,CORRECT_TOTAL_0_11197
2974247,64,2026-05-20 22:30:00,111997,,11200,0,,0,,CORRECT_TOTAL_0_11200
2974248,64,2026-05-20 22:35:00,112017,,11202,0,,0,,CORRECT_TOTAL_0_11202
2974249,64,2026-05-20 22:40:00,112037,,11204,0,,0,,CORRECT_TOTAL_0_11204
2974250,64,2026-05-20 22:45:00,112057,,11206,0,,0,,CORRECT_TOTAL_0_11206
2974251,64,2026-05-20 22:50:00,112077,,11208,0,,0,,CORRECT_TOTAL_0_11208
2974252,64,2026-05-20 22:55:00,112097,,11210,0,,0,,CORRECT_TOTAL_0_11210
2974253,64,2026-05-20 23:00:00,112117,,11212,0,,0,,CORRECT_TOTAL_0_11212
2974254,64,2026-05-20 23:05:00,112123,,11212,0,,0,,CORRECT_TOTAL_0_11212
2974255,64,2026-05-20 23:10:00,112123,,11212,0,,0,,CORRECT_TOTAL_0_11212
2974256,64,2026-05-20 23:15:00,112123,,11212,0,,0,,CORRECT_TOTAL_0_11212
2974257,64,2026-05-20 23:20:00,112123,,11212,0,,0,,CORRECT_TOTAL_0_11212
2974258,64,2026-05-20 23:25:00,112123,,11212,0,,0,,CORRECT_TOTAL_0_11212
2974259,64,2026-05-20 23:30:00,112123,,11212,0,,0,,CORRECT_TOTAL_0_11212
2974260,64,2026-05-20 23:35:00,112123,,11212,0,,0,,CORRECT_TOTAL_0_11212
2974261,64,2026-05-20 23:40:00,112123,,11212,0,,0,,CORRECT_TOTAL_0_11212
2974262,64,2026-05-20 23:45:00,112123,,11212,0,,0,,CORRECT_TOTAL_0_11212
2974263,64,2026-05-20 23:50:00,112123,,11212,0,,0,,CORRECT_TOTAL_0_11212
2974264,64,2026-05-20 23:55:00,112123,,11212,0,,0,,CORRECT_TOTAL_0_11212
2974265,64,2026-05-21 00:00:00,112123,,11212,0,,0,,CORRECT_TOTAL_0_11212
2974266,64,2026-05-21 00:05:00,112123,,11212,0,,0,,CORRECT_TOTAL_0_11212
2974267,64,2026-05-21 00:10:00,112123,,11212,0,,0,,CORRECT_TOTAL_0_11212
2974268,64,2026-05-21 00:15:00,112126,,11212,0,,0,,CORRECT_TOTAL_0_11212
2974269,64,2026-05-21 00:20:00,112147,,11215,0,,0,,CORRECT_TOTAL_0_11215
2974270,64,2026-05-21 00:25:00,112165,,11216,0,,0,,CORRECT_TOTAL_0_11216
2974271,64,2026-05-21 00:30:00,112185,,11218,0,,0,,CORRECT_TOTAL_0_11218
2974272,64,2026-05-21 00:35:00,112206,,11220,0,,0,,CORRECT_TOTAL_0_11220
2974273,64,2026-05-21 00:40:00,112226,,11222,0,,0,,CORRECT_TOTAL_0_11222
2974274,64,2026-05-21 00:45:00,112246,,11224,0,,0,,CORRECT_TOTAL_0_11224
2974275,64,2026-05-21 00:50:00,112266,,11226,0,,0,,CORRECT_TOTAL_0_11226
2974276,64,2026-05-21 00:55:00,112283,,11228,0,,0,,CORRECT_TOTAL_0_11228
2974277,64,2026-05-21 01:00:00,112283,,11228,0,,0,,CORRECT_TOTAL_0_11228
2974278,64,2026-05-21 01:05:00,112283,,11228,0,,0,,CORRECT_TOTAL_0_11228
2974279,64,2026-05-21 01:10:00,112283,,11228,0,,0,,CORRECT_TOTAL_0_11228
2974280,64,2026-05-21 01:15:00,112283,,11228,0,,0,,CORRECT_TOTAL_0_11228
2974281,64,2026-05-21 01:20:00,112283,,11228,0,,0,,CORRECT_TOTAL_0_11228
2974282,64,2026-05-21 01:25:00,112283,,11228,0,,0,,CORRECT_TOTAL_0_11228
2974283,64,2026-05-21 01:30:00,112283,,11228,0,,0,,CORRECT_TOTAL_0_11228
2974284,64,2026-05-21 01:35:00,112283,,11228,0,,0,,CORRECT_TOTAL_0_11228
2974285,64,2026-05-21 01:40:00,112283,,11228,0,,0,,CORRECT_TOTAL_0_11228
2974286,64,2026-05-21 01:45:00,112283,,11228,0,,0,,CORRECT_TOTAL_0_11228
2974287,64,2026-05-21 01:50:00,112283,,11228,0,,0,,CORRECT_TOTAL_0_11228
2974288,64,2026-05-21 01:55:00,112283,,11228,0,,0,,CORRECT_TOTAL_0_11228
2974289,64,2026-05-21 02:00:00,112283,,11228,0,,0,,CORRECT_TOTAL_0_11228
2974290,64,2026-05-21 02:05:00,112283,,11228,0,,0,,CORRECT_TOTAL_0_11228
2974291,64,2026-05-21 02:10:00,112283,,11228,0,,0,,CORRECT_TOTAL_0_11228
2974292,64,2026-05-21 02:15:00,112283,,11228,0,,0,,CORRECT_TOTAL_0_11228
2974293,64,2026-05-21 02:20:00,112283,,11228,0,,0,,CORRECT_TOTAL_0_11228
2974294,64,2026-05-21 02:25:00,112283,,11228,0,,0,,CORRECT_TOTAL_0_11228
2974295,64,2026-05-21 02:30:00,112283,,11228,0,,0,,CORRECT_TOTAL_0_11228
2974296,64,2026-05-21 02:35:00,112283,,11228,0,,0,,CORRECT_TOTAL_0_11228
2974297,64,2026-05-21 02:40:00,112283,,11228,0,,0,,CORRECT_TOTAL_0_11228
2974298,64,2026-05-21 02:45:00,112283,,11228,0,,0,,CORRECT_TOTAL_0_11228
2974299,64,2026-05-21 02:50:00,112283,,11228,0,,0,,CORRECT_TOTAL_0_11228
2974300,64,2026-05-21 02:55:00,112283,,11228,0,,0,,CORRECT_TOTAL_0_11228
2974301,64,2026-05-21 03:00:00,112283,,11228,0,,0,,CORRECT_TOTAL_0_11228
2974302,64,2026-05-21 03:05:00,112283,,11228,0,,0,,CORRECT_TOTAL_0_11228
2974303,64,2026-05-21 03:10:00,112283,,11228,0,,0,,CORRECT_TOTAL_0_11228
2974304,64,2026-05-21 03:15:00,112283,,11228,0,,0,,CORRECT_TOTAL_0_11228
2974305,64,2026-05-21 03:20:00,112283,,11228,0,,0,,CORRECT_TOTAL_0_11228
2974306,64,2026-05-21 03:25:00,112283,,11228,0,,0,,CORRECT_TOTAL_0_11228
2974307,64,2026-05-21 03:30:00,112301,,11230,0,,0,,CORRECT_TOTAL_0_11230
2974308,64,2026-05-21 03:35:00,112321,,11232,0,,0,,CORRECT_TOTAL_0_11232
2974309,64,2026-05-21 03:40:00,112341,,11234,0,,0,,CORRECT_TOTAL_0_11234
2974310,64,2026-05-21 03:45:00,112363,,11236,0,,0,,CORRECT_TOTAL_0_11236
2974311,64,2026-05-21 03:50:00,112384,,11238,0,,0,,CORRECT_TOTAL_0_11238
2974312,64,2026-05-21 03:55:00,112404,,11240,0,,0,,CORRECT_TOTAL_0_11240
2974313,64,2026-05-21 04:00:00,112415,,11241,0,,0,,CORRECT_TOTAL_0_11241
2974314,64,2026-05-21 04:05:00,112415,,11241,0,,0,,CORRECT_TOTAL_0_11241
2974315,64,2026-05-21 04:10:00,112415,,11241,0,,0,,CORRECT_TOTAL_0_11241
2974316,64,2026-05-21 04:15:00,112415,,11241,0,,0,,CORRECT_TOTAL_0_11241
2974317,64,2026-05-21 04:20:00,112415,,11241,0,,0,,CORRECT_TOTAL_0_11241
2974318,64,2026-05-21 04:25:00,112415,,11241,0,,0,,CORRECT_TOTAL_0_11241
2974319,64,2026-05-21 04:30:00,112415,,11241,0,,0,,CORRECT_TOTAL_0_11241
2974320,64,2026-05-21 04:35:00,112415,,11241,0,,0,,CORRECT_TOTAL_0_11241
2974321,64,2026-05-21 04:40:00,112415,,11241,0,,0,,CORRECT_TOTAL_0_11241
2974322,64,2026-05-21 04:45:00,112415,,11241,0,,0,,CORRECT_TOTAL_0_11241
2974323,64,2026-05-21 04:50:00,112415,,11241,0,,0,,CORRECT_TOTAL_0_11241
2974324,64,2026-05-21 04:55:00,112415,,11241,0,,0,,CORRECT_TOTAL_0_11241
2974325,64,2026-05-21 05:00:00,112415,,11241,0,,0,,CORRECT_TOTAL_0_11241
2974326,64,2026-05-21 05:05:00,112415,,11241,0,,0,,CORRECT_TOTAL_0_11241
2974327,64,2026-05-21 05:10:00,112415,,11241,0,,0,,CORRECT_TOTAL_0_11241
2974328,64,2026-05-21 05:15:00,112415,,11241,0,,0,,CORRECT_TOTAL_0_11241
2974329,64,2026-05-21 05:20:00,112415,,11241,0,,0,,CORRECT_TOTAL_0_11241
2974330,64,2026-05-21 05:25:00,112415,,11241,0,,0,,CORRECT_TOTAL_0_11241
2974331,64,2026-05-21 05:30:00,112415,,11241,0,,0,,CORRECT_TOTAL_0_11241
2974332,64,2026-05-21 05:35:00,112415,,11241,0,,0,,CORRECT_TOTAL_0_11241
2974333,64,2026-05-21 05:40:00,112415,,11241,0,,0,,CORRECT_TOTAL_0_11241
2974334,64,2026-05-21 05:45:00,112415,,11241,0,,0,,CORRECT_TOTAL_0_11241
2974335,64,2026-05-21 05:50:00,112415,,11241,0,,0,,CORRECT_TOTAL_0_11241
2974336,64,2026-05-21 05:55:00,112415,,11241,0,,0,,CORRECT_TOTAL_0_11241
2974337,64,2026-05-21 06:00:00,112415,,11241,0,,0,,CORRECT_TOTAL_0_11241
2974338,64,2026-05-21 06:05:00,112415,,11241,0,,0,,CORRECT_TOTAL_0_11241
2974339,64,2026-05-21 06:10:00,112415,,11241,0,,0,,CORRECT_TOTAL_0_11241
2974340,64,2026-05-21 06:15:00,112415,,11241,0,,0,,CORRECT_TOTAL_0_11241
2974341,64,2026-05-21 06:20:00,112415,,11241,0,,0,,CORRECT_TOTAL_0_11241
2974342,64,2026-05-21 06:25:00,112415,,11241,0,,0,,CORRECT_TOTAL_0_11241
2974343,64,2026-05-21 06:30:00,112415,,11241,0,,0,,CORRECT_TOTAL_0_11241
2974344,64,2026-05-21 06:35:00,112415,,11241,0,,0,,CORRECT_TOTAL_0_11241
2974345,64,2026-05-21 06:40:00,112415,,11241,0,,0,,CORRECT_TOTAL_0_11241
2974346,64,2026-05-21 06:45:00,112415,,11241,0,,0,,CORRECT_TOTAL_0_11241
2974347,64,2026-05-21 06:50:00,112415,,11241,0,,0,,CORRECT_TOTAL_0_11241
2974348,64,2026-05-21 06:55:00,112415,,11241,0,,0,,CORRECT_TOTAL_0_11241
2974349,64,2026-05-21 07:00:00,112415,,11241,0,,0,,CORRECT_TOTAL_0_11241
2974350,64,2026-05-21 07:05:00,112434,,11243,0,,0,,CORRECT_TOTAL_0_11243
2974351,64,2026-05-21 07:10:00,112456,,11245,0,,0,,CORRECT_TOTAL_0_11245
2974352,64,2026-05-21 07:15:00,112476,,11247,0,,0,,CORRECT_TOTAL_0_11247
2974353,64,2026-05-21 07:20:00,112496,,11249,0,,0,,CORRECT_TOTAL_0_11249
2974354,64,2026-05-21 07:25:00,112517,,11252,0,,0,,CORRECT_TOTAL_0_11252
2974355,64,2026-05-21 07:30:00,112535,,11253,0,,0,,CORRECT_TOTAL_0_11253
2974356,64,2026-05-21 07:35:00,112549,,11255,0,,0,,CORRECT_TOTAL_0_11255
2974357,64,2026-05-21 07:40:00,112549,,11255,0,,0,,CORRECT_TOTAL_0_11255
2974358,64,2026-05-21 07:45:00,112549,,11255,0,,0,,CORRECT_TOTAL_0_11255
2974359,64,2026-05-21 07:50:00,112549,,11255,0,,0,,CORRECT_TOTAL_0_11255
2974360,64,2026-05-21 07:55:00,112549,,11255,0,,0,,CORRECT_TOTAL_0_11255
2974361,64,2026-05-21 08:00:00,112549,,11255,0,,0,,CORRECT_TOTAL_0_11255
2974362,64,2026-05-21 08:05:00,112549,,11255,0,,0,,CORRECT_TOTAL_0_11255
2974363,64,2026-05-21 08:10:00,112549,,11255,0,,0,,CORRECT_TOTAL_0_11255
2974364,64,2026-05-21 08:15:00,112549,,11255,0,,0,,CORRECT_TOTAL_0_11255
2974365,64,2026-05-21 08:20:00,112549,,11255,0,,0,,CORRECT_TOTAL_0_11255
2974366,64,2026-05-21 08:25:00,112549,,11255,0,,0,,CORRECT_TOTAL_0_11255
2974367,64,2026-05-21 08:30:00,112549,,11255,0,,0,,CORRECT_TOTAL_0_11255
2974368,64,2026-05-21 08:35:00,112549,,11255,0,,0,,CORRECT_TOTAL_0_11255
2974369,64,2026-05-21 08:40:00,112549,,11255,0,,0,,CORRECT_TOTAL_0_11255
2974370,64,2026-05-21 08:45:00,112549,,11255,0,,0,,CORRECT_TOTAL_0_11255
2974371,64,2026-05-21 08:50:00,112549,,11255,0,,0,,CORRECT_TOTAL_0_11255
2974372,64,2026-05-21 08:55:00,112549,,11255,0,,0,,CORRECT_TOTAL_0_11255
2974373,64,2026-05-21 09:00:00,112549,,11255,0,,0,,CORRECT_TOTAL_0_11255
2974374,64,2026-05-21 09:05:00,112549,,11255,0,,0,,CORRECT_TOTAL_0_11255
2974375,64,2026-05-21 09:10:00,112549,,11255,0,,0,,CORRECT_TOTAL_0_11255
2974376,64,2026-05-21 09:15:00,112549,,11255,0,,0,,CORRECT_TOTAL_0_11255
2974377,64,2026-05-21 09:20:00,112549,,11255,0,,0,,CORRECT_TOTAL_0_11255
2974378,64,2026-05-21 09:25:00,112549,,11255,0,,0,,CORRECT_TOTAL_0_11255
2974379,64,2026-05-21 09:30:00,112549,,11255,0,,0,,CORRECT_TOTAL_0_11255
2974380,64,2026-05-21 09:35:00,112549,,11255,0,,0,,CORRECT_TOTAL_0_11255
2974381,64,2026-05-21 09:40:00,112549,,11255,0,,0,,CORRECT_TOTAL_0_11255
2974382,64,2026-05-21 09:45:00,112549,,11255,0,,0,,CORRECT_TOTAL_0_11255
2974383,64,2026-05-21 09:50:00,112549,,11255,0,,0,,CORRECT_TOTAL_0_11255
2974384,64,2026-05-21 09:55:00,112549,,11255,0,,0,,CORRECT_TOTAL_0_11255
2974385,64,2026-05-21 10:00:00,112549,,11255,0,,0,,CORRECT_TOTAL_0_11255
2974386,64,2026-05-21 10:05:00,112549,,11255,0,,0,,CORRECT_TOTAL_0_11255
2974387,64,2026-05-21 10:10:00,112549,,11255,0,,0,,CORRECT_TOTAL_0_11255
2974388,64,2026-05-21 10:15:00,112549,,11255,0,,0,,CORRECT_TOTAL_0_11255
2974389,64,2026-05-21 10:20:00,112549,,11255,0,,0,,CORRECT_TOTAL_0_11255
2974390,64,2026-05-21 10:25:00,112549,,11255,0,,0,,CORRECT_TOTAL_0_11255
2974391,64,2026-05-21 10:30:00,112550,,11255,0,,0,,CORRECT_TOTAL_0_11255
2974392,64,2026-05-21 10:35:00,112571,,11257,0,,0,,CORRECT_TOTAL_0_11257
2974393,64,2026-05-21 10:40:00,112591,,11259,0,,0,,CORRECT_TOTAL_0_11259
2974394,64,2026-05-21 10:45:00,112612,,11261,0,,0,,CORRECT_TOTAL_0_11261
2974395,64,2026-05-21 10:50:00,112634,,11263,0,,0,,CORRECT_TOTAL_0_11263
2974396,64,2026-05-21 10:55:00,112654,,11265,0,,0,,CORRECT_TOTAL_0_11265
2974397,64,2026-05-21 11:00:00,112675,,11267,0,,0,,CORRECT_TOTAL_0_11267
2974398,64,2026-05-21 11:05:00,112685,,11268,0,,0,,CORRECT_TOTAL_0_11268
2974399,64,2026-05-21 11:10:00,112685,,11268,0,,0,,CORRECT_TOTAL_0_11268
2974400,64,2026-05-21 11:15:00,112685,,11268,0,,0,,CORRECT_TOTAL_0_11268
2974401,64,2026-05-21 11:20:00,112685,,11268,0,,0,,CORRECT_TOTAL_0_11268
2974402,64,2026-05-21 11:25:00,112685,,11268,0,,0,,CORRECT_TOTAL_0_11268
2974403,64,2026-05-21 11:30:00,112685,,11268,0,,0,,CORRECT_TOTAL_0_11268
2974404,64,2026-05-21 11:35:00,112685,,11268,0,,0,,CORRECT_TOTAL_0_11268
2974405,64,2026-05-21 11:40:00,112685,,11268,0,,0,,CORRECT_TOTAL_0_11268
2974406,64,2026-05-21 11:45:00,112685,,11268,0,,0,,CORRECT_TOTAL_0_11268
2974407,64,2026-05-21 11:50:00,112685,,11268,0,,0,,CORRECT_TOTAL_0_11268
2974408,64,2026-05-21 11:55:00,112685,,11268,0,,0,,CORRECT_TOTAL_0_11268
2974409,64,2026-05-21 12:00:00,112685,,11268,0,,0,,CORRECT_TOTAL_0_11268
2974410,64,2026-05-21 12:05:00,112685,,11268,0,,0,,CORRECT_TOTAL_0_11268
2974411,64,2026-05-21 12:10:00,112685,,11268,0,,0,,CORRECT_TOTAL_0_11268
2974412,64,2026-05-21 12:15:00,112685,,11268,0,,0,,CORRECT_TOTAL_0_11268
2974413,64,2026-05-21 12:20:00,112685,,11268,0,,0,,CORRECT_TOTAL_0_11268
2974414,64,2026-05-21 12:25:00,112685,,11268,0,,0,,CORRECT_TOTAL_0_11268
2974415,64,2026-05-21 12:30:00,112685,,11268,0,,0,,CORRECT_TOTAL_0_11268
2974416,64,2026-05-21 12:35:00,112685,,11268,0,,0,,CORRECT_TOTAL_0_11268
2974417,64,2026-05-21 12:40:00,112685,,11268,0,,0,,CORRECT_TOTAL_0_11268
2974418,64,2026-05-21 12:45:00,112685,,11268,0,,0,,CORRECT_TOTAL_0_11268
2974419,64,2026-05-21 12:50:00,112685,,11268,0,,0,,CORRECT_TOTAL_0_11268
2974420,64,2026-05-21 12:55:00,112685,,11268,0,,0,,CORRECT_TOTAL_0_11268
2974421,64,2026-05-21 13:00:00,112685,,11268,0,,0,,CORRECT_TOTAL_0_11268
2974422,64,2026-05-21 13:05:00,112685,,11268,0,,0,,CORRECT_TOTAL_0_11268
2974423,64,2026-05-21 13:10:00,112685,,11268,0,,0,,CORRECT_TOTAL_0_11268
2974424,64,2026-05-21 13:15:00,112685,,11268,0,,0,,CORRECT_TOTAL_0_11268
2974425,64,2026-05-21 13:20:00,112685,,11268,0,,0,,CORRECT_TOTAL_0_11268
2974426,64,2026-05-21 13:25:00,112685,,11268,0,,0,,CORRECT_TOTAL_0_11268
2974427,64,2026-05-21 13:30:00,112685,,11268,0,,0,,CORRECT_TOTAL_0_11268
2974428,64,2026-05-21 13:35:00,112685,,11268,0,,0,,CORRECT_TOTAL_0_11268
2974429,64,2026-05-21 13:40:00,112685,,11268,0,,0,,CORRECT_TOTAL_0_11268
2974430,64,2026-05-21 13:45:00,112685,,11268,0,,0,,CORRECT_TOTAL_0_11268
2974431,64,2026-05-21 13:50:00,112685,,11268,0,,0,,CORRECT_TOTAL_0_11268
2974432,64,2026-05-21 13:55:00,112685,,11268,0,,0,,CORRECT_TOTAL_0_11268
2974433,64,2026-05-21 14:00:00,112687,,11269,0,,0,,CORRECT_TOTAL_0_11269
2974434,64,2026-05-21 14:05:00,112707,,11271,0,,0,,CORRECT_TOTAL_0_11271
2974435,64,2026-05-21 14:10:00,112728,,11273,0,,0,,CORRECT_TOTAL_0_11273
2974436,64,2026-05-21 14:15:00,112750,,11275,0,,0,,CORRECT_TOTAL_0_11275
2974437,64,2026-05-21 14:20:00,112770,,11277,0,,0,,CORRECT_TOTAL_0_11277
2974438,64,2026-05-21 14:25:00,112791,,11279,0,,0,,CORRECT_TOTAL_0_11279
2974439,64,2026-05-21 14:30:00,112809,,11281,0,,0,,CORRECT_TOTAL_0_11281
2974440,64,2026-05-21 14:35:00,112820,,11282,0,,0,,CORRECT_TOTAL_0_11282
2974441,64,2026-05-21 14:40:00,112820,,11282,0,,0,,CORRECT_TOTAL_0_11282
2974442,64,2026-05-21 14:45:00,112820,,11282,0,,0,,CORRECT_TOTAL_0_11282
2974443,64,2026-05-21 14:50:00,112820,,11282,0,,0,,CORRECT_TOTAL_0_11282
2974444,64,2026-05-21 14:55:00,112820,,11282,0,,0,,CORRECT_TOTAL_0_11282
2974445,64,2026-05-21 15:00:00,112820,,11282,0,,0,,CORRECT_TOTAL_0_11282
2974446,64,2026-05-21 15:05:00,112820,,11282,0,,0,,CORRECT_TOTAL_0_11282
2974447,64,2026-05-21 15:10:00,112820,,11282,0,,0,,CORRECT_TOTAL_0_11282
2974448,64,2026-05-21 15:15:00,112820,,11282,0,,0,,CORRECT_TOTAL_0_11282
2974449,64,2026-05-21 15:20:00,112820,,11282,0,,0,,CORRECT_TOTAL_0_11282
2974450,64,2026-05-21 15:25:00,112820,,11282,0,,0,,CORRECT_TOTAL_0_11282
2974451,64,2026-05-21 15:30:00,112820,,11282,0,,0,,CORRECT_TOTAL_0_11282
2974452,64,2026-05-21 15:35:00,112820,,11282,0,,0,,CORRECT_TOTAL_0_11282
2974453,64,2026-05-21 15:40:00,112820,,11282,0,,0,,CORRECT_TOTAL_0_11282
2974454,64,2026-05-21 15:45:00,112820,,11282,0,,0,,CORRECT_TOTAL_0_11282
2974455,64,2026-05-21 15:50:00,112820,,11282,0,,0,,CORRECT_TOTAL_0_11282
2974456,64,2026-05-21 15:55:00,112820,,11282,0,,0,,CORRECT_TOTAL_0_11282
2974457,64,2026-05-21 16:00:00,112820,,11282,0,,0,,CORRECT_TOTAL_0_11282
2974458,64,2026-05-21 16:05:00,112820,,11282,0,,0,,CORRECT_TOTAL_0_11282
2974459,64,2026-05-21 16:10:00,112820,,11282,0,,0,,CORRECT_TOTAL_0_11282
2974460,64,2026-05-21 16:15:00,112820,,11282,0,,0,,CORRECT_TOTAL_0_11282
2974461,64,2026-05-21 16:20:00,112820,,11282,0,,0,,CORRECT_TOTAL_0_11282
2974462,64,2026-05-21 16:25:00,112820,,11282,0,,0,,CORRECT_TOTAL_0_11282
2974463,64,2026-05-21 16:30:00,112820,,11282,0,,0,,CORRECT_TOTAL_0_11282
2974464,64,2026-05-21 16:35:00,112820,,11282,0,,0,,CORRECT_TOTAL_0_11282
2974466,64,2026-05-21 16:40:00,112820,,11282,0,,0,,CORRECT_TOTAL_0_11282
2974467,64,2026-05-21 16:45:00,112820,,11282,0,,0,,CORRECT_TOTAL_0_11282
2974468,64,2026-05-21 16:50:00,112820,,11282,0,,0,,CORRECT_TOTAL_0_11282
2974469,64,2026-05-21 16:55:00,112820,,11282,0,,0,,CORRECT_TOTAL_0_11282
2974470,64,2026-05-21 17:00:00,112820,,11282,0,,0,,CORRECT_TOTAL_0_11282
2974471,64,2026-05-21 17:05:00,112820,,11282,0,,0,,CORRECT_TOTAL_0_11282
2974472,64,2026-05-21 17:10:00,112820,,11282,0,,0,,CORRECT_TOTAL_0_11282
2974473,64,2026-05-21 17:15:00,112820,,11282,0,,0,,CORRECT_TOTAL_0_11282
2974474,64,2026-05-21 17:20:00,112820,,11282,0,,0,,CORRECT_TOTAL_0_11282
2974475,64,2026-05-21 17:25:00,112820,,11282,0,,0,,CORRECT_TOTAL_0_11282
2974476,64,2026-05-21 17:30:00,112825,,11282,0,,0,,CORRECT_TOTAL_0_11282
2974477,64,2026-05-21 17:35:00,112845,,11284,0,,0,,CORRECT_TOTAL_0_11284
2974478,64,2026-05-21 17:40:00,112866,,11286,0,,0,,CORRECT_TOTAL_0_11286
2974479,64,2026-05-21 17:45:00,112886,,11288,0,,0,,CORRECT_TOTAL_0_11288
2974480,64,2026-05-21 17:50:00,112906,,11290,0,,0,,CORRECT_TOTAL_0_11290
2974481,64,2026-05-21 17:55:00,112927,,11293,0,,0,,CORRECT_TOTAL_0_11293
2974482,64,2026-05-21 18:00:00,112947,,11295,0,,0,,CORRECT_TOTAL_0_11295
2974483,64,2026-05-21 18:05:00,112953,,11295,0,,0,,CORRECT_TOTAL_0_11295
2974484,64,2026-05-21 18:10:00,112953,,11295,0,,0,,CORRECT_TOTAL_0_11295
2974485,64,2026-05-21 18:15:00,112953,,11295,0,,0,,CORRECT_TOTAL_0_11295
2974486,64,2026-05-21 18:20:00,112953,,11295,0,,0,,CORRECT_TOTAL_0_11295
2974487,64,2026-05-21 18:25:00,112953,,11295,0,,0,,CORRECT_TOTAL_0_11295
2974488,64,2026-05-21 18:30:00,112953,,11295,0,,0,,CORRECT_TOTAL_0_11295
2974489,64,2026-05-21 18:35:00,112953,,11295,0,,0,,CORRECT_TOTAL_0_11295
2974490,64,2026-05-21 18:40:00,112953,,11295,0,,0,,CORRECT_TOTAL_0_11295
2974491,64,2026-05-21 18:45:00,112953,,11295,0,,0,,CORRECT_TOTAL_0_11295
2974492,64,2026-05-21 18:50:00,112953,,11295,0,,0,,CORRECT_TOTAL_0_11295
2974493,64,2026-05-21 18:55:00,112953,,11295,0,,0,,CORRECT_TOTAL_0_11295
2974494,64,2026-05-21 19:00:00,112953,,11295,0,,0,,CORRECT_TOTAL_0_11295
2974495,64,2026-05-21 19:05:00,112953,,11295,0,,0,,CORRECT_TOTAL_0_11295
2974496,64,2026-05-21 19:10:00,112953,,11295,0,,0,,CORRECT_TOTAL_0_11295
2974497,64,2026-05-21 19:15:00,112953,,11295,0,,0,,CORRECT_TOTAL_0_11295
2974498,64,2026-05-21 19:20:00,112953,,11295,0,,0,,CORRECT_TOTAL_0_11295
2974499,64,2026-05-21 19:25:00,112953,,11295,0,,0,,CORRECT_TOTAL_0_11295
2974500,64,2026-05-21 19:30:00,112953,,11295,0,,0,,CORRECT_TOTAL_0_11295
2974501,64,2026-05-21 19:35:00,112953,,11295,0,,0,,CORRECT_TOTAL_0_11295
2974502,64,2026-05-21 19:40:00,112953,,11295,0,,0,,CORRECT_TOTAL_0_11295
2974503,64,2026-05-21 19:45:00,112953,,11295,0,,0,,CORRECT_TOTAL_0_11295
2974504,64,2026-05-21 19:50:00,112953,,11295,0,,0,,CORRECT_TOTAL_0_11295
2974505,64,2026-05-21 19:55:00,112953,,11295,0,,0,,CORRECT_TOTAL_0_11295
2974506,64,2026-05-21 20:00:00,112953,,11295,0,,0,,CORRECT_TOTAL_0_11295
2974507,64,2026-05-21 20:05:00,112953,,11295,0,,0,,CORRECT_TOTAL_0_11295
2974508,64,2026-05-21 20:10:00,112953,,11295,0,,0,,CORRECT_TOTAL_0_11295
2974509,64,2026-05-21 20:15:00,112953,,11295,0,,0,,CORRECT_TOTAL_0_11295
2974510,64,2026-05-21 20:20:00,112953,,11295,0,,0,,CORRECT_TOTAL_0_11295
2974511,64,2026-05-21 20:25:00,112953,,11295,0,,0,,CORRECT_TOTAL_0_11295
2974512,64,2026-05-21 20:30:00,112953,,11295,0,,0,,CORRECT_TOTAL_0_11295
2974513,64,2026-05-21 20:35:00,112953,,11295,0,,0,,CORRECT_TOTAL_0_11295
2974514,64,2026-05-21 20:40:00,112953,,11295,0,,0,,CORRECT_TOTAL_0_11295
2974515,64,2026-05-21 20:45:00,112953,,11295,0,,0,,CORRECT_TOTAL_0_11295
2974516,64,2026-05-21 20:50:00,112953,,11295,0,,0,,CORRECT_TOTAL_0_11295
2974517,64,2026-05-21 20:55:00,112953,,11295,0,,0,,CORRECT_TOTAL_0_11295
2974518,64,2026-05-21 21:00:00,112953,,11295,0,,0,,CORRECT_TOTAL_0_11295
2974519,64,2026-05-21 21:05:00,112953,,11295,0,,0,,CORRECT_TOTAL_0_11295
2974520,64,2026-05-21 21:10:00,112953,,11295,0,,0,,CORRECT_TOTAL_0_11295
2974521,64,2026-05-21 21:15:00,112953,,11295,0,,0,,CORRECT_TOTAL_0_11295
2974522,64,2026-05-21 21:20:00,112953,,11295,0,,0,,CORRECT_TOTAL_0_11295
2974523,64,2026-05-21 21:25:00,112958,,11296,0,,0,,CORRECT_TOTAL_0_11296
2974524,64,2026-05-21 21:30:00,112979,,11298,0,,0,,CORRECT_TOTAL_0_11298
2974525,64,2026-05-21 21:35:00,112999,,11300,0,,0,,CORRECT_TOTAL_0_11300
2974526,64,2026-05-21 21:40:00,113020,,11302,0,,0,,CORRECT_TOTAL_0_11302
2974527,64,2026-05-21 21:45:00,113040,,11304,0,,0,,CORRECT_TOTAL_0_11304
2974528,64,2026-05-21 21:50:00,113060,,11306,0,,0,,CORRECT_TOTAL_0_11306
2974529,64,2026-05-21 21:55:00,113081,,11308,0,,0,,CORRECT_TOTAL_0_11308
2974530,64,2026-05-21 22:00:00,113084,,11308,0,,0,,CORRECT_TOTAL_0_11308
2974531,64,2026-05-21 22:05:00,113084,,11308,0,,0,,CORRECT_TOTAL_0_11308
2974532,64,2026-05-21 22:10:00,113084,,11308,0,,0,,CORRECT_TOTAL_0_11308
2974533,64,2026-05-21 22:15:00,113084,,11308,0,,0,,CORRECT_TOTAL_0_11308
2974534,64,2026-05-21 22:20:00,113084,,11308,0,,0,,CORRECT_TOTAL_0_11308
2974535,64,2026-05-21 22:25:00,113084,,11308,0,,0,,CORRECT_TOTAL_0_11308
2974536,64,2026-05-21 22:30:00,113084,,11308,0,,0,,CORRECT_TOTAL_0_11308
2974537,64,2026-05-21 22:35:00,113084,,11308,0,,0,,CORRECT_TOTAL_0_11308
2974538,64,2026-05-21 22:40:00,113084,,11308,0,,0,,CORRECT_TOTAL_0_11308
2974539,64,2026-05-21 22:45:00,113084,,11308,0,,0,,CORRECT_TOTAL_0_11308
2974540,64,2026-05-21 22:50:00,113084,,11308,0,,0,,CORRECT_TOTAL_0_11308
2974541,64,2026-05-21 22:55:00,113084,,11308,0,,0,,CORRECT_TOTAL_0_11308
2974542,64,2026-05-21 23:00:00,113084,,11308,0,,0,,CORRECT_TOTAL_0_11308
2974543,64,2026-05-21 23:05:00,113084,,11308,0,,0,,CORRECT_TOTAL_0_11308
2974544,64,2026-05-21 23:10:00,113084,,11308,0,,0,,CORRECT_TOTAL_0_11308
2974545,64,2026-05-21 23:15:00,113084,,11308,0,,0,,CORRECT_TOTAL_0_11308
2974546,64,2026-05-21 23:20:00,113084,,11308,0,,0,,CORRECT_TOTAL_0_11308
2974547,64,2026-05-21 23:25:00,113084,,11308,0,,0,,CORRECT_TOTAL_0_11308
2974548,64,2026-05-21 23:30:00,113084,,11308,0,,0,,CORRECT_TOTAL_0_11308
2974549,64,2026-05-21 23:35:00,113084,,11308,0,,0,,CORRECT_TOTAL_0_11308
2974550,64,2026-05-21 23:40:00,113084,,11308,0,,0,,CORRECT_TOTAL_0_11308
2974551,64,2026-05-21 23:45:00,113084,,11308,0,,0,,CORRECT_TOTAL_0_11308
2974552,64,2026-05-21 23:50:00,113084,,11308,0,,0,,CORRECT_TOTAL_0_11308
2974553,64,2026-05-21 23:55:00,113084,,11308,0,,0,,CORRECT_TOTAL_0_11308
2974554,64,2026-05-22 00:00:00,113084,,11308,0,,0,,CORRECT_TOTAL_0_11308
2974555,64,2026-05-22 00:05:00,113084,,11308,0,,0,,CORRECT_TOTAL_0_11308
2974556,64,2026-05-22 00:10:00,113084,,11308,0,,0,,CORRECT_TOTAL_0_11308
2974557,64,2026-05-22 00:15:00,113084,,11308,0,,0,,CORRECT_TOTAL_0_11308
2974558,64,2026-05-22 00:20:00,113084,,11308,0,,0,,CORRECT_TOTAL_0_11308
2974559,64,2026-05-22 00:25:00,113084,,11308,0,,0,,CORRECT_TOTAL_0_11308
2974560,64,2026-05-22 00:30:00,113084,,11308,0,,0,,CORRECT_TOTAL_0_11308
2974561,64,2026-05-22 00:35:00,113084,,11308,0,,0,,CORRECT_TOTAL_0_11308
2974562,64,2026-05-22 00:40:00,113084,,11308,0,,0,,CORRECT_TOTAL_0_11308
2974563,64,2026-05-22 00:45:00,113084,,11308,0,,0,,CORRECT_TOTAL_0_11308
2974564,64,2026-05-22 00:50:00,113084,,11308,0,,0,,CORRECT_TOTAL_0_11308
2974565,64,2026-05-22 00:55:00,113084,,11308,0,,0,,CORRECT_TOTAL_0_11308
2974566,64,2026-05-22 01:00:00,113084,,11308,0,,0,,CORRECT_TOTAL_0_11308
2974567,64,2026-05-22 01:05:00,113084,,11308,0,,0,,CORRECT_TOTAL_0_11308
2974568,64,2026-05-22 01:10:00,113084,,11308,0,,0,,CORRECT_TOTAL_0_11308
2974569,64,2026-05-22 01:15:00,113084,,11308,0,,0,,CORRECT_TOTAL_0_11308
2974570,64,2026-05-22 01:20:00,113084,,11308,0,,0,,CORRECT_TOTAL_0_11308
2974571,64,2026-05-22 01:25:00,113103,,11310,0,,0,,CORRECT_TOTAL_0_11310
2974572,64,2026-05-22 01:30:00,113124,,11312,0,,0,,CORRECT_TOTAL_0_11312
2974573,64,2026-05-22 01:35:00,113144,,11314,0,,0,,CORRECT_TOTAL_0_11314
2974574,64,2026-05-22 01:40:00,113164,,11316,0,,0,,CORRECT_TOTAL_0_11316
2974575,64,2026-05-22 01:45:00,113185,,11318,0,,0,,CORRECT_TOTAL_0_11318
2974576,64,2026-05-22 01:50:00,113205,,11320,0,,0,,CORRECT_TOTAL_0_11320
2974577,64,2026-05-22 01:55:00,113217,,11322,0,,0,,CORRECT_TOTAL_0_11322
2974578,64,2026-05-22 02:00:00,113217,,11322,0,,0,,CORRECT_TOTAL_0_11322
2974579,64,2026-05-22 02:05:00,113217,,11322,0,,0,,CORRECT_TOTAL_0_11322
2974580,64,2026-05-22 02:10:00,113217,,11322,0,,0,,CORRECT_TOTAL_0_11322
2974581,64,2026-05-22 02:15:00,113217,,11322,0,,0,,CORRECT_TOTAL_0_11322
2974582,64,2026-05-22 02:20:00,113217,,11322,0,,0,,CORRECT_TOTAL_0_11322
2974583,64,2026-05-22 02:25:00,113217,,11322,0,,0,,CORRECT_TOTAL_0_11322
2974584,64,2026-05-22 02:30:00,113217,,11322,0,,0,,CORRECT_TOTAL_0_11322
2974585,64,2026-05-22 02:35:00,113217,,11322,0,,0,,CORRECT_TOTAL_0_11322
2974586,64,2026-05-22 02:40:00,113217,,11322,0,,0,,CORRECT_TOTAL_0_11322
2974587,64,2026-05-22 02:45:00,113217,,11322,0,,0,,CORRECT_TOTAL_0_11322
2974588,64,2026-05-22 02:50:00,113217,,11322,0,,0,,CORRECT_TOTAL_0_11322
2974589,64,2026-05-22 02:55:00,113217,,11322,0,,0,,CORRECT_TOTAL_0_11322
2974590,64,2026-05-22 03:00:00,113217,,11322,0,,0,,CORRECT_TOTAL_0_11322
2974591,64,2026-05-22 03:05:00,113217,,11322,0,,0,,CORRECT_TOTAL_0_11322
2974592,64,2026-05-22 03:10:00,113217,,11322,0,,0,,CORRECT_TOTAL_0_11322
2974593,64,2026-05-22 03:15:00,113217,,11322,0,,0,,CORRECT_TOTAL_0_11322
2974594,64,2026-05-22 03:20:00,113217,,11322,0,,0,,CORRECT_TOTAL_0_11322
2974595,64,2026-05-22 03:25:00,113217,,11322,0,,0,,CORRECT_TOTAL_0_11322
2974596,64,2026-05-22 03:30:00,113217,,11322,0,,0,,CORRECT_TOTAL_0_11322
2974597,64,2026-05-22 03:35:00,113217,,11322,0,,0,,CORRECT_TOTAL_0_11322
2974598,64,2026-05-22 03:40:00,113217,,11322,0,,0,,CORRECT_TOTAL_0_11322
2974599,64,2026-05-22 03:45:00,113217,,11322,0,,0,,CORRECT_TOTAL_0_11322
2974600,64,2026-05-22 03:50:00,113217,,11322,0,,0,,CORRECT_TOTAL_0_11322
2974601,64,2026-05-22 03:55:00,113217,,11322,0,,0,,CORRECT_TOTAL_0_11322
2974602,64,2026-05-22 04:00:00,113217,,11322,0,,0,,CORRECT_TOTAL_0_11322
2974603,64,2026-05-22 04:05:00,113217,,11322,0,,0,,CORRECT_TOTAL_0_11322
2974604,64,2026-05-22 04:10:00,113217,,11322,0,,0,,CORRECT_TOTAL_0_11322
2974605,64,2026-05-22 04:15:00,113217,,11322,0,,0,,CORRECT_TOTAL_0_11322
2974606,64,2026-05-22 04:20:00,113217,,11322,0,,0,,CORRECT_TOTAL_0_11322
2974607,64,2026-05-22 04:25:00,113217,,11322,0,,0,,CORRECT_TOTAL_0_11322
2974608,64,2026-05-22 04:30:00,113217,,11322,0,,0,,CORRECT_TOTAL_0_11322
2974609,64,2026-05-22 04:35:00,113217,,11322,0,,0,,CORRECT_TOTAL_0_11322
2974610,64,2026-05-22 04:40:00,113217,,11322,0,,0,,CORRECT_TOTAL_0_11322
2974611,64,2026-05-22 04:45:00,113217,,11322,0,,0,,CORRECT_TOTAL_0_11322
2974612,64,2026-05-22 04:50:00,113217,,11322,0,,0,,CORRECT_TOTAL_0_11322
2974613,64,2026-05-22 04:55:00,113217,,11322,0,,0,,CORRECT_TOTAL_0_11322
2974614,64,2026-05-22 05:00:00,113217,,11322,0,,0,,CORRECT_TOTAL_0_11322
2974615,64,2026-05-22 05:05:00,113230,,11323,0,,0,,CORRECT_TOTAL_0_11323
2974616,64,2026-05-22 05:10:00,113251,,11325,0,,0,,CORRECT_TOTAL_0_11325
2974617,64,2026-05-22 05:15:00,113271,,11327,0,,0,,CORRECT_TOTAL_0_11327
2974618,64,2026-05-22 05:20:00,113292,,11329,0,,0,,CORRECT_TOTAL_0_11329
2974619,64,2026-05-22 05:25:00,113312,,11331,0,,0,,CORRECT_TOTAL_0_11331
2974620,64,2026-05-22 05:30:00,113332,,11333,0,,0,,CORRECT_TOTAL_0_11333
2974621,64,2026-05-22 05:35:00,113354,,11335,0,,0,,CORRECT_TOTAL_0_11335
2974622,64,2026-05-22 05:40:00,113354,,11335,0,,0,,CORRECT_TOTAL_0_11335
2974623,64,2026-05-22 05:45:00,113354,,11335,0,,0,,CORRECT_TOTAL_0_11335
2974624,64,2026-05-22 05:50:00,113354,,11335,0,,0,,CORRECT_TOTAL_0_11335
2974625,64,2026-05-22 05:55:00,113354,,11335,0,,0,,CORRECT_TOTAL_0_11335
2974626,64,2026-05-22 06:00:00,113354,,11335,0,,0,,CORRECT_TOTAL_0_11335
2974627,64,2026-05-22 06:05:00,113354,,11335,0,,0,,CORRECT_TOTAL_0_11335
2974628,64,2026-05-22 06:10:00,113354,,11335,0,,0,,CORRECT_TOTAL_0_11335
2974629,64,2026-05-22 06:15:00,113354,,11335,0,,0,,CORRECT_TOTAL_0_11335
2974630,64,2026-05-22 06:20:00,113354,,11335,0,,0,,CORRECT_TOTAL_0_11335
2974631,64,2026-05-22 06:25:00,113354,,11335,0,,0,,CORRECT_TOTAL_0_11335
2974632,64,2026-05-22 06:30:00,113354,,11335,0,,0,,CORRECT_TOTAL_0_11335
2974633,64,2026-05-22 06:35:00,113354,,11335,0,,0,,CORRECT_TOTAL_0_11335
2974634,64,2026-05-22 06:40:00,113354,,11335,0,,0,,CORRECT_TOTAL_0_11335
2974635,64,2026-05-22 06:45:00,113354,,11335,0,,0,,CORRECT_TOTAL_0_11335
2974636,64,2026-05-22 06:50:00,113354,,11335,0,,0,,CORRECT_TOTAL_0_11335
2974637,64,2026-05-22 06:55:00,113354,,11335,0,,0,,CORRECT_TOTAL_0_11335
2974638,64,2026-05-22 07:00:00,113354,,11335,0,,0,,CORRECT_TOTAL_0_11335
2974639,64,2026-05-22 07:05:00,113354,,11335,0,,0,,CORRECT_TOTAL_0_11335
2974640,64,2026-05-22 07:10:00,113354,,11335,0,,0,,CORRECT_TOTAL_0_11335
2974641,64,2026-05-22 07:15:00,113354,,11335,0,,0,,CORRECT_TOTAL_0_11335
2974642,64,2026-05-22 07:20:00,113354,,11335,0,,0,,CORRECT_TOTAL_0_11335
2974643,64,2026-05-22 07:25:00,113354,,11335,0,,0,,CORRECT_TOTAL_0_11335
2974644,64,2026-05-22 07:30:00,113354,,11335,0,,0,,CORRECT_TOTAL_0_11335
2974645,64,2026-05-22 07:35:00,113354,,11335,0,,0,,CORRECT_TOTAL_0_11335
2974646,64,2026-05-22 07:40:00,113354,,11335,0,,0,,CORRECT_TOTAL_0_11335
2974647,64,2026-05-22 07:45:00,113372,,11337,0,,0,,CORRECT_TOTAL_0_11337
2974648,64,2026-05-22 07:50:00,113392,,11339,0,,0,,CORRECT_TOTAL_0_11339
2974649,64,2026-05-22 07:55:00,113413,,11341,0,,0,,CORRECT_TOTAL_0_11341
2974650,64,2026-05-22 08:00:00,113433,,11343,0,,0,,CORRECT_TOTAL_0_11343
2974651,64,2026-05-22 08:05:00,113453,,11345,0,,0,,CORRECT_TOTAL_0_11345
2974652,64,2026-05-22 08:10:00,113473,,11347,0,,0,,CORRECT_TOTAL_0_11347
2974653,64,2026-05-22 08:15:00,113494,,11349,0,,0,,CORRECT_TOTAL_0_11349
2974654,64,2026-05-22 08:20:00,113512,,11351,0,,0,,CORRECT_TOTAL_0_11351
2974655,64,2026-05-22 08:25:00,113512,,11351,0,,0,,CORRECT_TOTAL_0_11351
2974656,64,2026-05-22 08:30:00,113512,,11351,0,,0,,CORRECT_TOTAL_0_11351
2974657,64,2026-05-22 08:35:00,113512,,11351,0,,0,,CORRECT_TOTAL_0_11351
2974658,64,2026-05-22 08:40:00,113512,,11351,0,,0,,CORRECT_TOTAL_0_11351
2974659,64,2026-05-22 08:45:00,113512,,11351,0,,0,,CORRECT_TOTAL_0_11351
2974660,64,2026-05-22 08:50:00,113512,,11351,0,,0,,CORRECT_TOTAL_0_11351
2974661,64,2026-05-22 08:55:00,113512,,11351,0,,0,,CORRECT_TOTAL_0_11351
2974662,64,2026-05-22 09:00:00,113512,,11351,0,,0,,CORRECT_TOTAL_0_11351
2974663,64,2026-05-22 09:05:00,113512,,11351,0,,0,,CORRECT_TOTAL_0_11351
2974664,64,2026-05-22 09:10:00,113512,,11351,0,,0,,CORRECT_TOTAL_0_11351
2974665,64,2026-05-22 09:15:00,113512,,11351,0,,0,,CORRECT_TOTAL_0_11351
2974666,64,2026-05-22 09:20:00,113512,,11351,0,,0,,CORRECT_TOTAL_0_11351
2974667,64,2026-05-22 09:25:00,113512,,11351,0,,0,,CORRECT_TOTAL_0_11351
2974668,64,2026-05-22 09:30:00,113512,,11351,0,,0,,CORRECT_TOTAL_0_11351
2974669,64,2026-05-22 09:35:00,113512,,11351,0,,0,,CORRECT_TOTAL_0_11351
2974670,64,2026-05-22 09:40:00,113512,,11351,0,,0,,CORRECT_TOTAL_0_11351
2974671,64,2026-05-22 09:45:00,113512,,11351,0,,0,,CORRECT_TOTAL_0_11351
2974672,64,2026-05-22 09:50:00,113512,,11351,0,,0,,CORRECT_TOTAL_0_11351
2974673,64,2026-05-22 09:55:00,113526,,11352,0,,0,,CORRECT_TOTAL_0_11352
2974674,64,2026-05-22 10:00:00,113547,,11355,0,,0,,CORRECT_TOTAL_0_11355
2974675,64,2026-05-22 10:05:00,113567,,11357,0,,0,,CORRECT_TOTAL_0_11357
2974676,64,2026-05-22 10:10:00,113587,,11359,0,,0,,CORRECT_TOTAL_0_11359
2974677,64,2026-05-22 10:15:00,113607,,11361,0,,0,,CORRECT_TOTAL_0_11361
2974678,64,2026-05-22 10:20:00,113628,,11363,0,,0,,CORRECT_TOTAL_0_11363
2974679,64,2026-05-22 10:25:00,113648,,11365,0,,0,,CORRECT_TOTAL_0_11365
2974680,64,2026-05-22 10:30:00,113667,,11367,0,,0,,CORRECT_TOTAL_0_11367
2974681,64,2026-05-22 10:35:00,113667,,11367,0,,0,,CORRECT_TOTAL_0_11367
2974682,64,2026-05-22 10:40:00,113667,,11367,0,,0,,CORRECT_TOTAL_0_11367
2974683,64,2026-05-22 10:45:00,113667,,11367,0,,0,,CORRECT_TOTAL_0_11367
2974684,64,2026-05-22 10:50:00,113667,,11367,0,,0,,CORRECT_TOTAL_0_11367
2974685,64,2026-05-22 10:55:00,113667,,11367,0,,0,,CORRECT_TOTAL_0_11367
2974686,64,2026-05-22 11:00:00,113667,,11367,0,,0,,CORRECT_TOTAL_0_11367
2974687,64,2026-05-22 11:05:00,113667,,11367,0,,0,,CORRECT_TOTAL_0_11367
2974688,64,2026-05-22 11:10:00,113667,,11367,0,,0,,CORRECT_TOTAL_0_11367
2974689,64,2026-05-22 11:15:00,113667,,11367,0,,0,,CORRECT_TOTAL_0_11367
2974690,64,2026-05-22 11:20:00,113667,,11367,0,,0,,CORRECT_TOTAL_0_11367
2974691,64,2026-05-22 11:25:00,113667,,11367,0,,0,,CORRECT_TOTAL_0_11367
2974692,64,2026-05-22 11:30:00,113667,,11367,0,,0,,CORRECT_TOTAL_0_11367
2974693,64,2026-05-22 11:35:00,113667,,11367,0,,0,,CORRECT_TOTAL_0_11367
2974694,64,2026-05-22 11:40:00,113667,,11367,0,,0,,CORRECT_TOTAL_0_11367
2974695,64,2026-05-22 11:45:00,113667,,11367,0,,0,,CORRECT_TOTAL_0_11367
2974696,64,2026-05-22 11:50:00,113667,,11367,0,,0,,CORRECT_TOTAL_0_11367
2974697,64,2026-05-22 11:55:00,113667,,11367,0,,0,,CORRECT_TOTAL_0_11367
2978619,87,2026-05-20 20:00:00,8796,,205317,0,,0,,CORRECT_TOTAL_0_205317
2978620,87,2026-05-20 21:00:00,8928,,205449,0,,0,,CORRECT_TOTAL_0_205449
2978621,87,2026-05-20 22:00:00,9014,,205535,0,,0,,CORRECT_TOTAL_0_205535
2978622,87,2026-05-20 23:00:00,9090,,205611,0,,0,,CORRECT_TOTAL_0_205611
2978623,87,2026-05-21 00:00:00,9120,,205641,0,,0,,CORRECT_TOTAL_0_205641
2978624,87,2026-05-21 01:00:00,9166,,205687,0,,0,,CORRECT_TOTAL_0_205687
2978625,87,2026-05-21 02:00:00,9210,,205731,0,,0,,CORRECT_TOTAL_0_205731
2978626,87,2026-05-21 03:00:00,9237,,205758,0,,0,,CORRECT_TOTAL_0_205758
2978627,87,2026-05-21 04:00:00,9276,,205797,0,,0,,CORRECT_TOTAL_0_205797
2978628,87,2026-05-21 05:00:00,9335,,205856,0,,0,,CORRECT_TOTAL_0_205856
2978629,87,2026-05-21 06:00:00,9390,,205911,0,,0,,CORRECT_TOTAL_0_205911
2978630,87,2026-05-21 07:00:00,9442,,205963,0,,0,,CORRECT_TOTAL_0_205963
2978631,87,2026-05-21 08:00:00,9471,,205992,0,,0,,CORRECT_TOTAL_0_205992
2978632,87,2026-05-21 09:00:00,9498,,206019,0,,0,,CORRECT_TOTAL_0_206019
2978633,87,2026-05-21 10:00:00,9525,,206046,0,,0,,CORRECT_TOTAL_0_206046
2978634,87,2026-05-21 11:00:00,9537,,206058,0,,0,,CORRECT_TOTAL_0_206058
2978635,87,2026-05-21 12:00:00,9556,,206077,0,,0,,CORRECT_TOTAL_0_206077
2978636,87,2026-05-21 13:00:00,9572,,206093,0,,0,,CORRECT_TOTAL_0_206093
2978637,87,2026-05-21 14:00:00,9584,,206105,0,,0,,CORRECT_TOTAL_0_206105
2978638,87,2026-05-21 15:00:00,9615,,206136,0,,0,,CORRECT_TOTAL_0_206136
2978639,87,2026-05-21 16:00:00,9644,,206165,0,,0,,CORRECT_TOTAL_0_206165
2978640,87,2026-05-21 17:00:00,9657,,206178,0,,0,,CORRECT_TOTAL_0_206178
2978641,87,2026-05-21 18:00:00,9687,,206208,0,,0,,CORRECT_TOTAL_0_206208
2978642,87,2026-05-21 19:00:00,9734,,206255,0,,0,,CORRECT_TOTAL_0_206255
2978643,87,2026-05-21 20:00:00,9778,,206299,0,,0,,CORRECT_TOTAL_0_206299
2978644,87,2026-05-21 21:00:00,9791,,206312,0,,0,,CORRECT_TOTAL_0_206312
2978645,87,2026-05-21 22:00:00,9802,,206323,0,,0,,CORRECT_TOTAL_0_206323
2978646,87,2026-05-21 23:00:00,9814,,206335,0,,0,,CORRECT_TOTAL_0_206335
2978647,87,2026-05-22 00:00:00,9859,,206380,0,,0,,CORRECT_TOTAL_0_206380
2978648,87,2026-05-22 01:00:00,9889,,206410,0,,0,,CORRECT_TOTAL_0_206410
2978649,87,2026-05-22 02:00:00,9933,,206454,0,,0,,CORRECT_TOTAL_0_206454
2978650,87,2026-05-22 03:00:00,9961,,206482,0,,0,,CORRECT_TOTAL_0_206482
2978651,87,2026-05-22 04:00:00,9992,,206513,0,,0,,CORRECT_TOTAL_0_206513
2978652,87,2026-05-22 05:00:00,10041,,206562,0,,0,,CORRECT_TOTAL_0_206562
2978653,87,2026-05-22 06:00:00,10110,,206631,0,,0,,CORRECT_TOTAL_0_206631
2978654,87,2026-05-22 07:00:00,10179,,206700,0,,0,,CORRECT_TOTAL_0_206700
2978655,87,2026-05-22 08:00:00,10226,,206747,0,,0,,CORRECT_TOTAL_0_206747
2978656,87,2026-05-22 09:00:00,10270,,206791,0,,0,,CORRECT_TOTAL_0_206791
2978657,87,2026-05-22 10:00:00,10327,,206848,0,,0,,CORRECT_TOTAL_0_206848
2978658,87,2026-05-22 11:00:00,10353,,206874,0,,0,,CORRECT_TOTAL_0_206874
2977717,88,2026-05-20 20:00:00,460056,,46006,0,,0,,CORRECT_TOTAL_0_46006
2977718,88,2026-05-20 21:00:00,460203,,46020,0,,0,,CORRECT_TOTAL_0_46020
2977719,88,2026-05-20 22:00:00,460459,,46046,0,,0,,CORRECT_TOTAL_0_46046
2977720,88,2026-05-20 23:00:00,460633,,46063,0,,0,,CORRECT_TOTAL_0_46063
2977721,88,2026-05-21 00:00:00,460983,,46098,0,,0,,CORRECT_TOTAL_0_46098
2977722,88,2026-05-21 01:00:00,461150,,46115,0,,0,,CORRECT_TOTAL_0_46115
2977723,88,2026-05-21 02:00:00,461312,,46131,0,,0,,CORRECT_TOTAL_0_46131
2977724,88,2026-05-21 03:00:00,461459,,46146,0,,0,,CORRECT_TOTAL_0_46146
2977725,88,2026-05-21 04:00:00,461459,,46146,0,,0,,CORRECT_TOTAL_0_46146
2977726,88,2026-05-21 05:00:00,461638,,46164,0,,0,,CORRECT_TOTAL_0_46164
2977727,88,2026-05-21 06:00:00,461748,,46175,0,,0,,CORRECT_TOTAL_0_46175
2977728,88,2026-05-21 07:00:00,461944,,46194,0,,0,,CORRECT_TOTAL_0_46194
2977729,88,2026-05-21 08:00:00,461999,,46200,0,,0,,CORRECT_TOTAL_0_46200
2977730,88,2026-05-21 09:00:00,462105,,46210,0,,0,,CORRECT_TOTAL_0_46210
2977731,88,2026-05-21 10:00:00,462250,,46225,0,,0,,CORRECT_TOTAL_0_46225
2977732,88,2026-05-21 11:00:00,462496,,46249,0,,0,,CORRECT_TOTAL_0_46249
2977733,88,2026-05-21 12:00:00,462643,,46264,0,,0,,CORRECT_TOTAL_0_46264
2977734,88,2026-05-21 13:00:00,462776,,46277,0,,0,,CORRECT_TOTAL_0_46277
2977735,88,2026-05-21 14:00:00,462776,,46277,0,,0,,CORRECT_TOTAL_0_46277
2977736,88,2026-05-21 15:00:00,462933,,46293,0,,0,,CORRECT_TOTAL_0_46293
2977737,88,2026-05-21 16:00:00,463076,,46307,0,,0,,CORRECT_TOTAL_0_46307
2977738,88,2026-05-21 17:00:00,463224,,46322,0,,0,,CORRECT_TOTAL_0_46322
2977739,88,2026-05-21 18:00:00,463224,,46322,0,,0,,CORRECT_TOTAL_0_46322
2977740,88,2026-05-21 19:00:00,463357,,46336,0,,0,,CORRECT_TOTAL_0_46336
2977741,88,2026-05-21 20:00:00,463357,,46336,0,,0,,CORRECT_TOTAL_0_46336
2977742,88,2026-05-21 21:00:00,463490,,46349,0,,0,,CORRECT_TOTAL_0_46349
2977743,88,2026-05-21 22:00:00,463490,,46349,0,,0,,CORRECT_TOTAL_0_46349
2977744,88,2026-05-21 23:00:00,463689,,46369,0,,0,,CORRECT_TOTAL_0_46369
2977745,88,2026-05-22 00:00:00,463853,,46385,0,,0,,CORRECT_TOTAL_0_46385
2977746,88,2026-05-22 01:00:00,463995,,46399,0,,0,,CORRECT_TOTAL_0_46399
2977747,88,2026-05-22 02:00:00,464211,,46421,0,,0,,CORRECT_TOTAL_0_46421
2977748,88,2026-05-22 03:00:00,464212,,46421,0,,0,,CORRECT_TOTAL_0_46421
2977749,88,2026-05-22 04:00:00,464421,,46442,0,,0,,CORRECT_TOTAL_0_46442
2977750,88,2026-05-22 05:00:00,464577,,46458,0,,0,,CORRECT_TOTAL_0_46458
2977751,88,2026-05-22 06:00:00,464963,,46496,0,,0,,CORRECT_TOTAL_0_46496
2977752,88,2026-05-22 07:00:00,465185,,46518,0,,0,,CORRECT_TOTAL_0_46518
2977753,88,2026-05-22 08:00:00,465413,,46541,0,,0,,CORRECT_TOTAL_0_46541
2977754,88,2026-05-22 09:00:00,465672,,46567,0,,0,,CORRECT_TOTAL_0_46567
2977755,88,2026-05-22 10:00:00,465889,,46589,0,,0,,CORRECT_TOTAL_0_46589
2977756,88,2026-05-22 11:00:00,466178,,46618,0,,0,,CORRECT_TOTAL_0_46618
2977676,130,2026-05-20 20:00:00,167326,,16733,0,,0,,CORRECT_TOTAL_0_16733
2977677,130,2026-05-20 21:00:00,167326,,16733,0,,0,,CORRECT_TOTAL_0_16733
2977678,130,2026-05-20 22:00:00,167326,,16733,0,,0,,CORRECT_TOTAL_0_16733
2977679,130,2026-05-20 23:00:00,167326,,16733,0,,0,,CORRECT_TOTAL_0_16733
2977680,130,2026-05-21 00:00:00,167326,,16733,0,,0,,CORRECT_TOTAL_0_16733
2977681,130,2026-05-21 01:00:00,167326,,16733,0,,0,,CORRECT_TOTAL_0_16733
2977682,130,2026-05-21 02:00:00,167326,,16733,0,,0,,CORRECT_TOTAL_0_16733
2977683,130,2026-05-21 03:00:00,167326,,16733,0,,0,,CORRECT_TOTAL_0_16733
2977684,130,2026-05-21 04:00:00,167326,,16733,0,,0,,CORRECT_TOTAL_0_16733
2977685,130,2026-05-21 05:00:00,167326,,16733,0,,0,,CORRECT_TOTAL_0_16733
2977686,130,2026-05-21 06:00:00,167326,,16733,0,,0,,CORRECT_TOTAL_0_16733
2977687,130,2026-05-21 07:00:00,167326,,16733,0,,0,,CORRECT_TOTAL_0_16733
2977688,130,2026-05-21 08:00:00,167326,,16733,0,,0,,CORRECT_TOTAL_0_16733
2977689,130,2026-05-21 09:00:00,167326,,16733,0,,0,,CORRECT_TOTAL_0_16733
2977690,130,2026-05-21 10:00:00,167326,,16733,0,,0,,CORRECT_TOTAL_0_16733
2977691,130,2026-05-21 11:00:00,167326,,16733,0,,0,,CORRECT_TOTAL_0_16733
2977692,130,2026-05-21 12:00:00,167326,,16733,0,,0,,CORRECT_TOTAL_0_16733
2977693,130,2026-05-21 13:00:00,167326,,16733,0,,0,,CORRECT_TOTAL_0_16733
2977694,130,2026-05-21 14:00:00,167326,,16733,0,,0,,CORRECT_TOTAL_0_16733
2977695,130,2026-05-21 15:00:00,167326,,16733,0,,0,,CORRECT_TOTAL_0_16733
2977696,130,2026-05-21 16:00:00,167326,,16733,0,,0,,CORRECT_TOTAL_0_16733
2977697,130,2026-05-21 17:00:00,167326,,16733,0,,0,,CORRECT_TOTAL_0_16733
2977698,130,2026-05-21 18:00:00,167326,,16733,0,,0,,CORRECT_TOTAL_0_16733
2977699,130,2026-05-21 19:00:00,167326,,16733,0,,0,,CORRECT_TOTAL_0_16733
2977700,130,2026-05-21 20:00:00,167326,,16733,0,,0,,CORRECT_TOTAL_0_16733
2977701,130,2026-05-21 21:00:00,167326,,16733,0,,0,,CORRECT_TOTAL_0_16733
2977702,130,2026-05-21 22:00:00,167326,,16733,0,,0,,CORRECT_TOTAL_0_16733
2977703,130,2026-05-21 23:00:00,167326,,16733,0,,0,,CORRECT_TOTAL_0_16733
2977704,130,2026-05-22 00:00:00,167326,,16733,0,,0,,CORRECT_TOTAL_0_16733
2977705,130,2026-05-22 01:00:00,167326,,16733,0,,0,,CORRECT_TOTAL_0_16733
2977706,130,2026-05-22 02:00:00,167326,,16733,0,,0,,CORRECT_TOTAL_0_16733
2977707,130,2026-05-22 03:00:00,167326,,16733,0,,0,,CORRECT_TOTAL_0_16733
2977708,130,2026-05-22 04:00:00,167326,,16733,0,,0,,CORRECT_TOTAL_0_16733
2977709,130,2026-05-22 05:00:00,167326,,16733,0,,0,,CORRECT_TOTAL_0_16733
2977710,130,2026-05-22 06:00:00,167326,,16733,0,,0,,CORRECT_TOTAL_0_16733
2977711,130,2026-05-22 07:00:00,167326,,16733,0,,0,,CORRECT_TOTAL_0_16733
2977712,130,2026-05-22 08:00:00,167326,,16733,0,,0,,CORRECT_TOTAL_0_16733
2977713,130,2026-05-22 09:00:00,167326,,16733,0,,0,,CORRECT_TOTAL_0_16733
2977714,130,2026-05-22 10:00:00,167326,,16733,0,,0,,CORRECT_TOTAL_0_16733
2977715,130,2026-05-22 11:00:00,167326,,16733,0,,0,,CORRECT_TOTAL_0_16733
2975408,146,2026-05-20 00:00:00,663,,674,0,,0,,CORRECT_TOTAL_0_674
2975409,146,2026-05-20 00:05:00,663,,674,0,,0,,CORRECT_TOTAL_0_674
2975410,146,2026-05-20 00:10:00,663,,674,0,,0,,CORRECT_TOTAL_0_674
2975411,146,2026-05-20 00:15:00,663,,674,0,,0,,CORRECT_TOTAL_0_674
2975412,146,2026-05-20 00:20:00,663,,674,0,,0,,CORRECT_TOTAL_0_674
2975413,146,2026-05-20 00:25:00,663,,674,0,,0,,CORRECT_TOTAL_0_674
2975414,146,2026-05-20 00:30:00,663,,674,0,,0,,CORRECT_TOTAL_0_674
2975415,146,2026-05-20 00:35:00,663,,674,0,,0,,CORRECT_TOTAL_0_674
2975416,146,2026-05-20 00:40:00,663,,674,0,,0,,CORRECT_TOTAL_0_674
2975417,146,2026-05-20 00:45:00,663,,674,0,,0,,CORRECT_TOTAL_0_674
2975418,146,2026-05-20 00:50:00,663,,674,0,,0,,CORRECT_TOTAL_0_674
2975419,146,2026-05-20 00:55:00,663,,674,0,,0,,CORRECT_TOTAL_0_674
2975420,146,2026-05-20 01:00:00,663,,674,0,,0,,CORRECT_TOTAL_0_674
2975421,146,2026-05-20 01:05:00,663,,674,0,,0,,CORRECT_TOTAL_0_674
2975422,146,2026-05-20 01:10:00,663,,674,0,,0,,CORRECT_TOTAL_0_674
2975423,146,2026-05-20 01:15:00,663,,674,0,,0,,CORRECT_TOTAL_0_674
2975424,146,2026-05-20 01:20:00,663,,674,0,,0,,CORRECT_TOTAL_0_674
2975425,146,2026-05-20 01:25:00,663,,674,0,,0,,CORRECT_TOTAL_0_674
2975426,146,2026-05-20 01:30:00,663,,674,0,,0,,CORRECT_TOTAL_0_674
2975427,146,2026-05-20 01:35:00,663,,674,0,,0,,CORRECT_TOTAL_0_674
2975428,146,2026-05-20 01:40:00,663,,674,0,,0,,CORRECT_TOTAL_0_674
2975429,146,2026-05-20 01:45:00,663,,674,0,,0,,CORRECT_TOTAL_0_674
2975430,146,2026-05-20 01:50:00,663,,674,0,,0,,CORRECT_TOTAL_0_674
2975431,146,2026-05-20 01:55:00,663,,674,0,,0,,CORRECT_TOTAL_0_674
2975432,146,2026-05-20 02:00:00,663,,674,0,,0,,CORRECT_TOTAL_0_674
2975433,146,2026-05-20 02:05:00,663,,674,0,,0,,CORRECT_TOTAL_0_674
2975434,146,2026-05-20 02:10:00,664,,675,0,,0,,CORRECT_TOTAL_0_675
2975435,146,2026-05-20 02:15:00,664,,675,0,,0,,CORRECT_TOTAL_0_675
2975436,146,2026-05-20 02:20:00,665,,676,0,,0,,CORRECT_TOTAL_0_676
2975437,146,2026-05-20 02:25:00,666,,677,0,,0,,CORRECT_TOTAL_0_677
2975438,146,2026-05-20 02:30:00,666,,677,0,,0,,CORRECT_TOTAL_0_677
2975439,146,2026-05-20 02:35:00,667,,678,0,,0,,CORRECT_TOTAL_0_678
2975440,146,2026-05-20 02:40:00,667,,678,0,,0,,CORRECT_TOTAL_0_678
2975441,146,2026-05-20 02:45:00,667,,678,0,,0,,CORRECT_TOTAL_0_678
2975442,146,2026-05-20 02:50:00,667,,678,0,,0,,CORRECT_TOTAL_0_678
2975443,146,2026-05-20 02:55:00,667,,678,0,,0,,CORRECT_TOTAL_0_678
2975444,146,2026-05-20 03:00:00,667,,678,0,,0,,CORRECT_TOTAL_0_678
2975445,146,2026-05-20 03:05:00,667,,678,0,,0,,CORRECT_TOTAL_0_678
2975446,146,2026-05-20 03:10:00,667,,678,0,,0,,CORRECT_TOTAL_0_678
2975447,146,2026-05-20 03:15:00,667,,678,0,,0,,CORRECT_TOTAL_0_678
2975448,146,2026-05-20 03:20:00,667,,678,0,,0,,CORRECT_TOTAL_0_678
2975449,146,2026-05-20 03:25:00,667,,678,0,,0,,CORRECT_TOTAL_0_678
2975450,146,2026-05-20 03:30:00,667,,678,0,,0,,CORRECT_TOTAL_0_678
2975451,146,2026-05-20 03:35:00,667,,678,0,,0,,CORRECT_TOTAL_0_678
2975452,146,2026-05-20 03:40:00,667,,678,0,,0,,CORRECT_TOTAL_0_678
2975453,146,2026-05-20 03:45:00,667,,678,0,,0,,CORRECT_TOTAL_0_678
2975454,146,2026-05-20 03:50:00,667,,678,0,,0,,CORRECT_TOTAL_0_678
2975455,146,2026-05-20 03:55:00,667,,678,0,,0,,CORRECT_TOTAL_0_678
2975456,146,2026-05-20 04:00:00,667,,678,0,,0,,CORRECT_TOTAL_0_678
2975457,146,2026-05-20 04:05:00,667,,678,0,,0,,CORRECT_TOTAL_0_678
2975458,146,2026-05-20 04:10:00,667,,678,0,,0,,CORRECT_TOTAL_0_678
2975459,146,2026-05-20 04:15:00,667,,678,0,,0,,CORRECT_TOTAL_0_678
2975460,146,2026-05-20 04:20:00,667,,678,0,,0,,CORRECT_TOTAL_0_678
2975461,146,2026-05-20 04:25:00,667,,678,0,,0,,CORRECT_TOTAL_0_678
2975462,146,2026-05-20 04:30:00,667,,678,0,,0,,CORRECT_TOTAL_0_678
2975463,146,2026-05-20 04:35:00,667,,678,0,,0,,CORRECT_TOTAL_0_678
2975464,146,2026-05-20 04:40:00,667,,678,0,,0,,CORRECT_TOTAL_0_678
2975465,146,2026-05-20 04:45:00,667,,678,0,,0,,CORRECT_TOTAL_0_678
2975466,146,2026-05-20 04:50:00,667,,678,0,,0,,CORRECT_TOTAL_0_678
2975467,146,2026-05-20 04:55:00,667,,678,0,,0,,CORRECT_TOTAL_0_678
2975468,146,2026-05-20 05:00:00,667,,678,0,,0,,CORRECT_TOTAL_0_678
2975469,146,2026-05-20 05:05:00,667,,678,0,,0,,CORRECT_TOTAL_0_678
2975470,146,2026-05-20 05:10:00,667,,678,0,,0,,CORRECT_TOTAL_0_678
2975471,146,2026-05-20 05:15:00,667,,678,0,,0,,CORRECT_TOTAL_0_678
2975472,146,2026-05-20 05:20:00,667,,678,0,,0,,CORRECT_TOTAL_0_678
2975473,146,2026-05-20 05:25:00,667,,678,0,,0,,CORRECT_TOTAL_0_678
2975474,146,2026-05-20 05:30:00,667,,678,0,,0,,CORRECT_TOTAL_0_678
2975475,146,2026-05-20 05:35:00,667,,678,0,,0,,CORRECT_TOTAL_0_678
2975476,146,2026-05-20 05:40:00,667,,678,0,,0,,CORRECT_TOTAL_0_678
2975477,146,2026-05-20 05:45:00,667,,678,0,,0,,CORRECT_TOTAL_0_678
2975478,146,2026-05-20 05:50:00,667,,678,0,,0,,CORRECT_TOTAL_0_678
2975479,146,2026-05-20 05:55:00,667,,678,0,,0,,CORRECT_TOTAL_0_678
2975480,146,2026-05-20 06:00:00,667,,678,0,,0,,CORRECT_TOTAL_0_678
2975481,146,2026-05-20 06:05:00,667,,678,0,,0,,CORRECT_TOTAL_0_678
2975482,146,2026-05-20 06:10:00,667,,678,0,,0,,CORRECT_TOTAL_0_678
2975483,146,2026-05-20 06:15:00,667,,678,0,,0,,CORRECT_TOTAL_0_678
2975484,146,2026-05-20 06:20:00,667,,678,0,,0,,CORRECT_TOTAL_0_678
2975485,146,2026-05-20 06:25:00,667,,678,0,,0,,CORRECT_TOTAL_0_678
2975486,146,2026-05-20 06:30:00,667,,678,0,,0,,CORRECT_TOTAL_0_678
2975487,146,2026-05-20 06:35:00,667,,678,0,,0,,CORRECT_TOTAL_0_678
2975488,146,2026-05-20 06:40:00,667,,678,0,,0,,CORRECT_TOTAL_0_678
2975489,146,2026-05-20 06:45:00,667,,678,0,,0,,CORRECT_TOTAL_0_678
2975490,146,2026-05-20 06:50:00,667,,678,0,,0,,CORRECT_TOTAL_0_678
2975491,146,2026-05-20 06:55:00,667,,678,0,,0,,CORRECT_TOTAL_0_678
2975492,146,2026-05-20 07:00:00,667,,678,0,,0,,CORRECT_TOTAL_0_678
2975493,146,2026-05-20 07:05:00,667,,678,0,,0,,CORRECT_TOTAL_0_678
2975494,146,2026-05-20 07:10:00,667,,678,0,,0,,CORRECT_TOTAL_0_678
2975495,146,2026-05-20 07:15:00,667,,678,0,,0,,CORRECT_TOTAL_0_678
2975496,146,2026-05-20 07:20:00,667,,678,0,,0,,CORRECT_TOTAL_0_678
2975497,146,2026-05-20 07:25:00,668,,679,0,,0,,CORRECT_TOTAL_0_679
2975498,146,2026-05-20 07:30:00,668,,679,0,,0,,CORRECT_TOTAL_0_679
2975499,146,2026-05-20 07:35:00,669,,680,0,,0,,CORRECT_TOTAL_0_680
2975500,146,2026-05-20 07:40:00,669,,680,0,,0,,CORRECT_TOTAL_0_680
2975501,146,2026-05-20 07:45:00,670,,681,0,,0,,CORRECT_TOTAL_0_681
2975502,146,2026-05-20 07:50:00,671,,682,0,,0,,CORRECT_TOTAL_0_682
2975503,146,2026-05-20 07:55:00,671,,682,0,,0,,CORRECT_TOTAL_0_682
2975504,146,2026-05-20 08:00:00,671,,682,0,,0,,CORRECT_TOTAL_0_682
2975505,146,2026-05-20 08:05:00,671,,682,0,,0,,CORRECT_TOTAL_0_682
2975506,146,2026-05-20 08:10:00,671,,682,0,,0,,CORRECT_TOTAL_0_682
2975507,146,2026-05-20 08:15:00,671,,682,0,,0,,CORRECT_TOTAL_0_682
2975508,146,2026-05-20 08:20:00,671,,682,0,,0,,CORRECT_TOTAL_0_682
2975509,146,2026-05-20 08:25:00,671,,682,0,,0,,CORRECT_TOTAL_0_682
2975510,146,2026-05-20 08:30:00,671,,682,0,,0,,CORRECT_TOTAL_0_682
2975511,146,2026-05-20 08:35:00,671,,682,0,,0,,CORRECT_TOTAL_0_682
2975512,146,2026-05-20 08:40:00,671,,682,0,,0,,CORRECT_TOTAL_0_682
2975513,146,2026-05-20 08:45:00,671,,682,0,,0,,CORRECT_TOTAL_0_682
2975514,146,2026-05-20 08:50:00,671,,682,0,,0,,CORRECT_TOTAL_0_682
2975515,146,2026-05-20 08:55:00,671,,682,0,,0,,CORRECT_TOTAL_0_682
2975516,146,2026-05-20 09:00:00,671,,682,0,,0,,CORRECT_TOTAL_0_682
2975517,146,2026-05-20 09:05:00,671,,682,0,,0,,CORRECT_TOTAL_0_682
2975518,146,2026-05-20 09:10:00,671,,682,0,,0,,CORRECT_TOTAL_0_682
2975519,146,2026-05-20 09:15:00,671,,682,0,,0,,CORRECT_TOTAL_0_682
2975520,146,2026-05-20 09:20:00,671,,682,0,,0,,CORRECT_TOTAL_0_682
2975521,146,2026-05-20 09:25:00,671,,682,0,,0,,CORRECT_TOTAL_0_682
2975522,146,2026-05-20 09:30:00,671,,682,0,,0,,CORRECT_TOTAL_0_682
2975523,146,2026-05-20 09:35:00,671,,682,0,,0,,CORRECT_TOTAL_0_682
2975524,146,2026-05-20 09:40:00,671,,682,0,,0,,CORRECT_TOTAL_0_682
2975525,146,2026-05-20 09:45:00,671,,682,0,,0,,CORRECT_TOTAL_0_682
2975526,146,2026-05-20 09:50:00,671,,682,0,,0,,CORRECT_TOTAL_0_682
2975527,146,2026-05-20 09:55:00,671,,682,0,,0,,CORRECT_TOTAL_0_682
2975528,146,2026-05-20 10:00:00,671,,682,0,,0,,CORRECT_TOTAL_0_682
2975529,146,2026-05-20 10:05:00,671,,682,0,,0,,CORRECT_TOTAL_0_682
2975530,146,2026-05-20 10:10:00,671,,682,0,,0,,CORRECT_TOTAL_0_682
2975531,146,2026-05-20 10:15:00,671,,682,0,,0,,CORRECT_TOTAL_0_682
2975532,146,2026-05-20 10:20:00,671,,682,0,,0,,CORRECT_TOTAL_0_682
2975533,146,2026-05-20 10:25:00,671,,682,0,,0,,CORRECT_TOTAL_0_682
2975534,146,2026-05-20 10:30:00,671,,682,0,,0,,CORRECT_TOTAL_0_682
2975535,146,2026-05-20 10:35:00,671,,682,0,,0,,CORRECT_TOTAL_0_682
2975536,146,2026-05-20 10:40:00,671,,682,0,,0,,CORRECT_TOTAL_0_682
2975537,146,2026-05-20 10:45:00,671,,682,0,,0,,CORRECT_TOTAL_0_682
2975538,146,2026-05-20 10:50:00,671,,682,0,,0,,CORRECT_TOTAL_0_682
2975539,146,2026-05-20 10:55:00,671,,682,0,,0,,CORRECT_TOTAL_0_682
2975540,146,2026-05-20 11:00:00,671,,682,0,,0,,CORRECT_TOTAL_0_682
2975541,146,2026-05-20 11:05:00,671,,682,0,,0,,CORRECT_TOTAL_0_682
2975542,146,2026-05-20 11:10:00,671,,682,0,,0,,CORRECT_TOTAL_0_682
2975543,146,2026-05-20 11:15:00,671,,682,0,,0,,CORRECT_TOTAL_0_682
2975544,146,2026-05-20 11:20:00,671,,682,0,,0,,CORRECT_TOTAL_0_682
2975545,146,2026-05-20 11:25:00,671,,682,0,,0,,CORRECT_TOTAL_0_682
2975546,146,2026-05-20 11:30:00,671,,682,0,,0,,CORRECT_TOTAL_0_682
2975547,146,2026-05-20 11:35:00,671,,682,0,,0,,CORRECT_TOTAL_0_682
2975548,146,2026-05-20 11:40:00,671,,682,0,,0,,CORRECT_TOTAL_0_682
2975549,146,2026-05-20 11:45:00,671,,682,0,,0,,CORRECT_TOTAL_0_682
2975550,146,2026-05-20 11:50:00,671,,682,0,,0,,CORRECT_TOTAL_0_682
2975551,146,2026-05-20 11:55:00,671,,682,0,,0,,CORRECT_TOTAL_0_682
2975552,146,2026-05-20 12:00:00,671,,682,0,,0,,CORRECT_TOTAL_0_682
2975553,146,2026-05-20 12:05:00,671,,682,0,,0,,CORRECT_TOTAL_0_682
2975554,146,2026-05-20 12:10:00,671,,682,0,,0,,CORRECT_TOTAL_0_682
2975555,146,2026-05-20 12:15:00,671,,682,0,,0,,CORRECT_TOTAL_0_682
2975556,146,2026-05-20 12:20:00,671,,682,0,,0,,CORRECT_TOTAL_0_682
2975557,146,2026-05-20 12:25:00,671,,682,0,,0,,CORRECT_TOTAL_0_682
2975558,146,2026-05-20 12:30:00,671,,682,0,,0,,CORRECT_TOTAL_0_682
2975559,146,2026-05-20 12:35:00,671,,682,0,,0,,CORRECT_TOTAL_0_682
2975560,146,2026-05-20 12:40:00,671,,682,0,,0,,CORRECT_TOTAL_0_682
2975561,146,2026-05-20 12:45:00,671,,682,0,,0,,CORRECT_TOTAL_0_682
2975562,146,2026-05-20 12:50:00,671,,682,0,,0,,CORRECT_TOTAL_0_682
2975563,146,2026-05-20 12:55:00,671,,682,0,,0,,CORRECT_TOTAL_0_682
2975564,146,2026-05-20 13:00:00,671,,682,0,,0,,CORRECT_TOTAL_0_682
2975565,146,2026-05-20 13:05:00,671,,682,0,,0,,CORRECT_TOTAL_0_682
2975566,146,2026-05-20 13:10:00,671,,682,0,,0,,CORRECT_TOTAL_0_682
2975567,146,2026-05-20 13:15:00,671,,682,0,,0,,CORRECT_TOTAL_0_682
2975568,146,2026-05-20 13:20:00,671,,682,0,,0,,CORRECT_TOTAL_0_682
2975569,146,2026-05-20 13:25:00,671,,682,0,,0,,CORRECT_TOTAL_0_682
2975570,146,2026-05-20 13:30:00,671,,682,0,,0,,CORRECT_TOTAL_0_682
2975571,146,2026-05-20 13:35:00,671,,682,0,,0,,CORRECT_TOTAL_0_682
2975572,146,2026-05-20 13:40:00,671,,682,0,,0,,CORRECT_TOTAL_0_682
2975573,146,2026-05-20 13:45:00,671,,682,0,,0,,CORRECT_TOTAL_0_682
2975574,146,2026-05-20 13:50:00,671,,682,0,,0,,CORRECT_TOTAL_0_682
2975575,146,2026-05-20 13:55:00,671,,682,0,,0,,CORRECT_TOTAL_0_682
2975576,146,2026-05-20 14:00:00,671,,682,0,,0,,CORRECT_TOTAL_0_682
2975577,146,2026-05-20 14:05:00,671,,682,0,,0,,CORRECT_TOTAL_0_682
2975578,146,2026-05-20 14:10:00,671,,682,0,,0,,CORRECT_TOTAL_0_682
2975579,146,2026-05-20 14:15:00,671,,682,0,,0,,CORRECT_TOTAL_0_682
2975580,146,2026-05-20 14:20:00,671,,682,0,,0,,CORRECT_TOTAL_0_682
2975581,146,2026-05-20 14:25:00,671,,682,0,,0,,CORRECT_TOTAL_0_682
2975582,146,2026-05-20 14:30:00,671,,682,0,,0,,CORRECT_TOTAL_0_682
2975583,146,2026-05-20 14:35:00,671,,682,0,,0,,CORRECT_TOTAL_0_682
2975584,146,2026-05-20 14:40:00,671,,682,0,,0,,CORRECT_TOTAL_0_682
2975585,146,2026-05-20 14:45:00,671,,682,0,,0,,CORRECT_TOTAL_0_682
2975586,146,2026-05-20 14:50:00,671,,682,0,,0,,CORRECT_TOTAL_0_682
2975587,146,2026-05-20 14:55:00,671,,682,0,,0,,CORRECT_TOTAL_0_682
2975588,146,2026-05-20 15:00:00,671,,682,0,,0,,CORRECT_TOTAL_0_682
2975589,146,2026-05-20 15:05:00,671,,682,0,,0,,CORRECT_TOTAL_0_682
2975590,146,2026-05-20 15:10:00,671,,682,0,,0,,CORRECT_TOTAL_0_682
2975591,146,2026-05-20 15:15:00,671,,682,0,,0,,CORRECT_TOTAL_0_682
2975592,146,2026-05-20 15:20:00,671,,682,0,,0,,CORRECT_TOTAL_0_682
2975593,146,2026-05-20 15:25:00,671,,682,0,,0,,CORRECT_TOTAL_0_682
2975594,146,2026-05-20 15:30:00,671,,682,0,,0,,CORRECT_TOTAL_0_682
2975595,146,2026-05-20 15:35:00,671,,682,0,,0,,CORRECT_TOTAL_0_682
2975596,146,2026-05-20 15:40:00,671,,682,0,,0,,CORRECT_TOTAL_0_682
2975597,146,2026-05-20 15:45:00,671,,682,0,,0,,CORRECT_TOTAL_0_682
2975598,146,2026-05-20 15:50:00,671,,682,0,,0,,CORRECT_TOTAL_0_682
2975599,146,2026-05-20 15:55:00,671,,682,0,,0,,CORRECT_TOTAL_0_682
2975600,146,2026-05-20 16:00:00,671,,682,0,,0,,CORRECT_TOTAL_0_682
2975601,146,2026-05-20 16:05:00,671,,682,0,,0,,CORRECT_TOTAL_0_682
2975602,146,2026-05-20 16:10:00,671,,682,0,,0,,CORRECT_TOTAL_0_682
2975603,146,2026-05-20 16:15:00,671,,682,0,,0,,CORRECT_TOTAL_0_682
2975604,146,2026-05-20 16:20:00,671,,682,0,,0,,CORRECT_TOTAL_0_682
2975605,146,2026-05-20 16:25:00,671,,682,0,,0,,CORRECT_TOTAL_0_682
2975606,146,2026-05-20 16:30:00,671,,682,0,,0,,CORRECT_TOTAL_0_682
2975607,146,2026-05-20 16:35:00,671,,682,0,,0,,CORRECT_TOTAL_0_682
2975608,146,2026-05-20 16:40:00,671,,682,0,,0,,CORRECT_TOTAL_0_682
2975609,146,2026-05-20 16:45:00,671,,682,0,,0,,CORRECT_TOTAL_0_682
2975610,146,2026-05-20 16:50:00,671,,682,0,,0,,CORRECT_TOTAL_0_682
2975611,146,2026-05-20 16:55:00,671,,682,0,,0,,CORRECT_TOTAL_0_682
2975612,146,2026-05-20 17:00:00,671,,682,0,,0,,CORRECT_TOTAL_0_682
2975613,146,2026-05-20 17:05:00,671,,682,0,,0,,CORRECT_TOTAL_0_682
2975614,146,2026-05-20 17:10:00,671,,682,0,,0,,CORRECT_TOTAL_0_682
2975615,146,2026-05-20 17:15:00,671,,682,0,,0,,CORRECT_TOTAL_0_682
2975616,146,2026-05-20 17:20:00,671,,682,0,,0,,CORRECT_TOTAL_0_682
2975617,146,2026-05-20 17:25:00,671,,682,0,,0,,CORRECT_TOTAL_0_682
2975618,146,2026-05-20 17:30:00,671,,682,0,,0,,CORRECT_TOTAL_0_682
2975619,146,2026-05-20 17:35:00,671,,682,0,,0,,CORRECT_TOTAL_0_682
2975620,146,2026-05-20 17:40:00,671,,682,0,,0,,CORRECT_TOTAL_0_682
2975621,146,2026-05-20 17:45:00,671,,682,0,,0,,CORRECT_TOTAL_0_682
2975622,146,2026-05-20 17:50:00,671,,682,0,,0,,CORRECT_TOTAL_0_682
2975623,146,2026-05-20 17:55:00,671,,682,0,,0,,CORRECT_TOTAL_0_682
2975624,146,2026-05-20 18:00:00,671,,682,0,,0,,CORRECT_TOTAL_0_682
2975625,146,2026-05-20 18:05:00,671,,682,0,,0,,CORRECT_TOTAL_0_682
2975626,146,2026-05-20 18:10:00,671,,682,0,,0,,CORRECT_TOTAL_0_682
2975627,146,2026-05-20 18:15:00,671,,682,0,,0,,CORRECT_TOTAL_0_682
2975628,146,2026-05-20 18:20:00,671,,682,0,,0,,CORRECT_TOTAL_0_682
2975629,146,2026-05-20 18:25:00,671,,682,0,,0,,CORRECT_TOTAL_0_682
2975630,146,2026-05-20 18:30:00,671,,682,0,,0,,CORRECT_TOTAL_0_682
2975631,146,2026-05-20 18:35:00,671,,682,0,,0,,CORRECT_TOTAL_0_682
2975632,146,2026-05-20 18:40:00,671,,682,0,,0,,CORRECT_TOTAL_0_682
2975633,146,2026-05-20 18:45:00,671,,682,0,,0,,CORRECT_TOTAL_0_682
2975634,146,2026-05-20 18:50:00,671,,682,0,,0,,CORRECT_TOTAL_0_682
2975635,146,2026-05-20 18:55:00,671,,682,0,,0,,CORRECT_TOTAL_0_682
2975636,146,2026-05-20 19:00:00,671,,682,0,,0,,CORRECT_TOTAL_0_682
2975637,146,2026-05-20 19:05:00,671,,682,0,,0,,CORRECT_TOTAL_0_682
2975638,146,2026-05-20 19:10:00,672,,683,0,,0,,CORRECT_TOTAL_0_683
2975639,146,2026-05-20 19:15:00,672,,683,0,,0,,CORRECT_TOTAL_0_683
2975640,146,2026-05-20 19:20:00,673,,684,0,,0,,CORRECT_TOTAL_0_684
2975641,146,2026-05-20 19:25:00,674,,685,0,,0,,CORRECT_TOTAL_0_685
2975642,146,2026-05-20 19:30:00,674,,685,0,,0,,CORRECT_TOTAL_0_685
2975643,146,2026-05-20 19:35:00,675,,686,0,,0,,CORRECT_TOTAL_0_686
2975644,146,2026-05-20 19:40:00,675,,686,0,,0,,CORRECT_TOTAL_0_686
2975645,146,2026-05-20 19:45:00,676,,687,0,,0,,CORRECT_TOTAL_0_687
2975646,146,2026-05-20 19:50:00,677,,688,0,,0,,CORRECT_TOTAL_0_688
2975647,146,2026-05-20 19:55:00,677,,688,0,,0,,CORRECT_TOTAL_0_688
2975649,146,2026-05-20 20:00:00,678,,689,0,,0,,CORRECT_TOTAL_0_689
2975650,146,2026-05-20 20:05:00,678,,689,0,,0,,CORRECT_TOTAL_0_689
2975651,146,2026-05-20 20:10:00,679,,690,0,,0,,CORRECT_TOTAL_0_690
2975652,146,2026-05-20 20:15:00,680,,691,0,,0,,CORRECT_TOTAL_0_691
2975653,146,2026-05-20 20:20:00,680,,691,0,,0,,CORRECT_TOTAL_0_691
2975654,146,2026-05-20 20:25:00,681,,692,0,,0,,CORRECT_TOTAL_0_692
2975655,146,2026-05-20 20:30:00,681,,692,0,,0,,CORRECT_TOTAL_0_692
2975656,146,2026-05-20 20:35:00,681,,692,0,,0,,CORRECT_TOTAL_0_692
2975657,146,2026-05-20 20:40:00,681,,692,0,,0,,CORRECT_TOTAL_0_692
2975658,146,2026-05-20 20:45:00,681,,692,0,,0,,CORRECT_TOTAL_0_692
2975659,146,2026-05-20 20:50:00,681,,692,0,,0,,CORRECT_TOTAL_0_692
2975660,146,2026-05-20 20:55:00,681,,692,0,,0,,CORRECT_TOTAL_0_692
2975661,146,2026-05-20 21:00:00,681,,692,0,,0,,CORRECT_TOTAL_0_692
2975662,146,2026-05-20 21:05:00,681,,692,0,,0,,CORRECT_TOTAL_0_692
2975663,146,2026-05-20 21:10:00,681,,692,0,,0,,CORRECT_TOTAL_0_692
2975664,146,2026-05-20 21:15:00,681,,692,0,,0,,CORRECT_TOTAL_0_692
2975665,146,2026-05-20 21:20:00,681,,692,0,,0,,CORRECT_TOTAL_0_692
2975666,146,2026-05-20 21:25:00,682,,693,0,,0,,CORRECT_TOTAL_0_693
2975667,146,2026-05-20 21:30:00,683,,694,0,,0,,CORRECT_TOTAL_0_694
2975668,146,2026-05-20 21:35:00,683,,694,0,,0,,CORRECT_TOTAL_0_694
2975669,146,2026-05-20 21:40:00,684,,695,0,,0,,CORRECT_TOTAL_0_695
2975670,146,2026-05-20 21:45:00,684,,695,0,,0,,CORRECT_TOTAL_0_695
2975671,146,2026-05-20 21:50:00,685,,696,0,,0,,CORRECT_TOTAL_0_696
2975672,146,2026-05-20 21:55:00,685,,696,0,,0,,CORRECT_TOTAL_0_696
2975673,146,2026-05-20 22:00:00,686,,697,0,,0,,CORRECT_TOTAL_0_697
2975674,146,2026-05-20 22:05:00,687,,698,0,,0,,CORRECT_TOTAL_0_698
2975675,146,2026-05-20 22:10:00,687,,698,0,,0,,CORRECT_TOTAL_0_698
2975676,146,2026-05-20 22:15:00,688,,699,0,,0,,CORRECT_TOTAL_0_699
2975677,146,2026-05-20 22:20:00,688,,699,0,,0,,CORRECT_TOTAL_0_699
2975678,146,2026-05-20 22:25:00,689,,700,0,,0,,CORRECT_TOTAL_0_700
2975679,146,2026-05-20 22:30:00,689,,700,0,,0,,CORRECT_TOTAL_0_700
2975680,146,2026-05-20 22:35:00,690,,701,0,,0,,CORRECT_TOTAL_0_701
2975681,146,2026-05-20 22:40:00,691,,702,0,,0,,CORRECT_TOTAL_0_702
2975682,146,2026-05-20 22:45:00,691,,702,0,,0,,CORRECT_TOTAL_0_702
2975683,146,2026-05-20 22:50:00,692,,703,0,,0,,CORRECT_TOTAL_0_703
2975684,146,2026-05-20 22:55:00,692,,703,0,,0,,CORRECT_TOTAL_0_703
2975685,146,2026-05-20 23:00:00,693,,704,0,,0,,CORRECT_TOTAL_0_704
2975686,146,2026-05-20 23:05:00,693,,704,0,,0,,CORRECT_TOTAL_0_704
2975687,146,2026-05-20 23:10:00,693,,704,0,,0,,CORRECT_TOTAL_0_704
2975688,146,2026-05-20 23:15:00,693,,704,0,,0,,CORRECT_TOTAL_0_704
2975689,146,2026-05-20 23:20:00,693,,704,0,,0,,CORRECT_TOTAL_0_704
2975690,146,2026-05-20 23:25:00,693,,704,0,,0,,CORRECT_TOTAL_0_704
2975691,146,2026-05-20 23:30:00,693,,704,0,,0,,CORRECT_TOTAL_0_704
2975692,146,2026-05-20 23:35:00,693,,704,0,,0,,CORRECT_TOTAL_0_704
2975693,146,2026-05-20 23:40:00,693,,704,0,,0,,CORRECT_TOTAL_0_704
2975694,146,2026-05-20 23:45:00,693,,704,0,,0,,CORRECT_TOTAL_0_704
2975695,146,2026-05-20 23:50:00,693,,704,0,,0,,CORRECT_TOTAL_0_704
2975696,146,2026-05-20 23:55:00,693,,704,0,,0,,CORRECT_TOTAL_0_704
2975697,146,2026-05-21 00:00:00,693,,704,0,,0,,CORRECT_TOTAL_0_704
2975698,146,2026-05-21 00:05:00,693,,704,0,,0,,CORRECT_TOTAL_0_704
2975699,146,2026-05-21 00:10:00,694,,705,0,,0,,CORRECT_TOTAL_0_705
2975700,146,2026-05-21 00:15:00,695,,706,0,,0,,CORRECT_TOTAL_0_706
2975701,146,2026-05-21 00:20:00,695,,706,0,,0,,CORRECT_TOTAL_0_706
2975702,146,2026-05-21 00:25:00,696,,707,0,,0,,CORRECT_TOTAL_0_707
2975703,146,2026-05-21 00:30:00,696,,707,0,,0,,CORRECT_TOTAL_0_707
2975704,146,2026-05-21 00:35:00,697,,708,0,,0,,CORRECT_TOTAL_0_708
2975705,146,2026-05-21 00:40:00,697,,708,0,,0,,CORRECT_TOTAL_0_708
2975706,146,2026-05-21 00:45:00,698,,709,0,,0,,CORRECT_TOTAL_0_709
2975707,146,2026-05-21 00:50:00,699,,710,0,,0,,CORRECT_TOTAL_0_710
2975708,146,2026-05-21 00:55:00,699,,710,0,,0,,CORRECT_TOTAL_0_710
2975709,146,2026-05-21 01:00:00,700,,711,0,,0,,CORRECT_TOTAL_0_711
2975710,146,2026-05-21 01:05:00,700,,711,0,,0,,CORRECT_TOTAL_0_711
2975711,146,2026-05-21 01:10:00,701,,712,0,,0,,CORRECT_TOTAL_0_712
2975712,146,2026-05-21 01:15:00,702,,713,0,,0,,CORRECT_TOTAL_0_713
2975713,146,2026-05-21 01:20:00,702,,713,0,,0,,CORRECT_TOTAL_0_713
2975714,146,2026-05-21 01:25:00,703,,714,0,,0,,CORRECT_TOTAL_0_714
2975715,146,2026-05-21 01:30:00,703,,714,0,,0,,CORRECT_TOTAL_0_714
2975716,146,2026-05-21 01:35:00,703,,714,0,,0,,CORRECT_TOTAL_0_714
2975717,146,2026-05-21 01:40:00,703,,714,0,,0,,CORRECT_TOTAL_0_714
2975718,146,2026-05-21 01:45:00,703,,714,0,,0,,CORRECT_TOTAL_0_714
2975719,146,2026-05-21 01:50:00,703,,714,0,,0,,CORRECT_TOTAL_0_714
2975720,146,2026-05-21 01:55:00,703,,714,0,,0,,CORRECT_TOTAL_0_714
2975721,146,2026-05-21 02:00:00,703,,714,0,,0,,CORRECT_TOTAL_0_714
2975722,146,2026-05-21 02:05:00,703,,714,0,,0,,CORRECT_TOTAL_0_714
2975723,146,2026-05-21 02:10:00,703,,714,0,,0,,CORRECT_TOTAL_0_714
2975724,146,2026-05-21 02:15:00,703,,714,0,,0,,CORRECT_TOTAL_0_714
2975725,146,2026-05-21 02:20:00,703,,714,0,,0,,CORRECT_TOTAL_0_714
2975726,146,2026-05-21 02:25:00,704,,715,0,,0,,CORRECT_TOTAL_0_715
2975727,146,2026-05-21 02:30:00,705,,716,0,,0,,CORRECT_TOTAL_0_716
2975728,146,2026-05-21 02:35:00,705,,716,0,,0,,CORRECT_TOTAL_0_716
2975729,146,2026-05-21 02:40:00,706,,717,0,,0,,CORRECT_TOTAL_0_717
2975730,146,2026-05-21 02:45:00,706,,717,0,,0,,CORRECT_TOTAL_0_717
2975731,146,2026-05-21 02:50:00,707,,718,0,,0,,CORRECT_TOTAL_0_718
2975732,146,2026-05-21 02:55:00,707,,718,0,,0,,CORRECT_TOTAL_0_718
2975733,146,2026-05-21 03:00:00,708,,719,0,,0,,CORRECT_TOTAL_0_719
2975734,146,2026-05-21 03:05:00,709,,720,0,,0,,CORRECT_TOTAL_0_720
2975735,146,2026-05-21 03:10:00,709,,720,0,,0,,CORRECT_TOTAL_0_720
2975736,146,2026-05-21 03:15:00,710,,721,0,,0,,CORRECT_TOTAL_0_721
2975737,146,2026-05-21 03:20:00,710,,721,0,,0,,CORRECT_TOTAL_0_721
2975738,146,2026-05-21 03:25:00,711,,722,0,,0,,CORRECT_TOTAL_0_722
2975739,146,2026-05-21 03:30:00,711,,722,0,,0,,CORRECT_TOTAL_0_722
2975740,146,2026-05-21 03:35:00,712,,723,0,,0,,CORRECT_TOTAL_0_723
2975741,146,2026-05-21 03:40:00,713,,724,0,,0,,CORRECT_TOTAL_0_724
2975742,146,2026-05-21 03:45:00,713,,724,0,,0,,CORRECT_TOTAL_0_724
2975743,146,2026-05-21 03:50:00,714,,725,0,,0,,CORRECT_TOTAL_0_725
2975744,146,2026-05-21 03:55:00,714,,725,0,,0,,CORRECT_TOTAL_0_725
2975745,146,2026-05-21 04:00:00,714,,725,0,,0,,CORRECT_TOTAL_0_725
2975746,146,2026-05-21 04:05:00,714,,725,0,,0,,CORRECT_TOTAL_0_725
2975747,146,2026-05-21 04:10:00,714,,725,0,,0,,CORRECT_TOTAL_0_725
2975748,146,2026-05-21 04:15:00,714,,725,0,,0,,CORRECT_TOTAL_0_725
2975749,146,2026-05-21 04:20:00,714,,725,0,,0,,CORRECT_TOTAL_0_725
2975750,146,2026-05-21 04:25:00,714,,725,0,,0,,CORRECT_TOTAL_0_725
2975751,146,2026-05-21 04:30:00,714,,725,0,,0,,CORRECT_TOTAL_0_725
2975752,146,2026-05-21 04:35:00,714,,725,0,,0,,CORRECT_TOTAL_0_725
2975753,146,2026-05-21 04:40:00,714,,725,0,,0,,CORRECT_TOTAL_0_725
2975754,146,2026-05-21 04:45:00,714,,725,0,,0,,CORRECT_TOTAL_0_725
2975755,146,2026-05-21 04:50:00,715,,726,0,,0,,CORRECT_TOTAL_0_726
2975756,146,2026-05-21 04:55:00,715,,726,0,,0,,CORRECT_TOTAL_0_726
2975757,146,2026-05-21 05:00:00,716,,727,0,,0,,CORRECT_TOTAL_0_727
2975758,146,2026-05-21 05:05:00,717,,728,0,,0,,CORRECT_TOTAL_0_728
2975759,146,2026-05-21 05:10:00,717,,728,0,,0,,CORRECT_TOTAL_0_728
2975760,146,2026-05-21 05:15:00,718,,729,0,,0,,CORRECT_TOTAL_0_729
2975761,146,2026-05-21 05:20:00,718,,729,0,,0,,CORRECT_TOTAL_0_729
2975762,146,2026-05-21 05:25:00,719,,730,0,,0,,CORRECT_TOTAL_0_730
2975763,146,2026-05-21 05:30:00,719,,730,0,,0,,CORRECT_TOTAL_0_730
2975764,146,2026-05-21 05:35:00,720,,731,0,,0,,CORRECT_TOTAL_0_731
2975765,146,2026-05-21 05:40:00,721,,732,0,,0,,CORRECT_TOTAL_0_732
2975766,146,2026-05-21 05:45:00,721,,732,0,,0,,CORRECT_TOTAL_0_732
2975767,146,2026-05-21 05:50:00,722,,733,0,,0,,CORRECT_TOTAL_0_733
2975768,146,2026-05-21 05:55:00,722,,733,0,,0,,CORRECT_TOTAL_0_733
2975769,146,2026-05-21 06:00:00,723,,734,0,,0,,CORRECT_TOTAL_0_734
2975770,146,2026-05-21 06:05:00,723,,734,0,,0,,CORRECT_TOTAL_0_734
2975771,146,2026-05-21 06:10:00,724,,735,0,,0,,CORRECT_TOTAL_0_735
2975772,146,2026-05-21 06:15:00,724,,735,0,,0,,CORRECT_TOTAL_0_735
2975773,146,2026-05-21 06:20:00,724,,735,0,,0,,CORRECT_TOTAL_0_735
2975774,146,2026-05-21 06:25:00,724,,735,0,,0,,CORRECT_TOTAL_0_735
2975775,146,2026-05-21 06:30:00,724,,735,0,,0,,CORRECT_TOTAL_0_735
2975776,146,2026-05-21 06:35:00,724,,735,0,,0,,CORRECT_TOTAL_0_735
2975777,146,2026-05-21 06:40:00,724,,735,0,,0,,CORRECT_TOTAL_0_735
2975778,146,2026-05-21 06:45:00,724,,735,0,,0,,CORRECT_TOTAL_0_735
2975779,146,2026-05-21 06:50:00,724,,735,0,,0,,CORRECT_TOTAL_0_735
2975780,146,2026-05-21 06:55:00,724,,735,0,,0,,CORRECT_TOTAL_0_735
2975781,146,2026-05-21 07:00:00,724,,735,0,,0,,CORRECT_TOTAL_0_735
2975782,146,2026-05-21 07:05:00,724,,735,0,,0,,CORRECT_TOTAL_0_735
2975783,146,2026-05-21 07:10:00,725,,736,0,,0,,CORRECT_TOTAL_0_736
2975784,146,2026-05-21 07:15:00,726,,737,0,,0,,CORRECT_TOTAL_0_737
2975785,146,2026-05-21 07:20:00,726,,737,0,,0,,CORRECT_TOTAL_0_737
2975786,146,2026-05-21 07:25:00,727,,738,0,,0,,CORRECT_TOTAL_0_738
2975787,146,2026-05-21 07:30:00,727,,738,0,,0,,CORRECT_TOTAL_0_738
2975788,146,2026-05-21 07:35:00,728,,739,0,,0,,CORRECT_TOTAL_0_739
2975789,146,2026-05-21 07:40:00,729,,740,0,,0,,CORRECT_TOTAL_0_740
2975790,146,2026-05-21 07:45:00,729,,740,0,,0,,CORRECT_TOTAL_0_740
2975791,146,2026-05-21 07:50:00,730,,741,0,,0,,CORRECT_TOTAL_0_741
2975792,146,2026-05-21 07:55:00,730,,741,0,,0,,CORRECT_TOTAL_0_741
2975793,146,2026-05-21 08:00:00,731,,742,0,,0,,CORRECT_TOTAL_0_742
2975794,146,2026-05-21 08:05:00,731,,742,0,,0,,CORRECT_TOTAL_0_742
2975795,146,2026-05-21 08:10:00,732,,743,0,,0,,CORRECT_TOTAL_0_743
2975796,146,2026-05-21 08:15:00,733,,744,0,,0,,CORRECT_TOTAL_0_744
2975797,146,2026-05-21 08:20:00,733,,744,0,,0,,CORRECT_TOTAL_0_744
2975798,146,2026-05-21 08:25:00,734,,745,0,,0,,CORRECT_TOTAL_0_745
2975799,146,2026-05-21 08:30:00,734,,745,0,,0,,CORRECT_TOTAL_0_745
2975800,146,2026-05-21 08:35:00,734,,745,0,,0,,CORRECT_TOTAL_0_745
2975801,146,2026-05-21 08:40:00,734,,745,0,,0,,CORRECT_TOTAL_0_745
2975802,146,2026-05-21 08:45:00,734,,745,0,,0,,CORRECT_TOTAL_0_745
2975803,146,2026-05-21 08:50:00,734,,745,0,,0,,CORRECT_TOTAL_0_745
2975804,146,2026-05-21 08:55:00,734,,745,0,,0,,CORRECT_TOTAL_0_745
2975805,146,2026-05-21 09:00:00,734,,745,0,,0,,CORRECT_TOTAL_0_745
2975806,146,2026-05-21 09:05:00,734,,745,0,,0,,CORRECT_TOTAL_0_745
2975807,146,2026-05-21 09:10:00,734,,745,0,,0,,CORRECT_TOTAL_0_745
2975808,146,2026-05-21 09:15:00,734,,745,0,,0,,CORRECT_TOTAL_0_745
2975809,146,2026-05-21 09:20:00,734,,745,0,,0,,CORRECT_TOTAL_0_745
2975810,146,2026-05-21 09:25:00,735,,746,0,,0,,CORRECT_TOTAL_0_746
2975811,146,2026-05-21 09:30:00,736,,747,0,,0,,CORRECT_TOTAL_0_747
2975812,146,2026-05-21 09:35:00,736,,747,0,,0,,CORRECT_TOTAL_0_747
2975813,146,2026-05-21 09:40:00,737,,748,0,,0,,CORRECT_TOTAL_0_748
2975814,146,2026-05-21 09:45:00,737,,748,0,,0,,CORRECT_TOTAL_0_748
2975815,146,2026-05-21 09:50:00,738,,749,0,,0,,CORRECT_TOTAL_0_749
2975816,146,2026-05-21 09:55:00,738,,749,0,,0,,CORRECT_TOTAL_0_749
2975817,146,2026-05-21 10:00:00,739,,750,0,,0,,CORRECT_TOTAL_0_750
2975818,146,2026-05-21 10:05:00,740,,751,0,,0,,CORRECT_TOTAL_0_751
2975819,146,2026-05-21 10:10:00,740,,751,0,,0,,CORRECT_TOTAL_0_751
2975820,146,2026-05-21 10:15:00,741,,752,0,,0,,CORRECT_TOTAL_0_752
2975821,146,2026-05-21 10:20:00,741,,752,0,,0,,CORRECT_TOTAL_0_752
2975822,146,2026-05-21 10:25:00,742,,753,0,,0,,CORRECT_TOTAL_0_753
2975823,146,2026-05-21 10:30:00,742,,753,0,,0,,CORRECT_TOTAL_0_753
2975824,146,2026-05-21 10:35:00,743,,754,0,,0,,CORRECT_TOTAL_0_754
2975825,146,2026-05-21 10:40:00,744,,755,0,,0,,CORRECT_TOTAL_0_755
2975826,146,2026-05-21 10:45:00,744,,755,0,,0,,CORRECT_TOTAL_0_755
2975827,146,2026-05-21 10:50:00,744,,755,0,,0,,CORRECT_TOTAL_0_755
2975828,146,2026-05-21 10:55:00,744,,755,0,,0,,CORRECT_TOTAL_0_755
2975829,146,2026-05-21 11:00:00,744,,755,0,,0,,CORRECT_TOTAL_0_755
2975830,146,2026-05-21 11:05:00,744,,755,0,,0,,CORRECT_TOTAL_0_755
2975832,146,2026-05-21 11:10:00,744,,755,0,,0,,CORRECT_TOTAL_0_755
2975833,146,2026-05-21 11:15:00,744,,755,0,,0,,CORRECT_TOTAL_0_755
2975834,146,2026-05-21 11:20:00,744,,755,0,,0,,CORRECT_TOTAL_0_755
2975835,146,2026-05-21 11:25:00,744,,755,0,,0,,CORRECT_TOTAL_0_755
2975836,146,2026-05-21 11:30:00,744,,755,0,,0,,CORRECT_TOTAL_0_755
2975837,146,2026-05-21 11:35:00,744,,755,0,,0,,CORRECT_TOTAL_0_755
2975838,146,2026-05-21 11:40:00,745,,756,0,,0,,CORRECT_TOTAL_0_756
2975839,146,2026-05-21 11:45:00,745,,756,0,,0,,CORRECT_TOTAL_0_756
2975840,146,2026-05-21 11:50:00,746,,757,0,,0,,CORRECT_TOTAL_0_757
2975841,146,2026-05-21 11:55:00,747,,758,0,,0,,CORRECT_TOTAL_0_758
2975842,146,2026-05-21 12:00:00,747,,758,0,,0,,CORRECT_TOTAL_0_758
2975843,146,2026-05-21 12:05:00,748,,759,0,,0,,CORRECT_TOTAL_0_759
2975844,146,2026-05-21 12:10:00,748,,759,0,,0,,CORRECT_TOTAL_0_759
2975845,146,2026-05-21 12:15:00,749,,760,0,,0,,CORRECT_TOTAL_0_760
2975846,146,2026-05-21 12:20:00,750,,761,0,,0,,CORRECT_TOTAL_0_761
2975847,146,2026-05-21 12:25:00,750,,761,0,,0,,CORRECT_TOTAL_0_761
2975848,146,2026-05-21 12:30:00,751,,762,0,,0,,CORRECT_TOTAL_0_762
2975849,146,2026-05-21 12:35:00,751,,762,0,,0,,CORRECT_TOTAL_0_762
2975850,146,2026-05-21 12:40:00,752,,763,0,,0,,CORRECT_TOTAL_0_763
2975851,146,2026-05-21 12:45:00,752,,763,0,,0,,CORRECT_TOTAL_0_763
2975852,146,2026-05-21 12:50:00,753,,764,0,,0,,CORRECT_TOTAL_0_764
2975853,146,2026-05-21 12:55:00,754,,765,0,,0,,CORRECT_TOTAL_0_765
2975854,146,2026-05-21 13:00:00,754,,765,0,,0,,CORRECT_TOTAL_0_765
2975855,146,2026-05-21 13:05:00,755,,766,0,,0,,CORRECT_TOTAL_0_766
2975856,146,2026-05-21 13:10:00,755,,766,0,,0,,CORRECT_TOTAL_0_766
2975857,146,2026-05-21 13:15:00,756,,767,0,,0,,CORRECT_TOTAL_0_767
2975858,146,2026-05-21 13:20:00,756,,767,0,,0,,CORRECT_TOTAL_0_767
2975859,146,2026-05-21 13:25:00,756,,767,0,,0,,CORRECT_TOTAL_0_767
2975860,146,2026-05-21 13:30:00,756,,767,0,,0,,CORRECT_TOTAL_0_767
2975861,146,2026-05-21 13:35:00,756,,767,0,,0,,CORRECT_TOTAL_0_767
2975862,146,2026-05-21 13:40:00,756,,767,0,,0,,CORRECT_TOTAL_0_767
2975863,146,2026-05-21 13:45:00,756,,767,0,,0,,CORRECT_TOTAL_0_767
2975864,146,2026-05-21 13:50:00,756,,767,0,,0,,CORRECT_TOTAL_0_767
2975865,146,2026-05-21 13:55:00,756,,767,0,,0,,CORRECT_TOTAL_0_767
2975866,146,2026-05-21 14:00:00,756,,767,0,,0,,CORRECT_TOTAL_0_767
2975867,146,2026-05-21 14:05:00,756,,767,0,,0,,CORRECT_TOTAL_0_767
2975868,146,2026-05-21 14:10:00,756,,767,0,,0,,CORRECT_TOTAL_0_767
2975869,146,2026-05-21 14:15:00,756,,767,0,,0,,CORRECT_TOTAL_0_767
2975870,146,2026-05-21 14:20:00,756,,767,0,,0,,CORRECT_TOTAL_0_767
2975871,146,2026-05-21 14:25:00,757,,768,0,,0,,CORRECT_TOTAL_0_768
2975872,146,2026-05-21 14:30:00,757,,768,0,,0,,CORRECT_TOTAL_0_768
2975873,146,2026-05-21 14:35:00,758,,769,0,,0,,CORRECT_TOTAL_0_769
2975874,146,2026-05-21 14:40:00,759,,770,0,,0,,CORRECT_TOTAL_0_770
2975875,146,2026-05-21 14:45:00,759,,770,0,,0,,CORRECT_TOTAL_0_770
2975876,146,2026-05-21 14:50:00,760,,771,0,,0,,CORRECT_TOTAL_0_771
2975877,146,2026-05-21 14:55:00,760,,771,0,,0,,CORRECT_TOTAL_0_771
2975878,146,2026-05-21 15:00:00,761,,772,0,,0,,CORRECT_TOTAL_0_772
2975879,146,2026-05-21 15:05:00,762,,773,0,,0,,CORRECT_TOTAL_0_773
2975880,146,2026-05-21 15:10:00,762,,773,0,,0,,CORRECT_TOTAL_0_773
2975881,146,2026-05-21 15:15:00,763,,774,0,,0,,CORRECT_TOTAL_0_774
2975882,146,2026-05-21 15:20:00,763,,774,0,,0,,CORRECT_TOTAL_0_774
2975883,146,2026-05-21 15:25:00,764,,775,0,,0,,CORRECT_TOTAL_0_775
2975884,146,2026-05-21 15:35:00,765,,776,0,,0,,CORRECT_TOTAL_0_776
2975885,146,2026-05-21 15:40:00,766,,777,0,,0,,CORRECT_TOTAL_0_777
2975886,146,2026-05-21 15:45:00,766,,777,0,,0,,CORRECT_TOTAL_0_777
2975887,146,2026-05-21 15:50:00,767,,778,0,,0,,CORRECT_TOTAL_0_778
2975888,146,2026-05-21 15:55:00,767,,778,0,,0,,CORRECT_TOTAL_0_778
2975889,146,2026-05-21 16:00:00,768,,779,0,,0,,CORRECT_TOTAL_0_779
2975890,146,2026-05-21 16:05:00,768,,779,0,,0,,CORRECT_TOTAL_0_779
2975891,146,2026-05-21 16:10:00,768,,779,0,,0,,CORRECT_TOTAL_0_779
2975892,146,2026-05-21 16:15:00,768,,779,0,,0,,CORRECT_TOTAL_0_779
2975893,146,2026-05-21 16:20:00,768,,779,0,,0,,CORRECT_TOTAL_0_779
2975894,146,2026-05-21 16:25:00,768,,779,0,,0,,CORRECT_TOTAL_0_779
2975895,146,2026-05-21 16:30:00,768,,779,0,,0,,CORRECT_TOTAL_0_779
2975896,146,2026-05-21 16:35:00,768,,779,0,,0,,CORRECT_TOTAL_0_779
2975897,146,2026-05-21 16:40:00,768,,779,0,,0,,CORRECT_TOTAL_0_779
2975898,146,2026-05-21 16:45:00,768,,779,0,,0,,CORRECT_TOTAL_0_779
2975899,146,2026-05-21 16:50:00,768,,779,0,,0,,CORRECT_TOTAL_0_779
2975900,146,2026-05-21 16:55:00,769,,780,0,,0,,CORRECT_TOTAL_0_780
2975901,146,2026-05-21 17:00:00,769,,780,0,,0,,CORRECT_TOTAL_0_780
2975902,146,2026-05-21 17:05:00,770,,781,0,,0,,CORRECT_TOTAL_0_781
2975903,146,2026-05-21 17:10:00,770,,781,0,,0,,CORRECT_TOTAL_0_781
2975904,146,2026-05-21 17:15:00,771,,782,0,,0,,CORRECT_TOTAL_0_782
2975905,146,2026-05-21 17:20:00,772,,783,0,,0,,CORRECT_TOTAL_0_783
2975906,146,2026-05-21 17:25:00,772,,783,0,,0,,CORRECT_TOTAL_0_783
2975907,146,2026-05-21 17:30:00,773,,784,0,,0,,CORRECT_TOTAL_0_784
2975908,146,2026-05-21 17:35:00,773,,784,0,,0,,CORRECT_TOTAL_0_784
2975909,146,2026-05-21 17:40:00,774,,785,0,,0,,CORRECT_TOTAL_0_785
2975910,146,2026-05-21 17:45:00,774,,785,0,,0,,CORRECT_TOTAL_0_785
2975911,146,2026-05-21 17:50:00,775,,786,0,,0,,CORRECT_TOTAL_0_786
2975912,146,2026-05-21 17:55:00,776,,787,0,,0,,CORRECT_TOTAL_0_787
2975914,146,2026-05-21 18:00:00,776,,787,0,,0,,CORRECT_TOTAL_0_787
2975915,146,2026-05-21 18:05:00,777,,788,0,,0,,CORRECT_TOTAL_0_788
2975916,146,2026-05-21 18:10:00,777,,788,0,,0,,CORRECT_TOTAL_0_788
2975917,146,2026-05-21 18:15:00,777,,788,0,,0,,CORRECT_TOTAL_0_788
2975918,146,2026-05-21 18:20:00,777,,788,0,,0,,CORRECT_TOTAL_0_788
2975919,146,2026-05-21 18:25:00,777,,788,0,,0,,CORRECT_TOTAL_0_788
2975920,146,2026-05-21 18:30:00,777,,788,0,,0,,CORRECT_TOTAL_0_788
2975921,146,2026-05-21 18:35:00,777,,788,0,,0,,CORRECT_TOTAL_0_788
2975922,146,2026-05-21 18:40:00,777,,788,0,,0,,CORRECT_TOTAL_0_788
2975923,146,2026-05-21 18:45:00,777,,788,0,,0,,CORRECT_TOTAL_0_788
2975924,146,2026-05-21 18:50:00,777,,788,0,,0,,CORRECT_TOTAL_0_788
2975925,146,2026-05-21 18:55:00,777,,788,0,,0,,CORRECT_TOTAL_0_788
2975926,146,2026-05-21 19:00:00,778,,789,0,,0,,CORRECT_TOTAL_0_789
2975927,146,2026-05-21 19:05:00,778,,789,0,,0,,CORRECT_TOTAL_0_789
2975928,146,2026-05-21 19:10:00,779,,790,0,,0,,CORRECT_TOTAL_0_790
2975929,146,2026-05-21 19:15:00,779,,790,0,,0,,CORRECT_TOTAL_0_790
2975930,146,2026-05-21 19:20:00,780,,791,0,,0,,CORRECT_TOTAL_0_791
2975931,146,2026-05-21 19:25:00,780,,791,0,,0,,CORRECT_TOTAL_0_791
2975932,146,2026-05-21 19:30:00,781,,792,0,,0,,CORRECT_TOTAL_0_792
2975933,146,2026-05-21 19:35:00,782,,793,0,,0,,CORRECT_TOTAL_0_793
2975934,146,2026-05-21 19:40:00,782,,793,0,,0,,CORRECT_TOTAL_0_793
2975935,146,2026-05-21 19:45:00,783,,794,0,,0,,CORRECT_TOTAL_0_794
2975936,146,2026-05-21 19:50:00,783,,794,0,,0,,CORRECT_TOTAL_0_794
2975937,146,2026-05-21 19:55:00,784,,795,0,,0,,CORRECT_TOTAL_0_795
2975938,146,2026-05-21 20:00:00,784,,795,0,,0,,CORRECT_TOTAL_0_795
2975939,146,2026-05-21 20:05:00,785,,796,0,,0,,CORRECT_TOTAL_0_796
2975940,146,2026-05-21 20:10:00,786,,797,0,,0,,CORRECT_TOTAL_0_797
2975941,146,2026-05-21 20:15:00,786,,797,0,,0,,CORRECT_TOTAL_0_797
2975942,146,2026-05-21 20:20:00,787,,798,0,,0,,CORRECT_TOTAL_0_798
2975943,146,2026-05-21 20:25:00,787,,798,0,,0,,CORRECT_TOTAL_0_798
2975944,146,2026-05-21 20:30:00,788,,799,0,,0,,CORRECT_TOTAL_0_799
2975945,146,2026-05-21 20:35:00,788,,799,0,,0,,CORRECT_TOTAL_0_799
2975946,146,2026-05-21 20:40:00,788,,799,0,,0,,CORRECT_TOTAL_0_799
2975947,146,2026-05-21 20:45:00,788,,799,0,,0,,CORRECT_TOTAL_0_799
2975948,146,2026-05-21 20:50:00,788,,799,0,,0,,CORRECT_TOTAL_0_799
2975949,146,2026-05-21 20:55:00,788,,799,0,,0,,CORRECT_TOTAL_0_799
2975950,146,2026-05-21 21:00:00,788,,799,0,,0,,CORRECT_TOTAL_0_799
2975951,146,2026-05-21 21:05:00,788,,799,0,,0,,CORRECT_TOTAL_0_799
2975952,146,2026-05-21 21:10:00,788,,799,0,,0,,CORRECT_TOTAL_0_799
2975953,146,2026-05-21 21:15:00,788,,799,0,,0,,CORRECT_TOTAL_0_799
2975954,146,2026-05-21 21:20:00,788,,799,0,,0,,CORRECT_TOTAL_0_799
2975955,146,2026-05-21 21:25:00,789,,800,0,,0,,CORRECT_TOTAL_0_800
2975956,146,2026-05-21 21:30:00,789,,800,0,,0,,CORRECT_TOTAL_0_800
2975957,146,2026-05-21 21:35:00,790,,801,0,,0,,CORRECT_TOTAL_0_801
2975958,146,2026-05-21 21:40:00,790,,801,0,,0,,CORRECT_TOTAL_0_801
2975959,146,2026-05-21 21:45:00,791,,802,0,,0,,CORRECT_TOTAL_0_802
2975960,146,2026-05-21 21:50:00,791,,802,0,,0,,CORRECT_TOTAL_0_802
2975961,146,2026-05-21 21:55:00,792,,803,0,,0,,CORRECT_TOTAL_0_803
2975962,146,2026-05-21 22:00:00,793,,804,0,,0,,CORRECT_TOTAL_0_804
2975963,146,2026-05-21 22:05:00,793,,804,0,,0,,CORRECT_TOTAL_0_804
2975964,146,2026-05-21 22:10:00,794,,805,0,,0,,CORRECT_TOTAL_0_805
2975965,146,2026-05-21 22:15:00,794,,805,0,,0,,CORRECT_TOTAL_0_805
2975966,146,2026-05-21 22:20:00,795,,806,0,,0,,CORRECT_TOTAL_0_806
2975967,146,2026-05-21 22:25:00,796,,807,0,,0,,CORRECT_TOTAL_0_807
2975968,146,2026-05-21 22:30:00,796,,807,0,,0,,CORRECT_TOTAL_0_807
2975969,146,2026-05-21 22:35:00,797,,808,0,,0,,CORRECT_TOTAL_0_808
2975970,146,2026-05-21 22:40:00,797,,808,0,,0,,CORRECT_TOTAL_0_808
2975971,146,2026-05-21 22:45:00,798,,809,0,,0,,CORRECT_TOTAL_0_809
2975972,146,2026-05-21 22:50:00,798,,809,0,,0,,CORRECT_TOTAL_0_809
2975973,146,2026-05-21 22:55:00,798,,809,0,,0,,CORRECT_TOTAL_0_809
2975974,146,2026-05-21 23:00:00,798,,809,0,,0,,CORRECT_TOTAL_0_809
2975975,146,2026-05-21 23:05:00,798,,809,0,,0,,CORRECT_TOTAL_0_809
2975976,146,2026-05-21 23:10:00,798,,809,0,,0,,CORRECT_TOTAL_0_809
2975977,146,2026-05-21 23:15:00,798,,809,0,,0,,CORRECT_TOTAL_0_809
2975978,146,2026-05-21 23:20:00,798,,809,0,,0,,CORRECT_TOTAL_0_809
2975979,146,2026-05-21 23:25:00,798,,809,0,,0,,CORRECT_TOTAL_0_809
2975980,146,2026-05-21 23:30:00,798,,809,0,,0,,CORRECT_TOTAL_0_809
2975981,146,2026-05-21 23:35:00,798,,809,0,,0,,CORRECT_TOTAL_0_809
2975982,146,2026-05-21 23:40:00,799,,810,0,,0,,CORRECT_TOTAL_0_810
2975983,146,2026-05-21 23:45:00,799,,810,0,,0,,CORRECT_TOTAL_0_810
2975984,146,2026-05-21 23:50:00,800,,811,0,,0,,CORRECT_TOTAL_0_811
2975985,146,2026-05-21 23:55:00,800,,811,0,,0,,CORRECT_TOTAL_0_811
2975986,146,2026-05-22 00:00:00,801,,812,0,,0,,CORRECT_TOTAL_0_812
2975987,146,2026-05-22 00:05:00,802,,813,0,,0,,CORRECT_TOTAL_0_813
2975988,146,2026-05-22 00:10:00,802,,813,0,,0,,CORRECT_TOTAL_0_813
2975989,146,2026-05-22 00:15:00,803,,814,0,,0,,CORRECT_TOTAL_0_814
2975990,146,2026-05-22 00:20:00,803,,814,0,,0,,CORRECT_TOTAL_0_814
2975991,146,2026-05-22 00:25:00,804,,815,0,,0,,CORRECT_TOTAL_0_815
2975992,146,2026-05-22 00:30:00,804,,815,0,,0,,CORRECT_TOTAL_0_815
2975993,146,2026-05-22 00:35:00,805,,816,0,,0,,CORRECT_TOTAL_0_816
2975994,146,2026-05-22 00:40:00,806,,817,0,,0,,CORRECT_TOTAL_0_817
2975995,146,2026-05-22 00:45:00,806,,817,0,,0,,CORRECT_TOTAL_0_817
2975996,146,2026-05-22 00:50:00,807,,818,0,,0,,CORRECT_TOTAL_0_818
2975997,146,2026-05-22 00:55:00,807,,818,0,,0,,CORRECT_TOTAL_0_818
2975998,146,2026-05-22 01:00:00,808,,819,0,,0,,CORRECT_TOTAL_0_819
2975999,146,2026-05-22 01:05:00,808,,819,0,,0,,CORRECT_TOTAL_0_819
2976000,146,2026-05-22 01:10:00,809,,820,0,,0,,CORRECT_TOTAL_0_820
2976001,146,2026-05-22 01:15:00,809,,820,0,,0,,CORRECT_TOTAL_0_820
2976002,146,2026-05-22 01:20:00,809,,820,0,,0,,CORRECT_TOTAL_0_820
2976003,146,2026-05-22 01:25:00,809,,820,0,,0,,CORRECT_TOTAL_0_820
2976004,146,2026-05-22 01:30:00,809,,820,0,,0,,CORRECT_TOTAL_0_820
2976005,146,2026-05-22 01:35:00,809,,820,0,,0,,CORRECT_TOTAL_0_820
2976006,146,2026-05-22 01:40:00,809,,820,0,,0,,CORRECT_TOTAL_0_820
2976007,146,2026-05-22 01:45:00,809,,820,0,,0,,CORRECT_TOTAL_0_820
2976008,146,2026-05-22 01:50:00,809,,820,0,,0,,CORRECT_TOTAL_0_820
2976009,146,2026-05-22 01:55:00,809,,820,0,,0,,CORRECT_TOTAL_0_820
2976010,146,2026-05-22 02:00:00,809,,820,0,,0,,CORRECT_TOTAL_0_820
2976011,146,2026-05-22 02:05:00,810,,821,0,,0,,CORRECT_TOTAL_0_821
2976012,146,2026-05-22 02:10:00,810,,821,0,,0,,CORRECT_TOTAL_0_821
2976013,146,2026-05-22 02:15:00,811,,822,0,,0,,CORRECT_TOTAL_0_822
2976014,146,2026-05-22 02:20:00,811,,822,0,,0,,CORRECT_TOTAL_0_822
2976015,146,2026-05-22 02:25:00,812,,823,0,,0,,CORRECT_TOTAL_0_823
2976016,146,2026-05-22 02:30:00,813,,824,0,,0,,CORRECT_TOTAL_0_824
2976017,146,2026-05-22 02:35:00,813,,824,0,,0,,CORRECT_TOTAL_0_824
2976018,146,2026-05-22 02:40:00,814,,825,0,,0,,CORRECT_TOTAL_0_825
2976019,146,2026-05-22 02:45:00,814,,825,0,,0,,CORRECT_TOTAL_0_825
2976020,146,2026-05-22 02:50:00,815,,826,0,,0,,CORRECT_TOTAL_0_826
2976021,146,2026-05-22 02:55:00,815,,826,0,,0,,CORRECT_TOTAL_0_826
2976022,146,2026-05-22 03:00:00,816,,827,0,,0,,CORRECT_TOTAL_0_827
2976023,146,2026-05-22 03:05:00,817,,828,0,,0,,CORRECT_TOTAL_0_828
2976024,146,2026-05-22 03:10:00,817,,828,0,,0,,CORRECT_TOTAL_0_828
2976025,146,2026-05-22 03:15:00,818,,829,0,,0,,CORRECT_TOTAL_0_829
2976026,146,2026-05-22 03:20:00,818,,829,0,,0,,CORRECT_TOTAL_0_829
2976027,146,2026-05-22 03:25:00,819,,830,0,,0,,CORRECT_TOTAL_0_830
2976028,146,2026-05-22 03:30:00,819,,830,0,,0,,CORRECT_TOTAL_0_830
2976029,146,2026-05-22 03:35:00,820,,831,0,,0,,CORRECT_TOTAL_0_831
2976030,146,2026-05-22 03:40:00,820,,831,0,,0,,CORRECT_TOTAL_0_831
2976031,146,2026-05-22 03:45:00,820,,831,0,,0,,CORRECT_TOTAL_0_831
2976032,146,2026-05-22 03:50:00,820,,831,0,,0,,CORRECT_TOTAL_0_831
2976033,146,2026-05-22 03:55:00,820,,831,0,,0,,CORRECT_TOTAL_0_831
2976034,146,2026-05-22 04:00:00,820,,831,0,,0,,CORRECT_TOTAL_0_831
2976035,146,2026-05-22 04:05:00,820,,831,0,,0,,CORRECT_TOTAL_0_831
2976036,146,2026-05-22 04:10:00,820,,831,0,,0,,CORRECT_TOTAL_0_831
2976037,146,2026-05-22 04:15:00,820,,831,0,,0,,CORRECT_TOTAL_0_831
2976038,146,2026-05-22 04:20:00,820,,831,0,,0,,CORRECT_TOTAL_0_831
2976039,146,2026-05-22 04:25:00,820,,831,0,,0,,CORRECT_TOTAL_0_831
2976040,146,2026-05-22 04:30:00,821,,832,0,,0,,CORRECT_TOTAL_0_832
2976041,146,2026-05-22 04:35:00,821,,832,0,,0,,CORRECT_TOTAL_0_832
2976042,146,2026-05-22 04:40:00,822,,833,0,,0,,CORRECT_TOTAL_0_833
2976043,146,2026-05-22 04:45:00,823,,834,0,,0,,CORRECT_TOTAL_0_834
2976044,146,2026-05-22 04:50:00,823,,834,0,,0,,CORRECT_TOTAL_0_834
2976045,146,2026-05-22 04:55:00,824,,835,0,,0,,CORRECT_TOTAL_0_835
2976046,146,2026-05-22 05:00:00,824,,835,0,,0,,CORRECT_TOTAL_0_835
2976047,146,2026-05-22 05:05:00,825,,836,0,,0,,CORRECT_TOTAL_0_836
2976048,146,2026-05-22 05:10:00,825,,836,0,,0,,CORRECT_TOTAL_0_836
2976049,146,2026-05-22 05:15:00,826,,837,0,,0,,CORRECT_TOTAL_0_837
2976050,146,2026-05-22 05:20:00,827,,838,0,,0,,CORRECT_TOTAL_0_838
2976051,146,2026-05-22 05:25:00,827,,838,0,,0,,CORRECT_TOTAL_0_838
2976052,146,2026-05-22 05:30:00,828,,839,0,,0,,CORRECT_TOTAL_0_839
2976053,146,2026-05-22 05:35:00,828,,839,0,,0,,CORRECT_TOTAL_0_839
2976054,146,2026-05-22 05:40:00,829,,840,0,,0,,CORRECT_TOTAL_0_840
2976055,146,2026-05-22 05:45:00,829,,840,0,,0,,CORRECT_TOTAL_0_840
2976056,146,2026-05-22 05:50:00,830,,841,0,,0,,CORRECT_TOTAL_0_841
2976057,146,2026-05-22 05:55:00,830,,841,0,,0,,CORRECT_TOTAL_0_841
2976058,146,2026-05-22 06:00:00,830,,841,0,,0,,CORRECT_TOTAL_0_841
2976059,146,2026-05-22 06:05:00,830,,841,0,,0,,CORRECT_TOTAL_0_841
2976060,146,2026-05-22 06:10:00,830,,841,0,,0,,CORRECT_TOTAL_0_841
2976061,146,2026-05-22 06:15:00,830,,841,0,,0,,CORRECT_TOTAL_0_841
2976062,146,2026-05-22 06:20:00,830,,841,0,,0,,CORRECT_TOTAL_0_841
2976063,146,2026-05-22 06:25:00,830,,841,0,,0,,CORRECT_TOTAL_0_841
2976064,146,2026-05-22 06:30:00,830,,841,0,,0,,CORRECT_TOTAL_0_841
2976065,146,2026-05-22 06:35:00,830,,841,0,,0,,CORRECT_TOTAL_0_841
2976066,146,2026-05-22 06:40:00,830,,841,0,,0,,CORRECT_TOTAL_0_841
2976067,146,2026-05-22 06:45:00,831,,842,0,,0,,CORRECT_TOTAL_0_842
2976068,146,2026-05-22 06:50:00,831,,842,0,,0,,CORRECT_TOTAL_0_842
2976069,146,2026-05-22 06:55:00,832,,843,0,,0,,CORRECT_TOTAL_0_843
2976070,146,2026-05-22 07:00:00,832,,843,0,,0,,CORRECT_TOTAL_0_843
2976071,146,2026-05-22 07:05:00,833,,844,0,,0,,CORRECT_TOTAL_0_844
2976072,146,2026-05-22 07:10:00,833,,844,0,,0,,CORRECT_TOTAL_0_844
2976073,146,2026-05-22 07:15:00,834,,845,0,,0,,CORRECT_TOTAL_0_845
2976074,146,2026-05-22 07:20:00,835,,846,0,,0,,CORRECT_TOTAL_0_846
2976075,146,2026-05-22 07:25:00,835,,846,0,,0,,CORRECT_TOTAL_0_846
2976076,146,2026-05-22 07:30:00,836,,847,0,,0,,CORRECT_TOTAL_0_847
2976077,146,2026-05-22 07:35:00,836,,847,0,,0,,CORRECT_TOTAL_0_847
2976078,146,2026-05-22 07:40:00,837,,848,0,,0,,CORRECT_TOTAL_0_848
2976079,146,2026-05-22 07:45:00,837,,848,0,,0,,CORRECT_TOTAL_0_848
2976080,146,2026-05-22 07:50:00,838,,849,0,,0,,CORRECT_TOTAL_0_849
2976081,146,2026-05-22 07:55:00,838,,849,0,,0,,CORRECT_TOTAL_0_849
2976082,146,2026-05-22 08:00:00,839,,850,0,,0,,CORRECT_TOTAL_0_850
2976083,146,2026-05-22 08:05:00,840,,851,0,,0,,CORRECT_TOTAL_0_851
2976084,146,2026-05-22 08:10:00,840,,851,0,,0,,CORRECT_TOTAL_0_851
2976085,146,2026-05-22 08:15:00,841,,852,0,,0,,CORRECT_TOTAL_0_852
2976086,146,2026-05-22 08:20:00,841,,852,0,,0,,CORRECT_TOTAL_0_852
2976087,146,2026-05-22 08:25:00,842,,853,0,,0,,CORRECT_TOTAL_0_853
2976088,146,2026-05-22 08:30:00,842,,853,0,,0,,CORRECT_TOTAL_0_853
2976089,146,2026-05-22 08:35:00,842,,853,0,,0,,CORRECT_TOTAL_0_853
2976090,146,2026-05-22 08:40:00,842,,853,0,,0,,CORRECT_TOTAL_0_853
2976091,146,2026-05-22 08:45:00,842,,853,0,,0,,CORRECT_TOTAL_0_853
2976092,146,2026-05-22 08:50:00,842,,853,0,,0,,CORRECT_TOTAL_0_853
2976093,146,2026-05-22 08:55:00,842,,853,0,,0,,CORRECT_TOTAL_0_853
2976094,146,2026-05-22 09:00:00,842,,853,0,,0,,CORRECT_TOTAL_0_853
2976095,146,2026-05-22 09:05:00,842,,853,0,,0,,CORRECT_TOTAL_0_853
2976096,146,2026-05-22 09:10:00,842,,853,0,,0,,CORRECT_TOTAL_0_853
2976097,146,2026-05-22 09:15:00,842,,853,0,,0,,CORRECT_TOTAL_0_853
2976098,146,2026-05-22 09:20:00,842,,853,0,,0,,CORRECT_TOTAL_0_853
2976099,146,2026-05-22 09:25:00,843,,854,0,,0,,CORRECT_TOTAL_0_854
2976100,146,2026-05-22 09:30:00,844,,855,0,,0,,CORRECT_TOTAL_0_855
2976101,146,2026-05-22 09:35:00,844,,855,0,,0,,CORRECT_TOTAL_0_855
2976102,146,2026-05-22 09:40:00,845,,856,0,,0,,CORRECT_TOTAL_0_856
2976103,146,2026-05-22 09:45:00,845,,856,0,,0,,CORRECT_TOTAL_0_856
2976104,146,2026-05-22 09:50:00,846,,857,0,,0,,CORRECT_TOTAL_0_857
2976105,146,2026-05-22 09:55:00,847,,858,0,,0,,CORRECT_TOTAL_0_858
2976106,146,2026-05-22 10:00:00,847,,858,0,,0,,CORRECT_TOTAL_0_858
2976107,146,2026-05-22 10:05:00,848,,859,0,,0,,CORRECT_TOTAL_0_859
2976108,146,2026-05-22 10:10:00,848,,859,0,,0,,CORRECT_TOTAL_0_859
2976109,146,2026-05-22 10:15:00,849,,860,0,,0,,CORRECT_TOTAL_0_860
2976110,146,2026-05-22 10:20:00,849,,860,0,,0,,CORRECT_TOTAL_0_860
2976111,146,2026-05-22 10:25:00,850,,861,0,,0,,CORRECT_TOTAL_0_861
2976112,146,2026-05-22 10:30:00,851,,862,0,,0,,CORRECT_TOTAL_0_862
2976113,146,2026-05-22 10:35:00,851,,862,0,,0,,CORRECT_TOTAL_0_862
2976114,146,2026-05-22 10:40:00,852,,863,0,,0,,CORRECT_TOTAL_0_863
2976115,146,2026-05-22 10:45:00,852,,863,0,,0,,CORRECT_TOTAL_0_863
2976116,146,2026-05-22 10:50:00,853,,864,0,,0,,CORRECT_TOTAL_0_864
2976117,146,2026-05-22 10:55:00,853,,864,0,,0,,CORRECT_TOTAL_0_864
2976118,146,2026-05-22 11:00:00,853,,864,0,,0,,CORRECT_TOTAL_0_864
2976119,146,2026-05-22 11:05:00,853,,864,0,,0,,CORRECT_TOTAL_0_864
2976120,146,2026-05-22 11:10:00,853,,864,0,,0,,CORRECT_TOTAL_0_864
2976121,146,2026-05-22 11:15:00,853,,864,0,,0,,CORRECT_TOTAL_0_864
2976122,146,2026-05-22 11:20:00,853,,864,0,,0,,CORRECT_TOTAL_0_864
2976123,146,2026-05-22 11:25:00,853,,864,0,,0,,CORRECT_TOTAL_0_864
2976124,146,2026-05-22 11:30:00,853,,864,0,,0,,CORRECT_TOTAL_0_864
2976125,146,2026-05-22 11:35:00,853,,864,0,,0,,CORRECT_TOTAL_0_864
2976126,146,2026-05-22 11:40:00,853,,864,0,,0,,CORRECT_TOTAL_0_864
2976127,146,2026-05-22 11:45:00,854,,865,0,,0,,CORRECT_TOTAL_0_865
2976128,146,2026-05-22 11:50:00,854,,865,0,,0,,CORRECT_TOTAL_0_865
2976129,146,2026-05-22 11:55:00,855,,866,0,,0,,CORRECT_TOTAL_0_866
2978127,148,2026-05-20 20:00:00,2460,,3978,0,,0,,CORRECT_TOTAL_0_3978
2978128,148,2026-05-20 21:00:00,2462,,3980,0,,0,,CORRECT_TOTAL_0_3980
2978129,148,2026-05-20 22:00:00,2464,,3982,0,,0,,CORRECT_TOTAL_0_3982
2978130,148,2026-05-20 23:00:00,2474,,3992,0,,0,,CORRECT_TOTAL_0_3992
2978131,148,2026-05-21 00:00:00,2474,,3992,0,,0,,CORRECT_TOTAL_0_3992
2978132,148,2026-05-21 01:00:00,2478,,3996,0,,0,,CORRECT_TOTAL_0_3996
2978133,148,2026-05-21 02:00:00,2480,,3998,0,,0,,CORRECT_TOTAL_0_3998
2978134,148,2026-05-21 03:00:00,2483,,4001,0,,0,,CORRECT_TOTAL_0_4001
2978135,148,2026-05-21 04:00:00,2483,,4001,0,,0,,CORRECT_TOTAL_0_4001
2978136,148,2026-05-21 05:00:00,2483,,4001,0,,0,,CORRECT_TOTAL_0_4001
2978137,148,2026-05-21 06:00:00,2483,,4001,0,,0,,CORRECT_TOTAL_0_4001
2978138,148,2026-05-21 07:00:00,2485,,4003,0,,0,,CORRECT_TOTAL_0_4003
2978139,148,2026-05-21 08:00:00,2488,,4006,0,,0,,CORRECT_TOTAL_0_4006
2978140,148,2026-05-21 09:00:00,2490,,4008,0,,0,,CORRECT_TOTAL_0_4008
2978141,148,2026-05-21 10:00:00,2492,,4010,0,,0,,CORRECT_TOTAL_0_4010
2978142,148,2026-05-21 11:00:00,2492,,4010,0,,0,,CORRECT_TOTAL_0_4010
2978143,148,2026-05-21 12:00:00,2492,,4010,0,,0,,CORRECT_TOTAL_0_4010
2978144,148,2026-05-21 13:00:00,2496,,4014,0,,0,,CORRECT_TOTAL_0_4014
2978145,148,2026-05-21 14:00:00,2496,,4014,0,,0,,CORRECT_TOTAL_0_4014
2978146,148,2026-05-21 15:00:00,2499,,4017,0,,0,,CORRECT_TOTAL_0_4017
2978147,148,2026-05-21 16:00:00,2501,,4019,0,,0,,CORRECT_TOTAL_0_4019
2978148,148,2026-05-21 17:00:00,2501,,4019,0,,0,,CORRECT_TOTAL_0_4019
2978149,148,2026-05-21 18:00:00,2503,,4021,0,,0,,CORRECT_TOTAL_0_4021
2978150,148,2026-05-21 19:00:00,2505,,4023,0,,0,,CORRECT_TOTAL_0_4023
2978151,148,2026-05-21 20:00:00,2511,,4029,0,,0,,CORRECT_TOTAL_0_4029
2978152,148,2026-05-21 21:00:00,2511,,4029,0,,0,,CORRECT_TOTAL_0_4029
2978153,148,2026-05-21 22:00:00,2512,,4030,0,,0,,CORRECT_TOTAL_0_4030
2978154,148,2026-05-21 23:00:00,2520,,4038,0,,0,,CORRECT_TOTAL_0_4038
2978155,148,2026-05-22 00:00:00,2523,,4041,0,,0,,CORRECT_TOTAL_0_4041
2978156,148,2026-05-22 01:00:00,2523,,4041,0,,0,,CORRECT_TOTAL_0_4041
2978157,148,2026-05-22 02:00:00,2525,,4043,0,,0,,CORRECT_TOTAL_0_4043
2978158,148,2026-05-22 03:00:00,2528,,4046,0,,0,,CORRECT_TOTAL_0_4046
2978159,148,2026-05-22 04:00:00,2530,,4048,0,,0,,CORRECT_TOTAL_0_4048
2978160,148,2026-05-22 05:00:00,2530,,4048,0,,0,,CORRECT_TOTAL_0_4048
2978161,148,2026-05-22 06:00:00,2530,,4048,0,,0,,CORRECT_TOTAL_0_4048
2978162,148,2026-05-22 07:00:00,2530,,4048,0,,0,,CORRECT_TOTAL_0_4048
2978163,148,2026-05-22 08:00:00,2533,,4051,0,,0,,CORRECT_TOTAL_0_4051
2978164,148,2026-05-22 09:00:00,2536,,4054,0,,0,,CORRECT_TOTAL_0_4054
2978165,148,2026-05-22 10:00:00,2539,,4057,0,,0,,CORRECT_TOTAL_0_4057
2978166,148,2026-05-22 11:00:00,2539,,4057,0,,0,,CORRECT_TOTAL_0_4057
2977840,149,2026-05-20 20:00:00,66001,,66001,0,,0,,CORRECT_TOTAL_0_66001
2977841,149,2026-05-20 21:00:00,66045,,66045,0,,0,,CORRECT_TOTAL_0_66045
2977842,149,2026-05-20 22:00:00,66091,,66091,0,,0,,CORRECT_TOTAL_0_66091
2977843,149,2026-05-20 23:00:00,66136,,66136,0,,0,,CORRECT_TOTAL_0_66136
2977844,149,2026-05-21 00:00:00,66181,,66181,0,,0,,CORRECT_TOTAL_0_66181
2977845,149,2026-05-21 01:00:00,66227,,66227,0,,0,,CORRECT_TOTAL_0_66227
2977846,149,2026-05-21 02:00:00,66272,,66272,0,,0,,CORRECT_TOTAL_0_66272
2977847,149,2026-05-21 03:00:00,66317,,66317,0,,0,,CORRECT_TOTAL_0_66317
2977848,149,2026-05-21 04:00:00,66363,,66363,0,,0,,CORRECT_TOTAL_0_66363
2977849,149,2026-05-21 05:00:00,66408,,66408,0,,0,,CORRECT_TOTAL_0_66408
2977850,149,2026-05-21 06:00:00,66453,,66453,0,,0,,CORRECT_TOTAL_0_66453
2977851,149,2026-05-21 07:00:00,66499,,66499,0,,0,,CORRECT_TOTAL_0_66499
2977852,149,2026-05-21 08:00:00,66544,,66544,0,,0,,CORRECT_TOTAL_0_66544
2977853,149,2026-05-21 09:00:00,66589,,66589,0,,0,,CORRECT_TOTAL_0_66589
2977854,149,2026-05-21 10:00:00,66634,,66634,0,,0,,CORRECT_TOTAL_0_66634
2977855,149,2026-05-21 11:00:00,66679,,66679,0,,0,,CORRECT_TOTAL_0_66679
2977856,149,2026-05-21 12:00:00,66724,,66724,0,,0,,CORRECT_TOTAL_0_66724
2977857,149,2026-05-21 13:00:00,66769,,66769,0,,0,,CORRECT_TOTAL_0_66769
2977858,149,2026-05-21 14:00:00,66795,,66795,0,,0,,CORRECT_TOTAL_0_66795
2977859,149,2026-05-21 15:00:00,66795,,66795,0,,0,,CORRECT_TOTAL_0_66795
2977860,149,2026-05-21 16:00:00,66795,,66795,0,,0,,CORRECT_TOTAL_0_66795
2977861,149,2026-05-21 17:00:00,66795,,66795,0,,0,,CORRECT_TOTAL_0_66795
2977862,149,2026-05-21 18:00:00,66795,,66795,0,,0,,CORRECT_TOTAL_0_66795
2977863,149,2026-05-21 19:00:00,66795,,66795,0,,0,,CORRECT_TOTAL_0_66795
2977864,149,2026-05-21 20:00:00,66795,,66795,0,,0,,CORRECT_TOTAL_0_66795
2977865,149,2026-05-21 21:00:00,66795,,66795,0,,0,,CORRECT_TOTAL_0_66795
2977866,149,2026-05-21 22:00:00,66795,,66795,0,,0,,CORRECT_TOTAL_0_66795
2977867,149,2026-05-21 23:00:00,66795,,66795,0,,0,,CORRECT_TOTAL_0_66795
2977868,149,2026-05-22 00:00:00,66795,,66795,0,,0,,CORRECT_TOTAL_0_66795
2977869,149,2026-05-22 01:00:00,66795,,66795,0,,0,,CORRECT_TOTAL_0_66795
2977870,149,2026-05-22 02:00:00,66795,,66795,0,,0,,CORRECT_TOTAL_0_66795
2977871,149,2026-05-22 03:00:00,66832,,66832,0,,0,,CORRECT_TOTAL_0_66832
2977872,149,2026-05-22 04:00:00,66875,,66875,0,,0,,CORRECT_TOTAL_0_66875
2977873,149,2026-05-22 05:00:00,66921,,66921,0,,0,,CORRECT_TOTAL_0_66921
2977874,149,2026-05-22 06:00:00,66966,,66966,0,,0,,CORRECT_TOTAL_0_66966
2977875,149,2026-05-22 07:00:00,67012,,67012,0,,0,,CORRECT_TOTAL_0_67012
2977876,149,2026-05-22 08:00:00,67058,,67058,0,,0,,CORRECT_TOTAL_0_67058
2977877,149,2026-05-22 09:00:00,67103,,67103,0,,0,,CORRECT_TOTAL_0_67103
2977878,149,2026-05-22 10:00:00,67149,,67149,0,,0,,CORRECT_TOTAL_0_67149
2977879,149,2026-05-22 11:00:00,67194,,67194,0,,0,,CORRECT_TOTAL_0_67194
2978373,151,2026-05-20 20:00:00,210822,,210822,0,,0,,CORRECT_TOTAL_0_210822
2978374,151,2026-05-20 21:00:00,210822,,210822,0,,0,,CORRECT_TOTAL_0_210822
2978375,151,2026-05-20 22:00:00,210822,,210822,0,,0,,CORRECT_TOTAL_0_210822
2978376,151,2026-05-20 23:00:00,210822,,210822,0,,0,,CORRECT_TOTAL_0_210822
2978377,151,2026-05-21 00:00:00,210822,,210822,0,,0,,CORRECT_TOTAL_0_210822
2978378,151,2026-05-21 01:00:00,210822,,210822,0,,0,,CORRECT_TOTAL_0_210822
2978379,151,2026-05-21 02:00:00,210822,,210822,0,,0,,CORRECT_TOTAL_0_210822
2978380,151,2026-05-21 03:00:00,210822,,210822,0,,0,,CORRECT_TOTAL_0_210822
2978381,151,2026-05-21 04:00:00,210822,,210822,0,,0,,CORRECT_TOTAL_0_210822
2978382,151,2026-05-21 05:00:00,210822,,210822,0,,0,,CORRECT_TOTAL_0_210822
2978383,151,2026-05-21 06:00:00,210822,,210822,0,,0,,CORRECT_TOTAL_0_210822
2978384,151,2026-05-21 07:00:00,210822,,210822,0,,0,,CORRECT_TOTAL_0_210822
2978385,151,2026-05-21 08:00:00,210822,,210822,0,,0,,CORRECT_TOTAL_0_210822
2978386,151,2026-05-21 09:00:00,210822,,210822,0,,0,,CORRECT_TOTAL_0_210822
2978387,151,2026-05-21 10:00:00,210822,,210822,0,,0,,CORRECT_TOTAL_0_210822
2978388,151,2026-05-21 11:00:00,210822,,210822,0,,0,,CORRECT_TOTAL_0_210822
2978389,151,2026-05-21 12:00:00,210822,,210822,0,,0,,CORRECT_TOTAL_0_210822
2978390,151,2026-05-21 13:00:00,210822,,210822,0,,0,,CORRECT_TOTAL_0_210822
2978391,151,2026-05-21 14:00:00,210822,,210822,0,,0,,CORRECT_TOTAL_0_210822
2978392,151,2026-05-21 15:00:00,210822,,210822,0,,0,,CORRECT_TOTAL_0_210822
2978393,151,2026-05-21 16:00:00,210822,,210822,0,,0,,CORRECT_TOTAL_0_210822
2978394,151,2026-05-21 17:00:00,210822,,210822,0,,0,,CORRECT_TOTAL_0_210822
2978395,151,2026-05-21 18:00:00,210822,,210822,0,,0,,CORRECT_TOTAL_0_210822
2978396,151,2026-05-21 19:00:00,210822,,210822,0,,0,,CORRECT_TOTAL_0_210822
2978397,151,2026-05-21 20:00:00,210822,,210822,0,,0,,CORRECT_TOTAL_0_210822
2978398,151,2026-05-21 21:00:00,210822,,210822,0,,0,,CORRECT_TOTAL_0_210822
2978399,151,2026-05-21 22:00:00,210822,,210822,0,,0,,CORRECT_TOTAL_0_210822
2978400,151,2026-05-21 23:00:00,210822,,210822,0,,0,,CORRECT_TOTAL_0_210822
2978401,151,2026-05-22 00:00:00,210822,,210822,0,,0,,CORRECT_TOTAL_0_210822
2978402,151,2026-05-22 01:00:00,210822,,210822,0,,0,,CORRECT_TOTAL_0_210822
2978403,151,2026-05-22 02:00:00,210822,,210822,0,,0,,CORRECT_TOTAL_0_210822
2978404,151,2026-05-22 03:00:00,210822,,210822,0,,0,,CORRECT_TOTAL_0_210822
2978405,151,2026-05-22 04:00:00,210822,,210822,0,,0,,CORRECT_TOTAL_0_210822
2978406,151,2026-05-22 05:00:00,210822,,210822,0,,0,,CORRECT_TOTAL_0_210822
2978407,151,2026-05-22 06:00:00,210822,,210822,0,,0,,CORRECT_TOTAL_0_210822
2978408,151,2026-05-22 07:00:00,210822,,210822,0,,0,,CORRECT_TOTAL_0_210822
2978409,151,2026-05-22 08:00:00,210822,,210822,0,,0,,CORRECT_TOTAL_0_210822
2978410,151,2026-05-22 09:00:00,210822,,210822,0,,0,,CORRECT_TOTAL_0_210822
2978411,151,2026-05-22 10:00:00,210822,,210822,0,,0,,CORRECT_TOTAL_0_210822
2978412,151,2026-05-22 11:00:00,210822,,210822,0,,0,,CORRECT_TOTAL_0_210822
2978944,156,2026-05-20 20:00:00,2704,,2704,0,,0,,CORRECT_TOTAL_0_2704
2978945,156,2026-05-20 21:00:00,2704,,2704,0,,0,,CORRECT_TOTAL_0_2704
2978946,156,2026-05-20 22:00:00,2704,,2704,0,,0,,CORRECT_TOTAL_0_2704
2978947,156,2026-05-20 23:00:00,2704,,2704,0,,0,,CORRECT_TOTAL_0_2704
2978948,156,2026-05-21 00:00:00,2704,,2704,0,,0,,CORRECT_TOTAL_0_2704
2978949,156,2026-05-21 01:00:00,2704,,2704,0,,0,,CORRECT_TOTAL_0_2704
2978950,156,2026-05-21 02:00:00,2704,,2704,0,,0,,CORRECT_TOTAL_0_2704
2978951,156,2026-05-21 03:00:00,2704,,2704,0,,0,,CORRECT_TOTAL_0_2704
2978952,156,2026-05-21 04:00:00,2704,,2704,0,,0,,CORRECT_TOTAL_0_2704
2978953,156,2026-05-21 05:00:00,2704,,2704,0,,0,,CORRECT_TOTAL_0_2704
2978954,156,2026-05-21 06:00:00,2704,,2704,0,,0,,CORRECT_TOTAL_0_2704
2978955,156,2026-05-21 07:00:00,2704,,2704,0,,0,,CORRECT_TOTAL_0_2704
2978956,156,2026-05-21 08:00:00,2704,,2704,0,,0,,CORRECT_TOTAL_0_2704
2978957,156,2026-05-21 09:00:00,2704,,2704,0,,0,,CORRECT_TOTAL_0_2704
2978958,156,2026-05-21 10:00:00,2704,,2704,0,,0,,CORRECT_TOTAL_0_2704
2978959,156,2026-05-21 11:00:00,2704,,2704,0,,0,,CORRECT_TOTAL_0_2704
2978960,156,2026-05-21 12:00:00,2704,,2704,0,,0,,CORRECT_TOTAL_0_2704
2978961,156,2026-05-21 13:00:00,2704,,2704,0,,0,,CORRECT_TOTAL_0_2704
2978962,156,2026-05-21 14:00:00,2704,,2704,0,,0,,CORRECT_TOTAL_0_2704
2978963,156,2026-05-21 15:00:00,2704,,2704,0,,0,,CORRECT_TOTAL_0_2704
2978964,156,2026-05-21 16:00:00,2704,,2704,0,,0,,CORRECT_TOTAL_0_2704
2978965,156,2026-05-21 17:00:00,2704,,2704,0,,0,,CORRECT_TOTAL_0_2704
2978966,156,2026-05-21 18:00:00,2704,,2704,0,,0,,CORRECT_TOTAL_0_2704
2978967,156,2026-05-21 19:00:00,2704,,2704,0,,0,,CORRECT_TOTAL_0_2704
2978968,156,2026-05-21 20:00:00,2704,,2704,0,,0,,CORRECT_TOTAL_0_2704
2978969,156,2026-05-21 21:00:00,2704,,2704,0,,0,,CORRECT_TOTAL_0_2704
2978970,156,2026-05-21 22:00:00,2704,,2704,0,,0,,CORRECT_TOTAL_0_2704
2978971,156,2026-05-21 23:00:00,2704,,2704,0,,0,,CORRECT_TOTAL_0_2704
2978972,156,2026-05-22 00:00:00,2704,,2704,0,,0,,CORRECT_TOTAL_0_2704
2978973,156,2026-05-22 01:00:00,2704,,2704,0,,0,,CORRECT_TOTAL_0_2704
2978974,156,2026-05-22 02:00:00,2704,,2704,0,,0,,CORRECT_TOTAL_0_2704
2978975,156,2026-05-22 03:00:00,2704,,2704,0,,0,,CORRECT_TOTAL_0_2704
2978976,156,2026-05-22 04:00:00,2704,,2704,0,,0,,CORRECT_TOTAL_0_2704
2978977,156,2026-05-22 05:00:00,2704,,2704,0,,0,,CORRECT_TOTAL_0_2704
2978978,156,2026-05-22 06:00:00,2704,,2704,0,,0,,CORRECT_TOTAL_0_2704
2978979,156,2026-05-22 07:00:00,2704,,2704,0,,0,,CORRECT_TOTAL_0_2704
2978980,156,2026-05-22 08:00:00,2704,,2704,0,,0,,CORRECT_TOTAL_0_2704
2978981,156,2026-05-22 09:00:00,2704,,2704,0,,0,,CORRECT_TOTAL_0_2704
2978982,156,2026-05-22 10:00:00,2704,,2704,0,,0,,CORRECT_TOTAL_0_2704
2978983,156,2026-05-22 11:00:00,2704,,2704,0,,0,,CORRECT_TOTAL_0_2704
2978660,157,2026-05-20 20:00:00,85359,,85359,0,,0,,CORRECT_TOTAL_0_85359
2978661,157,2026-05-20 21:00:00,85359,,85359,0,,0,,CORRECT_TOTAL_0_85359
2978662,157,2026-05-20 22:00:00,85359,,85359,0,,0,,CORRECT_TOTAL_0_85359
2978663,157,2026-05-20 23:00:00,85359,,85359,0,,0,,CORRECT_TOTAL_0_85359
2978664,157,2026-05-21 00:00:00,85359,,85359,0,,0,,CORRECT_TOTAL_0_85359
2978665,157,2026-05-21 01:00:00,85359,,85359,0,,0,,CORRECT_TOTAL_0_85359
2978666,157,2026-05-21 02:00:00,85359,,85359,0,,0,,CORRECT_TOTAL_0_85359
2978667,157,2026-05-21 03:00:00,85359,,85359,0,,0,,CORRECT_TOTAL_0_85359
2978668,157,2026-05-21 04:00:00,85359,,85359,0,,0,,CORRECT_TOTAL_0_85359
2978669,157,2026-05-21 05:00:00,85359,,85359,0,,0,,CORRECT_TOTAL_0_85359
2978670,157,2026-05-21 06:00:00,85359,,85359,0,,0,,CORRECT_TOTAL_0_85359
2978671,157,2026-05-21 07:00:00,85359,,85359,0,,0,,CORRECT_TOTAL_0_85359
2978672,157,2026-05-21 08:00:00,85359,,85359,0,,0,,CORRECT_TOTAL_0_85359
2978673,157,2026-05-21 09:00:00,85359,,85359,0,,0,,CORRECT_TOTAL_0_85359
2978674,157,2026-05-21 10:00:00,85359,,85359,0,,0,,CORRECT_TOTAL_0_85359
2978675,157,2026-05-21 11:00:00,85359,,85359,0,,0,,CORRECT_TOTAL_0_85359
2978676,157,2026-05-21 12:00:00,85359,,85359,0,,0,,CORRECT_TOTAL_0_85359
2978677,157,2026-05-21 13:00:00,85359,,85359,0,,0,,CORRECT_TOTAL_0_85359
2978678,157,2026-05-21 14:00:00,85359,,85359,0,,0,,CORRECT_TOTAL_0_85359
2978679,157,2026-05-21 15:00:00,85359,,85359,0,,0,,CORRECT_TOTAL_0_85359
2978680,157,2026-05-21 16:00:00,85359,,85359,0,,0,,CORRECT_TOTAL_0_85359
2978681,157,2026-05-21 17:00:00,85359,,85359,0,,0,,CORRECT_TOTAL_0_85359
2978682,157,2026-05-21 18:00:00,85359,,85359,0,,0,,CORRECT_TOTAL_0_85359
2978683,157,2026-05-21 19:00:00,85359,,85359,0,,0,,CORRECT_TOTAL_0_85359
2978684,157,2026-05-21 20:00:00,85359,,85359,0,,0,,CORRECT_TOTAL_0_85359
2978685,157,2026-05-21 21:00:00,85359,,85359,0,,0,,CORRECT_TOTAL_0_85359
2978686,157,2026-05-21 22:00:00,85359,,85359,0,,0,,CORRECT_TOTAL_0_85359
2978687,157,2026-05-21 23:00:00,85359,,85359,0,,0,,CORRECT_TOTAL_0_85359
2978688,157,2026-05-22 00:00:00,85359,,85359,0,,0,,CORRECT_TOTAL_0_85359
2978689,157,2026-05-22 01:00:00,85359,,85359,0,,0,,CORRECT_TOTAL_0_85359
2978690,157,2026-05-22 02:00:00,85359,,85359,0,,0,,CORRECT_TOTAL_0_85359
2978691,157,2026-05-22 03:00:00,85359,,85359,0,,0,,CORRECT_TOTAL_0_85359
2978692,157,2026-05-22 04:00:00,85359,,85359,0,,0,,CORRECT_TOTAL_0_85359
2978693,157,2026-05-22 05:00:00,85359,,85359,0,,0,,CORRECT_TOTAL_0_85359
2978694,157,2026-05-22 06:00:00,85359,,85359,0,,0,,CORRECT_TOTAL_0_85359
2978695,157,2026-05-22 07:00:00,85359,,85359,0,,0,,CORRECT_TOTAL_0_85359
2978696,157,2026-05-22 08:00:00,85359,,85359,0,,0,,CORRECT_TOTAL_0_85359
2978697,157,2026-05-22 09:00:00,85359,,85359,0,,0,,CORRECT_TOTAL_0_85359
2978698,157,2026-05-22 10:00:00,85359,,85359,0,,0,,CORRECT_TOTAL_0_85359
2978699,157,2026-05-22 11:00:00,85359,,85359,0,,0,,CORRECT_TOTAL_0_85359
2978742,159,2026-05-20 20:00:00,184083,,184083,0,,0,,CORRECT_TOTAL_0_184083
2978743,159,2026-05-20 21:00:00,184083,,184083,0,,0,,CORRECT_TOTAL_0_184083
2978744,159,2026-05-20 22:00:00,184083,,184083,0,,0,,CORRECT_TOTAL_0_184083
2978745,159,2026-05-20 23:00:00,184083,,184083,0,,0,,CORRECT_TOTAL_0_184083
2978746,159,2026-05-21 00:00:00,184083,,184083,0,,0,,CORRECT_TOTAL_0_184083
2978747,159,2026-05-21 01:00:00,184083,,184083,0,,0,,CORRECT_TOTAL_0_184083
2978748,159,2026-05-21 02:00:00,184083,,184083,0,,0,,CORRECT_TOTAL_0_184083
2978749,159,2026-05-21 03:00:00,184083,,184083,0,,0,,CORRECT_TOTAL_0_184083
2978750,159,2026-05-21 04:00:00,184083,,184083,0,,0,,CORRECT_TOTAL_0_184083
2978751,159,2026-05-21 05:00:00,184083,,184083,0,,0,,CORRECT_TOTAL_0_184083
2978752,159,2026-05-21 06:00:00,184083,,184083,0,,0,,CORRECT_TOTAL_0_184083
2978753,159,2026-05-21 07:00:00,184083,,184083,0,,0,,CORRECT_TOTAL_0_184083
2978754,159,2026-05-21 08:00:00,184083,,184083,0,,0,,CORRECT_TOTAL_0_184083
2978755,159,2026-05-21 09:00:00,184083,,184083,0,,0,,CORRECT_TOTAL_0_184083
2978756,159,2026-05-21 10:00:00,184083,,184083,0,,0,,CORRECT_TOTAL_0_184083
2978757,159,2026-05-21 11:00:00,184083,,184083,0,,0,,CORRECT_TOTAL_0_184083
2978758,159,2026-05-21 12:00:00,184083,,184083,0,,0,,CORRECT_TOTAL_0_184083
2978759,159,2026-05-21 13:00:00,184083,,184083,0,,0,,CORRECT_TOTAL_0_184083
2978760,159,2026-05-21 14:00:00,184083,,184083,0,,0,,CORRECT_TOTAL_0_184083
2978761,159,2026-05-21 15:00:00,184083,,184083,0,,0,,CORRECT_TOTAL_0_184083
2978762,159,2026-05-21 16:00:00,184083,,184083,0,,0,,CORRECT_TOTAL_0_184083
2978763,159,2026-05-21 17:00:00,184083,,184083,0,,0,,CORRECT_TOTAL_0_184083
2978764,159,2026-05-21 18:00:00,184083,,184083,0,,0,,CORRECT_TOTAL_0_184083
2978765,159,2026-05-21 19:00:00,184083,,184083,0,,0,,CORRECT_TOTAL_0_184083
2978766,159,2026-05-21 20:00:00,184083,,184083,0,,0,,CORRECT_TOTAL_0_184083
2978767,159,2026-05-21 21:00:00,184083,,184083,0,,0,,CORRECT_TOTAL_0_184083
2978768,159,2026-05-21 22:00:00,184083,,184083,0,,0,,CORRECT_TOTAL_0_184083
2978769,159,2026-05-21 23:00:00,184083,,184083,0,,0,,CORRECT_TOTAL_0_184083
2978770,159,2026-05-22 00:00:00,184083,,184083,0,,0,,CORRECT_TOTAL_0_184083
2978771,159,2026-05-22 01:00:00,184083,,184083,0,,0,,CORRECT_TOTAL_0_184083
2978772,159,2026-05-22 02:00:00,184083,,184083,0,,0,,CORRECT_TOTAL_0_184083
2978773,159,2026-05-22 03:00:00,184083,,184083,0,,0,,CORRECT_TOTAL_0_184083
2978774,159,2026-05-22 04:00:00,184083,,184083,0,,0,,CORRECT_TOTAL_0_184083
2978775,159,2026-05-22 05:00:00,184083,,184083,0,,0,,CORRECT_TOTAL_0_184083
2978776,159,2026-05-22 06:00:00,184083,,184083,0,,0,,CORRECT_TOTAL_0_184083
2978777,159,2026-05-22 07:00:00,184083,,184083,0,,0,,CORRECT_TOTAL_0_184083
2978778,159,2026-05-22 08:00:00,184083,,184083,0,,0,,CORRECT_TOTAL_0_184083
2978779,159,2026-05-22 09:00:00,184083,,184083,0,,0,,CORRECT_TOTAL_0_184083
2978780,159,2026-05-22 10:00:00,184083,,184083,0,,0,,CORRECT_TOTAL_0_184083
2978781,159,2026-05-22 11:00:00,184083,,184083,0,,0,,CORRECT_TOTAL_0_184083
2978823,160,2026-05-20 20:00:00,217422,,57387,0,,0,,CORRECT_TOTAL_0_57387
2978824,160,2026-05-20 21:00:00,217422,,57387,0,,0,,CORRECT_TOTAL_0_57387
2978825,160,2026-05-20 22:00:00,217422,,57387,0,,0,,CORRECT_TOTAL_0_57387
2978826,160,2026-05-20 23:00:00,217422,,57387,0,,0,,CORRECT_TOTAL_0_57387
2978827,160,2026-05-21 00:00:00,217422,,57387,0,,0,,CORRECT_TOTAL_0_57387
2978828,160,2026-05-21 01:00:00,217422,,57387,0,,0,,CORRECT_TOTAL_0_57387
2978829,160,2026-05-21 02:00:00,217422,,57387,0,,0,,CORRECT_TOTAL_0_57387
2978830,160,2026-05-21 03:00:00,217422,,57387,0,,0,,CORRECT_TOTAL_0_57387
2978831,160,2026-05-21 04:00:00,217422,,57387,0,,0,,CORRECT_TOTAL_0_57387
2978832,160,2026-05-21 05:00:00,217422,,57387,0,,0,,CORRECT_TOTAL_0_57387
2978833,160,2026-05-21 06:00:00,217422,,57387,0,,0,,CORRECT_TOTAL_0_57387
2978834,160,2026-05-21 07:00:00,217422,,57387,0,,0,,CORRECT_TOTAL_0_57387
2978835,160,2026-05-21 08:00:00,217422,,57387,0,,0,,CORRECT_TOTAL_0_57387
2978836,160,2026-05-21 09:00:00,217422,,57387,0,,0,,CORRECT_TOTAL_0_57387
2978837,160,2026-05-21 10:00:00,217422,,57387,0,,0,,CORRECT_TOTAL_0_57387
2978838,160,2026-05-21 11:00:00,217422,,57387,0,,0,,CORRECT_TOTAL_0_57387
2978839,160,2026-05-21 12:00:00,217422,,57387,0,,0,,CORRECT_TOTAL_0_57387
2978840,160,2026-05-21 13:00:00,217422,,57387,0,,0,,CORRECT_TOTAL_0_57387
2978841,160,2026-05-21 14:00:00,217422,,57387,0,,0,,CORRECT_TOTAL_0_57387
2978842,160,2026-05-21 15:00:00,217422,,57387,0,,0,,CORRECT_TOTAL_0_57387
2978843,160,2026-05-21 16:00:00,217422,,57387,0,,0,,CORRECT_TOTAL_0_57387
2978844,160,2026-05-21 17:00:00,217422,,57387,0,,0,,CORRECT_TOTAL_0_57387
2978845,160,2026-05-21 18:00:00,217422,,57387,0,,0,,CORRECT_TOTAL_0_57387
2978846,160,2026-05-21 19:00:00,217422,,57387,0,,0,,CORRECT_TOTAL_0_57387
2978847,160,2026-05-21 20:00:00,217422,,57387,0,,0,,CORRECT_TOTAL_0_57387
2978848,160,2026-05-21 21:00:00,217422,,57387,0,,0,,CORRECT_TOTAL_0_57387
2978849,160,2026-05-21 22:00:00,217422,,57387,0,,0,,CORRECT_TOTAL_0_57387
2978850,160,2026-05-21 23:00:00,217422,,57387,0,,0,,CORRECT_TOTAL_0_57387
2978851,160,2026-05-22 00:00:00,217422,,57387,0,,0,,CORRECT_TOTAL_0_57387
2978852,160,2026-05-22 01:00:00,217422,,57387,0,,0,,CORRECT_TOTAL_0_57387
2978853,160,2026-05-22 02:00:00,217422,,57387,0,,0,,CORRECT_TOTAL_0_57387
2978854,160,2026-05-22 03:00:00,217422,,57387,0,,0,,CORRECT_TOTAL_0_57387
2978855,160,2026-05-22 04:00:00,217422,,57387,0,,0,,CORRECT_TOTAL_0_57387
2978856,160,2026-05-22 05:00:00,217422,,57387,0,,0,,CORRECT_TOTAL_0_57387
2978857,160,2026-05-22 06:00:00,217422,,57387,0,,0,,CORRECT_TOTAL_0_57387
2978858,160,2026-05-22 07:00:00,217422,,57387,0,,0,,CORRECT_TOTAL_0_57387
2978859,160,2026-05-22 08:00:00,217422,,57387,0,,0,,CORRECT_TOTAL_0_57387
2978860,160,2026-05-22 09:00:00,217422,,57387,0,,0,,CORRECT_TOTAL_0_57387
2978861,160,2026-05-22 10:00:00,217422,,57387,0,,0,,CORRECT_TOTAL_0_57387
2978862,160,2026-05-22 11:00:00,217422,,57387,0,,0,,CORRECT_TOTAL_0_57387
2977594,162,2026-05-20 20:00:00,480187,,480187,0,,0,,CORRECT_TOTAL_0_480187
2977595,162,2026-05-20 21:00:00,480188,,480188,0,,0,,CORRECT_TOTAL_0_480188
2977596,162,2026-05-20 22:00:00,480189,,480189,0,,0,,CORRECT_TOTAL_0_480189
2977597,162,2026-05-20 23:00:00,480190,,480190,0,,0,,CORRECT_TOTAL_0_480190
2977598,162,2026-05-21 00:00:00,480191,,480191,0,,0,,CORRECT_TOTAL_0_480191
2977599,162,2026-05-21 01:00:00,480192,,480192,0,,0,,CORRECT_TOTAL_0_480192
2977600,162,2026-05-21 02:00:00,480192,,480192,0,,0,,CORRECT_TOTAL_0_480192
2977601,162,2026-05-21 03:00:00,480193,,480193,0,,0,,CORRECT_TOTAL_0_480193
2977602,162,2026-05-21 04:00:00,480194,,480194,0,,0,,CORRECT_TOTAL_0_480194
2977603,162,2026-05-21 05:00:00,480194,,480194,0,,0,,CORRECT_TOTAL_0_480194
2977604,162,2026-05-21 06:00:00,480195,,480195,0,,0,,CORRECT_TOTAL_0_480195
2977605,162,2026-05-21 07:00:00,480196,,480196,0,,0,,CORRECT_TOTAL_0_480196
2977606,162,2026-05-21 08:00:00,480197,,480197,0,,0,,CORRECT_TOTAL_0_480197
2977607,162,2026-05-21 09:00:00,480198,,480198,0,,0,,CORRECT_TOTAL_0_480198
2977608,162,2026-05-21 10:00:00,480198,,480198,0,,0,,CORRECT_TOTAL_0_480198
2977609,162,2026-05-21 11:00:00,480199,,480199,0,,0,,CORRECT_TOTAL_0_480199
2977610,162,2026-05-21 12:00:00,480200,,480200,0,,0,,CORRECT_TOTAL_0_480200
2977611,162,2026-05-21 13:00:00,480201,,480201,0,,0,,CORRECT_TOTAL_0_480201
2977612,162,2026-05-21 14:00:00,480202,,480202,0,,0,,CORRECT_TOTAL_0_480202
2977613,162,2026-05-21 15:00:00,480203,,480203,0,,0,,CORRECT_TOTAL_0_480203
2977614,162,2026-05-21 16:00:00,480204,,480204,0,,0,,CORRECT_TOTAL_0_480204
2977615,162,2026-05-21 17:00:00,480205,,480205,0,,0,,CORRECT_TOTAL_0_480205
2977616,162,2026-05-21 18:00:00,480205,,480205,0,,0,,CORRECT_TOTAL_0_480205
2977617,162,2026-05-21 19:00:00,480206,,480206,0,,0,,CORRECT_TOTAL_0_480206
2977618,162,2026-05-21 20:00:00,480207,,480207,0,,0,,CORRECT_TOTAL_0_480207
2977619,162,2026-05-21 21:00:00,480208,,480208,0,,0,,CORRECT_TOTAL_0_480208
2977620,162,2026-05-21 22:00:00,480209,,480209,0,,0,,CORRECT_TOTAL_0_480209
2977621,162,2026-05-21 23:00:00,480210,,480210,0,,0,,CORRECT_TOTAL_0_480210
2977622,162,2026-05-22 00:00:00,480211,,480211,0,,0,,CORRECT_TOTAL_0_480211
2977623,162,2026-05-22 01:00:00,480212,,480212,0,,0,,CORRECT_TOTAL_0_480212
2977624,162,2026-05-22 02:00:00,480212,,480212,0,,0,,CORRECT_TOTAL_0_480212
2977625,162,2026-05-22 03:00:00,480213,,480213,0,,0,,CORRECT_TOTAL_0_480213
2977626,162,2026-05-22 04:00:00,480214,,480214,0,,0,,CORRECT_TOTAL_0_480214
2977627,162,2026-05-22 05:00:00,480215,,480215,0,,0,,CORRECT_TOTAL_0_480215
2977628,162,2026-05-22 06:00:00,480216,,480216,0,,0,,CORRECT_TOTAL_0_480216
2977629,162,2026-05-22 07:00:00,480217,,480217,0,,0,,CORRECT_TOTAL_0_480217
2977630,162,2026-05-22 08:00:00,480218,,480218,0,,0,,CORRECT_TOTAL_0_480218
2977631,162,2026-05-22 09:00:00,480219,,480219,0,,0,,CORRECT_TOTAL_0_480219
2977632,162,2026-05-22 10:00:00,480220,,480220,0,,0,,CORRECT_TOTAL_0_480220
2977633,162,2026-05-22 11:00:00,480220,,480220,0,,0,,CORRECT_TOTAL_0_480220
2978332,163,2026-05-20 20:00:00,91118,,91118,0,,0,,CORRECT_TOTAL_0_91118
2978333,163,2026-05-20 21:00:00,91118,,91118,0,,0,,CORRECT_TOTAL_0_91118
2978334,163,2026-05-20 22:00:00,91118,,91118,0,,0,,CORRECT_TOTAL_0_91118
2978335,163,2026-05-20 23:00:00,91118,,91118,0,,0,,CORRECT_TOTAL_0_91118
2978336,163,2026-05-21 00:00:00,91118,,91118,0,,0,,CORRECT_TOTAL_0_91118
2978337,163,2026-05-21 01:00:00,91118,,91118,0,,0,,CORRECT_TOTAL_0_91118
2978338,163,2026-05-21 02:00:00,91118,,91118,0,,0,,CORRECT_TOTAL_0_91118
2978339,163,2026-05-21 03:00:00,91118,,91118,0,,0,,CORRECT_TOTAL_0_91118
2978340,163,2026-05-21 04:00:00,91118,,91118,0,,0,,CORRECT_TOTAL_0_91118
2978341,163,2026-05-21 05:00:00,91118,,91118,0,,0,,CORRECT_TOTAL_0_91118
2978342,163,2026-05-21 06:00:00,91118,,91118,0,,0,,CORRECT_TOTAL_0_91118
2978343,163,2026-05-21 07:00:00,91118,,91118,0,,0,,CORRECT_TOTAL_0_91118
2978344,163,2026-05-21 08:00:00,91118,,91118,0,,0,,CORRECT_TOTAL_0_91118
2978345,163,2026-05-21 09:00:00,91118,,91118,0,,0,,CORRECT_TOTAL_0_91118
2978346,163,2026-05-21 10:00:00,91118,,91118,0,,0,,CORRECT_TOTAL_0_91118
2978347,163,2026-05-21 11:00:00,91118,,91118,0,,0,,CORRECT_TOTAL_0_91118
2978348,163,2026-05-21 12:00:00,91118,,91118,0,,0,,CORRECT_TOTAL_0_91118
2978349,163,2026-05-21 13:00:00,91118,,91118,0,,0,,CORRECT_TOTAL_0_91118
2978350,163,2026-05-21 14:00:00,91118,,91118,0,,0,,CORRECT_TOTAL_0_91118
2978351,163,2026-05-21 15:00:00,91118,,91118,0,,0,,CORRECT_TOTAL_0_91118
2978352,163,2026-05-21 16:00:00,91118,,91118,0,,0,,CORRECT_TOTAL_0_91118
2978353,163,2026-05-21 17:00:00,91118,,91118,0,,0,,CORRECT_TOTAL_0_91118
2978354,163,2026-05-21 18:00:00,91118,,91118,0,,0,,CORRECT_TOTAL_0_91118
2978355,163,2026-05-21 19:00:00,91118,,91118,0,,0,,CORRECT_TOTAL_0_91118
2978356,163,2026-05-21 20:00:00,91118,,91118,0,,0,,CORRECT_TOTAL_0_91118
2978357,163,2026-05-21 21:00:00,91118,,91118,0,,0,,CORRECT_TOTAL_0_91118
2978358,163,2026-05-21 22:00:00,91118,,91118,0,,0,,CORRECT_TOTAL_0_91118
2978359,163,2026-05-21 23:00:00,91118,,91118,0,,0,,CORRECT_TOTAL_0_91118
2978360,163,2026-05-22 00:00:00,91118,,91118,0,,0,,CORRECT_TOTAL_0_91118
2978361,163,2026-05-22 01:00:00,91118,,91118,0,,0,,CORRECT_TOTAL_0_91118
2978362,163,2026-05-22 02:00:00,91118,,91118,0,,0,,CORRECT_TOTAL_0_91118
2978363,163,2026-05-22 03:00:00,91118,,91118,0,,0,,CORRECT_TOTAL_0_91118
2978364,163,2026-05-22 04:00:00,91118,,91118,0,,0,,CORRECT_TOTAL_0_91118
2978365,163,2026-05-22 05:00:00,91118,,91118,0,,0,,CORRECT_TOTAL_0_91118
2978366,163,2026-05-22 06:00:00,91118,,91118,0,,0,,CORRECT_TOTAL_0_91118
2978367,163,2026-05-22 07:00:00,91118,,91118,0,,0,,CORRECT_TOTAL_0_91118
2978368,163,2026-05-22 08:00:00,91118,,91118,0,,0,,CORRECT_TOTAL_0_91118
2978369,163,2026-05-22 09:00:00,91118,,91118,0,,0,,CORRECT_TOTAL_0_91118
2978370,163,2026-05-22 10:00:00,91118,,91118,0,,0,,CORRECT_TOTAL_0_91118
2978371,163,2026-05-22 11:00:00,91118,,91118,0,,0,,CORRECT_TOTAL_0_91118
2978004,166,2026-05-20 20:00:00,509,,509,0,,0,,CORRECT_TOTAL_0_509
2978005,166,2026-05-20 21:00:00,509,,509,0,,0,,CORRECT_TOTAL_0_509
2978006,166,2026-05-20 22:00:00,509,,509,0,,0,,CORRECT_TOTAL_0_509
2978007,166,2026-05-20 23:00:00,509,,509,0,,0,,CORRECT_TOTAL_0_509
2978008,166,2026-05-21 00:00:00,509,,509,0,,0,,CORRECT_TOTAL_0_509
2978009,166,2026-05-21 01:00:00,509,,509,0,,0,,CORRECT_TOTAL_0_509
2978010,166,2026-05-21 02:00:00,509,,509,0,,0,,CORRECT_TOTAL_0_509
2978011,166,2026-05-21 03:00:00,509,,509,0,,0,,CORRECT_TOTAL_0_509
2978012,166,2026-05-21 04:00:00,509,,509,0,,0,,CORRECT_TOTAL_0_509
2978013,166,2026-05-21 05:00:00,509,,509,0,,0,,CORRECT_TOTAL_0_509
2978014,166,2026-05-21 06:00:00,509,,509,0,,0,,CORRECT_TOTAL_0_509
2978015,166,2026-05-21 07:00:00,509,,509,0,,0,,CORRECT_TOTAL_0_509
2978016,166,2026-05-21 08:00:00,509,,509,0,,0,,CORRECT_TOTAL_0_509
2978017,166,2026-05-21 09:00:00,509,,509,0,,0,,CORRECT_TOTAL_0_509
2978018,166,2026-05-21 10:00:00,509,,509,0,,0,,CORRECT_TOTAL_0_509
2978019,166,2026-05-21 11:00:00,509,,509,0,,0,,CORRECT_TOTAL_0_509
2978020,166,2026-05-21 12:00:00,509,,509,0,,0,,CORRECT_TOTAL_0_509
2978021,166,2026-05-21 13:00:00,509,,509,0,,0,,CORRECT_TOTAL_0_509
2978022,166,2026-05-21 14:00:00,569,,569,0,,0,,CORRECT_TOTAL_0_569
2978023,166,2026-05-21 15:00:00,641,,641,0,,0,,CORRECT_TOTAL_0_641
2978024,166,2026-05-21 16:00:00,714,,714,0,,0,,CORRECT_TOTAL_0_714
2978025,166,2026-05-21 17:00:00,714,,714,0,,0,,CORRECT_TOTAL_0_714
2978026,166,2026-05-21 18:00:00,714,,714,0,,0,,CORRECT_TOTAL_0_714
2978027,166,2026-05-21 19:00:00,714,,714,0,,0,,CORRECT_TOTAL_0_714
2978028,166,2026-05-21 20:00:00,714,,714,0,,0,,CORRECT_TOTAL_0_714
2978029,166,2026-05-21 21:00:00,714,,714,0,,0,,CORRECT_TOTAL_0_714
2978030,166,2026-05-21 22:00:00,714,,714,0,,0,,CORRECT_TOTAL_0_714
2978031,166,2026-05-21 23:00:00,714,,714,0,,0,,CORRECT_TOTAL_0_714
2978032,166,2026-05-22 00:00:00,714,,714,0,,0,,CORRECT_TOTAL_0_714
2978033,166,2026-05-22 01:00:00,714,,714,0,,0,,CORRECT_TOTAL_0_714
2978034,166,2026-05-22 02:00:00,714,,714,0,,0,,CORRECT_TOTAL_0_714
2978035,166,2026-05-22 03:00:00,714,,714,0,,0,,CORRECT_TOTAL_0_714
2978036,166,2026-05-22 04:00:00,714,,714,0,,0,,CORRECT_TOTAL_0_714
2978037,166,2026-05-22 05:00:00,714,,714,0,,0,,CORRECT_TOTAL_0_714
2978038,166,2026-05-22 06:00:00,714,,714,0,,0,,CORRECT_TOTAL_0_714
2978039,166,2026-05-22 07:00:00,714,,714,0,,0,,CORRECT_TOTAL_0_714
2978040,166,2026-05-22 08:00:00,714,,714,0,,0,,CORRECT_TOTAL_0_714
2978041,166,2026-05-22 09:00:00,714,,714,0,,0,,CORRECT_TOTAL_0_714
2978042,166,2026-05-22 10:00:00,714,,714,0,,0,,CORRECT_TOTAL_0_714
2978043,166,2026-05-22 11:00:00,714,,714,0,,0,,CORRECT_TOTAL_0_714
2978414,167,2026-05-20 20:00:00,60296,,60296,0,,0,,CORRECT_TOTAL_0_60296
2978415,167,2026-05-20 21:00:00,60296,,60296,0,,0,,CORRECT_TOTAL_0_60296
2978416,167,2026-05-20 22:00:00,60296,,60296,0,,0,,CORRECT_TOTAL_0_60296
2978417,167,2026-05-20 23:00:00,60296,,60296,0,,0,,CORRECT_TOTAL_0_60296
2978418,167,2026-05-21 00:00:00,60296,,60296,0,,0,,CORRECT_TOTAL_0_60296
2978419,167,2026-05-21 01:00:00,60296,,60296,0,,0,,CORRECT_TOTAL_0_60296
2978420,167,2026-05-21 02:00:00,60296,,60296,0,,0,,CORRECT_TOTAL_0_60296
2978421,167,2026-05-21 03:00:00,60296,,60296,0,,0,,CORRECT_TOTAL_0_60296
2978422,167,2026-05-21 04:00:00,60296,,60296,0,,0,,CORRECT_TOTAL_0_60296
2978423,167,2026-05-21 05:00:00,60296,,60296,0,,0,,CORRECT_TOTAL_0_60296
2978424,167,2026-05-21 06:00:00,60296,,60296,0,,0,,CORRECT_TOTAL_0_60296
2978425,167,2026-05-21 07:00:00,60296,,60296,0,,0,,CORRECT_TOTAL_0_60296
2978426,167,2026-05-21 08:00:00,60296,,60296,0,,0,,CORRECT_TOTAL_0_60296
2978427,167,2026-05-21 09:00:00,60296,,60296,0,,0,,CORRECT_TOTAL_0_60296
2978428,167,2026-05-21 10:00:00,60296,,60296,0,,0,,CORRECT_TOTAL_0_60296
2978429,167,2026-05-21 11:00:00,60296,,60296,0,,0,,CORRECT_TOTAL_0_60296
2978430,167,2026-05-21 12:00:00,60296,,60296,0,,0,,CORRECT_TOTAL_0_60296
2978431,167,2026-05-21 13:00:00,60296,,60296,0,,0,,CORRECT_TOTAL_0_60296
2978432,167,2026-05-21 14:00:00,60296,,60296,0,,0,,CORRECT_TOTAL_0_60296
2978433,167,2026-05-21 15:00:00,60296,,60296,0,,0,,CORRECT_TOTAL_0_60296
2978434,167,2026-05-21 16:00:00,60296,,60296,0,,0,,CORRECT_TOTAL_0_60296
2978435,167,2026-05-21 17:00:00,60296,,60296,0,,0,,CORRECT_TOTAL_0_60296
2978436,167,2026-05-21 18:00:00,60296,,60296,0,,0,,CORRECT_TOTAL_0_60296
2978437,167,2026-05-21 19:00:00,60296,,60296,0,,0,,CORRECT_TOTAL_0_60296
2978438,167,2026-05-21 20:00:00,60296,,60296,0,,0,,CORRECT_TOTAL_0_60296
2978439,167,2026-05-21 21:00:00,60296,,60296,0,,0,,CORRECT_TOTAL_0_60296
2978440,167,2026-05-21 22:00:00,60296,,60296,0,,0,,CORRECT_TOTAL_0_60296
2978441,167,2026-05-21 23:00:00,60296,,60296,0,,0,,CORRECT_TOTAL_0_60296
2978442,167,2026-05-22 00:00:00,60296,,60296,0,,0,,CORRECT_TOTAL_0_60296
2978443,167,2026-05-22 01:00:00,60296,,60296,0,,0,,CORRECT_TOTAL_0_60296
2978444,167,2026-05-22 02:00:00,60296,,60296,0,,0,,CORRECT_TOTAL_0_60296
2978445,167,2026-05-22 03:00:00,60296,,60296,0,,0,,CORRECT_TOTAL_0_60296
2978446,167,2026-05-22 04:00:00,60296,,60296,0,,0,,CORRECT_TOTAL_0_60296
2978447,167,2026-05-22 05:00:00,60296,,60296,0,,0,,CORRECT_TOTAL_0_60296
2978448,167,2026-05-22 06:00:00,60296,,60296,0,,0,,CORRECT_TOTAL_0_60296
2978449,167,2026-05-22 07:00:00,60296,,60296,0,,0,,CORRECT_TOTAL_0_60296
2978450,167,2026-05-22 08:00:00,60296,,60296,0,,0,,CORRECT_TOTAL_0_60296
2978451,167,2026-05-22 09:00:00,60296,,60296,0,,0,,CORRECT_TOTAL_0_60296
2978452,167,2026-05-22 10:00:00,60296,,60296,0,,0,,CORRECT_TOTAL_0_60296
2978453,167,2026-05-22 11:00:00,60296,,60296,0,,0,,CORRECT_TOTAL_0_60296
2977635,173,2026-05-20 20:00:00,8853,,8853,0,,0,,CORRECT_TOTAL_0_8853
2977636,173,2026-05-20 21:00:00,8853,,8853,0,,0,,CORRECT_TOTAL_0_8853
2977637,173,2026-05-20 22:00:00,8853,,8853,0,,0,,CORRECT_TOTAL_0_8853
2977638,173,2026-05-20 23:00:00,8853,,8853,0,,0,,CORRECT_TOTAL_0_8853
2977639,173,2026-05-21 00:00:00,8853,,8853,0,,0,,CORRECT_TOTAL_0_8853
2977640,173,2026-05-21 01:00:00,8853,,8853,0,,0,,CORRECT_TOTAL_0_8853
2977641,173,2026-05-21 02:00:00,8853,,8853,0,,0,,CORRECT_TOTAL_0_8853
2977642,173,2026-05-21 03:00:00,8853,,8853,0,,0,,CORRECT_TOTAL_0_8853
2977643,173,2026-05-21 04:00:00,8853,,8853,0,,0,,CORRECT_TOTAL_0_8853
2977644,173,2026-05-21 05:00:00,8853,,8853,0,,0,,CORRECT_TOTAL_0_8853
2977645,173,2026-05-21 06:00:00,8853,,8853,0,,0,,CORRECT_TOTAL_0_8853
2977646,173,2026-05-21 07:00:00,8853,,8853,0,,0,,CORRECT_TOTAL_0_8853
2977647,173,2026-05-21 08:00:00,8853,,8853,0,,0,,CORRECT_TOTAL_0_8853
2977648,173,2026-05-21 09:00:00,8853,,8853,0,,0,,CORRECT_TOTAL_0_8853
2977649,173,2026-05-21 10:00:00,8853,,8853,0,,0,,CORRECT_TOTAL_0_8853
2977650,173,2026-05-21 11:00:00,8853,,8853,0,,0,,CORRECT_TOTAL_0_8853
2977651,173,2026-05-21 12:00:00,8853,,8853,0,,0,,CORRECT_TOTAL_0_8853
2977652,173,2026-05-21 13:00:00,8853,,8853,0,,0,,CORRECT_TOTAL_0_8853
2977653,173,2026-05-21 14:00:00,8853,,8853,0,,0,,CORRECT_TOTAL_0_8853
2977654,173,2026-05-21 15:00:00,8853,,8853,0,,0,,CORRECT_TOTAL_0_8853
2977655,173,2026-05-21 16:00:00,8853,,8853,0,,0,,CORRECT_TOTAL_0_8853
2977656,173,2026-05-21 17:00:00,8853,,8853,0,,0,,CORRECT_TOTAL_0_8853
2977657,173,2026-05-21 18:00:00,8853,,8853,0,,0,,CORRECT_TOTAL_0_8853
2977658,173,2026-05-21 19:00:00,8853,,8853,0,,0,,CORRECT_TOTAL_0_8853
2977659,173,2026-05-21 20:00:00,8853,,8853,0,,0,,CORRECT_TOTAL_0_8853
2977660,173,2026-05-21 21:00:00,8853,,8853,0,,0,,CORRECT_TOTAL_0_8853
2977661,173,2026-05-21 22:00:00,8853,,8853,0,,0,,CORRECT_TOTAL_0_8853
2977662,173,2026-05-21 23:00:00,8853,,8853,0,,0,,CORRECT_TOTAL_0_8853
2977663,173,2026-05-22 00:00:00,8853,,8853,0,,0,,CORRECT_TOTAL_0_8853
2977664,173,2026-05-22 01:00:00,8853,,8853,0,,0,,CORRECT_TOTAL_0_8853
2977665,173,2026-05-22 02:00:00,8853,,8853,0,,0,,CORRECT_TOTAL_0_8853
2977666,173,2026-05-22 03:00:00,8853,,8853,0,,0,,CORRECT_TOTAL_0_8853
2977667,173,2026-05-22 04:00:00,8853,,8853,0,,0,,CORRECT_TOTAL_0_8853
2977668,173,2026-05-22 05:00:00,8853,,8853,0,,0,,CORRECT_TOTAL_0_8853
2977669,173,2026-05-22 06:00:00,8853,,8853,0,,0,,CORRECT_TOTAL_0_8853
2977670,173,2026-05-22 07:00:00,8853,,8853,0,,0,,CORRECT_TOTAL_0_8853
2977671,173,2026-05-22 08:00:00,8853,,8853,0,,0,,CORRECT_TOTAL_0_8853
2977672,173,2026-05-22 09:00:00,8853,,8853,0,,0,,CORRECT_TOTAL_0_8853
2977673,173,2026-05-22 10:00:00,8853,,8853,0,,0,,CORRECT_TOTAL_0_8853
2977674,173,2026-05-22 11:00:00,8853,,8853,0,,0,,CORRECT_TOTAL_0_8853
2978864,175,2026-05-20 20:00:00,170398,,170398,0,,0,,CORRECT_TOTAL_0_170398
2978865,175,2026-05-20 21:00:00,170398,,170398,0,,0,,CORRECT_TOTAL_0_170398
2978866,175,2026-05-20 22:00:00,170398,,170398,0,,0,,CORRECT_TOTAL_0_170398
2978867,175,2026-05-20 23:00:00,170398,,170398,0,,0,,CORRECT_TOTAL_0_170398
2978868,175,2026-05-21 00:00:00,170398,,170398,0,,0,,CORRECT_TOTAL_0_170398
2978869,175,2026-05-21 01:00:00,170398,,170398,0,,0,,CORRECT_TOTAL_0_170398
2978870,175,2026-05-21 02:00:00,170398,,170398,0,,0,,CORRECT_TOTAL_0_170398
2978871,175,2026-05-21 03:00:00,170398,,170398,0,,0,,CORRECT_TOTAL_0_170398
2978872,175,2026-05-21 04:00:00,170398,,170398,0,,0,,CORRECT_TOTAL_0_170398
2978873,175,2026-05-21 05:00:00,170398,,170398,0,,0,,CORRECT_TOTAL_0_170398
2978874,175,2026-05-21 06:00:00,170398,,170398,0,,0,,CORRECT_TOTAL_0_170398
2978875,175,2026-05-21 07:00:00,170398,,170398,0,,0,,CORRECT_TOTAL_0_170398
2978876,175,2026-05-21 08:00:00,170398,,170398,0,,0,,CORRECT_TOTAL_0_170398
2978877,175,2026-05-21 09:00:00,170398,,170398,0,,0,,CORRECT_TOTAL_0_170398
2978878,175,2026-05-21 10:00:00,170398,,170398,0,,0,,CORRECT_TOTAL_0_170398
2978879,175,2026-05-21 11:00:00,170398,,170398,0,,0,,CORRECT_TOTAL_0_170398
2978880,175,2026-05-21 12:00:00,170398,,170398,0,,0,,CORRECT_TOTAL_0_170398
2978881,175,2026-05-21 13:00:00,170398,,170398,0,,0,,CORRECT_TOTAL_0_170398
2978882,175,2026-05-21 14:00:00,170398,,170398,0,,0,,CORRECT_TOTAL_0_170398
2978883,175,2026-05-21 15:00:00,170398,,170398,0,,0,,CORRECT_TOTAL_0_170398
2978884,175,2026-05-21 16:00:00,170398,,170398,0,,0,,CORRECT_TOTAL_0_170398
2978885,175,2026-05-21 17:00:00,170398,,170398,0,,0,,CORRECT_TOTAL_0_170398
2978886,175,2026-05-21 18:00:00,170398,,170398,0,,0,,CORRECT_TOTAL_0_170398
2978887,175,2026-05-21 19:00:00,170398,,170398,0,,0,,CORRECT_TOTAL_0_170398
2978888,175,2026-05-21 20:00:00,170398,,170398,0,,0,,CORRECT_TOTAL_0_170398
2978889,175,2026-05-21 21:00:00,170398,,170398,0,,0,,CORRECT_TOTAL_0_170398
2978890,175,2026-05-21 22:00:00,170398,,170398,0,,0,,CORRECT_TOTAL_0_170398
2978891,175,2026-05-21 23:00:00,170398,,170398,0,,0,,CORRECT_TOTAL_0_170398
2978892,175,2026-05-22 00:00:00,170398,,170398,0,,0,,CORRECT_TOTAL_0_170398
2978893,175,2026-05-22 01:00:00,170398,,170398,0,,0,,CORRECT_TOTAL_0_170398
2978894,175,2026-05-22 02:00:00,170398,,170398,0,,0,,CORRECT_TOTAL_0_170398
2978895,175,2026-05-22 03:00:00,170398,,170398,0,,0,,CORRECT_TOTAL_0_170398
2978896,175,2026-05-22 04:00:00,170398,,170398,0,,0,,CORRECT_TOTAL_0_170398
2978897,175,2026-05-22 05:00:00,170398,,170398,0,,0,,CORRECT_TOTAL_0_170398
2978898,175,2026-05-22 06:00:00,170398,,170398,0,,0,,CORRECT_TOTAL_0_170398
2978899,175,2026-05-22 07:00:00,170398,,170398,0,,0,,CORRECT_TOTAL_0_170398
2978900,175,2026-05-22 08:00:00,170398,,170398,0,,0,,CORRECT_TOTAL_0_170398
2978901,175,2026-05-22 09:00:00,170398,,170398,0,,0,,CORRECT_TOTAL_0_170398
2978902,175,2026-05-22 10:00:00,170398,,170398,0,,0,,CORRECT_TOTAL_0_170398
2978903,175,2026-05-22 11:00:00,170398,,170398,0,,0,,CORRECT_TOTAL_0_170398
2979038,176,2026-05-20 20:00:00,1488,,1488,0,,0,,CORRECT_TOTAL_0_1488
2979039,176,2026-05-20 21:00:00,1488,,1488,0,,0,,CORRECT_TOTAL_0_1488
2979040,176,2026-05-20 22:00:00,1488,,1488,0,,0,,CORRECT_TOTAL_0_1488
2979041,176,2026-05-20 23:00:00,1488,,1488,0,,0,,CORRECT_TOTAL_0_1488
2979042,176,2026-05-21 00:00:00,1488,,1488,0,,0,,CORRECT_TOTAL_0_1488
2979043,176,2026-05-21 01:00:00,1488,,1488,0,,0,,CORRECT_TOTAL_0_1488
2979044,176,2026-05-21 02:00:00,1488,,1488,0,,0,,CORRECT_TOTAL_0_1488
2979045,176,2026-05-21 03:00:00,1488,,1488,0,,0,,CORRECT_TOTAL_0_1488
2979046,176,2026-05-21 04:00:00,1488,,1488,0,,0,,CORRECT_TOTAL_0_1488
2979047,176,2026-05-21 05:00:00,1488,,1488,0,,0,,CORRECT_TOTAL_0_1488
2979048,176,2026-05-21 06:00:00,1488,,1488,0,,0,,CORRECT_TOTAL_0_1488
2979049,176,2026-05-21 07:00:00,1488,,1488,0,,0,,CORRECT_TOTAL_0_1488
2979050,176,2026-05-21 08:00:00,1488,,1488,0,,0,,CORRECT_TOTAL_0_1488
2979051,176,2026-05-21 09:00:00,1488,,1488,0,,0,,CORRECT_TOTAL_0_1488
2979052,176,2026-05-21 10:00:00,1488,,1488,0,,0,,CORRECT_TOTAL_0_1488
2979053,176,2026-05-21 11:00:00,1488,,1488,0,,0,,CORRECT_TOTAL_0_1488
2979054,176,2026-05-21 12:00:00,1488,,1488,0,,0,,CORRECT_TOTAL_0_1488
2979055,176,2026-05-21 13:00:00,1488,,1488,0,,0,,CORRECT_TOTAL_0_1488
2979056,176,2026-05-21 14:00:00,1488,,1488,0,,0,,CORRECT_TOTAL_0_1488
2979057,176,2026-05-21 15:00:00,1488,,1488,0,,0,,CORRECT_TOTAL_0_1488
2979058,176,2026-05-21 16:00:00,1488,,1488,0,,0,,CORRECT_TOTAL_0_1488
2979059,176,2026-05-21 17:00:00,1488,,1488,0,,0,,CORRECT_TOTAL_0_1488
2979060,176,2026-05-21 18:00:00,1488,,1488,0,,0,,CORRECT_TOTAL_0_1488
2979061,176,2026-05-21 19:00:00,1488,,1488,0,,0,,CORRECT_TOTAL_0_1488
2979062,176,2026-05-21 20:00:00,1488,,1488,0,,0,,CORRECT_TOTAL_0_1488
2979063,176,2026-05-21 21:00:00,1488,,1488,0,,0,,CORRECT_TOTAL_0_1488
2979064,176,2026-05-21 22:00:00,1488,,1488,0,,0,,CORRECT_TOTAL_0_1488
2979065,176,2026-05-21 23:00:00,1488,,1488,0,,0,,CORRECT_TOTAL_0_1488
2979066,176,2026-05-22 00:00:00,1488,,1488,0,,0,,CORRECT_TOTAL_0_1488
2979067,176,2026-05-22 01:00:00,1488,,1488,0,,0,,CORRECT_TOTAL_0_1488
2979068,176,2026-05-22 02:00:00,1488,,1488,0,,0,,CORRECT_TOTAL_0_1488
2979069,176,2026-05-22 03:00:00,1488,,1488,0,,0,,CORRECT_TOTAL_0_1488
2979070,176,2026-05-22 04:00:00,1488,,1488,0,,0,,CORRECT_TOTAL_0_1488
2979071,176,2026-05-22 05:00:00,1488,,1488,0,,0,,CORRECT_TOTAL_0_1488
2979072,176,2026-05-22 06:00:00,1488,,1488,0,,0,,CORRECT_TOTAL_0_1488
2979073,176,2026-05-22 07:00:00,1488,,1488,0,,0,,CORRECT_TOTAL_0_1488
2979074,176,2026-05-22 08:00:00,1488,,1488,0,,0,,CORRECT_TOTAL_0_1488
2979075,176,2026-05-22 09:00:00,1488,,1488,0,,0,,CORRECT_TOTAL_0_1488
2979076,176,2026-05-22 10:00:00,1488,,1488,0,,0,,CORRECT_TOTAL_0_1488
2979077,176,2026-05-22 11:00:00,1488,,1488,0,,0,,CORRECT_TOTAL_0_1488
2978997,177,2026-05-20 20:00:00,985303,,985303,0,,0,,CORRECT_TOTAL_0_985303
2978998,177,2026-05-20 21:00:00,985303,,985303,0,,0,,CORRECT_TOTAL_0_985303
2978999,177,2026-05-20 22:00:00,985303,,985303,0,,0,,CORRECT_TOTAL_0_985303
2979000,177,2026-05-20 23:00:00,985303,,985303,0,,0,,CORRECT_TOTAL_0_985303
2979001,177,2026-05-21 00:00:00,985303,,985303,0,,0,,CORRECT_TOTAL_0_985303
2979002,177,2026-05-21 01:00:00,985303,,985303,0,,0,,CORRECT_TOTAL_0_985303
2979003,177,2026-05-21 02:00:00,985303,,985303,0,,0,,CORRECT_TOTAL_0_985303
2979004,177,2026-05-21 03:00:00,985303,,985303,0,,0,,CORRECT_TOTAL_0_985303
2979005,177,2026-05-21 04:00:00,985303,,985303,0,,0,,CORRECT_TOTAL_0_985303
2979006,177,2026-05-21 05:00:00,985303,,985303,0,,0,,CORRECT_TOTAL_0_985303
2979007,177,2026-05-21 06:00:00,985303,,985303,0,,0,,CORRECT_TOTAL_0_985303
2979008,177,2026-05-21 07:00:00,985303,,985303,0,,0,,CORRECT_TOTAL_0_985303
2979009,177,2026-05-21 08:00:00,985303,,985303,0,,0,,CORRECT_TOTAL_0_985303
2979010,177,2026-05-21 09:00:00,985303,,985303,0,,0,,CORRECT_TOTAL_0_985303
2979011,177,2026-05-21 10:00:00,985303,,985303,0,,0,,CORRECT_TOTAL_0_985303
2979012,177,2026-05-21 11:00:00,985303,,985303,0,,0,,CORRECT_TOTAL_0_985303
2979013,177,2026-05-21 12:00:00,985303,,985303,0,,0,,CORRECT_TOTAL_0_985303
2979014,177,2026-05-21 13:00:00,985303,,985303,0,,0,,CORRECT_TOTAL_0_985303
2979015,177,2026-05-21 14:00:00,985303,,985303,0,,0,,CORRECT_TOTAL_0_985303
2979016,177,2026-05-21 15:00:00,985303,,985303,0,,0,,CORRECT_TOTAL_0_985303
2979017,177,2026-05-21 16:00:00,985303,,985303,0,,0,,CORRECT_TOTAL_0_985303
2979018,177,2026-05-21 17:00:00,985303,,985303,0,,0,,CORRECT_TOTAL_0_985303
2979019,177,2026-05-21 18:00:00,985303,,985303,0,,0,,CORRECT_TOTAL_0_985303
2979020,177,2026-05-21 19:00:00,985303,,985303,0,,0,,CORRECT_TOTAL_0_985303
2979021,177,2026-05-21 20:00:00,985303,,985303,0,,0,,CORRECT_TOTAL_0_985303
2979022,177,2026-05-21 21:00:00,985303,,985303,0,,0,,CORRECT_TOTAL_0_985303
2979023,177,2026-05-21 22:00:00,985303,,985303,0,,0,,CORRECT_TOTAL_0_985303
2979024,177,2026-05-21 23:00:00,985303,,985303,0,,0,,CORRECT_TOTAL_0_985303
2979025,177,2026-05-22 00:00:00,985303,,985303,0,,0,,CORRECT_TOTAL_0_985303
2979026,177,2026-05-22 01:00:00,985303,,985303,0,,0,,CORRECT_TOTAL_0_985303
2979027,177,2026-05-22 02:00:00,985303,,985303,0,,0,,CORRECT_TOTAL_0_985303
2979028,177,2026-05-22 03:00:00,985303,,985303,0,,0,,CORRECT_TOTAL_0_985303
2979029,177,2026-05-22 04:00:00,985303,,985303,0,,0,,CORRECT_TOTAL_0_985303
2979030,177,2026-05-22 05:00:00,985303,,985303,0,,0,,CORRECT_TOTAL_0_985303
2979031,177,2026-05-22 06:00:00,985303,,985303,0,,0,,CORRECT_TOTAL_0_985303
2979032,177,2026-05-22 07:00:00,985303,,985303,0,,0,,CORRECT_TOTAL_0_985303
2979033,177,2026-05-22 08:00:00,985303,,985303,0,,0,,CORRECT_TOTAL_0_985303
2979034,177,2026-05-22 09:00:00,985303,,985303,0,,0,,CORRECT_TOTAL_0_985303
2979035,177,2026-05-22 10:00:00,985303,,985303,0,,0,,CORRECT_TOTAL_0_985303
2979036,177,2026-05-22 11:00:00,985303,,985303,0,,0,,CORRECT_TOTAL_0_985303
2978250,182,2026-05-20 20:00:00,18164,,18164,0,,0,,CORRECT_TOTAL_0_18164
2978251,182,2026-05-20 21:00:00,18164,,18164,0,,0,,CORRECT_TOTAL_0_18164
2978252,182,2026-05-20 22:00:00,18164,,18164,0,,0,,CORRECT_TOTAL_0_18164
2978253,182,2026-05-20 23:00:00,18164,,18164,0,,0,,CORRECT_TOTAL_0_18164
2978254,182,2026-05-21 00:00:00,18164,,18164,0,,0,,CORRECT_TOTAL_0_18164
2978255,182,2026-05-21 01:00:00,18164,,18164,0,,0,,CORRECT_TOTAL_0_18164
2978256,182,2026-05-21 02:00:00,18164,,18164,0,,0,,CORRECT_TOTAL_0_18164
2978257,182,2026-05-21 03:00:00,18164,,18164,0,,0,,CORRECT_TOTAL_0_18164
2978258,182,2026-05-21 04:00:00,18164,,18164,0,,0,,CORRECT_TOTAL_0_18164
2978259,182,2026-05-21 05:00:00,18164,,18164,0,,0,,CORRECT_TOTAL_0_18164
2978260,182,2026-05-21 06:00:00,18164,,18164,0,,0,,CORRECT_TOTAL_0_18164
2978261,182,2026-05-21 07:00:00,18164,,18164,0,,0,,CORRECT_TOTAL_0_18164
2978262,182,2026-05-21 08:00:00,18164,,18164,0,,0,,CORRECT_TOTAL_0_18164
2978263,182,2026-05-21 09:00:00,18164,,18164,0,,0,,CORRECT_TOTAL_0_18164
2978264,182,2026-05-21 10:00:00,18164,,18164,0,,0,,CORRECT_TOTAL_0_18164
2978265,182,2026-05-21 11:00:00,18164,,18164,0,,0,,CORRECT_TOTAL_0_18164
2978266,182,2026-05-21 12:00:00,18164,,18164,0,,0,,CORRECT_TOTAL_0_18164
2978267,182,2026-05-21 13:00:00,18164,,18164,0,,0,,CORRECT_TOTAL_0_18164
2978268,182,2026-05-21 14:00:00,18164,,18164,0,,0,,CORRECT_TOTAL_0_18164
2978269,182,2026-05-21 15:00:00,18164,,18164,0,,0,,CORRECT_TOTAL_0_18164
2978270,182,2026-05-21 16:00:00,18164,,18164,0,,0,,CORRECT_TOTAL_0_18164
2978271,182,2026-05-21 17:00:00,18164,,18164,0,,0,,CORRECT_TOTAL_0_18164
2978272,182,2026-05-21 18:00:00,18164,,18164,0,,0,,CORRECT_TOTAL_0_18164
2978273,182,2026-05-21 19:00:00,18164,,18164,0,,0,,CORRECT_TOTAL_0_18164
2978274,182,2026-05-21 20:00:00,18164,,18164,0,,0,,CORRECT_TOTAL_0_18164
2978275,182,2026-05-21 21:00:00,18164,,18164,0,,0,,CORRECT_TOTAL_0_18164
2978276,182,2026-05-21 22:00:00,18164,,18164,0,,0,,CORRECT_TOTAL_0_18164
2978277,182,2026-05-21 23:00:00,18164,,18164,0,,0,,CORRECT_TOTAL_0_18164
2978278,182,2026-05-22 00:00:00,18164,,18164,0,,0,,CORRECT_TOTAL_0_18164
2978279,182,2026-05-22 01:00:00,18164,,18164,0,,0,,CORRECT_TOTAL_0_18164
2978280,182,2026-05-22 02:00:00,18164,,18164,0,,0,,CORRECT_TOTAL_0_18164
2978281,182,2026-05-22 03:00:00,18164,,18164,0,,0,,CORRECT_TOTAL_0_18164
2978282,182,2026-05-22 04:00:00,18164,,18164,0,,0,,CORRECT_TOTAL_0_18164
2978283,182,2026-05-22 05:00:00,18164,,18164,0,,0,,CORRECT_TOTAL_0_18164
2978284,182,2026-05-22 06:00:00,18164,,18164,0,,0,,CORRECT_TOTAL_0_18164
2978285,182,2026-05-22 07:00:00,18164,,18164,0,,0,,CORRECT_TOTAL_0_18164
2978286,182,2026-05-22 08:00:00,18164,,18164,0,,0,,CORRECT_TOTAL_0_18164
2978287,182,2026-05-22 09:00:00,18164,,18164,0,,0,,CORRECT_TOTAL_0_18164
2978288,182,2026-05-22 10:00:00,18164,,18164,0,,0,,CORRECT_TOTAL_0_18164
2978289,182,2026-05-22 11:00:00,18164,,18164,0,,0,,CORRECT_TOTAL_0_18164
2977552,183,2026-05-20 20:00:00,28977,,2898,0,,0,,CORRECT_TOTAL_0_2898
2977553,183,2026-05-20 21:00:00,28978,,2898,0,,0,,CORRECT_TOTAL_0_2898
2977554,183,2026-05-20 22:00:00,28992,,2899,0,,0,,CORRECT_TOTAL_0_2899
2977555,183,2026-05-20 23:00:00,28993,,2899,0,,0,,CORRECT_TOTAL_0_2899
2977556,183,2026-05-21 00:00:00,28994,,2899,0,,0,,CORRECT_TOTAL_0_2899
2977557,183,2026-05-21 01:00:00,28996,,2900,0,,0,,CORRECT_TOTAL_0_2900
2977558,183,2026-05-21 02:00:00,28997,,2900,0,,0,,CORRECT_TOTAL_0_2900
2977559,183,2026-05-21 03:00:00,28999,,2900,0,,0,,CORRECT_TOTAL_0_2900
2977560,183,2026-05-21 04:00:00,29000,,2900,0,,0,,CORRECT_TOTAL_0_2900
2977561,183,2026-05-21 05:00:00,29001,,2900,0,,0,,CORRECT_TOTAL_0_2900
2977562,183,2026-05-21 06:00:00,29002,,2900,0,,0,,CORRECT_TOTAL_0_2900
2977563,183,2026-05-21 07:00:00,29003,,2900,0,,0,,CORRECT_TOTAL_0_2900
2977564,183,2026-05-21 08:00:00,29004,,2900,0,,0,,CORRECT_TOTAL_0_2900
2977565,183,2026-05-21 09:00:00,29006,,2901,0,,0,,CORRECT_TOTAL_0_2901
2977566,183,2026-05-21 10:00:00,29007,,2901,0,,0,,CORRECT_TOTAL_0_2901
2977567,183,2026-05-21 11:00:00,29008,,2901,0,,0,,CORRECT_TOTAL_0_2901
2977568,183,2026-05-21 12:00:00,29009,,2901,0,,0,,CORRECT_TOTAL_0_2901
2977569,183,2026-05-21 13:00:00,29010,,2901,0,,0,,CORRECT_TOTAL_0_2901
2977570,183,2026-05-21 14:00:00,29011,,2901,0,,0,,CORRECT_TOTAL_0_2901
2977571,183,2026-05-21 15:00:00,29011,,2901,0,,0,,CORRECT_TOTAL_0_2901
2977572,183,2026-05-21 16:00:00,29012,,2901,0,,0,,CORRECT_TOTAL_0_2901
2977573,183,2026-05-21 17:00:00,29014,,2901,0,,0,,CORRECT_TOTAL_0_2901
2977574,183,2026-05-21 18:00:00,29015,,2901,0,,0,,CORRECT_TOTAL_0_2901
2977575,183,2026-05-21 19:00:00,29016,,2902,0,,0,,CORRECT_TOTAL_0_2902
2977576,183,2026-05-21 20:00:00,29017,,2902,0,,0,,CORRECT_TOTAL_0_2902
2977577,183,2026-05-21 21:00:00,29018,,2902,0,,0,,CORRECT_TOTAL_0_2902
2977578,183,2026-05-21 22:00:00,29019,,2902,0,,0,,CORRECT_TOTAL_0_2902
2977579,183,2026-05-21 23:00:00,29021,,2902,0,,0,,CORRECT_TOTAL_0_2902
2977580,183,2026-05-22 00:00:00,29024,,2902,0,,0,,CORRECT_TOTAL_0_2902
2977581,183,2026-05-22 01:00:00,29027,,2903,0,,0,,CORRECT_TOTAL_0_2903
2977582,183,2026-05-22 02:00:00,29041,,2904,0,,0,,CORRECT_TOTAL_0_2904
2977583,183,2026-05-22 03:00:00,29043,,2904,0,,0,,CORRECT_TOTAL_0_2904
2977584,183,2026-05-22 04:00:00,29045,,2904,0,,0,,CORRECT_TOTAL_0_2904
2977585,183,2026-05-22 05:00:00,29049,,2905,0,,0,,CORRECT_TOTAL_0_2905
2977586,183,2026-05-22 06:00:00,29052,,2905,0,,0,,CORRECT_TOTAL_0_2905
2977587,183,2026-05-22 07:00:00,29057,,2906,0,,0,,CORRECT_TOTAL_0_2906
2977588,183,2026-05-22 08:00:00,29063,,2906,0,,0,,CORRECT_TOTAL_0_2906
2977589,183,2026-05-22 09:00:00,29084,,2908,0,,0,,CORRECT_TOTAL_0_2908
2977590,183,2026-05-22 10:00:00,29092,,2909,0,,0,,CORRECT_TOTAL_0_2909
2977591,183,2026-05-22 11:00:00,29112,,2911,0,,0,,CORRECT_TOTAL_0_2911
2978291,184,2026-05-20 20:00:00,300149,,30015,0,,0,,CORRECT_TOTAL_0_30015
2978292,184,2026-05-20 21:00:00,300149,,30015,0,,0,,CORRECT_TOTAL_0_30015
2978293,184,2026-05-20 22:00:00,300149,,30015,0,,0,,CORRECT_TOTAL_0_30015
2978294,184,2026-05-20 23:00:00,300149,,30015,0,,0,,CORRECT_TOTAL_0_30015
2978295,184,2026-05-21 00:00:00,300149,,30015,0,,0,,CORRECT_TOTAL_0_30015
2978296,184,2026-05-21 01:00:00,300149,,30015,0,,0,,CORRECT_TOTAL_0_30015
2978297,184,2026-05-21 02:00:00,300149,,30015,0,,0,,CORRECT_TOTAL_0_30015
2978298,184,2026-05-21 03:00:00,300149,,30015,0,,0,,CORRECT_TOTAL_0_30015
2978299,184,2026-05-21 04:00:00,300149,,30015,0,,0,,CORRECT_TOTAL_0_30015
2978300,184,2026-05-21 05:00:00,300149,,30015,0,,0,,CORRECT_TOTAL_0_30015
2978301,184,2026-05-21 06:00:00,300149,,30015,0,,0,,CORRECT_TOTAL_0_30015
2978302,184,2026-05-21 07:00:00,300149,,30015,0,,0,,CORRECT_TOTAL_0_30015
2978303,184,2026-05-21 08:00:00,300149,,30015,0,,0,,CORRECT_TOTAL_0_30015
2978304,184,2026-05-21 09:00:00,300149,,30015,0,,0,,CORRECT_TOTAL_0_30015
2978305,184,2026-05-21 10:00:00,300149,,30015,0,,0,,CORRECT_TOTAL_0_30015
2978306,184,2026-05-21 11:00:00,300149,,30015,0,,0,,CORRECT_TOTAL_0_30015
2978307,184,2026-05-21 12:00:00,300149,,30015,0,,0,,CORRECT_TOTAL_0_30015
2978308,184,2026-05-21 13:00:00,300149,,30015,0,,0,,CORRECT_TOTAL_0_30015
2978309,184,2026-05-21 14:00:00,300149,,30015,0,,0,,CORRECT_TOTAL_0_30015
2978310,184,2026-05-21 15:00:00,300149,,30015,0,,0,,CORRECT_TOTAL_0_30015
2978311,184,2026-05-21 16:00:00,300149,,30015,0,,0,,CORRECT_TOTAL_0_30015
2978312,184,2026-05-21 17:00:00,300149,,30015,0,,0,,CORRECT_TOTAL_0_30015
2978313,184,2026-05-21 18:00:00,300149,,30015,0,,0,,CORRECT_TOTAL_0_30015
2978314,184,2026-05-21 19:00:00,300149,,30015,0,,0,,CORRECT_TOTAL_0_30015
2978315,184,2026-05-21 20:00:00,300149,,30015,0,,0,,CORRECT_TOTAL_0_30015
2978316,184,2026-05-21 21:00:00,300149,,30015,0,,0,,CORRECT_TOTAL_0_30015
2978317,184,2026-05-21 22:00:00,300149,,30015,0,,0,,CORRECT_TOTAL_0_30015
2978318,184,2026-05-21 23:00:00,300149,,30015,0,,0,,CORRECT_TOTAL_0_30015
2978319,184,2026-05-22 00:00:00,300149,,30015,0,,0,,CORRECT_TOTAL_0_30015
2978320,184,2026-05-22 01:00:00,300149,,30015,0,,0,,CORRECT_TOTAL_0_30015
2978321,184,2026-05-22 02:00:00,300149,,30015,0,,0,,CORRECT_TOTAL_0_30015
2978322,184,2026-05-22 03:00:00,300149,,30015,0,,0,,CORRECT_TOTAL_0_30015
2978323,184,2026-05-22 04:00:00,300149,,30015,0,,0,,CORRECT_TOTAL_0_30015
2978324,184,2026-05-22 05:00:00,300149,,30015,0,,0,,CORRECT_TOTAL_0_30015
2978325,184,2026-05-22 06:00:00,300149,,30015,0,,0,,CORRECT_TOTAL_0_30015
2978326,184,2026-05-22 07:00:00,300149,,30015,0,,0,,CORRECT_TOTAL_0_30015
2978327,184,2026-05-22 08:00:00,300149,,30015,0,,0,,CORRECT_TOTAL_0_30015
2978328,184,2026-05-22 09:00:00,300149,,30015,0,,0,,CORRECT_TOTAL_0_30015
2978329,184,2026-05-22 10:00:00,300149,,30015,0,,0,,CORRECT_TOTAL_0_30015
2978330,184,2026-05-22 11:00:00,300149,,30015,0,,0,,CORRECT_TOTAL_0_30015
2977881,186,2026-05-20 20:00:00,2241828,,250553,0,,0,,CORRECT_TOTAL_0_250553
2977882,186,2026-05-20 21:00:00,2241828,,250553,0,,0,,CORRECT_TOTAL_0_250553
2977883,186,2026-05-20 22:00:00,2241828,,250553,0,,0,,CORRECT_TOTAL_0_250553
2977884,186,2026-05-20 23:00:00,2241828,,250553,0,,0,,CORRECT_TOTAL_0_250553
2977885,186,2026-05-21 00:00:00,2241828,,250553,0,,0,,CORRECT_TOTAL_0_250553
2977886,186,2026-05-21 01:00:00,2241828,,250553,0,,0,,CORRECT_TOTAL_0_250553
2977887,186,2026-05-21 02:00:00,2241828,,250553,0,,0,,CORRECT_TOTAL_0_250553
2977888,186,2026-05-21 03:00:00,2241828,,250553,0,,0,,CORRECT_TOTAL_0_250553
2977889,186,2026-05-21 04:00:00,2241828,,250553,0,,0,,CORRECT_TOTAL_0_250553
2977890,186,2026-05-21 05:00:00,2241828,,250553,0,,0,,CORRECT_TOTAL_0_250553
2977891,186,2026-05-21 06:00:00,2241828,,250553,0,,0,,CORRECT_TOTAL_0_250553
2977892,186,2026-05-21 07:00:00,2241828,,250553,0,,0,,CORRECT_TOTAL_0_250553
2977893,186,2026-05-21 08:00:00,2241828,,250553,0,,0,,CORRECT_TOTAL_0_250553
2977894,186,2026-05-21 09:00:00,2241828,,250553,0,,0,,CORRECT_TOTAL_0_250553
2977895,186,2026-05-21 10:00:00,2241828,,250553,0,,0,,CORRECT_TOTAL_0_250553
2977896,186,2026-05-21 11:00:00,2241828,,250553,0,,0,,CORRECT_TOTAL_0_250553
2977897,186,2026-05-21 12:00:00,2241828,,250553,0,,0,,CORRECT_TOTAL_0_250553
2977898,186,2026-05-21 13:00:00,2241828,,250553,0,,0,,CORRECT_TOTAL_0_250553
2977899,186,2026-05-21 14:00:00,2241828,,250553,0,,0,,CORRECT_TOTAL_0_250553
2977900,186,2026-05-21 15:00:00,2241828,,250553,0,,0,,CORRECT_TOTAL_0_250553
2977901,186,2026-05-21 16:00:00,2241828,,250553,0,,0,,CORRECT_TOTAL_0_250553
2977902,186,2026-05-21 17:00:00,2241828,,250553,0,,0,,CORRECT_TOTAL_0_250553
2977903,186,2026-05-21 18:00:00,2241828,,250553,0,,0,,CORRECT_TOTAL_0_250553
2977904,186,2026-05-21 19:00:00,2241828,,250553,0,,0,,CORRECT_TOTAL_0_250553
2977905,186,2026-05-21 20:00:00,2241828,,250553,0,,0,,CORRECT_TOTAL_0_250553
2977906,186,2026-05-21 21:00:00,2241828,,250553,0,,0,,CORRECT_TOTAL_0_250553
2977907,186,2026-05-21 22:00:00,2241828,,250553,0,,0,,CORRECT_TOTAL_0_250553
2977908,186,2026-05-21 23:00:00,2241828,,250553,0,,0,,CORRECT_TOTAL_0_250553
2977909,186,2026-05-22 00:00:00,2241828,,250553,0,,0,,CORRECT_TOTAL_0_250553
2977910,186,2026-05-22 01:00:00,2241828,,250553,0,,0,,CORRECT_TOTAL_0_250553
2977911,186,2026-05-22 02:00:00,2241828,,250553,0,,0,,CORRECT_TOTAL_0_250553
2977912,186,2026-05-22 03:00:00,2241828,,250553,0,,0,,CORRECT_TOTAL_0_250553
2977913,186,2026-05-22 04:00:00,2241828,,250553,0,,0,,CORRECT_TOTAL_0_250553
2977914,186,2026-05-22 05:00:00,2241828,,250553,0,,0,,CORRECT_TOTAL_0_250553
2977915,186,2026-05-22 06:00:00,2241828,,250553,0,,0,,CORRECT_TOTAL_0_250553
2977916,186,2026-05-22 07:00:00,2241828,,250553,0,,0,,CORRECT_TOTAL_0_250553
2977917,186,2026-05-22 08:00:00,2241828,,250553,0,,0,,CORRECT_TOTAL_0_250553
2977918,186,2026-05-22 09:00:00,2241828,,250553,0,,0,,CORRECT_TOTAL_0_250553
2977919,186,2026-05-22 10:00:00,2241828,,250553,0,,0,,CORRECT_TOTAL_0_250553
2977920,186,2026-05-22 11:00:00,2241828,,250553,0,,0,,CORRECT_TOTAL_0_250553
2977922,190,2026-05-20 20:00:00,531788,,53179,0,,0,,CORRECT_TOTAL_0_53179
2977923,190,2026-05-20 21:00:00,531788,,53179,0,,0,,CORRECT_TOTAL_0_53179
2977924,190,2026-05-20 22:00:00,531788,,53179,0,,0,,CORRECT_TOTAL_0_53179
2977925,190,2026-05-20 23:00:00,531788,,53179,0,,0,,CORRECT_TOTAL_0_53179
2977926,190,2026-05-21 00:00:00,531788,,53179,0,,0,,CORRECT_TOTAL_0_53179
2977927,190,2026-05-21 01:00:00,531788,,53179,0,,0,,CORRECT_TOTAL_0_53179
2977928,190,2026-05-21 02:00:00,531788,,53179,0,,0,,CORRECT_TOTAL_0_53179
2977929,190,2026-05-21 03:00:00,531788,,53179,0,,0,,CORRECT_TOTAL_0_53179
2977930,190,2026-05-21 04:00:00,531788,,53179,0,,0,,CORRECT_TOTAL_0_53179
2977931,190,2026-05-21 05:00:00,531788,,53179,0,,0,,CORRECT_TOTAL_0_53179
2977932,190,2026-05-21 06:00:00,531788,,53179,0,,0,,CORRECT_TOTAL_0_53179
2977933,190,2026-05-21 07:00:00,531788,,53179,0,,0,,CORRECT_TOTAL_0_53179
2977934,190,2026-05-21 08:00:00,531788,,53179,0,,0,,CORRECT_TOTAL_0_53179
2977935,190,2026-05-21 09:00:00,531788,,53179,0,,0,,CORRECT_TOTAL_0_53179
2977936,190,2026-05-21 10:00:00,531788,,53179,0,,0,,CORRECT_TOTAL_0_53179
2977937,190,2026-05-21 11:00:00,531788,,53179,0,,0,,CORRECT_TOTAL_0_53179
2977938,190,2026-05-21 12:00:00,531788,,53179,0,,0,,CORRECT_TOTAL_0_53179
2977939,190,2026-05-21 13:00:00,531788,,53179,0,,0,,CORRECT_TOTAL_0_53179
2977940,190,2026-05-21 14:00:00,531788,,53179,0,,0,,CORRECT_TOTAL_0_53179
2977941,190,2026-05-21 15:00:00,531788,,53179,0,,0,,CORRECT_TOTAL_0_53179
2977942,190,2026-05-21 16:00:00,531788,,53179,0,,0,,CORRECT_TOTAL_0_53179
2977943,190,2026-05-21 17:00:00,531788,,53179,0,,0,,CORRECT_TOTAL_0_53179
2977944,190,2026-05-21 18:00:00,531788,,53179,0,,0,,CORRECT_TOTAL_0_53179
2977945,190,2026-05-21 19:00:00,531788,,53179,0,,0,,CORRECT_TOTAL_0_53179
2977946,190,2026-05-21 20:00:00,531788,,53179,0,,0,,CORRECT_TOTAL_0_53179
2977947,190,2026-05-21 21:00:00,531788,,53179,0,,0,,CORRECT_TOTAL_0_53179
2977948,190,2026-05-21 22:00:00,531788,,53179,0,,0,,CORRECT_TOTAL_0_53179
2977949,190,2026-05-21 23:00:00,531788,,53179,0,,0,,CORRECT_TOTAL_0_53179
2977950,190,2026-05-22 00:00:00,531788,,53179,0,,0,,CORRECT_TOTAL_0_53179
2977951,190,2026-05-22 01:00:00,531788,,53179,0,,0,,CORRECT_TOTAL_0_53179
2977952,190,2026-05-22 02:00:00,531788,,53179,0,,0,,CORRECT_TOTAL_0_53179
2977953,190,2026-05-22 03:00:00,531788,,53179,0,,0,,CORRECT_TOTAL_0_53179
2977954,190,2026-05-22 04:00:00,531788,,53179,0,,0,,CORRECT_TOTAL_0_53179
2977955,190,2026-05-22 05:00:00,531788,,53179,0,,0,,CORRECT_TOTAL_0_53179
2977956,190,2026-05-22 06:00:00,531788,,53179,0,,0,,CORRECT_TOTAL_0_53179
2977957,190,2026-05-22 07:00:00,531788,,53179,0,,0,,CORRECT_TOTAL_0_53179
2977958,190,2026-05-22 08:00:00,531788,,53179,0,,0,,CORRECT_TOTAL_0_53179
2977959,190,2026-05-22 09:00:00,531788,,53179,0,,0,,CORRECT_TOTAL_0_53179
2977960,190,2026-05-22 10:00:00,531788,,53179,0,,0,,CORRECT_TOTAL_0_53179
2977961,190,2026-05-22 11:00:00,531788,,53179,0,,0,,CORRECT_TOTAL_0_53179
2978045,191,2026-05-20 20:00:00,409040,,40904,0,,0,,CORRECT_TOTAL_0_40904
2978046,191,2026-05-20 21:00:00,409040,,40904,0,,0,,CORRECT_TOTAL_0_40904
2978047,191,2026-05-20 22:00:00,409040,,40904,0,,0,,CORRECT_TOTAL_0_40904
2978048,191,2026-05-20 23:00:00,409040,,40904,0,,0,,CORRECT_TOTAL_0_40904
2978049,191,2026-05-21 00:00:00,409040,,40904,0,,0,,CORRECT_TOTAL_0_40904
2978050,191,2026-05-21 01:00:00,409040,,40904,0,,0,,CORRECT_TOTAL_0_40904
2978051,191,2026-05-21 02:00:00,409040,,40904,0,,0,,CORRECT_TOTAL_0_40904
2978052,191,2026-05-21 03:00:00,409040,,40904,0,,0,,CORRECT_TOTAL_0_40904
2978053,191,2026-05-21 04:00:00,409040,,40904,0,,0,,CORRECT_TOTAL_0_40904
2978054,191,2026-05-21 05:00:00,409040,,40904,0,,0,,CORRECT_TOTAL_0_40904
2978055,191,2026-05-21 06:00:00,409040,,40904,0,,0,,CORRECT_TOTAL_0_40904
2978056,191,2026-05-21 07:00:00,409040,,40904,0,,0,,CORRECT_TOTAL_0_40904
2978057,191,2026-05-21 08:00:00,409040,,40904,0,,0,,CORRECT_TOTAL_0_40904
2978058,191,2026-05-21 09:00:00,409040,,40904,0,,0,,CORRECT_TOTAL_0_40904
2978059,191,2026-05-21 10:00:00,409040,,40904,0,,0,,CORRECT_TOTAL_0_40904
2978060,191,2026-05-21 11:00:00,409040,,40904,0,,0,,CORRECT_TOTAL_0_40904
2978061,191,2026-05-21 12:00:00,409040,,40904,0,,0,,CORRECT_TOTAL_0_40904
2978062,191,2026-05-21 13:00:00,409040,,40904,0,,0,,CORRECT_TOTAL_0_40904
2978063,191,2026-05-21 14:00:00,409040,,40904,0,,0,,CORRECT_TOTAL_0_40904
2978064,191,2026-05-21 15:00:00,409040,,40904,0,,0,,CORRECT_TOTAL_0_40904
2978065,191,2026-05-21 16:00:00,409040,,40904,0,,0,,CORRECT_TOTAL_0_40904
2978066,191,2026-05-21 17:00:00,409040,,40904,0,,0,,CORRECT_TOTAL_0_40904
2978067,191,2026-05-21 18:00:00,409040,,40904,0,,0,,CORRECT_TOTAL_0_40904
2978068,191,2026-05-21 19:00:00,409040,,40904,0,,0,,CORRECT_TOTAL_0_40904
2978069,191,2026-05-21 20:00:00,409040,,40904,0,,0,,CORRECT_TOTAL_0_40904
2978070,191,2026-05-21 21:00:00,409040,,40904,0,,0,,CORRECT_TOTAL_0_40904
2978071,191,2026-05-21 22:00:00,409040,,40904,0,,0,,CORRECT_TOTAL_0_40904
2978072,191,2026-05-21 23:00:00,409040,,40904,0,,0,,CORRECT_TOTAL_0_40904
2978073,191,2026-05-22 00:00:00,409040,,40904,0,,0,,CORRECT_TOTAL_0_40904
2978074,191,2026-05-22 01:00:00,409040,,40904,0,,0,,CORRECT_TOTAL_0_40904
2978075,191,2026-05-22 02:00:00,409040,,40904,0,,0,,CORRECT_TOTAL_0_40904
2978076,191,2026-05-22 03:00:00,409040,,40904,0,,0,,CORRECT_TOTAL_0_40904
2978077,191,2026-05-22 04:00:00,409040,,40904,0,,0,,CORRECT_TOTAL_0_40904
2978078,191,2026-05-22 05:00:00,409040,,40904,0,,0,,CORRECT_TOTAL_0_40904
2978079,191,2026-05-22 06:00:00,409040,,40904,0,,0,,CORRECT_TOTAL_0_40904
2978080,191,2026-05-22 07:00:00,409040,,40904,0,,0,,CORRECT_TOTAL_0_40904
2978081,191,2026-05-22 08:00:00,409040,,40904,0,,0,,CORRECT_TOTAL_0_40904
2978082,191,2026-05-22 09:00:00,409040,,40904,0,,0,,CORRECT_TOTAL_0_40904
2978083,191,2026-05-22 10:00:00,409040,,40904,0,,0,,CORRECT_TOTAL_0_40904
2978084,191,2026-05-22 11:00:00,409040,,40904,0,,0,,CORRECT_TOTAL_0_40904
2978985,202,2026-05-21 08:00:00,48138,,11362,0,,0,,CORRECT_TOTAL_0_11362
2978986,202,2026-05-21 09:00:00,48138,,11362,0,,0,,CORRECT_TOTAL_0_11362
2978987,202,2026-05-21 10:00:00,48138,,11362,0,,0,,CORRECT_TOTAL_0_11362
2978988,202,2026-05-21 11:00:00,48138,,11362,0,,0,,CORRECT_TOTAL_0_11362
2978989,202,2026-05-21 12:00:00,48138,,11362,0,,0,,CORRECT_TOTAL_0_11362
2978990,202,2026-05-21 13:00:00,48138,,11362,0,,0,,CORRECT_TOTAL_0_11362
2978991,202,2026-05-21 14:00:00,48138,,11362,0,,0,,CORRECT_TOTAL_0_11362
2978992,202,2026-05-22 08:00:00,48138,,11362,0,,0,,CORRECT_TOTAL_0_11362
2978993,202,2026-05-22 09:00:00,48138,,11362,0,,0,,CORRECT_TOTAL_0_11362
2978994,202,2026-05-22 10:00:00,48138,,11362,0,,0,,CORRECT_TOTAL_0_11362
2978995,202,2026-05-22 11:00:00,48138,,11362,0,,0,,CORRECT_TOTAL_0_11362
2978782,203,2026-05-20 20:00:00,9602,,9602,0,,0,,CORRECT_TOTAL_0_9602
2978783,203,2026-05-20 21:00:00,9602,,9602,0,,0,,CORRECT_TOTAL_0_9602
2978784,203,2026-05-20 22:00:00,9602,,9602,0,,0,,CORRECT_TOTAL_0_9602
2978785,203,2026-05-20 23:00:00,9602,,9602,0,,0,,CORRECT_TOTAL_0_9602
2978786,203,2026-05-21 00:00:00,9602,,9602,0,,0,,CORRECT_TOTAL_0_9602
2978787,203,2026-05-21 01:00:00,9602,,9602,0,,0,,CORRECT_TOTAL_0_9602
2978788,203,2026-05-21 02:00:00,9602,,9602,0,,0,,CORRECT_TOTAL_0_9602
2978789,203,2026-05-21 03:00:00,9602,,9602,0,,0,,CORRECT_TOTAL_0_9602
2978790,203,2026-05-21 04:00:00,9602,,9602,0,,0,,CORRECT_TOTAL_0_9602
2978791,203,2026-05-21 05:00:00,9602,,9602,0,,0,,CORRECT_TOTAL_0_9602
2978792,203,2026-05-21 06:00:00,9602,,9602,0,,0,,CORRECT_TOTAL_0_9602
2978793,203,2026-05-21 07:00:00,9602,,9602,0,,0,,CORRECT_TOTAL_0_9602
2978794,203,2026-05-21 08:00:00,9602,,9602,0,,0,,CORRECT_TOTAL_0_9602
2978795,203,2026-05-21 09:00:00,9602,,9602,0,,0,,CORRECT_TOTAL_0_9602
2978796,203,2026-05-21 10:00:00,9602,,9602,0,,0,,CORRECT_TOTAL_0_9602
2978797,203,2026-05-21 11:00:00,9602,,9602,0,,0,,CORRECT_TOTAL_0_9602
2978798,203,2026-05-21 12:00:00,9602,,9602,0,,0,,CORRECT_TOTAL_0_9602
2978799,203,2026-05-21 13:00:00,9602,,9602,0,,0,,CORRECT_TOTAL_0_9602
2978800,203,2026-05-21 14:00:00,9602,,9602,0,,0,,CORRECT_TOTAL_0_9602
2978801,203,2026-05-21 15:00:00,9602,,9602,0,,0,,CORRECT_TOTAL_0_9602
2978802,203,2026-05-21 16:00:00,9602,,9602,0,,0,,CORRECT_TOTAL_0_9602
2978803,203,2026-05-21 17:00:00,9602,,9602,0,,0,,CORRECT_TOTAL_0_9602
2978804,203,2026-05-21 18:00:00,9602,,9602,0,,0,,CORRECT_TOTAL_0_9602
2978805,203,2026-05-21 19:00:00,9602,,9602,0,,0,,CORRECT_TOTAL_0_9602
2978806,203,2026-05-21 20:00:00,9602,,9602,0,,0,,CORRECT_TOTAL_0_9602
2978807,203,2026-05-21 21:00:00,9602,,9602,0,,0,,CORRECT_TOTAL_0_9602
2978808,203,2026-05-21 22:00:00,9602,,9602,0,,0,,CORRECT_TOTAL_0_9602
2978809,203,2026-05-21 23:00:00,9602,,9602,0,,0,,CORRECT_TOTAL_0_9602
2978810,203,2026-05-22 00:00:00,9602,,9602,0,,0,,CORRECT_TOTAL_0_9602
2978811,203,2026-05-22 01:00:00,9602,,9602,0,,0,,CORRECT_TOTAL_0_9602
2978812,203,2026-05-22 02:00:00,9602,,9602,0,,0,,CORRECT_TOTAL_0_9602
2978813,203,2026-05-22 03:00:00,9602,,9602,0,,0,,CORRECT_TOTAL_0_9602
2978814,203,2026-05-22 04:00:00,9602,,9602,0,,0,,CORRECT_TOTAL_0_9602
2978815,203,2026-05-22 05:00:00,9602,,9602,0,,0,,CORRECT_TOTAL_0_9602
2978816,203,2026-05-22 06:00:00,9602,,9602,0,,0,,CORRECT_TOTAL_0_9602
2978817,203,2026-05-22 07:00:00,9602,,9602,0,,0,,CORRECT_TOTAL_0_9602
2978818,203,2026-05-22 08:00:00,9602,,9602,0,,0,,CORRECT_TOTAL_0_9602
2978819,203,2026-05-22 09:00:00,9602,,9602,0,,0,,CORRECT_TOTAL_0_9602
2978820,203,2026-05-22 10:00:00,9602,,9602,0,,0,,CORRECT_TOTAL_0_9602
2978821,203,2026-05-22 11:00:00,9602,,9602,0,,0,,CORRECT_TOTAL_0_9602
2978904,204,2026-05-20 20:00:00,12975,,12975,0,,0,,CORRECT_TOTAL_0_12975
2978905,204,2026-05-20 21:00:00,12975,,12975,0,,0,,CORRECT_TOTAL_0_12975
2978906,204,2026-05-20 22:00:00,12975,,12975,0,,0,,CORRECT_TOTAL_0_12975
2978907,204,2026-05-20 23:00:00,12975,,12975,0,,0,,CORRECT_TOTAL_0_12975
2978908,204,2026-05-21 00:00:00,12975,,12975,0,,0,,CORRECT_TOTAL_0_12975
2978909,204,2026-05-21 01:00:00,12975,,12975,0,,0,,CORRECT_TOTAL_0_12975
2978910,204,2026-05-21 02:00:00,12975,,12975,0,,0,,CORRECT_TOTAL_0_12975
2978911,204,2026-05-21 03:00:00,12975,,12975,0,,0,,CORRECT_TOTAL_0_12975
2978912,204,2026-05-21 04:00:00,12975,,12975,0,,0,,CORRECT_TOTAL_0_12975
2978913,204,2026-05-21 05:00:00,12975,,12975,0,,0,,CORRECT_TOTAL_0_12975
2978914,204,2026-05-21 06:00:00,12975,,12975,0,,0,,CORRECT_TOTAL_0_12975
2978915,204,2026-05-21 07:00:00,12975,,12975,0,,0,,CORRECT_TOTAL_0_12975
2978916,204,2026-05-21 08:00:00,12975,,12975,0,,0,,CORRECT_TOTAL_0_12975
2978917,204,2026-05-21 09:00:00,12975,,12975,0,,0,,CORRECT_TOTAL_0_12975
2978918,204,2026-05-21 10:00:00,12975,,12975,0,,0,,CORRECT_TOTAL_0_12975
2978919,204,2026-05-21 11:00:00,12975,,12975,0,,0,,CORRECT_TOTAL_0_12975
2978920,204,2026-05-21 12:00:00,12975,,12975,0,,0,,CORRECT_TOTAL_0_12975
2978921,204,2026-05-21 13:00:00,12975,,12975,0,,0,,CORRECT_TOTAL_0_12975
2978922,204,2026-05-21 14:00:00,12975,,12975,0,,0,,CORRECT_TOTAL_0_12975
2978923,204,2026-05-21 15:00:00,12975,,12975,0,,0,,CORRECT_TOTAL_0_12975
2978924,204,2026-05-21 16:00:00,12975,,12975,0,,0,,CORRECT_TOTAL_0_12975
2978925,204,2026-05-21 17:00:00,12975,,12975,0,,0,,CORRECT_TOTAL_0_12975
2978926,204,2026-05-21 18:00:00,12975,,12975,0,,0,,CORRECT_TOTAL_0_12975
2978927,204,2026-05-21 19:00:00,12975,,12975,0,,0,,CORRECT_TOTAL_0_12975
2978928,204,2026-05-21 20:00:00,12975,,12975,0,,0,,CORRECT_TOTAL_0_12975
2978929,204,2026-05-21 21:00:00,12975,,12975,0,,0,,CORRECT_TOTAL_0_12975
2978930,204,2026-05-21 22:00:00,12975,,12975,0,,0,,CORRECT_TOTAL_0_12975
2978931,204,2026-05-21 23:00:00,12975,,12975,0,,0,,CORRECT_TOTAL_0_12975
2978932,204,2026-05-22 00:00:00,12975,,12975,0,,0,,CORRECT_TOTAL_0_12975
2978933,204,2026-05-22 01:00:00,12975,,12975,0,,0,,CORRECT_TOTAL_0_12975
2978934,204,2026-05-22 02:00:00,12975,,12975,0,,0,,CORRECT_TOTAL_0_12975
2978935,204,2026-05-22 03:00:00,12975,,12975,0,,0,,CORRECT_TOTAL_0_12975
2978936,204,2026-05-22 04:00:00,12975,,12975,0,,0,,CORRECT_TOTAL_0_12975
2978937,204,2026-05-22 05:00:00,12975,,12975,0,,0,,CORRECT_TOTAL_0_12975
2978938,204,2026-05-22 06:00:00,12975,,12975,0,,0,,CORRECT_TOTAL_0_12975
2978939,204,2026-05-22 07:00:00,12975,,12975,0,,0,,CORRECT_TOTAL_0_12975
2978940,204,2026-05-22 08:00:00,12975,,12975,0,,0,,CORRECT_TOTAL_0_12975
2978941,204,2026-05-22 09:00:00,12975,,12975,0,,0,,CORRECT_TOTAL_0_12975
2978942,204,2026-05-22 10:00:00,12975,,12975,0,,0,,CORRECT_TOTAL_0_12975
2978943,204,2026-05-22 11:00:00,12975,,12975,0,,0,,CORRECT_TOTAL_0_12975
2978496,209,2026-05-20 20:00:00,44116,,44116,0,,0,,CORRECT_TOTAL_0_44116
2978497,209,2026-05-20 21:00:00,44180,,44180,0,,0,,CORRECT_TOTAL_0_44180
2978498,209,2026-05-20 22:00:00,44253,,44253,0,,0,,CORRECT_TOTAL_0_44253
2978499,209,2026-05-20 23:00:00,44308,,44308,0,,0,,CORRECT_TOTAL_0_44308
2978500,209,2026-05-21 00:00:00,44367,,44367,0,,0,,CORRECT_TOTAL_0_44367
2978501,209,2026-05-21 01:00:00,44426,,44426,0,,0,,CORRECT_TOTAL_0_44426
2978502,209,2026-05-21 02:00:00,44477,,44477,0,,0,,CORRECT_TOTAL_0_44477
2978503,209,2026-05-21 03:00:00,44544,,44544,0,,0,,CORRECT_TOTAL_0_44544
2978504,209,2026-05-21 04:00:00,44595,,44595,0,,0,,CORRECT_TOTAL_0_44595
2978505,209,2026-05-21 05:00:00,44668,,44668,0,,0,,CORRECT_TOTAL_0_44668
2978506,209,2026-05-21 06:00:00,44712,,44712,0,,0,,CORRECT_TOTAL_0_44712
2978507,209,2026-05-21 07:00:00,44784,,44784,0,,0,,CORRECT_TOTAL_0_44784
2978508,209,2026-05-21 08:00:00,44836,,44836,0,,0,,CORRECT_TOTAL_0_44836
2978509,209,2026-05-21 09:00:00,44915,,44915,0,,0,,CORRECT_TOTAL_0_44915
2978510,209,2026-05-21 10:00:00,44985,,44985,0,,0,,CORRECT_TOTAL_0_44985
2978511,209,2026-05-21 11:00:00,45063,,45063,0,,0,,CORRECT_TOTAL_0_45063
2978512,209,2026-05-21 12:00:00,45121,,45121,0,,0,,CORRECT_TOTAL_0_45121
2978513,209,2026-05-21 13:00:00,45199,,45199,0,,0,,CORRECT_TOTAL_0_45199
2978514,209,2026-05-21 14:00:00,45277,,45277,0,,0,,CORRECT_TOTAL_0_45277
2978515,209,2026-05-21 15:00:00,45355,,45355,0,,0,,CORRECT_TOTAL_0_45355
2978516,209,2026-05-21 16:00:00,45434,,45434,0,,0,,CORRECT_TOTAL_0_45434
2978517,209,2026-05-21 17:00:00,45512,,45512,0,,0,,CORRECT_TOTAL_0_45512
2978518,209,2026-05-21 18:00:00,45584,,45584,0,,0,,CORRECT_TOTAL_0_45584
2978519,209,2026-05-21 19:00:00,45662,,45662,0,,0,,CORRECT_TOTAL_0_45662
2978520,209,2026-05-21 20:00:00,45741,,45741,0,,0,,CORRECT_TOTAL_0_45741
2978521,209,2026-05-21 21:00:00,45808,,45808,0,,0,,CORRECT_TOTAL_0_45808
2978522,209,2026-05-21 22:00:00,45875,,45875,0,,0,,CORRECT_TOTAL_0_45875
2978523,209,2026-05-21 23:00:00,45942,,45942,0,,0,,CORRECT_TOTAL_0_45942
2978524,209,2026-05-22 00:00:00,46000,,46000,0,,0,,CORRECT_TOTAL_0_46000
2978525,209,2026-05-22 01:00:00,46060,,46060,0,,0,,CORRECT_TOTAL_0_46060
2978526,209,2026-05-22 02:00:00,46098,,46098,0,,0,,CORRECT_TOTAL_0_46098
2978527,209,2026-05-22 03:00:00,46151,,46151,0,,0,,CORRECT_TOTAL_0_46151
2978528,209,2026-05-22 04:00:00,46184,,46184,0,,0,,CORRECT_TOTAL_0_46184
2978529,209,2026-05-22 05:00:00,46237,,46237,0,,0,,CORRECT_TOTAL_0_46237
2978530,209,2026-05-22 06:00:00,46279,,46279,0,,0,,CORRECT_TOTAL_0_46279
2978531,209,2026-05-22 07:00:00,46321,,46321,0,,0,,CORRECT_TOTAL_0_46321
2978532,209,2026-05-22 08:00:00,46390,,46390,0,,0,,CORRECT_TOTAL_0_46390
2978533,209,2026-05-22 09:00:00,46469,,46469,0,,0,,CORRECT_TOTAL_0_46469
2978534,209,2026-05-22 10:00:00,46549,,46549,0,,0,,CORRECT_TOTAL_0_46549
2978535,209,2026-05-22 11:00:00,46628,,46628,0,,0,,CORRECT_TOTAL_0_46628
2978537,210,2026-05-20 20:00:00,3485368,,3485368,0,,0,,CORRECT_TOTAL_0_3485368
2978538,210,2026-05-20 21:00:00,3485490,,3485490,0,,0,,CORRECT_TOTAL_0_3485490
2978539,210,2026-05-20 22:00:00,3485613,,3485613,0,,0,,CORRECT_TOTAL_0_3485613
2978540,210,2026-05-20 23:00:00,3485735,,3485735,0,,0,,CORRECT_TOTAL_0_3485735
2978541,210,2026-05-21 00:00:00,3485856,,3485856,0,,0,,CORRECT_TOTAL_0_3485856
2978542,210,2026-05-21 01:00:00,3485977,,3485977,0,,0,,CORRECT_TOTAL_0_3485977
2978543,210,2026-05-21 02:00:00,3486094,,3486094,0,,0,,CORRECT_TOTAL_0_3486094
2978544,210,2026-05-21 03:00:00,3486203,,3486203,0,,0,,CORRECT_TOTAL_0_3486203
2978545,210,2026-05-21 04:00:00,3486316,,3486316,0,,0,,CORRECT_TOTAL_0_3486316
2978546,210,2026-05-21 05:00:00,3486423,,3486423,0,,0,,CORRECT_TOTAL_0_3486423
2978547,210,2026-05-21 06:00:00,3486528,,3486528,0,,0,,CORRECT_TOTAL_0_3486528
2978548,210,2026-05-21 07:00:00,3486640,,3486640,0,,0,,CORRECT_TOTAL_0_3486640
2978549,210,2026-05-21 08:00:00,3486746,,3486746,0,,0,,CORRECT_TOTAL_0_3486746
2978550,210,2026-05-21 09:00:00,3486865,,3486865,0,,0,,CORRECT_TOTAL_0_3486865
2978551,210,2026-05-21 10:00:00,3486986,,3486986,0,,0,,CORRECT_TOTAL_0_3486986
2978552,210,2026-05-21 11:00:00,3487108,,3487108,0,,0,,CORRECT_TOTAL_0_3487108
2978553,210,2026-05-21 12:00:00,3487185,,3487185,0,,0,,CORRECT_TOTAL_0_3487185
2978554,210,2026-05-21 13:00:00,3487278,,3487278,0,,0,,CORRECT_TOTAL_0_3487278
2978555,210,2026-05-21 14:00:00,3487382,,3487382,0,,0,,CORRECT_TOTAL_0_3487382
2978556,210,2026-05-21 15:00:00,3487494,,3487494,0,,0,,CORRECT_TOTAL_0_3487494
2978557,210,2026-05-21 16:00:00,3487594,,3487594,0,,0,,CORRECT_TOTAL_0_3487594
2978558,210,2026-05-21 17:00:00,3487693,,3487693,0,,0,,CORRECT_TOTAL_0_3487693
2978559,210,2026-05-21 18:00:00,3487772,,3487772,0,,0,,CORRECT_TOTAL_0_3487772
2978560,210,2026-05-21 19:00:00,3487861,,3487861,0,,0,,CORRECT_TOTAL_0_3487861
2978561,210,2026-05-21 20:00:00,3487951,,3487951,0,,0,,CORRECT_TOTAL_0_3487951
2978562,210,2026-05-21 21:00:00,3488071,,3488071,0,,0,,CORRECT_TOTAL_0_3488071
2978563,210,2026-05-21 22:00:00,3488196,,3488196,0,,0,,CORRECT_TOTAL_0_3488196
2978564,210,2026-05-21 23:00:00,3488321,,3488321,0,,0,,CORRECT_TOTAL_0_3488321
2978565,210,2026-05-22 00:00:00,3488446,,3488446,0,,0,,CORRECT_TOTAL_0_3488446
2978566,210,2026-05-22 01:00:00,3488571,,3488571,0,,0,,CORRECT_TOTAL_0_3488571
2978567,210,2026-05-22 02:00:00,3488691,,3488691,0,,0,,CORRECT_TOTAL_0_3488691
2978568,210,2026-05-22 03:00:00,3488791,,3488791,0,,0,,CORRECT_TOTAL_0_3488791
2978569,210,2026-05-22 04:00:00,3488894,,3488894,0,,0,,CORRECT_TOTAL_0_3488894
2978570,210,2026-05-22 05:00:00,3488996,,3488996,0,,0,,CORRECT_TOTAL_0_3488996
2978571,210,2026-05-22 06:00:00,3489102,,3489102,0,,0,,CORRECT_TOTAL_0_3489102
2978572,210,2026-05-22 07:00:00,3489198,,3489198,0,,0,,CORRECT_TOTAL_0_3489198
2978573,210,2026-05-22 08:00:00,3489303,,3489303,0,,0,,CORRECT_TOTAL_0_3489303
2978574,210,2026-05-22 09:00:00,3489408,,3489408,0,,0,,CORRECT_TOTAL_0_3489408
2978575,210,2026-05-22 10:00:00,3489503,,3489503,0,,0,,CORRECT_TOTAL_0_3489503
2978576,210,2026-05-22 11:00:00,3489590,,3489590,0,,0,,CORRECT_TOTAL_0_3489590
2978578,211,2026-05-20 20:00:00,1935032,,1935032,0,,0,,CORRECT_TOTAL_0_1935032
2978579,211,2026-05-20 21:00:00,1935117,,1935117,0,,0,,CORRECT_TOTAL_0_1935117
2978580,211,2026-05-20 22:00:00,1935204,,1935204,0,,0,,CORRECT_TOTAL_0_1935204
2978581,211,2026-05-20 23:00:00,1935272,,1935272,0,,0,,CORRECT_TOTAL_0_1935272
2978582,211,2026-05-21 00:00:00,1935330,,1935330,0,,0,,CORRECT_TOTAL_0_1935330
2978583,211,2026-05-21 01:00:00,1935386,,1935386,0,,0,,CORRECT_TOTAL_0_1935386
2978584,211,2026-05-21 02:00:00,1935443,,1935443,0,,0,,CORRECT_TOTAL_0_1935443
2978585,211,2026-05-21 03:00:00,1935500,,1935500,0,,0,,CORRECT_TOTAL_0_1935500
2978586,211,2026-05-21 04:00:00,1935558,,1935558,0,,0,,CORRECT_TOTAL_0_1935558
2978587,211,2026-05-21 05:00:00,1935615,,1935615,0,,0,,CORRECT_TOTAL_0_1935615
2978588,211,2026-05-21 06:00:00,1935673,,1935673,0,,0,,CORRECT_TOTAL_0_1935673
2978589,211,2026-05-21 07:00:00,1935746,,1935746,0,,0,,CORRECT_TOTAL_0_1935746
2978590,211,2026-05-21 08:00:00,1935828,,1935828,0,,0,,CORRECT_TOTAL_0_1935828
2978591,211,2026-05-21 09:00:00,1935909,,1935909,0,,0,,CORRECT_TOTAL_0_1935909
2978592,211,2026-05-21 10:00:00,1935987,,1935987,0,,0,,CORRECT_TOTAL_0_1935987
2978593,211,2026-05-21 11:00:00,1936045,,1936045,0,,0,,CORRECT_TOTAL_0_1936045
2978594,211,2026-05-21 12:00:00,1936101,,1936101,0,,0,,CORRECT_TOTAL_0_1936101
2978595,211,2026-05-21 13:00:00,1936158,,1936158,0,,0,,CORRECT_TOTAL_0_1936158
2978596,211,2026-05-21 14:00:00,1936214,,1936214,0,,0,,CORRECT_TOTAL_0_1936214
2978597,211,2026-05-21 15:00:00,1936271,,1936271,0,,0,,CORRECT_TOTAL_0_1936271
2978598,211,2026-05-21 16:00:00,1936329,,1936329,0,,0,,CORRECT_TOTAL_0_1936329
2978599,211,2026-05-21 17:00:00,1936387,,1936387,0,,0,,CORRECT_TOTAL_0_1936387
2978600,211,2026-05-21 18:00:00,1936442,,1936442,0,,0,,CORRECT_TOTAL_0_1936442
2978601,211,2026-05-21 19:00:00,1936498,,1936498,0,,0,,CORRECT_TOTAL_0_1936498
2978602,211,2026-05-21 20:00:00,1936553,,1936553,0,,0,,CORRECT_TOTAL_0_1936553
2978603,211,2026-05-21 21:00:00,1936631,,1936631,0,,0,,CORRECT_TOTAL_0_1936631
2978604,211,2026-05-21 22:00:00,1936710,,1936710,0,,0,,CORRECT_TOTAL_0_1936710
2978605,211,2026-05-21 23:00:00,1936784,,1936784,0,,0,,CORRECT_TOTAL_0_1936784
2978606,211,2026-05-22 00:00:00,1936841,,1936841,0,,0,,CORRECT_TOTAL_0_1936841
2978607,211,2026-05-22 01:00:00,1936897,,1936897,0,,0,,CORRECT_TOTAL_0_1936897
2978608,211,2026-05-22 02:00:00,1936954,,1936954,0,,0,,CORRECT_TOTAL_0_1936954
2978609,211,2026-05-22 03:00:00,1937018,,1937018,0,,0,,CORRECT_TOTAL_0_1937018
2978610,211,2026-05-22 04:00:00,1937089,,1937089,0,,0,,CORRECT_TOTAL_0_1937089
2978611,211,2026-05-22 05:00:00,1937159,,1937159,0,,0,,CORRECT_TOTAL_0_1937159
2978612,211,2026-05-22 06:00:00,1937228,,1937228,0,,0,,CORRECT_TOTAL_0_1937228
2978613,211,2026-05-22 07:00:00,1937281,,1937281,0,,0,,CORRECT_TOTAL_0_1937281
2978614,211,2026-05-22 08:00:00,1937340,,1937340,0,,0,,CORRECT_TOTAL_0_1937340
2978615,211,2026-05-22 09:00:00,1937401,,1937401,0,,0,,CORRECT_TOTAL_0_1937401
2978616,211,2026-05-22 10:00:00,1937460,,1937460,0,,0,,CORRECT_TOTAL_0_1937460
2978617,211,2026-05-22 11:00:00,1937523,,1937523,0,,0,,CORRECT_TOTAL_0_1937523
