id,catchment_point_id,date_time_medition,pulses,old_total,new_total,old_diff,new_diff,old_today_diff,new_today_diff,action
2966470,18,2026-05-20 00:00:00,374030,374030,374030,42,,790,,KEEP_TOTAL
2966709,18,2026-05-20 01:00:00,374071,374071,374071,41,,831,,KEEP_TOTAL
2966948,18,2026-05-20 02:00:00,374112,374112,374112,41,,872,,KEEP_TOTAL
2967187,18,2026-05-20 03:00:00,374186,374186,374186,74,,946,,KEEP_TOTAL
2967426,18,2026-05-20 04:00:00,374228,374228,374228,42,,0,,KEEP_TOTAL
2967665,18,2026-05-20 05:00:00,374268,374268,374268,40,,40,,KEEP_TOTAL
2967904,18,2026-05-20 06:00:00,374309,374309,374309,41,,81,,KEEP_TOTAL
2968142,18,2026-05-20 07:00:00,374350,374350,374350,41,,122,,KEEP_TOTAL
2968355,18,2026-05-20 08:00:00,374390,374390,374390,40,,162,,KEEP_TOTAL
2968621,18,2026-05-20 09:00:00,374432,374432,374432,42,,204,,KEEP_TOTAL
2968860,18,2026-05-20 10:00:00,374473,374473,374473,41,,245,,KEEP_TOTAL
2969099,18,2026-05-20 11:00:00,374514,374514,374514,41,,286,,KEEP_TOTAL
2969338,18,2026-05-20 12:00:00,374555,374555,374555,41,,327,,KEEP_TOTAL
2969577,18,2026-05-20 13:00:00,374586,374586,374586,31,,358,,KEEP_TOTAL
2969816,18,2026-05-20 14:00:00,374627,374627,374627,41,,399,,KEEP_TOTAL
2970018,18,2026-05-20 15:00:00,374667,374667,374667,40,,439,,KEEP_TOTAL
2973977,64,2026-05-20 00:00:00,110256,,11025,0,,0,,CORRECT_TOTAL_0_11025
2966384,64,2026-05-20 00:01:00,110023,11002,22028,0,,190,,CORRECT_TOTAL_11002_22028
2973978,64,2026-05-20 00:05:00,110277,,22053,0,,0,,CORRECT_TOTAL_0_22053
2966476,64,2026-05-20 00:06:00,110023,11002,33055,0,,190,,CORRECT_TOTAL_11002_33055
2973979,64,2026-05-20 00:10:00,110297,,33083,0,,0,,CORRECT_TOTAL_0_33083
2966533,64,2026-05-20 00:11:00,110023,11002,44085,0,,190,,CORRECT_TOTAL_11002_44085
2973980,64,2026-05-20 00:15:00,110318,,44115,0,,0,,CORRECT_TOTAL_0_44115
2966541,64,2026-05-20 00:16:00,110023,11002,55117,0,,190,,CORRECT_TOTAL_11002_55117
2973981,64,2026-05-20 00:20:00,110323,,55147,0,,0,,CORRECT_TOTAL_0_55147
2966551,64,2026-05-20 00:21:00,110023,11002,66149,0,,190,,CORRECT_TOTAL_11002_66149
2973982,64,2026-05-20 00:25:00,110323,,66179,0,,0,,CORRECT_TOTAL_0_66179
2966559,64,2026-05-20 00:26:00,110023,11002,77181,0,,190,,CORRECT_TOTAL_11002_77181
2973983,64,2026-05-20 00:30:00,110323,,77211,0,,0,,CORRECT_TOTAL_0_77211
2966570,64,2026-05-20 00:31:00,110023,11002,88214,0,,190,,CORRECT_TOTAL_11002_88214
2973984,64,2026-05-20 00:35:00,110323,,88244,0,,0,,CORRECT_TOTAL_0_88244
2966577,64,2026-05-20 00:36:00,110023,11002,99246,0,,190,,CORRECT_TOTAL_11002_99246
2973985,64,2026-05-20 00:40:00,110323,,99276,0,,0,,CORRECT_TOTAL_0_99276
2966586,64,2026-05-20 00:41:00,110023,11002,110278,0,,190,,CORRECT_TOTAL_11002_110278
2973986,64,2026-05-20 00:45:00,110323,,110308,0,,0,,CORRECT_TOTAL_0_110308
2966595,64,2026-05-20 00:46:00,110023,11002,121311,0,,190,,CORRECT_TOTAL_11002_121311
2973987,64,2026-05-20 00:50:00,110323,,121341,0,,0,,CORRECT_TOTAL_0_121341
2966605,64,2026-05-20 00:51:00,110023,11002,132343,0,,190,,CORRECT_TOTAL_11002_132343
2973988,64,2026-05-20 00:55:00,110323,,132373,0,,0,,CORRECT_TOTAL_0_132373
2966613,64,2026-05-20 00:56:00,110023,11002,143375,0,,190,,CORRECT_TOTAL_11002_143375
2973989,64,2026-05-20 01:00:00,110323,,143405,0,,0,,CORRECT_TOTAL_0_143405
2966623,64,2026-05-20 01:01:00,110023,11002,154408,0,,190,,CORRECT_TOTAL_11002_154408
2973990,64,2026-05-20 01:05:00,110323,,154438,0,,0,,CORRECT_TOTAL_0_154438
2966715,64,2026-05-20 01:06:00,110023,11002,165440,0,,190,,CORRECT_TOTAL_11002_165440
2973991,64,2026-05-20 01:10:00,110323,,165470,0,,0,,CORRECT_TOTAL_0_165470
2966773,64,2026-05-20 01:11:00,110023,11002,176472,0,,190,,CORRECT_TOTAL_11002_176472
2973992,64,2026-05-20 01:15:00,110323,,176502,0,,0,,CORRECT_TOTAL_0_176502
2966780,64,2026-05-20 01:16:00,110023,11002,187504,0,,190,,CORRECT_TOTAL_11002_187504
2973993,64,2026-05-20 01:20:00,110323,,187534,0,,0,,CORRECT_TOTAL_0_187534
2966791,64,2026-05-20 01:21:00,110023,11002,198537,0,,190,,CORRECT_TOTAL_11002_198537
2973994,64,2026-05-20 01:25:00,110323,,198567,0,,0,,CORRECT_TOTAL_0_198567
2966798,64,2026-05-20 01:26:00,110023,11002,209569,0,,190,,CORRECT_TOTAL_11002_209569
2973995,64,2026-05-20 01:30:00,110323,,209599,0,,0,,CORRECT_TOTAL_0_209599
2966808,64,2026-05-20 01:31:00,110037,11004,220603,2,,192,,CORRECT_TOTAL_11004_220603
2973996,64,2026-05-20 01:35:00,110323,,220631,0,,0,,CORRECT_TOTAL_0_220631
2966816,64,2026-05-20 01:36:00,110057,11006,231637,2,,194,,CORRECT_TOTAL_11006_231637
2973997,64,2026-05-20 01:40:00,110323,,231664,0,,0,,CORRECT_TOTAL_0_231664
2966826,64,2026-05-20 01:41:00,110079,11008,242671,2,,196,,CORRECT_TOTAL_11008_242671
2973998,64,2026-05-20 01:45:00,110323,,242696,0,,0,,CORRECT_TOTAL_0_242696
2966834,64,2026-05-20 01:46:00,110099,11010,253706,2,,198,,CORRECT_TOTAL_11010_253706
2973999,64,2026-05-20 01:50:00,110323,,253728,0,,0,,CORRECT_TOTAL_0_253728
2966845,64,2026-05-20 01:51:00,110120,11012,264740,2,,200,,CORRECT_TOTAL_11012_264740
2974000,64,2026-05-20 01:55:00,110337,,264762,0,,0,,CORRECT_TOTAL_0_264762
2966852,64,2026-05-20 01:56:00,110140,11014,275776,2,,202,,CORRECT_TOTAL_11014_275776
2974001,64,2026-05-20 02:00:00,110358,,275798,0,,0,,CORRECT_TOTAL_0_275798
2966862,64,2026-05-20 02:01:00,110160,11016,286814,2,,204,,CORRECT_TOTAL_11016_286814
2974002,64,2026-05-20 02:05:00,110378,,286835,0,,0,,CORRECT_TOTAL_0_286835
2966954,64,2026-05-20 02:06:00,110174,11017,297853,1,,205,,CORRECT_TOTAL_11017_297853
2974003,64,2026-05-20 02:10:00,110398,,297875,0,,0,,CORRECT_TOTAL_0_297875
2967010,64,2026-05-20 02:11:00,110174,11017,308893,0,,205,,CORRECT_TOTAL_11017_308893
2974004,64,2026-05-20 02:15:00,110418,,308917,0,,0,,CORRECT_TOTAL_0_308917
2967019,64,2026-05-20 02:16:00,110174,11017,319935,0,,205,,CORRECT_TOTAL_11017_319935
2974005,64,2026-05-20 02:20:00,110438,,319961,0,,0,,CORRECT_TOTAL_0_319961
2967029,64,2026-05-20 02:21:00,110174,11017,330978,0,,205,,CORRECT_TOTAL_11017_330978
2974006,64,2026-05-20 02:25:00,110458,,331007,0,,0,,CORRECT_TOTAL_0_331007
2967037,64,2026-05-20 02:26:00,110174,11017,342024,0,,205,,CORRECT_TOTAL_11017_342024
2974007,64,2026-05-20 02:30:00,110479,,342055,0,,0,,CORRECT_TOTAL_0_342055
2967045,64,2026-05-20 02:31:00,110174,11017,353072,0,,205,,CORRECT_TOTAL_11017_353072
2974008,64,2026-05-20 02:35:00,110499,,353105,0,,0,,CORRECT_TOTAL_0_353105
2967055,64,2026-05-20 02:36:00,110174,11017,364122,0,,205,,CORRECT_TOTAL_11017_364122
2974009,64,2026-05-20 02:40:00,110519,,364156,0,,0,,CORRECT_TOTAL_0_364156
2967064,64,2026-05-20 02:41:00,110174,11017,375174,0,,205,,CORRECT_TOTAL_11017_375174
2974010,64,2026-05-20 02:45:00,110537,,375210,0,,0,,CORRECT_TOTAL_0_375210
2967073,64,2026-05-20 02:46:00,110174,11017,386228,0,,205,,CORRECT_TOTAL_11017_386228
2974011,64,2026-05-20 02:50:00,110537,,386264,0,,0,,CORRECT_TOTAL_0_386264
2967083,64,2026-05-20 02:51:00,110174,11017,397281,0,,205,,CORRECT_TOTAL_11017_397281
2974012,64,2026-05-20 02:55:00,110537,,397318,0,,0,,CORRECT_TOTAL_0_397318
2967091,64,2026-05-20 02:56:00,110174,11017,408335,0,,205,,CORRECT_TOTAL_11017_408335
2974013,64,2026-05-20 03:00:00,110537,,408371,0,,0,,CORRECT_TOTAL_0_408371
2967101,64,2026-05-20 03:01:00,110174,11017,419389,0,,205,,CORRECT_TOTAL_11017_419389
2974014,64,2026-05-20 03:05:00,110537,,419425,0,,0,,CORRECT_TOTAL_0_419425
2967193,64,2026-05-20 03:06:00,110174,11017,430442,0,,205,,CORRECT_TOTAL_11017_430442
2974015,64,2026-05-20 03:10:00,110537,,430479,0,,0,,CORRECT_TOTAL_0_430479
2967251,64,2026-05-20 03:11:00,110174,11017,441496,0,,205,,CORRECT_TOTAL_11017_441496
2974016,64,2026-05-20 03:15:00,110537,,441532,0,,0,,CORRECT_TOTAL_0_441532
2967258,64,2026-05-20 03:16:00,110174,11017,452550,0,,205,,CORRECT_TOTAL_11017_452550
2974017,64,2026-05-20 03:20:00,110537,,452586,0,,0,,CORRECT_TOTAL_0_452586
2967268,64,2026-05-20 03:21:00,110174,11017,463603,0,,205,,CORRECT_TOTAL_11017_463603
2974018,64,2026-05-20 03:25:00,110537,,463640,0,,0,,CORRECT_TOTAL_0_463640
2967276,64,2026-05-20 03:26:00,110174,11017,474657,0,,205,,CORRECT_TOTAL_11017_474657
2974019,64,2026-05-20 03:30:00,110537,,474693,0,,0,,CORRECT_TOTAL_0_474693
2967286,64,2026-05-20 03:31:00,110174,11017,485711,0,,205,,CORRECT_TOTAL_11017_485711
2974020,64,2026-05-20 03:35:00,110537,,485747,0,,0,,CORRECT_TOTAL_0_485747
2967294,64,2026-05-20 03:36:00,110174,11017,496765,0,,205,,CORRECT_TOTAL_11017_496765
2974021,64,2026-05-20 03:40:00,110537,,496801,0,,0,,CORRECT_TOTAL_0_496801
2967301,64,2026-05-20 03:41:00,110174,11017,507818,0,,205,,CORRECT_TOTAL_11017_507818
2974022,64,2026-05-20 03:45:00,110537,,507855,0,,0,,CORRECT_TOTAL_0_507855
2967312,64,2026-05-20 03:46:00,110181,11018,518873,1,,206,,CORRECT_TOTAL_11018_518873
2974023,64,2026-05-20 03:50:00,110537,,518908,0,,0,,CORRECT_TOTAL_0_518908
2967323,64,2026-05-20 03:51:00,110200,11020,529928,2,,208,,CORRECT_TOTAL_11020_529928
2974024,64,2026-05-20 03:55:00,110537,,529962,0,,0,,CORRECT_TOTAL_0_529962
2967330,64,2026-05-20 03:56:00,110221,11022,540984,2,,210,,CORRECT_TOTAL_11022_540984
2974025,64,2026-05-20 04:00:00,110537,,541016,0,,0,,CORRECT_TOTAL_0_541016
2967338,64,2026-05-20 04:01:00,110240,11024,552040,2,,0,,CORRECT_TOTAL_11024_552040
2974026,64,2026-05-20 04:05:00,110546,,552070,0,,0,,CORRECT_TOTAL_0_552070
2967432,64,2026-05-20 04:06:00,110260,11026,563096,2,,2,,CORRECT_TOTAL_11026_563096
2974027,64,2026-05-20 04:10:00,110567,,563127,0,,0,,CORRECT_TOTAL_0_563127
2967489,64,2026-05-20 04:11:00,110281,11028,574155,2,,4,,CORRECT_TOTAL_11028_574155
2974028,64,2026-05-20 04:15:00,110587,,574186,0,,0,,CORRECT_TOTAL_0_574186
2967497,64,2026-05-20 04:16:00,110301,11030,585216,2,,6,,CORRECT_TOTAL_11030_585216
2974029,64,2026-05-20 04:20:00,110607,,585246,0,,0,,CORRECT_TOTAL_0_585246
2967507,64,2026-05-20 04:21:00,110321,11032,596278,2,,8,,CORRECT_TOTAL_11032_596278
2974030,64,2026-05-20 04:25:00,110629,,596309,0,,0,,CORRECT_TOTAL_0_596309
2967515,64,2026-05-20 04:26:00,110323,11032,607342,0,,8,,CORRECT_TOTAL_11032_607342
2974031,64,2026-05-20 04:30:00,110650,,607374,0,,0,,CORRECT_TOTAL_0_607374
2967525,64,2026-05-20 04:31:00,110323,11032,618407,0,,8,,CORRECT_TOTAL_11032_618407
2974032,64,2026-05-20 04:35:00,110670,,618441,0,,0,,CORRECT_TOTAL_0_618441
2967533,64,2026-05-20 04:36:00,110323,11032,629474,0,,8,,CORRECT_TOTAL_11032_629474
2974033,64,2026-05-20 04:40:00,110690,,629510,0,,0,,CORRECT_TOTAL_0_629510
2967543,64,2026-05-20 04:41:00,110323,11032,640543,0,,8,,CORRECT_TOTAL_11032_640543
2974034,64,2026-05-20 04:45:00,110708,,640581,0,,0,,CORRECT_TOTAL_0_640581
2967551,64,2026-05-20 04:46:00,110323,11032,651613,0,,8,,CORRECT_TOTAL_11032_651613
2974035,64,2026-05-20 04:50:00,110729,,651654,0,,0,,CORRECT_TOTAL_0_651654
2967559,64,2026-05-20 04:51:00,110323,11032,662686,0,,8,,CORRECT_TOTAL_11032_662686
2974036,64,2026-05-20 04:55:00,110738,,662728,0,,0,,CORRECT_TOTAL_0_662728
2967569,64,2026-05-20 04:56:00,110323,11032,673760,0,,8,,CORRECT_TOTAL_11032_673760
2974037,64,2026-05-20 05:00:00,110738,,673802,0,,0,,CORRECT_TOTAL_0_673802
2967579,64,2026-05-20 05:01:00,110323,11032,684834,0,,8,,CORRECT_TOTAL_11032_684834
2974038,64,2026-05-20 05:05:00,110738,,684875,0,,0,,CORRECT_TOTAL_0_684875
2967671,64,2026-05-20 05:06:00,110323,11032,695908,0,,8,,CORRECT_TOTAL_11032_695908
2974039,64,2026-05-20 05:10:00,110738,,695949,0,,0,,CORRECT_TOTAL_0_695949
2967729,64,2026-05-20 05:11:00,110323,11032,706981,0,,8,,CORRECT_TOTAL_11032_706981
2974040,64,2026-05-20 05:15:00,110738,,707023,0,,0,,CORRECT_TOTAL_0_707023
2967736,64,2026-05-20 05:16:00,110323,11032,718055,0,,8,,CORRECT_TOTAL_11032_718055
2974041,64,2026-05-20 05:20:00,110738,,718097,0,,0,,CORRECT_TOTAL_0_718097
2967747,64,2026-05-20 05:21:00,110323,11032,729129,0,,8,,CORRECT_TOTAL_11032_729129
2974042,64,2026-05-20 05:25:00,110738,,729171,0,,0,,CORRECT_TOTAL_0_729171
2967754,64,2026-05-20 05:26:00,110323,11032,740203,0,,8,,CORRECT_TOTAL_11032_740203
2974043,64,2026-05-20 05:30:00,110738,,740244,0,,0,,CORRECT_TOTAL_0_740244
2967764,64,2026-05-20 05:31:00,110323,11032,751277,0,,8,,CORRECT_TOTAL_11032_751277
2974044,64,2026-05-20 05:35:00,110738,,751318,0,,0,,CORRECT_TOTAL_0_751318
2967772,64,2026-05-20 05:36:00,110323,11032,762350,0,,8,,CORRECT_TOTAL_11032_762350
2974045,64,2026-05-20 05:40:00,110738,,762392,0,,0,,CORRECT_TOTAL_0_762392
2967782,64,2026-05-20 05:41:00,110323,11032,773424,0,,8,,CORRECT_TOTAL_11032_773424
2974046,64,2026-05-20 05:45:00,110738,,773466,0,,0,,CORRECT_TOTAL_0_773466
2967790,64,2026-05-20 05:46:00,110323,11032,784498,0,,8,,CORRECT_TOTAL_11032_784498
2974047,64,2026-05-20 05:50:00,110738,,784540,0,,0,,CORRECT_TOTAL_0_784540
2967800,64,2026-05-20 05:51:00,110323,11032,795572,0,,8,,CORRECT_TOTAL_11032_795572
2974048,64,2026-05-20 05:55:00,110738,,795613,0,,0,,CORRECT_TOTAL_0_795613
2967808,64,2026-05-20 05:56:00,110323,11032,806646,0,,8,,CORRECT_TOTAL_11032_806646
2974049,64,2026-05-20 06:00:00,110738,,806687,0,,0,,CORRECT_TOTAL_0_806687
2967818,64,2026-05-20 06:01:00,110341,11034,817721,2,,10,,CORRECT_TOTAL_11034_817721
2974050,64,2026-05-20 06:05:00,110738,,817761,0,,0,,CORRECT_TOTAL_0_817761
2967910,64,2026-05-20 06:06:00,110361,11036,828797,2,,12,,CORRECT_TOTAL_11036_828797
2974051,64,2026-05-20 06:10:00,110738,,828835,0,,0,,CORRECT_TOTAL_0_828835
2967967,64,2026-05-20 06:11:00,110381,11038,839873,2,,14,,CORRECT_TOTAL_11038_839873
2974052,64,2026-05-20 06:15:00,110738,,839909,0,,0,,CORRECT_TOTAL_0_839909
2967975,64,2026-05-20 06:16:00,110402,11040,850949,2,,16,,CORRECT_TOTAL_11040_850949
2974053,64,2026-05-20 06:20:00,110738,,850982,0,,0,,CORRECT_TOTAL_0_850982
2967985,64,2026-05-20 06:21:00,110423,11042,862025,2,,18,,CORRECT_TOTAL_11042_862025
2974054,64,2026-05-20 06:25:00,110738,,862056,0,,0,,CORRECT_TOTAL_0_862056
2967993,64,2026-05-20 06:26:00,110443,11044,873100,2,,20,,CORRECT_TOTAL_11044_873100
2974055,64,2026-05-20 06:30:00,110738,,873130,0,,0,,CORRECT_TOTAL_0_873130
2968003,64,2026-05-20 06:31:00,110463,11046,884176,2,,22,,CORRECT_TOTAL_11046_884176
2974056,64,2026-05-20 06:35:00,110738,,884204,0,,0,,CORRECT_TOTAL_0_884204
2968011,64,2026-05-20 06:36:00,110483,11048,895252,2,,24,,CORRECT_TOTAL_11048_895252
2974057,64,2026-05-20 06:40:00,110738,,895278,0,,0,,CORRECT_TOTAL_0_895278
2968021,64,2026-05-20 06:41:00,110503,11050,906328,2,,26,,CORRECT_TOTAL_11050_906328
2974058,64,2026-05-20 06:45:00,110738,,906351,0,,0,,CORRECT_TOTAL_0_906351
2968029,64,2026-05-20 06:46:00,110523,11052,917404,2,,28,,CORRECT_TOTAL_11052_917404
2974059,64,2026-05-20 06:50:00,110738,,917425,0,,0,,CORRECT_TOTAL_0_917425
2968039,64,2026-05-20 06:51:00,110537,11054,928479,2,,30,,CORRECT_TOTAL_11054_928479
2974060,64,2026-05-20 06:55:00,110738,,928499,0,,0,,CORRECT_TOTAL_0_928499
2968047,64,2026-05-20 06:56:00,110537,11054,939553,0,,30,,CORRECT_TOTAL_11054_939553
2974061,64,2026-05-20 07:00:00,110738,,939573,0,,0,,CORRECT_TOTAL_0_939573
2968057,64,2026-05-20 07:01:00,110537,11054,950626,0,,30,,CORRECT_TOTAL_11054_950626
2974062,64,2026-05-20 07:05:00,110752,,950648,0,,0,,CORRECT_TOTAL_0_950648
2968149,64,2026-05-20 07:06:00,110537,11054,961702,0,,30,,CORRECT_TOTAL_11054_961702
2974063,64,2026-05-20 07:10:00,110773,,961725,0,,0,,CORRECT_TOTAL_0_961725
2968206,64,2026-05-20 07:11:00,110537,11054,972779,0,,30,,CORRECT_TOTAL_11054_972779
2974064,64,2026-05-20 07:15:00,110795,,972805,0,,0,,CORRECT_TOTAL_0_972805
2968214,64,2026-05-20 07:16:00,110537,11054,983858,0,,30,,CORRECT_TOTAL_11054_983858
2974065,64,2026-05-20 07:20:00,110814,,983886,0,,0,,CORRECT_TOTAL_0_983886
2968224,64,2026-05-20 07:21:00,110537,11054,994940,0,,30,,CORRECT_TOTAL_11054_994940
2974066,64,2026-05-20 07:25:00,110834,,994970,0,,0,,CORRECT_TOTAL_0_994970
2968232,64,2026-05-20 07:26:00,110537,11054,1006023,0,,30,,CORRECT_TOTAL_11054_1006023
2974067,64,2026-05-20 07:30:00,110855,,1006055,0,,0,,CORRECT_TOTAL_0_1006055
2968243,64,2026-05-20 07:31:00,110537,11054,1017109,0,,30,,CORRECT_TOTAL_11054_1017109
2974068,64,2026-05-20 07:35:00,110874,,1017142,0,,0,,CORRECT_TOTAL_0_1017142
2968250,64,2026-05-20 07:36:00,110537,11054,1028196,0,,30,,CORRECT_TOTAL_11054_1028196
2974069,64,2026-05-20 07:40:00,110886,,1028231,0,,0,,CORRECT_TOTAL_0_1028231
2968260,64,2026-05-20 07:41:00,110537,11054,1039285,0,,30,,CORRECT_TOTAL_11054_1039285
2974070,64,2026-05-20 07:45:00,110886,,1039320,0,,0,,CORRECT_TOTAL_0_1039320
2968268,64,2026-05-20 07:46:00,110537,11054,1050373,0,,30,,CORRECT_TOTAL_11054_1050373
2974071,64,2026-05-20 07:50:00,110886,,1050408,0,,0,,CORRECT_TOTAL_0_1050408
2968278,64,2026-05-20 07:51:00,110537,11054,1061462,0,,30,,CORRECT_TOTAL_11054_1061462
2974072,64,2026-05-20 07:55:00,110886,,1061497,0,,0,,CORRECT_TOTAL_0_1061497
2968286,64,2026-05-20 07:56:00,110537,11054,1072551,0,,30,,CORRECT_TOTAL_11054_1072551
2974073,64,2026-05-20 08:00:00,110886,,1072585,0,,0,,CORRECT_TOTAL_0_1072585
2968296,64,2026-05-20 08:01:00,110537,11054,1083639,0,,30,,CORRECT_TOTAL_11054_1083639
2974074,64,2026-05-20 08:05:00,110886,,1083674,0,,0,,CORRECT_TOTAL_0_1083674
2968361,64,2026-05-20 08:06:00,110537,11054,1094728,0,,30,,CORRECT_TOTAL_11054_1094728
2974075,64,2026-05-20 08:10:00,110886,,1094763,0,,0,,CORRECT_TOTAL_0_1094763
2968426,64,2026-05-20 08:11:00,110552,11055,1105818,1,,31,,CORRECT_TOTAL_11055_1105818
2974076,64,2026-05-20 08:15:00,110886,,1105851,0,,0,,CORRECT_TOTAL_0_1105851
2968453,64,2026-05-20 08:16:00,110574,11057,1116909,2,,33,,CORRECT_TOTAL_11057_1116909
2974077,64,2026-05-20 08:20:00,110886,,1116940,0,,0,,CORRECT_TOTAL_0_1116940
2968463,64,2026-05-20 08:21:00,110591,11059,1127999,2,,35,,CORRECT_TOTAL_11059_1127999
2974078,64,2026-05-20 08:25:00,110886,,1128028,0,,0,,CORRECT_TOTAL_0_1128028
2968471,64,2026-05-20 08:26:00,110612,11061,1139090,2,,37,,CORRECT_TOTAL_11061_1139090
2974079,64,2026-05-20 08:30:00,110886,,1139117,0,,0,,CORRECT_TOTAL_0_1139117
2968481,64,2026-05-20 08:31:00,110632,11063,1150180,2,,39,,CORRECT_TOTAL_11063_1150180
2974080,64,2026-05-20 08:35:00,110886,,1150206,0,,0,,CORRECT_TOTAL_0_1150206
2968489,64,2026-05-20 08:36:00,110652,11065,1161271,2,,41,,CORRECT_TOTAL_11065_1161271
2974081,64,2026-05-20 08:40:00,110886,,1161294,0,,0,,CORRECT_TOTAL_0_1161294
2968499,64,2026-05-20 08:41:00,110672,11067,1172361,2,,43,,CORRECT_TOTAL_11067_1172361
2974082,64,2026-05-20 08:45:00,110886,,1172383,0,,0,,CORRECT_TOTAL_0_1172383
2968507,64,2026-05-20 08:46:00,110692,11069,1183452,2,,45,,CORRECT_TOTAL_11069_1183452
2974083,64,2026-05-20 08:50:00,110886,,1183471,0,,0,,CORRECT_TOTAL_0_1183471
2968517,64,2026-05-20 08:51:00,110714,11071,1194543,2,,47,,CORRECT_TOTAL_11071_1194543
2974084,64,2026-05-20 08:55:00,110886,,1194560,0,,0,,CORRECT_TOTAL_0_1194560
2968525,64,2026-05-20 08:56:00,110735,11074,1205633,3,,50,,CORRECT_TOTAL_11074_1205633
2974085,64,2026-05-20 09:00:00,110886,,1205649,0,,0,,CORRECT_TOTAL_0_1205649
2968535,64,2026-05-20 09:01:00,110738,11074,1216722,0,,50,,CORRECT_TOTAL_11074_1216722
2974086,64,2026-05-20 09:05:00,110886,,1216737,0,,0,,CORRECT_TOTAL_0_1216737
2968627,64,2026-05-20 09:06:00,110738,11074,1227811,0,,50,,CORRECT_TOTAL_11074_1227811
2974087,64,2026-05-20 09:10:00,110886,,1227826,0,,0,,CORRECT_TOTAL_0_1227826
2968684,64,2026-05-20 09:11:00,110738,11074,1238900,0,,50,,CORRECT_TOTAL_11074_1238900
2974088,64,2026-05-20 09:15:00,110886,,1238914,0,,0,,CORRECT_TOTAL_0_1238914
2968692,64,2026-05-20 09:16:00,110738,11074,1249988,0,,50,,CORRECT_TOTAL_11074_1249988
2974089,64,2026-05-20 09:20:00,110886,,1250003,0,,0,,CORRECT_TOTAL_0_1250003
2968703,64,2026-05-20 09:21:00,110738,11074,1261077,0,,50,,CORRECT_TOTAL_11074_1261077
2974090,64,2026-05-20 09:25:00,110886,,1261092,0,,0,,CORRECT_TOTAL_0_1261092
2968710,64,2026-05-20 09:26:00,110738,11074,1272165,0,,50,,CORRECT_TOTAL_11074_1272165
2974091,64,2026-05-20 09:30:00,110886,,1272180,0,,0,,CORRECT_TOTAL_0_1272180
2968720,64,2026-05-20 09:31:00,110738,11074,1283254,0,,50,,CORRECT_TOTAL_11074_1283254
2974092,64,2026-05-20 09:35:00,110887,,1283269,0,,0,,CORRECT_TOTAL_0_1283269
2968728,64,2026-05-20 09:36:00,110738,11074,1294343,0,,50,,CORRECT_TOTAL_11074_1294343
2974093,64,2026-05-20 09:40:00,110907,,1294360,0,,0,,CORRECT_TOTAL_0_1294360
2968738,64,2026-05-20 09:41:00,110738,11074,1305433,0,,50,,CORRECT_TOTAL_11074_1305433
2974094,64,2026-05-20 09:45:00,110928,,1305452,0,,0,,CORRECT_TOTAL_0_1305452
2968746,64,2026-05-20 09:46:00,110738,11074,1316526,0,,50,,CORRECT_TOTAL_11074_1316526
2974095,64,2026-05-20 09:50:00,110948,,1316547,0,,0,,CORRECT_TOTAL_0_1316547
2968756,64,2026-05-20 09:51:00,110738,11074,1327621,0,,50,,CORRECT_TOTAL_11074_1327621
2974096,64,2026-05-20 09:55:00,110968,,1327644,0,,0,,CORRECT_TOTAL_0_1327644
2968764,64,2026-05-20 09:56:00,110738,11074,1338718,0,,50,,CORRECT_TOTAL_11074_1338718
2974097,64,2026-05-20 10:00:00,110989,,1338743,0,,0,,CORRECT_TOTAL_0_1338743
2968774,64,2026-05-20 10:01:00,110738,11074,1349817,0,,50,,CORRECT_TOTAL_11074_1349817
2974098,64,2026-05-20 10:05:00,111005,,1349843,0,,0,,CORRECT_TOTAL_0_1349843
2968866,64,2026-05-20 10:06:00,110738,11074,1360917,0,,50,,CORRECT_TOTAL_11074_1360917
2974099,64,2026-05-20 10:10:00,111025,,1360946,0,,0,,CORRECT_TOTAL_0_1360946
2968923,64,2026-05-20 10:11:00,110738,11074,1372020,0,,50,,CORRECT_TOTAL_11074_1372020
2974100,64,2026-05-20 10:15:00,111042,,1372050,0,,0,,CORRECT_TOTAL_0_1372050
2968931,64,2026-05-20 10:16:00,110738,11074,1383124,0,,50,,CORRECT_TOTAL_11074_1383124
2974101,64,2026-05-20 10:20:00,111042,,1383154,0,,0,,CORRECT_TOTAL_0_1383154
2968941,64,2026-05-20 10:21:00,110738,11074,1394228,0,,50,,CORRECT_TOTAL_11074_1394228
2974102,64,2026-05-20 10:25:00,111042,,1394258,0,,0,,CORRECT_TOTAL_0_1394258
2968949,64,2026-05-20 10:26:00,110738,11074,1405332,0,,50,,CORRECT_TOTAL_11074_1405332
2974103,64,2026-05-20 10:30:00,111042,,1405363,0,,0,,CORRECT_TOTAL_0_1405363
2968958,64,2026-05-20 10:31:00,110738,11074,1416436,0,,50,,CORRECT_TOTAL_11074_1416436
2974104,64,2026-05-20 10:35:00,111042,,1416467,0,,0,,CORRECT_TOTAL_0_1416467
2968967,64,2026-05-20 10:36:00,110738,11074,1427541,0,,50,,CORRECT_TOTAL_11074_1427541
2974105,64,2026-05-20 10:40:00,111042,,1427571,0,,0,,CORRECT_TOTAL_0_1427571
2968977,64,2026-05-20 10:41:00,110738,11074,1438645,0,,50,,CORRECT_TOTAL_11074_1438645
2974106,64,2026-05-20 10:45:00,111042,,1438675,0,,0,,CORRECT_TOTAL_0_1438675
2968985,64,2026-05-20 10:46:00,110738,11074,1449749,0,,50,,CORRECT_TOTAL_11074_1449749
2974107,64,2026-05-20 10:50:00,111042,,1449779,0,,0,,CORRECT_TOTAL_0_1449779
2968995,64,2026-05-20 10:51:00,110738,11074,1460853,0,,50,,CORRECT_TOTAL_11074_1460853
2974108,64,2026-05-20 10:55:00,111042,,1460884,0,,0,,CORRECT_TOTAL_0_1460884
2969003,64,2026-05-20 10:56:00,110738,11074,1471957,0,,50,,CORRECT_TOTAL_11074_1471957
2974109,64,2026-05-20 11:00:00,111042,,1471988,0,,0,,CORRECT_TOTAL_0_1471988
2969013,64,2026-05-20 11:01:00,110738,11074,1483062,0,,50,,CORRECT_TOTAL_11074_1483062
2974110,64,2026-05-20 11:05:00,111042,,1483092,0,,0,,CORRECT_TOTAL_0_1483092
2969105,64,2026-05-20 11:06:00,110738,11074,1494166,0,,50,,CORRECT_TOTAL_11074_1494166
2974111,64,2026-05-20 11:10:00,111042,,1494196,0,,0,,CORRECT_TOTAL_0_1494196
2969162,64,2026-05-20 11:11:00,110757,11076,1505272,2,,52,,CORRECT_TOTAL_11076_1505272
2974112,64,2026-05-20 11:15:00,111042,,1505300,0,,0,,CORRECT_TOTAL_0_1505300
2969170,64,2026-05-20 11:16:00,110777,11078,1516378,2,,54,,CORRECT_TOTAL_11078_1516378
2974113,64,2026-05-20 11:20:00,111042,,1516405,0,,0,,CORRECT_TOTAL_0_1516405
2969180,64,2026-05-20 11:21:00,110797,11080,1527484,2,,56,,CORRECT_TOTAL_11080_1527484
2974114,64,2026-05-20 11:25:00,111042,,1527509,0,,0,,CORRECT_TOTAL_0_1527509
2969188,64,2026-05-20 11:26:00,110817,11082,1538591,2,,58,,CORRECT_TOTAL_11082_1538591
2974115,64,2026-05-20 11:30:00,111042,,1538613,0,,0,,CORRECT_TOTAL_0_1538613
2969199,64,2026-05-20 11:31:00,110838,11084,1549697,2,,60,,CORRECT_TOTAL_11084_1549697
2974116,64,2026-05-20 11:35:00,111042,,1549717,0,,0,,CORRECT_TOTAL_0_1549717
2969206,64,2026-05-20 11:36:00,110858,11086,1560803,2,,62,,CORRECT_TOTAL_11086_1560803
2974117,64,2026-05-20 11:40:00,111042,,1560821,0,,0,,CORRECT_TOTAL_0_1560821
2969216,64,2026-05-20 11:41:00,110880,11088,1571909,2,,64,,CORRECT_TOTAL_11088_1571909
2974118,64,2026-05-20 11:45:00,111042,,1571926,0,,0,,CORRECT_TOTAL_0_1571926
2969224,64,2026-05-20 11:46:00,110886,11089,1583014,1,,65,,CORRECT_TOTAL_11089_1583014
2974119,64,2026-05-20 11:50:00,111042,,1583030,0,,0,,CORRECT_TOTAL_0_1583030
2969234,64,2026-05-20 11:51:00,110886,11089,1594118,0,,65,,CORRECT_TOTAL_11089_1594118
2974120,64,2026-05-20 11:55:00,111042,,1594134,0,,0,,CORRECT_TOTAL_0_1594134
2969242,64,2026-05-20 11:56:00,110886,11089,1605223,0,,65,,CORRECT_TOTAL_11089_1605223
2974121,64,2026-05-20 12:00:00,111051,,1605239,0,,0,,CORRECT_TOTAL_0_1605239
2969252,64,2026-05-20 12:01:00,110886,11089,1616328,0,,65,,CORRECT_TOTAL_11089_1616328
2974122,64,2026-05-20 12:05:00,111072,,1616346,0,,0,,CORRECT_TOTAL_0_1616346
2969344,64,2026-05-20 12:06:00,110886,11089,1627435,0,,65,,CORRECT_TOTAL_11089_1627435
2974123,64,2026-05-20 12:10:00,111092,,1627456,0,,0,,CORRECT_TOTAL_0_1627456
2969401,64,2026-05-20 12:11:00,110886,11089,1638544,0,,65,,CORRECT_TOTAL_11089_1638544
2974124,64,2026-05-20 12:15:00,111112,,1638567,0,,0,,CORRECT_TOTAL_0_1638567
2969409,64,2026-05-20 12:16:00,110886,11089,1649655,0,,65,,CORRECT_TOTAL_11089_1649655
2974125,64,2026-05-20 12:20:00,111133,,1649680,0,,0,,CORRECT_TOTAL_0_1649680
2969419,64,2026-05-20 12:21:00,110886,11089,1660769,0,,65,,CORRECT_TOTAL_11089_1660769
2974126,64,2026-05-20 12:25:00,111153,,1660795,0,,0,,CORRECT_TOTAL_0_1660795
2969427,64,2026-05-20 12:26:00,110886,11089,1671884,0,,65,,CORRECT_TOTAL_11089_1671884
2974127,64,2026-05-20 12:30:00,111173,,1671913,0,,0,,CORRECT_TOTAL_0_1671913
2969438,64,2026-05-20 12:31:00,110886,11089,1683001,0,,65,,CORRECT_TOTAL_11089_1683001
2974128,64,2026-05-20 12:35:00,111189,,1683032,0,,0,,CORRECT_TOTAL_0_1683032
2969445,64,2026-05-20 12:36:00,110886,11089,1694120,0,,65,,CORRECT_TOTAL_11089_1694120
2974129,64,2026-05-20 12:40:00,111189,,1694151,0,,0,,CORRECT_TOTAL_0_1694151
2969456,64,2026-05-20 12:41:00,110886,11089,1705239,0,,65,,CORRECT_TOTAL_11089_1705239
2974130,64,2026-05-20 12:45:00,111189,,1705269,0,,0,,CORRECT_TOTAL_0_1705269
2969463,64,2026-05-20 12:46:00,110886,11089,1716358,0,,65,,CORRECT_TOTAL_11089_1716358
2974131,64,2026-05-20 12:50:00,111189,,1716388,0,,0,,CORRECT_TOTAL_0_1716388
2969473,64,2026-05-20 12:51:00,110886,11089,1727477,0,,65,,CORRECT_TOTAL_11089_1727477
2974132,64,2026-05-20 12:55:00,111189,,1727507,0,,0,,CORRECT_TOTAL_0_1727507
2969481,64,2026-05-20 12:56:00,110886,11089,1738596,0,,65,,CORRECT_TOTAL_11089_1738596
2974133,64,2026-05-20 13:00:00,111189,,1738626,0,,0,,CORRECT_TOTAL_0_1738626
2969491,64,2026-05-20 13:01:00,110886,11089,1749715,0,,65,,CORRECT_TOTAL_11089_1749715
2974134,64,2026-05-20 13:05:00,111189,,1749745,0,,0,,CORRECT_TOTAL_0_1749745
2969583,64,2026-05-20 13:06:00,110886,11089,1760834,0,,65,,CORRECT_TOTAL_11089_1760834
2974135,64,2026-05-20 13:10:00,111189,,1760864,0,,0,,CORRECT_TOTAL_0_1760864
2969640,64,2026-05-20 13:11:00,110886,11089,1771953,0,,65,,CORRECT_TOTAL_11089_1771953
2974136,64,2026-05-20 13:15:00,111189,,1771983,0,,0,,CORRECT_TOTAL_0_1771983
2969648,64,2026-05-20 13:16:00,110886,11089,1783071,0,,65,,CORRECT_TOTAL_11089_1783071
2974137,64,2026-05-20 13:20:00,111189,,1783102,0,,0,,CORRECT_TOTAL_0_1783102
2969658,64,2026-05-20 13:21:00,110886,11089,1794190,0,,65,,CORRECT_TOTAL_11089_1794190
2974138,64,2026-05-20 13:25:00,111189,,1794221,0,,0,,CORRECT_TOTAL_0_1794221
2969666,64,2026-05-20 13:26:00,110886,11089,1805309,0,,65,,CORRECT_TOTAL_11089_1805309
2974139,64,2026-05-20 13:30:00,111189,,1805340,0,,0,,CORRECT_TOTAL_0_1805340
2969676,64,2026-05-20 13:31:00,110886,11089,1816428,0,,65,,CORRECT_TOTAL_11089_1816428
2974140,64,2026-05-20 13:35:00,111189,,1816458,0,,0,,CORRECT_TOTAL_0_1816458
2969684,64,2026-05-20 13:36:00,110886,11089,1827547,0,,65,,CORRECT_TOTAL_11089_1827547
2974141,64,2026-05-20 13:40:00,111189,,1827577,0,,0,,CORRECT_TOTAL_0_1827577
2969693,64,2026-05-20 13:41:00,110892,11089,1838667,0,,65,,CORRECT_TOTAL_11089_1838667
2974142,64,2026-05-20 13:45:00,111189,,1838696,0,,0,,CORRECT_TOTAL_0_1838696
2969702,64,2026-05-20 13:46:00,110912,11091,1849787,2,,67,,CORRECT_TOTAL_11091_1849787
2974143,64,2026-05-20 13:50:00,111189,,1849815,0,,0,,CORRECT_TOTAL_0_1849815
2969712,64,2026-05-20 13:51:00,110932,11093,1860908,2,,69,,CORRECT_TOTAL_11093_1860908
2974144,64,2026-05-20 13:55:00,111189,,1860934,0,,0,,CORRECT_TOTAL_0_1860934
2969720,64,2026-05-20 13:56:00,110952,11095,1872029,2,,71,,CORRECT_TOTAL_11095_1872029
2974145,64,2026-05-20 14:00:00,111189,,1872053,0,,0,,CORRECT_TOTAL_0_1872053
2969730,64,2026-05-20 14:01:00,110972,11097,1883150,2,,73,,CORRECT_TOTAL_11097_1883150
2974146,64,2026-05-20 14:05:00,111189,,1883172,0,,0,,CORRECT_TOTAL_0_1883172
2969822,64,2026-05-20 14:06:00,110993,11099,1894271,2,,75,,CORRECT_TOTAL_11099_1894271
2974147,64,2026-05-20 14:10:00,111189,,1894291,0,,0,,CORRECT_TOTAL_0_1894291
2969879,64,2026-05-20 14:11:00,111013,11101,1905392,2,,77,,CORRECT_TOTAL_11101_1905392
2974148,64,2026-05-20 14:15:00,111189,,1905410,0,,0,,CORRECT_TOTAL_0_1905410
2969887,64,2026-05-20 14:16:00,111033,11103,1916513,2,,79,,CORRECT_TOTAL_11103_1916513
2974149,64,2026-05-20 14:20:00,111205,,1916530,0,,0,,CORRECT_TOTAL_0_1916530
2969898,64,2026-05-20 14:21:00,111042,11104,1927634,1,,80,,CORRECT_TOTAL_11104_1927634
2974150,64,2026-05-20 14:25:00,111225,,1927653,0,,0,,CORRECT_TOTAL_0_1927653
2969905,64,2026-05-20 14:26:00,111042,11104,1938757,0,,80,,CORRECT_TOTAL_11104_1938757
2974151,64,2026-05-20 14:30:00,111245,,1938777,0,,0,,CORRECT_TOTAL_0_1938777
2969916,64,2026-05-20 14:31:00,111042,11104,1949881,0,,80,,CORRECT_TOTAL_11104_1949881
2974152,64,2026-05-20 14:35:00,111264,,1949904,0,,0,,CORRECT_TOTAL_0_1949904
2969923,64,2026-05-20 14:36:00,111042,11104,1961008,0,,80,,CORRECT_TOTAL_11104_1961008
2974153,64,2026-05-20 14:40:00,111284,,1961032,0,,0,,CORRECT_TOTAL_0_1961032
2969934,64,2026-05-20 14:41:00,111042,11104,1972136,0,,80,,CORRECT_TOTAL_11104_1972136
2974154,64,2026-05-20 14:45:00,111304,,1972162,0,,0,,CORRECT_TOTAL_0_1972162
2969941,64,2026-05-20 14:46:00,111042,11104,1983267,0,,80,,CORRECT_TOTAL_11104_1983267
2974155,64,2026-05-20 14:50:00,111324,,1983295,0,,0,,CORRECT_TOTAL_0_1983295
2969952,64,2026-05-20 14:51:00,111042,11104,1994399,0,,80,,CORRECT_TOTAL_11104_1994399
2974156,64,2026-05-20 14:55:00,111343,,1994429,0,,0,,CORRECT_TOTAL_0_1994429
2969959,64,2026-05-20 14:56:00,111042,11104,2005533,0,,80,,CORRECT_TOTAL_11104_2005533
2974157,64,2026-05-20 15:00:00,111343,,2005563,0,,0,,CORRECT_TOTAL_0_2005563
2969969,64,2026-05-20 15:01:00,111042,11104,2016668,0,,80,,CORRECT_TOTAL_11104_2016668
2974158,64,2026-05-20 15:05:00,111343,,2016698,0,,0,,CORRECT_TOTAL_0_2016698
2970032,64,2026-05-20 15:06:00,111042,11104,2027802,0,,80,,CORRECT_TOTAL_11104_2027802
2974159,64,2026-05-20 15:10:00,111343,,2027832,0,,0,,CORRECT_TOTAL_0_2027832
2970119,64,2026-05-20 15:11:00,111042,11104,2038936,0,,80,,CORRECT_TOTAL_11104_2038936
2974160,64,2026-05-20 15:15:00,111343,,2038966,0,,0,,CORRECT_TOTAL_0_2038966
2974161,64,2026-05-20 15:20:00,111343,,2038966,0,,0,,CORRECT_TOTAL_0_2038966
2974162,64,2026-05-20 15:25:00,111343,,2038966,0,,0,,CORRECT_TOTAL_0_2038966
2974163,64,2026-05-20 15:30:00,111343,,2038966,0,,0,,CORRECT_TOTAL_0_2038966
2974164,64,2026-05-20 15:35:00,111343,,2038966,0,,0,,CORRECT_TOTAL_0_2038966
2974165,64,2026-05-20 15:40:00,111343,,2038966,0,,0,,CORRECT_TOTAL_0_2038966
2974166,64,2026-05-20 15:45:00,111343,,2038966,0,,0,,CORRECT_TOTAL_0_2038966
2974167,64,2026-05-20 15:50:00,111343,,2038966,0,,0,,CORRECT_TOTAL_0_2038966
2974168,64,2026-05-20 15:55:00,111343,,2038966,0,,0,,CORRECT_TOTAL_0_2038966
2974169,64,2026-05-20 16:00:00,111343,,2038966,0,,0,,CORRECT_TOTAL_0_2038966
2974170,64,2026-05-20 16:05:00,111343,,2038966,0,,0,,CORRECT_TOTAL_0_2038966
2974171,64,2026-05-20 16:10:00,111343,,2038966,0,,0,,CORRECT_TOTAL_0_2038966
2974172,64,2026-05-20 16:15:00,111343,,2038966,0,,0,,CORRECT_TOTAL_0_2038966
2974173,64,2026-05-20 16:20:00,111359,,2038968,0,,0,,CORRECT_TOTAL_0_2038968
2974174,64,2026-05-20 16:25:00,111379,,2038970,0,,0,,CORRECT_TOTAL_0_2038970
2974175,64,2026-05-20 16:30:00,111397,,2038972,0,,0,,CORRECT_TOTAL_0_2038972
2974176,64,2026-05-20 16:35:00,111418,,2038974,0,,0,,CORRECT_TOTAL_0_2038974
2974177,64,2026-05-20 16:40:00,111438,,2038976,0,,0,,CORRECT_TOTAL_0_2038976
2974178,64,2026-05-20 16:45:00,111458,,2038978,0,,0,,CORRECT_TOTAL_0_2038978
2974179,64,2026-05-20 16:50:00,111478,,2038980,0,,0,,CORRECT_TOTAL_0_2038980
2974180,64,2026-05-20 16:55:00,111498,,2038982,0,,0,,CORRECT_TOTAL_0_2038982
2974181,64,2026-05-20 17:00:00,111520,,2038984,0,,0,,CORRECT_TOTAL_0_2038984
2974182,64,2026-05-20 17:05:00,111541,,2038986,0,,0,,CORRECT_TOTAL_0_2038986
2974183,64,2026-05-20 17:10:00,111551,,2038987,0,,0,,CORRECT_TOTAL_0_2038987
2974184,64,2026-05-20 17:15:00,111551,,2038987,0,,0,,CORRECT_TOTAL_0_2038987
2974185,64,2026-05-20 17:20:00,111551,,2038987,0,,0,,CORRECT_TOTAL_0_2038987
2974186,64,2026-05-20 17:25:00,111551,,2038987,0,,0,,CORRECT_TOTAL_0_2038987
2974187,64,2026-05-20 17:30:00,111551,,2038987,0,,0,,CORRECT_TOTAL_0_2038987
2974188,64,2026-05-20 17:35:00,111551,,2038987,0,,0,,CORRECT_TOTAL_0_2038987
2974189,64,2026-05-20 17:40:00,111551,,2038987,0,,0,,CORRECT_TOTAL_0_2038987
2974190,64,2026-05-20 17:45:00,111551,,2038987,0,,0,,CORRECT_TOTAL_0_2038987
2974191,64,2026-05-20 17:50:00,111551,,2038987,0,,0,,CORRECT_TOTAL_0_2038987
2974192,64,2026-05-20 17:55:00,111551,,2038987,0,,0,,CORRECT_TOTAL_0_2038987
2974193,64,2026-05-20 18:00:00,111551,,2038987,0,,0,,CORRECT_TOTAL_0_2038987
2974194,64,2026-05-20 18:05:00,111551,,2038987,0,,0,,CORRECT_TOTAL_0_2038987
2974195,64,2026-05-20 18:10:00,111551,,2038987,0,,0,,CORRECT_TOTAL_0_2038987
2974196,64,2026-05-20 18:15:00,111551,,2038987,0,,0,,CORRECT_TOTAL_0_2038987
2974197,64,2026-05-20 18:20:00,111558,,2038988,0,,0,,CORRECT_TOTAL_0_2038988
2974198,64,2026-05-20 18:25:00,111577,,2038990,0,,0,,CORRECT_TOTAL_0_2038990
2974199,64,2026-05-20 18:30:00,111597,,2038992,0,,0,,CORRECT_TOTAL_0_2038992
2974200,64,2026-05-20 18:35:00,111617,,2038994,0,,0,,CORRECT_TOTAL_0_2038994
2974201,64,2026-05-20 18:40:00,111638,,2038996,0,,0,,CORRECT_TOTAL_0_2038996
2974202,64,2026-05-20 18:45:00,111658,,2038998,0,,0,,CORRECT_TOTAL_0_2038998
2974203,64,2026-05-20 18:50:00,111678,,2039000,0,,0,,CORRECT_TOTAL_0_2039000
2974204,64,2026-05-20 18:55:00,111699,,2039002,0,,0,,CORRECT_TOTAL_0_2039002
2974205,64,2026-05-20 19:00:00,111719,,2039004,0,,0,,CORRECT_TOTAL_0_2039004
2974206,64,2026-05-20 19:05:00,111721,,2039004,0,,0,,CORRECT_TOTAL_0_2039004
2974207,64,2026-05-20 19:10:00,111721,,2039004,0,,0,,CORRECT_TOTAL_0_2039004
2974208,64,2026-05-20 19:15:00,111721,,2039004,0,,0,,CORRECT_TOTAL_0_2039004
2974209,64,2026-05-20 19:20:00,111721,,2039004,0,,0,,CORRECT_TOTAL_0_2039004
2974210,64,2026-05-20 19:25:00,111721,,2039004,0,,0,,CORRECT_TOTAL_0_2039004
2974211,64,2026-05-20 19:30:00,111721,,2039004,0,,0,,CORRECT_TOTAL_0_2039004
2974212,64,2026-05-20 19:35:00,111721,,2039004,0,,0,,CORRECT_TOTAL_0_2039004
2974213,64,2026-05-20 19:40:00,111721,,2039004,0,,0,,CORRECT_TOTAL_0_2039004
2974214,64,2026-05-20 19:45:00,111721,,2039004,0,,0,,CORRECT_TOTAL_0_2039004
2974215,64,2026-05-20 19:50:00,111721,,2039004,0,,0,,CORRECT_TOTAL_0_2039004
2974216,64,2026-05-20 19:55:00,111721,,2039004,0,,0,,CORRECT_TOTAL_0_2039004
2974217,64,2026-05-20 20:00:00,111721,,2039004,0,,0,,CORRECT_TOTAL_0_2039004
2974218,64,2026-05-20 20:05:00,111721,,2039004,0,,0,,CORRECT_TOTAL_0_2039004
2974219,64,2026-05-20 20:10:00,111721,,2039004,0,,0,,CORRECT_TOTAL_0_2039004
2974220,64,2026-05-20 20:15:00,111721,,2039004,0,,0,,CORRECT_TOTAL_0_2039004
2974221,64,2026-05-20 20:20:00,111721,,2039004,0,,0,,CORRECT_TOTAL_0_2039004
2974222,64,2026-05-20 20:25:00,111721,,2039004,0,,0,,CORRECT_TOTAL_0_2039004
2974223,64,2026-05-20 20:30:00,111731,,2039005,0,,0,,CORRECT_TOTAL_0_2039005
2974224,64,2026-05-20 20:35:00,111751,,2039007,0,,0,,CORRECT_TOTAL_0_2039007
2974225,64,2026-05-20 20:40:00,111771,,2039009,0,,0,,CORRECT_TOTAL_0_2039009
2974226,64,2026-05-20 20:45:00,111792,,2039011,0,,0,,CORRECT_TOTAL_0_2039011
2974227,64,2026-05-20 20:50:00,111812,,2039013,0,,0,,CORRECT_TOTAL_0_2039013
2974228,64,2026-05-20 20:55:00,111833,,2039015,0,,0,,CORRECT_TOTAL_0_2039015
2974229,64,2026-05-20 21:00:00,111853,,2039017,0,,0,,CORRECT_TOTAL_0_2039017
2974230,64,2026-05-20 21:05:00,111873,,2039019,0,,0,,CORRECT_TOTAL_0_2039019
2974231,64,2026-05-20 21:10:00,111893,,2039021,0,,0,,CORRECT_TOTAL_0_2039021
2974232,64,2026-05-20 21:15:00,111899,,2039022,0,,0,,CORRECT_TOTAL_0_2039022
2974233,64,2026-05-20 21:20:00,111899,,2039022,0,,0,,CORRECT_TOTAL_0_2039022
2974234,64,2026-05-20 21:25:00,111899,,2039022,0,,0,,CORRECT_TOTAL_0_2039022
2974235,64,2026-05-20 21:30:00,111899,,2039022,0,,0,,CORRECT_TOTAL_0_2039022
2974236,64,2026-05-20 21:35:00,111899,,2039022,0,,0,,CORRECT_TOTAL_0_2039022
2974237,64,2026-05-20 21:40:00,111899,,2039022,0,,0,,CORRECT_TOTAL_0_2039022
2974238,64,2026-05-20 21:45:00,111899,,2039022,0,,0,,CORRECT_TOTAL_0_2039022
2974239,64,2026-05-20 21:50:00,111899,,2039022,0,,0,,CORRECT_TOTAL_0_2039022
2974240,64,2026-05-20 21:55:00,111899,,2039022,0,,0,,CORRECT_TOTAL_0_2039022
2974241,64,2026-05-20 22:00:00,111899,,2039022,0,,0,,CORRECT_TOTAL_0_2039022
2974242,64,2026-05-20 22:05:00,111899,,2039022,0,,0,,CORRECT_TOTAL_0_2039022
2974243,64,2026-05-20 22:10:00,111915,,2039023,0,,0,,CORRECT_TOTAL_0_2039023
2974244,64,2026-05-20 22:15:00,111936,,2039026,0,,0,,CORRECT_TOTAL_0_2039026
2974245,64,2026-05-20 22:20:00,111956,,2039028,0,,0,,CORRECT_TOTAL_0_2039028
2974246,64,2026-05-20 22:25:00,111976,,2039030,0,,0,,CORRECT_TOTAL_0_2039030
2974247,64,2026-05-20 22:30:00,111997,,2039032,0,,0,,CORRECT_TOTAL_0_2039032
2974248,64,2026-05-20 22:35:00,112017,,2039034,0,,0,,CORRECT_TOTAL_0_2039034
2974249,64,2026-05-20 22:40:00,112037,,2039036,0,,0,,CORRECT_TOTAL_0_2039036
2974250,64,2026-05-20 22:45:00,112057,,2039038,0,,0,,CORRECT_TOTAL_0_2039038
2974251,64,2026-05-20 22:50:00,112077,,2039040,0,,0,,CORRECT_TOTAL_0_2039040
2974252,64,2026-05-20 22:55:00,112097,,2039042,0,,0,,CORRECT_TOTAL_0_2039042
2974253,64,2026-05-20 23:00:00,112117,,2039044,0,,0,,CORRECT_TOTAL_0_2039044
2974254,64,2026-05-20 23:05:00,112123,,2039044,0,,0,,CORRECT_TOTAL_0_2039044
2974255,64,2026-05-20 23:10:00,112123,,2039044,0,,0,,CORRECT_TOTAL_0_2039044
2974256,64,2026-05-20 23:15:00,112123,,2039044,0,,0,,CORRECT_TOTAL_0_2039044
2974257,64,2026-05-20 23:20:00,112123,,2039044,0,,0,,CORRECT_TOTAL_0_2039044
2974258,64,2026-05-20 23:25:00,112123,,2039044,0,,0,,CORRECT_TOTAL_0_2039044
2974259,64,2026-05-20 23:30:00,112123,,2039044,0,,0,,CORRECT_TOTAL_0_2039044
2974260,64,2026-05-20 23:35:00,112123,,2039044,0,,0,,CORRECT_TOTAL_0_2039044
2974261,64,2026-05-20 23:40:00,112123,,2039044,0,,0,,CORRECT_TOTAL_0_2039044
2974262,64,2026-05-20 23:45:00,112123,,2039044,0,,0,,CORRECT_TOTAL_0_2039044
2974263,64,2026-05-20 23:50:00,112123,,2039044,0,,0,,CORRECT_TOTAL_0_2039044
2974264,64,2026-05-20 23:55:00,112123,,2039044,0,,0,,CORRECT_TOTAL_0_2039044
2974265,64,2026-05-21 00:00:00,112123,,2039044,0,,0,,CORRECT_TOTAL_0_2039044
2974266,64,2026-05-21 00:05:00,112123,,2039044,0,,0,,CORRECT_TOTAL_0_2039044
2974267,64,2026-05-21 00:10:00,112123,,2039044,0,,0,,CORRECT_TOTAL_0_2039044
2974268,64,2026-05-21 00:15:00,112126,,2039045,0,,0,,CORRECT_TOTAL_0_2039045
2974269,64,2026-05-21 00:20:00,112147,,2039047,0,,0,,CORRECT_TOTAL_0_2039047
2974270,64,2026-05-21 00:25:00,112165,,2039048,0,,0,,CORRECT_TOTAL_0_2039048
2974271,64,2026-05-21 00:30:00,112185,,2039050,0,,0,,CORRECT_TOTAL_0_2039050
2974272,64,2026-05-21 00:35:00,112206,,2039053,0,,0,,CORRECT_TOTAL_0_2039053
2974273,64,2026-05-21 00:40:00,112226,,2039055,0,,0,,CORRECT_TOTAL_0_2039055
2974274,64,2026-05-21 00:45:00,112246,,2039057,0,,0,,CORRECT_TOTAL_0_2039057
2974275,64,2026-05-21 00:50:00,112266,,2039059,0,,0,,CORRECT_TOTAL_0_2039059
2974276,64,2026-05-21 00:55:00,112283,,2039060,0,,0,,CORRECT_TOTAL_0_2039060
2974277,64,2026-05-21 01:00:00,112283,,2039060,0,,0,,CORRECT_TOTAL_0_2039060
2974278,64,2026-05-21 01:05:00,112283,,2039060,0,,0,,CORRECT_TOTAL_0_2039060
2974279,64,2026-05-21 01:10:00,112283,,2039060,0,,0,,CORRECT_TOTAL_0_2039060
2974280,64,2026-05-21 01:15:00,112283,,2039060,0,,0,,CORRECT_TOTAL_0_2039060
2974281,64,2026-05-21 01:20:00,112283,,2039060,0,,0,,CORRECT_TOTAL_0_2039060
2974282,64,2026-05-21 01:25:00,112283,,2039060,0,,0,,CORRECT_TOTAL_0_2039060
2974283,64,2026-05-21 01:30:00,112283,,2039060,0,,0,,CORRECT_TOTAL_0_2039060
2974284,64,2026-05-21 01:35:00,112283,,2039060,0,,0,,CORRECT_TOTAL_0_2039060
2974285,64,2026-05-21 01:40:00,112283,,2039060,0,,0,,CORRECT_TOTAL_0_2039060
2974286,64,2026-05-21 01:45:00,112283,,2039060,0,,0,,CORRECT_TOTAL_0_2039060
2974287,64,2026-05-21 01:50:00,112283,,2039060,0,,0,,CORRECT_TOTAL_0_2039060
2974288,64,2026-05-21 01:55:00,112283,,2039060,0,,0,,CORRECT_TOTAL_0_2039060
2974289,64,2026-05-21 02:00:00,112283,,2039060,0,,0,,CORRECT_TOTAL_0_2039060
2974290,64,2026-05-21 02:05:00,112283,,2039060,0,,0,,CORRECT_TOTAL_0_2039060
2974291,64,2026-05-21 02:10:00,112283,,2039060,0,,0,,CORRECT_TOTAL_0_2039060
2974292,64,2026-05-21 02:15:00,112283,,2039060,0,,0,,CORRECT_TOTAL_0_2039060
2974293,64,2026-05-21 02:20:00,112283,,2039060,0,,0,,CORRECT_TOTAL_0_2039060
2974294,64,2026-05-21 02:25:00,112283,,2039060,0,,0,,CORRECT_TOTAL_0_2039060
2974295,64,2026-05-21 02:30:00,112283,,2039060,0,,0,,CORRECT_TOTAL_0_2039060
2974296,64,2026-05-21 02:35:00,112283,,2039060,0,,0,,CORRECT_TOTAL_0_2039060
2974297,64,2026-05-21 02:40:00,112283,,2039060,0,,0,,CORRECT_TOTAL_0_2039060
2974298,64,2026-05-21 02:45:00,112283,,2039060,0,,0,,CORRECT_TOTAL_0_2039060
2974299,64,2026-05-21 02:50:00,112283,,2039060,0,,0,,CORRECT_TOTAL_0_2039060
2974300,64,2026-05-21 02:55:00,112283,,2039060,0,,0,,CORRECT_TOTAL_0_2039060
2974301,64,2026-05-21 03:00:00,112283,,2039060,0,,0,,CORRECT_TOTAL_0_2039060
2974302,64,2026-05-21 03:05:00,112283,,2039060,0,,0,,CORRECT_TOTAL_0_2039060
2974303,64,2026-05-21 03:10:00,112283,,2039060,0,,0,,CORRECT_TOTAL_0_2039060
2974304,64,2026-05-21 03:15:00,112283,,2039060,0,,0,,CORRECT_TOTAL_0_2039060
2974305,64,2026-05-21 03:20:00,112283,,2039060,0,,0,,CORRECT_TOTAL_0_2039060
2974306,64,2026-05-21 03:25:00,112283,,2039060,0,,0,,CORRECT_TOTAL_0_2039060
2974307,64,2026-05-21 03:30:00,112301,,2039062,0,,0,,CORRECT_TOTAL_0_2039062
2974308,64,2026-05-21 03:35:00,112321,,2039064,0,,0,,CORRECT_TOTAL_0_2039064
2974309,64,2026-05-21 03:40:00,112341,,2039066,0,,0,,CORRECT_TOTAL_0_2039066
2974310,64,2026-05-21 03:45:00,112363,,2039068,0,,0,,CORRECT_TOTAL_0_2039068
2974311,64,2026-05-21 03:50:00,112384,,2039070,0,,0,,CORRECT_TOTAL_0_2039070
2974312,64,2026-05-21 03:55:00,112404,,2039072,0,,0,,CORRECT_TOTAL_0_2039072
2974313,64,2026-05-21 04:00:00,112415,,2039073,0,,0,,CORRECT_TOTAL_0_2039073
2974314,64,2026-05-21 04:05:00,112415,,2039073,0,,0,,CORRECT_TOTAL_0_2039073
2974315,64,2026-05-21 04:10:00,112415,,2039073,0,,0,,CORRECT_TOTAL_0_2039073
2974316,64,2026-05-21 04:15:00,112415,,2039073,0,,0,,CORRECT_TOTAL_0_2039073
2974317,64,2026-05-21 04:20:00,112415,,2039073,0,,0,,CORRECT_TOTAL_0_2039073
2974318,64,2026-05-21 04:25:00,112415,,2039073,0,,0,,CORRECT_TOTAL_0_2039073
2974319,64,2026-05-21 04:30:00,112415,,2039073,0,,0,,CORRECT_TOTAL_0_2039073
2974320,64,2026-05-21 04:35:00,112415,,2039073,0,,0,,CORRECT_TOTAL_0_2039073
2974321,64,2026-05-21 04:40:00,112415,,2039073,0,,0,,CORRECT_TOTAL_0_2039073
2974322,64,2026-05-21 04:45:00,112415,,2039073,0,,0,,CORRECT_TOTAL_0_2039073
2974323,64,2026-05-21 04:50:00,112415,,2039073,0,,0,,CORRECT_TOTAL_0_2039073
2974324,64,2026-05-21 04:55:00,112415,,2039073,0,,0,,CORRECT_TOTAL_0_2039073
2974325,64,2026-05-21 05:00:00,112415,,2039073,0,,0,,CORRECT_TOTAL_0_2039073
2974326,64,2026-05-21 05:05:00,112415,,2039073,0,,0,,CORRECT_TOTAL_0_2039073
2974327,64,2026-05-21 05:10:00,112415,,2039073,0,,0,,CORRECT_TOTAL_0_2039073
2974328,64,2026-05-21 05:15:00,112415,,2039073,0,,0,,CORRECT_TOTAL_0_2039073
2974329,64,2026-05-21 05:20:00,112415,,2039073,0,,0,,CORRECT_TOTAL_0_2039073
2974330,64,2026-05-21 05:25:00,112415,,2039073,0,,0,,CORRECT_TOTAL_0_2039073
2974331,64,2026-05-21 05:30:00,112415,,2039073,0,,0,,CORRECT_TOTAL_0_2039073
2974332,64,2026-05-21 05:35:00,112415,,2039073,0,,0,,CORRECT_TOTAL_0_2039073
2974333,64,2026-05-21 05:40:00,112415,,2039073,0,,0,,CORRECT_TOTAL_0_2039073
2974334,64,2026-05-21 05:45:00,112415,,2039073,0,,0,,CORRECT_TOTAL_0_2039073
2974335,64,2026-05-21 05:50:00,112415,,2039073,0,,0,,CORRECT_TOTAL_0_2039073
2974336,64,2026-05-21 05:55:00,112415,,2039073,0,,0,,CORRECT_TOTAL_0_2039073
2974337,64,2026-05-21 06:00:00,112415,,2039073,0,,0,,CORRECT_TOTAL_0_2039073
2974338,64,2026-05-21 06:05:00,112415,,2039073,0,,0,,CORRECT_TOTAL_0_2039073
2974339,64,2026-05-21 06:10:00,112415,,2039073,0,,0,,CORRECT_TOTAL_0_2039073
2974340,64,2026-05-21 06:15:00,112415,,2039073,0,,0,,CORRECT_TOTAL_0_2039073
2974341,64,2026-05-21 06:20:00,112415,,2039073,0,,0,,CORRECT_TOTAL_0_2039073
2974342,64,2026-05-21 06:25:00,112415,,2039073,0,,0,,CORRECT_TOTAL_0_2039073
2974343,64,2026-05-21 06:30:00,112415,,2039073,0,,0,,CORRECT_TOTAL_0_2039073
2974344,64,2026-05-21 06:35:00,112415,,2039073,0,,0,,CORRECT_TOTAL_0_2039073
2974345,64,2026-05-21 06:40:00,112415,,2039073,0,,0,,CORRECT_TOTAL_0_2039073
2974346,64,2026-05-21 06:45:00,112415,,2039073,0,,0,,CORRECT_TOTAL_0_2039073
2974347,64,2026-05-21 06:50:00,112415,,2039073,0,,0,,CORRECT_TOTAL_0_2039073
2974348,64,2026-05-21 06:55:00,112415,,2039073,0,,0,,CORRECT_TOTAL_0_2039073
2974349,64,2026-05-21 07:00:00,112415,,2039073,0,,0,,CORRECT_TOTAL_0_2039073
2974350,64,2026-05-21 07:05:00,112434,,2039075,0,,0,,CORRECT_TOTAL_0_2039075
2974351,64,2026-05-21 07:10:00,112456,,2039078,0,,0,,CORRECT_TOTAL_0_2039078
2974352,64,2026-05-21 07:15:00,112476,,2039080,0,,0,,CORRECT_TOTAL_0_2039080
2974353,64,2026-05-21 07:20:00,112496,,2039082,0,,0,,CORRECT_TOTAL_0_2039082
2974354,64,2026-05-21 07:25:00,112517,,2039084,0,,0,,CORRECT_TOTAL_0_2039084
2974355,64,2026-05-21 07:30:00,112535,,2039085,0,,0,,CORRECT_TOTAL_0_2039085
2974356,64,2026-05-21 07:35:00,112549,,2039087,0,,0,,CORRECT_TOTAL_0_2039087
2974357,64,2026-05-21 07:40:00,112549,,2039087,0,,0,,CORRECT_TOTAL_0_2039087
2974358,64,2026-05-21 07:45:00,112549,,2039087,0,,0,,CORRECT_TOTAL_0_2039087
2974359,64,2026-05-21 07:50:00,112549,,2039087,0,,0,,CORRECT_TOTAL_0_2039087
2974360,64,2026-05-21 07:55:00,112549,,2039087,0,,0,,CORRECT_TOTAL_0_2039087
2974361,64,2026-05-21 08:00:00,112549,,2039087,0,,0,,CORRECT_TOTAL_0_2039087
2974362,64,2026-05-21 08:05:00,112549,,2039087,0,,0,,CORRECT_TOTAL_0_2039087
2974363,64,2026-05-21 08:10:00,112549,,2039087,0,,0,,CORRECT_TOTAL_0_2039087
2974364,64,2026-05-21 08:15:00,112549,,2039087,0,,0,,CORRECT_TOTAL_0_2039087
2974365,64,2026-05-21 08:20:00,112549,,2039087,0,,0,,CORRECT_TOTAL_0_2039087
2974366,64,2026-05-21 08:25:00,112549,,2039087,0,,0,,CORRECT_TOTAL_0_2039087
2974367,64,2026-05-21 08:30:00,112549,,2039087,0,,0,,CORRECT_TOTAL_0_2039087
2974368,64,2026-05-21 08:35:00,112549,,2039087,0,,0,,CORRECT_TOTAL_0_2039087
2974369,64,2026-05-21 08:40:00,112549,,2039087,0,,0,,CORRECT_TOTAL_0_2039087
2974370,64,2026-05-21 08:45:00,112549,,2039087,0,,0,,CORRECT_TOTAL_0_2039087
2974371,64,2026-05-21 08:50:00,112549,,2039087,0,,0,,CORRECT_TOTAL_0_2039087
2974372,64,2026-05-21 08:55:00,112549,,2039087,0,,0,,CORRECT_TOTAL_0_2039087
2974373,64,2026-05-21 09:00:00,112549,,2039087,0,,0,,CORRECT_TOTAL_0_2039087
2974374,64,2026-05-21 09:05:00,112549,,2039087,0,,0,,CORRECT_TOTAL_0_2039087
2974375,64,2026-05-21 09:10:00,112549,,2039087,0,,0,,CORRECT_TOTAL_0_2039087
2974376,64,2026-05-21 09:15:00,112549,,2039087,0,,0,,CORRECT_TOTAL_0_2039087
2974377,64,2026-05-21 09:20:00,112549,,2039087,0,,0,,CORRECT_TOTAL_0_2039087
2974378,64,2026-05-21 09:25:00,112549,,2039087,0,,0,,CORRECT_TOTAL_0_2039087
2974379,64,2026-05-21 09:30:00,112549,,2039087,0,,0,,CORRECT_TOTAL_0_2039087
2974380,64,2026-05-21 09:35:00,112549,,2039087,0,,0,,CORRECT_TOTAL_0_2039087
2974381,64,2026-05-21 09:40:00,112549,,2039087,0,,0,,CORRECT_TOTAL_0_2039087
2974382,64,2026-05-21 09:45:00,112549,,2039087,0,,0,,CORRECT_TOTAL_0_2039087
2974383,64,2026-05-21 09:50:00,112549,,2039087,0,,0,,CORRECT_TOTAL_0_2039087
2974384,64,2026-05-21 09:55:00,112549,,2039087,0,,0,,CORRECT_TOTAL_0_2039087
2974385,64,2026-05-21 10:00:00,112549,,2039087,0,,0,,CORRECT_TOTAL_0_2039087
2974386,64,2026-05-21 10:05:00,112549,,2039087,0,,0,,CORRECT_TOTAL_0_2039087
2974387,64,2026-05-21 10:10:00,112549,,2039087,0,,0,,CORRECT_TOTAL_0_2039087
2974388,64,2026-05-21 10:15:00,112549,,2039087,0,,0,,CORRECT_TOTAL_0_2039087
2974389,64,2026-05-21 10:20:00,112549,,2039087,0,,0,,CORRECT_TOTAL_0_2039087
2974390,64,2026-05-21 10:25:00,112549,,2039087,0,,0,,CORRECT_TOTAL_0_2039087
2974391,64,2026-05-21 10:30:00,112550,,2039087,0,,0,,CORRECT_TOTAL_0_2039087
2974392,64,2026-05-21 10:35:00,112571,,2039089,0,,0,,CORRECT_TOTAL_0_2039089
2974393,64,2026-05-21 10:40:00,112591,,2039091,0,,0,,CORRECT_TOTAL_0_2039091
2974394,64,2026-05-21 10:45:00,112612,,2039093,0,,0,,CORRECT_TOTAL_0_2039093
2974395,64,2026-05-21 10:50:00,112634,,2039095,0,,0,,CORRECT_TOTAL_0_2039095
2974396,64,2026-05-21 10:55:00,112654,,2039097,0,,0,,CORRECT_TOTAL_0_2039097
2974397,64,2026-05-21 11:00:00,112675,,2039099,0,,0,,CORRECT_TOTAL_0_2039099
2974398,64,2026-05-21 11:05:00,112685,,2039100,0,,0,,CORRECT_TOTAL_0_2039100
2974399,64,2026-05-21 11:10:00,112685,,2039100,0,,0,,CORRECT_TOTAL_0_2039100
2974400,64,2026-05-21 11:15:00,112685,,2039100,0,,0,,CORRECT_TOTAL_0_2039100
2974401,64,2026-05-21 11:20:00,112685,,2039100,0,,0,,CORRECT_TOTAL_0_2039100
2974402,64,2026-05-21 11:25:00,112685,,2039100,0,,0,,CORRECT_TOTAL_0_2039100
2974403,64,2026-05-21 11:30:00,112685,,2039100,0,,0,,CORRECT_TOTAL_0_2039100
2974404,64,2026-05-21 11:35:00,112685,,2039100,0,,0,,CORRECT_TOTAL_0_2039100
2974405,64,2026-05-21 11:40:00,112685,,2039100,0,,0,,CORRECT_TOTAL_0_2039100
2974406,64,2026-05-21 11:45:00,112685,,2039100,0,,0,,CORRECT_TOTAL_0_2039100
2974407,64,2026-05-21 11:50:00,112685,,2039100,0,,0,,CORRECT_TOTAL_0_2039100
2974408,64,2026-05-21 11:55:00,112685,,2039100,0,,0,,CORRECT_TOTAL_0_2039100
2974409,64,2026-05-21 12:00:00,112685,,2039100,0,,0,,CORRECT_TOTAL_0_2039100
2974410,64,2026-05-21 12:05:00,112685,,2039100,0,,0,,CORRECT_TOTAL_0_2039100
2974411,64,2026-05-21 12:10:00,112685,,2039100,0,,0,,CORRECT_TOTAL_0_2039100
2974412,64,2026-05-21 12:15:00,112685,,2039100,0,,0,,CORRECT_TOTAL_0_2039100
2974413,64,2026-05-21 12:20:00,112685,,2039100,0,,0,,CORRECT_TOTAL_0_2039100
2974414,64,2026-05-21 12:25:00,112685,,2039100,0,,0,,CORRECT_TOTAL_0_2039100
2974415,64,2026-05-21 12:30:00,112685,,2039100,0,,0,,CORRECT_TOTAL_0_2039100
2974416,64,2026-05-21 12:35:00,112685,,2039100,0,,0,,CORRECT_TOTAL_0_2039100
2974417,64,2026-05-21 12:40:00,112685,,2039100,0,,0,,CORRECT_TOTAL_0_2039100
2974418,64,2026-05-21 12:45:00,112685,,2039100,0,,0,,CORRECT_TOTAL_0_2039100
2974419,64,2026-05-21 12:50:00,112685,,2039100,0,,0,,CORRECT_TOTAL_0_2039100
2974420,64,2026-05-21 12:55:00,112685,,2039100,0,,0,,CORRECT_TOTAL_0_2039100
2974421,64,2026-05-21 13:00:00,112685,,2039100,0,,0,,CORRECT_TOTAL_0_2039100
2974422,64,2026-05-21 13:05:00,112685,,2039100,0,,0,,CORRECT_TOTAL_0_2039100
2974423,64,2026-05-21 13:10:00,112685,,2039100,0,,0,,CORRECT_TOTAL_0_2039100
2974424,64,2026-05-21 13:15:00,112685,,2039100,0,,0,,CORRECT_TOTAL_0_2039100
2974425,64,2026-05-21 13:20:00,112685,,2039100,0,,0,,CORRECT_TOTAL_0_2039100
2974426,64,2026-05-21 13:25:00,112685,,2039100,0,,0,,CORRECT_TOTAL_0_2039100
2974427,64,2026-05-21 13:30:00,112685,,2039100,0,,0,,CORRECT_TOTAL_0_2039100
2974428,64,2026-05-21 13:35:00,112685,,2039100,0,,0,,CORRECT_TOTAL_0_2039100
2974429,64,2026-05-21 13:40:00,112685,,2039100,0,,0,,CORRECT_TOTAL_0_2039100
2974430,64,2026-05-21 13:45:00,112685,,2039100,0,,0,,CORRECT_TOTAL_0_2039100
2974431,64,2026-05-21 13:50:00,112685,,2039100,0,,0,,CORRECT_TOTAL_0_2039100
2974432,64,2026-05-21 13:55:00,112685,,2039100,0,,0,,CORRECT_TOTAL_0_2039100
2974433,64,2026-05-21 14:00:00,112687,,2039101,0,,0,,CORRECT_TOTAL_0_2039101
2974434,64,2026-05-21 14:05:00,112707,,2039103,0,,0,,CORRECT_TOTAL_0_2039103
2974435,64,2026-05-21 14:10:00,112728,,2039105,0,,0,,CORRECT_TOTAL_0_2039105
2974436,64,2026-05-21 14:15:00,112750,,2039107,0,,0,,CORRECT_TOTAL_0_2039107
2974437,64,2026-05-21 14:20:00,112770,,2039109,0,,0,,CORRECT_TOTAL_0_2039109
2974438,64,2026-05-21 14:25:00,112791,,2039111,0,,0,,CORRECT_TOTAL_0_2039111
2974439,64,2026-05-21 14:30:00,112809,,2039113,0,,0,,CORRECT_TOTAL_0_2039113
2974440,64,2026-05-21 14:35:00,112820,,2039114,0,,0,,CORRECT_TOTAL_0_2039114
2974441,64,2026-05-21 14:40:00,112820,,2039114,0,,0,,CORRECT_TOTAL_0_2039114
2974442,64,2026-05-21 14:45:00,112820,,2039114,0,,0,,CORRECT_TOTAL_0_2039114
2974443,64,2026-05-21 14:50:00,112820,,2039114,0,,0,,CORRECT_TOTAL_0_2039114
2974444,64,2026-05-21 14:55:00,112820,,2039114,0,,0,,CORRECT_TOTAL_0_2039114
2974445,64,2026-05-21 15:00:00,112820,,2039114,0,,0,,CORRECT_TOTAL_0_2039114
2974446,64,2026-05-21 15:05:00,112820,,2039114,0,,0,,CORRECT_TOTAL_0_2039114
2974447,64,2026-05-21 15:10:00,112820,,2039114,0,,0,,CORRECT_TOTAL_0_2039114
2974448,64,2026-05-21 15:15:00,112820,,2039114,0,,0,,CORRECT_TOTAL_0_2039114
2974449,64,2026-05-21 15:20:00,112820,,2039114,0,,0,,CORRECT_TOTAL_0_2039114
2974450,64,2026-05-21 15:25:00,112820,,2039114,0,,0,,CORRECT_TOTAL_0_2039114
2974451,64,2026-05-21 15:30:00,112820,,2039114,0,,0,,CORRECT_TOTAL_0_2039114
2974452,64,2026-05-21 15:35:00,112820,,2039114,0,,0,,CORRECT_TOTAL_0_2039114
2974453,64,2026-05-21 15:40:00,112820,,2039114,0,,0,,CORRECT_TOTAL_0_2039114
2974454,64,2026-05-21 15:45:00,112820,,2039114,0,,0,,CORRECT_TOTAL_0_2039114
2974455,64,2026-05-21 15:50:00,112820,,2039114,0,,0,,CORRECT_TOTAL_0_2039114
2974456,64,2026-05-21 15:55:00,112820,,2039114,0,,0,,CORRECT_TOTAL_0_2039114
2974457,64,2026-05-21 16:00:00,112820,,2039114,0,,0,,CORRECT_TOTAL_0_2039114
2974458,64,2026-05-21 16:05:00,112820,,2039114,0,,0,,CORRECT_TOTAL_0_2039114
2974459,64,2026-05-21 16:10:00,112820,,2039114,0,,0,,CORRECT_TOTAL_0_2039114
2974460,64,2026-05-21 16:15:00,112820,,2039114,0,,0,,CORRECT_TOTAL_0_2039114
2974461,64,2026-05-21 16:20:00,112820,,2039114,0,,0,,CORRECT_TOTAL_0_2039114
2974462,64,2026-05-21 16:25:00,112820,,2039114,0,,0,,CORRECT_TOTAL_0_2039114
2974463,64,2026-05-21 16:30:00,112820,,2039114,0,,0,,CORRECT_TOTAL_0_2039114
2974464,64,2026-05-21 16:35:00,112820,,2039114,0,,0,,CORRECT_TOTAL_0_2039114
2974466,64,2026-05-21 16:40:00,112820,,2039114,0,,0,,CORRECT_TOTAL_0_2039114
2974467,64,2026-05-21 16:45:00,112820,,2039114,0,,0,,CORRECT_TOTAL_0_2039114
2974468,64,2026-05-21 16:50:00,112820,,2039114,0,,0,,CORRECT_TOTAL_0_2039114
2974469,64,2026-05-21 16:55:00,112820,,2039114,0,,0,,CORRECT_TOTAL_0_2039114
2974470,64,2026-05-21 17:00:00,112820,,2039114,0,,0,,CORRECT_TOTAL_0_2039114
2974471,64,2026-05-21 17:05:00,112820,,2039114,0,,0,,CORRECT_TOTAL_0_2039114
2974472,64,2026-05-21 17:10:00,112820,,2039114,0,,0,,CORRECT_TOTAL_0_2039114
2974473,64,2026-05-21 17:15:00,112820,,2039114,0,,0,,CORRECT_TOTAL_0_2039114
2974474,64,2026-05-21 17:20:00,112820,,2039114,0,,0,,CORRECT_TOTAL_0_2039114
2974475,64,2026-05-21 17:25:00,112820,,2039114,0,,0,,CORRECT_TOTAL_0_2039114
2974476,64,2026-05-21 17:30:00,112825,,2039114,0,,0,,CORRECT_TOTAL_0_2039114
2974477,64,2026-05-21 17:35:00,112845,,2039116,0,,0,,CORRECT_TOTAL_0_2039116
2974478,64,2026-05-21 17:40:00,112866,,2039119,0,,0,,CORRECT_TOTAL_0_2039119
2974479,64,2026-05-21 17:45:00,112886,,2039121,0,,0,,CORRECT_TOTAL_0_2039121
2974480,64,2026-05-21 17:50:00,112906,,2039123,0,,0,,CORRECT_TOTAL_0_2039123
2974481,64,2026-05-21 17:55:00,112927,,2039125,0,,0,,CORRECT_TOTAL_0_2039125
2974482,64,2026-05-21 18:00:00,112947,,2039127,0,,0,,CORRECT_TOTAL_0_2039127
2974483,64,2026-05-21 18:05:00,112953,,2039127,0,,0,,CORRECT_TOTAL_0_2039127
2974484,64,2026-05-21 18:10:00,112953,,2039127,0,,0,,CORRECT_TOTAL_0_2039127
2974485,64,2026-05-21 18:15:00,112953,,2039127,0,,0,,CORRECT_TOTAL_0_2039127
2974486,64,2026-05-21 18:20:00,112953,,2039127,0,,0,,CORRECT_TOTAL_0_2039127
2974487,64,2026-05-21 18:25:00,112953,,2039127,0,,0,,CORRECT_TOTAL_0_2039127
2974488,64,2026-05-21 18:30:00,112953,,2039127,0,,0,,CORRECT_TOTAL_0_2039127
2974489,64,2026-05-21 18:35:00,112953,,2039127,0,,0,,CORRECT_TOTAL_0_2039127
2974490,64,2026-05-21 18:40:00,112953,,2039127,0,,0,,CORRECT_TOTAL_0_2039127
2974491,64,2026-05-21 18:45:00,112953,,2039127,0,,0,,CORRECT_TOTAL_0_2039127
2974492,64,2026-05-21 18:50:00,112953,,2039127,0,,0,,CORRECT_TOTAL_0_2039127
2974493,64,2026-05-21 18:55:00,112953,,2039127,0,,0,,CORRECT_TOTAL_0_2039127
2974494,64,2026-05-21 19:00:00,112953,,2039127,0,,0,,CORRECT_TOTAL_0_2039127
2974495,64,2026-05-21 19:05:00,112953,,2039127,0,,0,,CORRECT_TOTAL_0_2039127
2974496,64,2026-05-21 19:10:00,112953,,2039127,0,,0,,CORRECT_TOTAL_0_2039127
2974497,64,2026-05-21 19:15:00,112953,,2039127,0,,0,,CORRECT_TOTAL_0_2039127
2974498,64,2026-05-21 19:20:00,112953,,2039127,0,,0,,CORRECT_TOTAL_0_2039127
2974499,64,2026-05-21 19:25:00,112953,,2039127,0,,0,,CORRECT_TOTAL_0_2039127
2974500,64,2026-05-21 19:30:00,112953,,2039127,0,,0,,CORRECT_TOTAL_0_2039127
2974501,64,2026-05-21 19:35:00,112953,,2039127,0,,0,,CORRECT_TOTAL_0_2039127
2974502,64,2026-05-21 19:40:00,112953,,2039127,0,,0,,CORRECT_TOTAL_0_2039127
2974503,64,2026-05-21 19:45:00,112953,,2039127,0,,0,,CORRECT_TOTAL_0_2039127
2974504,64,2026-05-21 19:50:00,112953,,2039127,0,,0,,CORRECT_TOTAL_0_2039127
2974505,64,2026-05-21 19:55:00,112953,,2039127,0,,0,,CORRECT_TOTAL_0_2039127
2974506,64,2026-05-21 20:00:00,112953,,2039127,0,,0,,CORRECT_TOTAL_0_2039127
2974507,64,2026-05-21 20:05:00,112953,,2039127,0,,0,,CORRECT_TOTAL_0_2039127
2974508,64,2026-05-21 20:10:00,112953,,2039127,0,,0,,CORRECT_TOTAL_0_2039127
2974509,64,2026-05-21 20:15:00,112953,,2039127,0,,0,,CORRECT_TOTAL_0_2039127
2974510,64,2026-05-21 20:20:00,112953,,2039127,0,,0,,CORRECT_TOTAL_0_2039127
2974511,64,2026-05-21 20:25:00,112953,,2039127,0,,0,,CORRECT_TOTAL_0_2039127
2974512,64,2026-05-21 20:30:00,112953,,2039127,0,,0,,CORRECT_TOTAL_0_2039127
2974513,64,2026-05-21 20:35:00,112953,,2039127,0,,0,,CORRECT_TOTAL_0_2039127
2974514,64,2026-05-21 20:40:00,112953,,2039127,0,,0,,CORRECT_TOTAL_0_2039127
2974515,64,2026-05-21 20:45:00,112953,,2039127,0,,0,,CORRECT_TOTAL_0_2039127
2974516,64,2026-05-21 20:50:00,112953,,2039127,0,,0,,CORRECT_TOTAL_0_2039127
2974517,64,2026-05-21 20:55:00,112953,,2039127,0,,0,,CORRECT_TOTAL_0_2039127
2974518,64,2026-05-21 21:00:00,112953,,2039127,0,,0,,CORRECT_TOTAL_0_2039127
2974519,64,2026-05-21 21:05:00,112953,,2039127,0,,0,,CORRECT_TOTAL_0_2039127
2974520,64,2026-05-21 21:10:00,112953,,2039127,0,,0,,CORRECT_TOTAL_0_2039127
2974521,64,2026-05-21 21:15:00,112953,,2039127,0,,0,,CORRECT_TOTAL_0_2039127
2974522,64,2026-05-21 21:20:00,112953,,2039127,0,,0,,CORRECT_TOTAL_0_2039127
2974523,64,2026-05-21 21:25:00,112958,,2039128,0,,0,,CORRECT_TOTAL_0_2039128
2974524,64,2026-05-21 21:30:00,112979,,2039130,0,,0,,CORRECT_TOTAL_0_2039130
2974525,64,2026-05-21 21:35:00,112999,,2039132,0,,0,,CORRECT_TOTAL_0_2039132
2974526,64,2026-05-21 21:40:00,113020,,2039134,0,,0,,CORRECT_TOTAL_0_2039134
2974527,64,2026-05-21 21:45:00,113040,,2039136,0,,0,,CORRECT_TOTAL_0_2039136
2974528,64,2026-05-21 21:50:00,113060,,2039138,0,,0,,CORRECT_TOTAL_0_2039138
2974529,64,2026-05-21 21:55:00,113081,,2039140,0,,0,,CORRECT_TOTAL_0_2039140
2974530,64,2026-05-21 22:00:00,113084,,2039140,0,,0,,CORRECT_TOTAL_0_2039140
2974531,64,2026-05-21 22:05:00,113084,,2039140,0,,0,,CORRECT_TOTAL_0_2039140
2974532,64,2026-05-21 22:10:00,113084,,2039140,0,,0,,CORRECT_TOTAL_0_2039140
2974533,64,2026-05-21 22:15:00,113084,,2039140,0,,0,,CORRECT_TOTAL_0_2039140
2974534,64,2026-05-21 22:20:00,113084,,2039140,0,,0,,CORRECT_TOTAL_0_2039140
2974535,64,2026-05-21 22:25:00,113084,,2039140,0,,0,,CORRECT_TOTAL_0_2039140
2974536,64,2026-05-21 22:30:00,113084,,2039140,0,,0,,CORRECT_TOTAL_0_2039140
2974537,64,2026-05-21 22:35:00,113084,,2039140,0,,0,,CORRECT_TOTAL_0_2039140
2974538,64,2026-05-21 22:40:00,113084,,2039140,0,,0,,CORRECT_TOTAL_0_2039140
2974539,64,2026-05-21 22:45:00,113084,,2039140,0,,0,,CORRECT_TOTAL_0_2039140
2974540,64,2026-05-21 22:50:00,113084,,2039140,0,,0,,CORRECT_TOTAL_0_2039140
2974541,64,2026-05-21 22:55:00,113084,,2039140,0,,0,,CORRECT_TOTAL_0_2039140
2974542,64,2026-05-21 23:00:00,113084,,2039140,0,,0,,CORRECT_TOTAL_0_2039140
2974543,64,2026-05-21 23:05:00,113084,,2039140,0,,0,,CORRECT_TOTAL_0_2039140
2974544,64,2026-05-21 23:10:00,113084,,2039140,0,,0,,CORRECT_TOTAL_0_2039140
2974545,64,2026-05-21 23:15:00,113084,,2039140,0,,0,,CORRECT_TOTAL_0_2039140
2974546,64,2026-05-21 23:20:00,113084,,2039140,0,,0,,CORRECT_TOTAL_0_2039140
2974547,64,2026-05-21 23:25:00,113084,,2039140,0,,0,,CORRECT_TOTAL_0_2039140
2974548,64,2026-05-21 23:30:00,113084,,2039140,0,,0,,CORRECT_TOTAL_0_2039140
2974549,64,2026-05-21 23:35:00,113084,,2039140,0,,0,,CORRECT_TOTAL_0_2039140
2974550,64,2026-05-21 23:40:00,113084,,2039140,0,,0,,CORRECT_TOTAL_0_2039140
2974551,64,2026-05-21 23:45:00,113084,,2039140,0,,0,,CORRECT_TOTAL_0_2039140
2974552,64,2026-05-21 23:50:00,113084,,2039140,0,,0,,CORRECT_TOTAL_0_2039140
2974553,64,2026-05-21 23:55:00,113084,,2039140,0,,0,,CORRECT_TOTAL_0_2039140
2974554,64,2026-05-22 00:00:00,113084,,2039140,0,,0,,CORRECT_TOTAL_0_2039140
2974555,64,2026-05-22 00:05:00,113084,,2039140,0,,0,,CORRECT_TOTAL_0_2039140
2974556,64,2026-05-22 00:10:00,113084,,2039140,0,,0,,CORRECT_TOTAL_0_2039140
2974557,64,2026-05-22 00:15:00,113084,,2039140,0,,0,,CORRECT_TOTAL_0_2039140
2974558,64,2026-05-22 00:20:00,113084,,2039140,0,,0,,CORRECT_TOTAL_0_2039140
2974559,64,2026-05-22 00:25:00,113084,,2039140,0,,0,,CORRECT_TOTAL_0_2039140
2974560,64,2026-05-22 00:30:00,113084,,2039140,0,,0,,CORRECT_TOTAL_0_2039140
2974561,64,2026-05-22 00:35:00,113084,,2039140,0,,0,,CORRECT_TOTAL_0_2039140
2974562,64,2026-05-22 00:40:00,113084,,2039140,0,,0,,CORRECT_TOTAL_0_2039140
2974563,64,2026-05-22 00:45:00,113084,,2039140,0,,0,,CORRECT_TOTAL_0_2039140
2974564,64,2026-05-22 00:50:00,113084,,2039140,0,,0,,CORRECT_TOTAL_0_2039140
2974565,64,2026-05-22 00:55:00,113084,,2039140,0,,0,,CORRECT_TOTAL_0_2039140
2974566,64,2026-05-22 01:00:00,113084,,2039140,0,,0,,CORRECT_TOTAL_0_2039140
2974567,64,2026-05-22 01:05:00,113084,,2039140,0,,0,,CORRECT_TOTAL_0_2039140
2974568,64,2026-05-22 01:10:00,113084,,2039140,0,,0,,CORRECT_TOTAL_0_2039140
2974569,64,2026-05-22 01:15:00,113084,,2039140,0,,0,,CORRECT_TOTAL_0_2039140
2974570,64,2026-05-22 01:20:00,113084,,2039140,0,,0,,CORRECT_TOTAL_0_2039140
2974571,64,2026-05-22 01:25:00,113103,,2039142,0,,0,,CORRECT_TOTAL_0_2039142
2974572,64,2026-05-22 01:30:00,113124,,2039144,0,,0,,CORRECT_TOTAL_0_2039144
2974573,64,2026-05-22 01:35:00,113144,,2039146,0,,0,,CORRECT_TOTAL_0_2039146
2974574,64,2026-05-22 01:40:00,113164,,2039148,0,,0,,CORRECT_TOTAL_0_2039148
2974575,64,2026-05-22 01:45:00,113185,,2039150,0,,0,,CORRECT_TOTAL_0_2039150
2974576,64,2026-05-22 01:50:00,113205,,2039152,0,,0,,CORRECT_TOTAL_0_2039152
2974577,64,2026-05-22 01:55:00,113217,,2039154,0,,0,,CORRECT_TOTAL_0_2039154
2974578,64,2026-05-22 02:00:00,113217,,2039154,0,,0,,CORRECT_TOTAL_0_2039154
2974579,64,2026-05-22 02:05:00,113217,,2039154,0,,0,,CORRECT_TOTAL_0_2039154
2974580,64,2026-05-22 02:10:00,113217,,2039154,0,,0,,CORRECT_TOTAL_0_2039154
2974581,64,2026-05-22 02:15:00,113217,,2039154,0,,0,,CORRECT_TOTAL_0_2039154
2974582,64,2026-05-22 02:20:00,113217,,2039154,0,,0,,CORRECT_TOTAL_0_2039154
2974583,64,2026-05-22 02:25:00,113217,,2039154,0,,0,,CORRECT_TOTAL_0_2039154
2974584,64,2026-05-22 02:30:00,113217,,2039154,0,,0,,CORRECT_TOTAL_0_2039154
2974585,64,2026-05-22 02:35:00,113217,,2039154,0,,0,,CORRECT_TOTAL_0_2039154
2974586,64,2026-05-22 02:40:00,113217,,2039154,0,,0,,CORRECT_TOTAL_0_2039154
2974587,64,2026-05-22 02:45:00,113217,,2039154,0,,0,,CORRECT_TOTAL_0_2039154
2974588,64,2026-05-22 02:50:00,113217,,2039154,0,,0,,CORRECT_TOTAL_0_2039154
2974589,64,2026-05-22 02:55:00,113217,,2039154,0,,0,,CORRECT_TOTAL_0_2039154
2974590,64,2026-05-22 03:00:00,113217,,2039154,0,,0,,CORRECT_TOTAL_0_2039154
2974591,64,2026-05-22 03:05:00,113217,,2039154,0,,0,,CORRECT_TOTAL_0_2039154
2974592,64,2026-05-22 03:10:00,113217,,2039154,0,,0,,CORRECT_TOTAL_0_2039154
2974593,64,2026-05-22 03:15:00,113217,,2039154,0,,0,,CORRECT_TOTAL_0_2039154
2974594,64,2026-05-22 03:20:00,113217,,2039154,0,,0,,CORRECT_TOTAL_0_2039154
2974595,64,2026-05-22 03:25:00,113217,,2039154,0,,0,,CORRECT_TOTAL_0_2039154
2974596,64,2026-05-22 03:30:00,113217,,2039154,0,,0,,CORRECT_TOTAL_0_2039154
2974597,64,2026-05-22 03:35:00,113217,,2039154,0,,0,,CORRECT_TOTAL_0_2039154
2974598,64,2026-05-22 03:40:00,113217,,2039154,0,,0,,CORRECT_TOTAL_0_2039154
2974599,64,2026-05-22 03:45:00,113217,,2039154,0,,0,,CORRECT_TOTAL_0_2039154
2974600,64,2026-05-22 03:50:00,113217,,2039154,0,,0,,CORRECT_TOTAL_0_2039154
2974601,64,2026-05-22 03:55:00,113217,,2039154,0,,0,,CORRECT_TOTAL_0_2039154
2974602,64,2026-05-22 04:00:00,113217,,2039154,0,,0,,CORRECT_TOTAL_0_2039154
2974603,64,2026-05-22 04:05:00,113217,,2039154,0,,0,,CORRECT_TOTAL_0_2039154
2974604,64,2026-05-22 04:10:00,113217,,2039154,0,,0,,CORRECT_TOTAL_0_2039154
2974605,64,2026-05-22 04:15:00,113217,,2039154,0,,0,,CORRECT_TOTAL_0_2039154
2974606,64,2026-05-22 04:20:00,113217,,2039154,0,,0,,CORRECT_TOTAL_0_2039154
2974607,64,2026-05-22 04:25:00,113217,,2039154,0,,0,,CORRECT_TOTAL_0_2039154
2974608,64,2026-05-22 04:30:00,113217,,2039154,0,,0,,CORRECT_TOTAL_0_2039154
2974609,64,2026-05-22 04:35:00,113217,,2039154,0,,0,,CORRECT_TOTAL_0_2039154
2974610,64,2026-05-22 04:40:00,113217,,2039154,0,,0,,CORRECT_TOTAL_0_2039154
2974611,64,2026-05-22 04:45:00,113217,,2039154,0,,0,,CORRECT_TOTAL_0_2039154
2974612,64,2026-05-22 04:50:00,113217,,2039154,0,,0,,CORRECT_TOTAL_0_2039154
2974613,64,2026-05-22 04:55:00,113217,,2039154,0,,0,,CORRECT_TOTAL_0_2039154
2974614,64,2026-05-22 05:00:00,113217,,2039154,0,,0,,CORRECT_TOTAL_0_2039154
2974615,64,2026-05-22 05:05:00,113230,,2039155,0,,0,,CORRECT_TOTAL_0_2039155
2974616,64,2026-05-22 05:10:00,113251,,2039157,0,,0,,CORRECT_TOTAL_0_2039157
2974617,64,2026-05-22 05:15:00,113271,,2039159,0,,0,,CORRECT_TOTAL_0_2039159
2974618,64,2026-05-22 05:20:00,113292,,2039161,0,,0,,CORRECT_TOTAL_0_2039161
2974619,64,2026-05-22 05:25:00,113312,,2039163,0,,0,,CORRECT_TOTAL_0_2039163
2974620,64,2026-05-22 05:30:00,113332,,2039165,0,,0,,CORRECT_TOTAL_0_2039165
2974621,64,2026-05-22 05:35:00,113354,,2039167,0,,0,,CORRECT_TOTAL_0_2039167
2974622,64,2026-05-22 05:40:00,113354,,2039167,0,,0,,CORRECT_TOTAL_0_2039167
2974623,64,2026-05-22 05:45:00,113354,,2039167,0,,0,,CORRECT_TOTAL_0_2039167
2974624,64,2026-05-22 05:50:00,113354,,2039167,0,,0,,CORRECT_TOTAL_0_2039167
2974625,64,2026-05-22 05:55:00,113354,,2039167,0,,0,,CORRECT_TOTAL_0_2039167
2974626,64,2026-05-22 06:00:00,113354,,2039167,0,,0,,CORRECT_TOTAL_0_2039167
2974627,64,2026-05-22 06:05:00,113354,,2039167,0,,0,,CORRECT_TOTAL_0_2039167
2974628,64,2026-05-22 06:10:00,113354,,2039167,0,,0,,CORRECT_TOTAL_0_2039167
2974629,64,2026-05-22 06:15:00,113354,,2039167,0,,0,,CORRECT_TOTAL_0_2039167
2974630,64,2026-05-22 06:20:00,113354,,2039167,0,,0,,CORRECT_TOTAL_0_2039167
2974631,64,2026-05-22 06:25:00,113354,,2039167,0,,0,,CORRECT_TOTAL_0_2039167
2974632,64,2026-05-22 06:30:00,113354,,2039167,0,,0,,CORRECT_TOTAL_0_2039167
2974633,64,2026-05-22 06:35:00,113354,,2039167,0,,0,,CORRECT_TOTAL_0_2039167
2974634,64,2026-05-22 06:40:00,113354,,2039167,0,,0,,CORRECT_TOTAL_0_2039167
2974635,64,2026-05-22 06:45:00,113354,,2039167,0,,0,,CORRECT_TOTAL_0_2039167
2974636,64,2026-05-22 06:50:00,113354,,2039167,0,,0,,CORRECT_TOTAL_0_2039167
2974637,64,2026-05-22 06:55:00,113354,,2039167,0,,0,,CORRECT_TOTAL_0_2039167
2974638,64,2026-05-22 07:00:00,113354,,2039167,0,,0,,CORRECT_TOTAL_0_2039167
2974639,64,2026-05-22 07:05:00,113354,,2039167,0,,0,,CORRECT_TOTAL_0_2039167
2974640,64,2026-05-22 07:10:00,113354,,2039167,0,,0,,CORRECT_TOTAL_0_2039167
2974641,64,2026-05-22 07:15:00,113354,,2039167,0,,0,,CORRECT_TOTAL_0_2039167
2974642,64,2026-05-22 07:20:00,113354,,2039167,0,,0,,CORRECT_TOTAL_0_2039167
2974643,64,2026-05-22 07:25:00,113354,,2039167,0,,0,,CORRECT_TOTAL_0_2039167
2974644,64,2026-05-22 07:30:00,113354,,2039167,0,,0,,CORRECT_TOTAL_0_2039167
2974645,64,2026-05-22 07:35:00,113354,,2039167,0,,0,,CORRECT_TOTAL_0_2039167
2974646,64,2026-05-22 07:40:00,113354,,2039167,0,,0,,CORRECT_TOTAL_0_2039167
2974647,64,2026-05-22 07:45:00,113372,,2039169,0,,0,,CORRECT_TOTAL_0_2039169
2974648,64,2026-05-22 07:50:00,113392,,2039171,0,,0,,CORRECT_TOTAL_0_2039171
2974649,64,2026-05-22 07:55:00,113413,,2039173,0,,0,,CORRECT_TOTAL_0_2039173
2974650,64,2026-05-22 08:00:00,113433,,2039175,0,,0,,CORRECT_TOTAL_0_2039175
2974651,64,2026-05-22 08:05:00,113453,,2039177,0,,0,,CORRECT_TOTAL_0_2039177
2974652,64,2026-05-22 08:10:00,113473,,2039179,0,,0,,CORRECT_TOTAL_0_2039179
2974653,64,2026-05-22 08:15:00,113494,,2039181,0,,0,,CORRECT_TOTAL_0_2039181
2974654,64,2026-05-22 08:20:00,113512,,2039183,0,,0,,CORRECT_TOTAL_0_2039183
2974655,64,2026-05-22 08:25:00,113512,,2039183,0,,0,,CORRECT_TOTAL_0_2039183
2974656,64,2026-05-22 08:30:00,113512,,2039183,0,,0,,CORRECT_TOTAL_0_2039183
2974657,64,2026-05-22 08:35:00,113512,,2039183,0,,0,,CORRECT_TOTAL_0_2039183
2974658,64,2026-05-22 08:40:00,113512,,2039183,0,,0,,CORRECT_TOTAL_0_2039183
2974659,64,2026-05-22 08:45:00,113512,,2039183,0,,0,,CORRECT_TOTAL_0_2039183
2974660,64,2026-05-22 08:50:00,113512,,2039183,0,,0,,CORRECT_TOTAL_0_2039183
2974661,64,2026-05-22 08:55:00,113512,,2039183,0,,0,,CORRECT_TOTAL_0_2039183
2974662,64,2026-05-22 09:00:00,113512,,2039183,0,,0,,CORRECT_TOTAL_0_2039183
2974663,64,2026-05-22 09:05:00,113512,,2039183,0,,0,,CORRECT_TOTAL_0_2039183
2974664,64,2026-05-22 09:10:00,113512,,2039183,0,,0,,CORRECT_TOTAL_0_2039183
2974665,64,2026-05-22 09:15:00,113512,,2039183,0,,0,,CORRECT_TOTAL_0_2039183
2974666,64,2026-05-22 09:20:00,113512,,2039183,0,,0,,CORRECT_TOTAL_0_2039183
2974667,64,2026-05-22 09:25:00,113512,,2039183,0,,0,,CORRECT_TOTAL_0_2039183
2974668,64,2026-05-22 09:30:00,113512,,2039183,0,,0,,CORRECT_TOTAL_0_2039183
2974669,64,2026-05-22 09:35:00,113512,,2039183,0,,0,,CORRECT_TOTAL_0_2039183
2974670,64,2026-05-22 09:40:00,113512,,2039183,0,,0,,CORRECT_TOTAL_0_2039183
2974671,64,2026-05-22 09:45:00,113512,,2039183,0,,0,,CORRECT_TOTAL_0_2039183
2974672,64,2026-05-22 09:50:00,113512,,2039183,0,,0,,CORRECT_TOTAL_0_2039183
2974673,64,2026-05-22 09:55:00,113526,,2039185,0,,0,,CORRECT_TOTAL_0_2039185
2974674,64,2026-05-22 10:00:00,113547,,2039187,0,,0,,CORRECT_TOTAL_0_2039187
2974675,64,2026-05-22 10:05:00,113567,,2039189,0,,0,,CORRECT_TOTAL_0_2039189
2974676,64,2026-05-22 10:10:00,113587,,2039191,0,,0,,CORRECT_TOTAL_0_2039191
2974677,64,2026-05-22 10:15:00,113607,,2039193,0,,0,,CORRECT_TOTAL_0_2039193
2974678,64,2026-05-22 10:20:00,113628,,2039195,0,,0,,CORRECT_TOTAL_0_2039195
2974679,64,2026-05-22 10:25:00,113648,,2039197,0,,0,,CORRECT_TOTAL_0_2039197
2974680,64,2026-05-22 10:30:00,113667,,2039199,0,,0,,CORRECT_TOTAL_0_2039199
2974681,64,2026-05-22 10:35:00,113667,,2039199,0,,0,,CORRECT_TOTAL_0_2039199
2974682,64,2026-05-22 10:40:00,113667,,2039199,0,,0,,CORRECT_TOTAL_0_2039199
2974683,64,2026-05-22 10:45:00,113667,,2039199,0,,0,,CORRECT_TOTAL_0_2039199
2974684,64,2026-05-22 10:50:00,113667,,2039199,0,,0,,CORRECT_TOTAL_0_2039199
2974685,64,2026-05-22 10:55:00,113667,,2039199,0,,0,,CORRECT_TOTAL_0_2039199
2974686,64,2026-05-22 11:00:00,113667,,2039199,0,,0,,CORRECT_TOTAL_0_2039199
2974687,64,2026-05-22 11:05:00,113667,,2039199,0,,0,,CORRECT_TOTAL_0_2039199
2974688,64,2026-05-22 11:10:00,113667,,2039199,0,,0,,CORRECT_TOTAL_0_2039199
2974689,64,2026-05-22 11:15:00,113667,,2039199,0,,0,,CORRECT_TOTAL_0_2039199
2974690,64,2026-05-22 11:20:00,113667,,2039199,0,,0,,CORRECT_TOTAL_0_2039199
2974691,64,2026-05-22 11:25:00,113667,,2039199,0,,0,,CORRECT_TOTAL_0_2039199
2974692,64,2026-05-22 11:30:00,113667,,2039199,0,,0,,CORRECT_TOTAL_0_2039199
2974693,64,2026-05-22 11:35:00,113667,,2039199,0,,0,,CORRECT_TOTAL_0_2039199
2974694,64,2026-05-22 11:40:00,113667,,2039199,0,,0,,CORRECT_TOTAL_0_2039199
2974695,64,2026-05-22 11:45:00,113667,,2039199,0,,0,,CORRECT_TOTAL_0_2039199
2974696,64,2026-05-22 11:50:00,113667,,2039199,0,,0,,CORRECT_TOTAL_0_2039199
2974697,64,2026-05-22 11:55:00,113667,,2039199,0,,0,,CORRECT_TOTAL_0_2039199
2974698,64,2026-05-22 12:00:00,113667,,2039199,0,,0,,CORRECT_TOTAL_0_2039199
2970127,64,2026-05-22 15:46:00,113667,11367,2039199,263,,0,,CORRECT_TOTAL_11367_2039199
2970138,64,2026-05-22 15:51:00,113667,11367,2039199,0,,0,,CORRECT_TOTAL_11367_2039199
2970145,64,2026-05-22 15:56:00,113667,11367,2039199,0,,0,,CORRECT_TOTAL_11367_2039199
2966400,110,2026-05-20 00:00:00,187680,187680,187680,207,,4175,,KEEP_TOTAL
2966639,110,2026-05-20 01:00:00,187886,187886,187886,206,,4381,,KEEP_TOTAL
2966878,110,2026-05-20 02:00:00,188092,188092,188092,206,,4587,,KEEP_TOTAL
2967117,110,2026-05-20 03:00:00,188299,188299,188299,207,,4794,,KEEP_TOTAL
2967356,110,2026-05-20 04:00:00,188507,188507,188507,208,,0,,KEEP_TOTAL
2967596,110,2026-05-20 05:00:00,188715,188715,188715,208,,208,,KEEP_TOTAL
2967834,110,2026-05-20 06:00:00,188924,188924,188924,209,,417,,KEEP_TOTAL
2968073,110,2026-05-20 07:00:00,189134,189134,189134,210,,627,,KEEP_TOTAL
2968312,110,2026-05-20 08:00:00,189344,189344,189344,210,,837,,KEEP_TOTAL
2968551,110,2026-05-20 09:00:00,189553,189553,189553,209,,1046,,KEEP_TOTAL
2968790,110,2026-05-20 10:00:00,189763,189763,189763,210,,1256,,KEEP_TOTAL
2969029,110,2026-05-20 11:00:00,189974,189974,189974,211,,1467,,KEEP_TOTAL
2969282,110,2026-05-20 12:00:00,190184,190184,190184,210,,1677,,KEEP_TOTAL
2969507,110,2026-05-20 13:00:00,190393,190393,190393,209,,1886,,KEEP_TOTAL
2969746,110,2026-05-20 14:00:00,190602,190602,190602,209,,2095,,KEEP_TOTAL
2970027,110,2026-05-20 15:00:00,190770,190770,190770,168,,2263,,KEEP_TOTAL
2966390,55,2026-05-20 00:00:00,407,407,407,0,,0,,KEEP_TOTAL
2966629,55,2026-05-20 01:00:00,407,407,407,0,,0,,KEEP_TOTAL
2966868,55,2026-05-20 02:00:00,407,407,407,0,,0,,KEEP_TOTAL
2967107,55,2026-05-20 03:00:00,407,407,407,0,,0,,KEEP_TOTAL
2967346,55,2026-05-20 04:00:00,407,407,407,0,,0,,KEEP_TOTAL
2967585,55,2026-05-20 05:00:00,407,407,407,0,,0,,KEEP_TOTAL
2967824,55,2026-05-20 06:00:00,407,407,407,0,,0,,KEEP_TOTAL
2968063,55,2026-05-20 07:00:00,407,407,407,0,,0,,KEEP_TOTAL
2968302,55,2026-05-20 08:00:00,407,407,407,0,,0,,KEEP_TOTAL
2968541,55,2026-05-20 09:00:00,407,407,407,0,,0,,KEEP_TOTAL
2968780,55,2026-05-20 10:00:00,407,407,407,0,,0,,KEEP_TOTAL
2969019,55,2026-05-20 11:00:00,407,407,407,0,,0,,KEEP_TOTAL
2969258,55,2026-05-20 12:00:00,0,407,407,0,,0,,KEEP_TOTAL
2969497,55,2026-05-20 13:00:00,407,407,407,0,,0,,KEEP_TOTAL
2969736,55,2026-05-20 14:00:00,407,407,407,0,,0,,KEEP_TOTAL
2969975,55,2026-05-20 15:00:00,0,407,407,0,,0,,KEEP_TOTAL
2966507,148,2026-05-20 00:00:00,2440,3947,3958,1,,60,,CORRECT_TOTAL_3947_3958
2966746,148,2026-05-20 01:00:00,2443,3949,3961,2,,62,,CORRECT_TOTAL_3949_3961
2966985,148,2026-05-20 02:00:00,2443,3953,3961,4,,66,,CORRECT_TOTAL_3953_3961
2967224,148,2026-05-20 03:00:00,2443,3953,3961,0,,66,,CORRECT_TOTAL_3953_3961
2967463,148,2026-05-20 04:00:00,2440,3958,6401,5,,0,,CORRECT_TOTAL_3958_6401
2967702,148,2026-05-20 05:00:00,2440,3958,6401,0,,0,,CORRECT_TOTAL_3958_6401
2967941,148,2026-05-20 06:00:00,2443,3961,6404,3,,3,,CORRECT_TOTAL_3961_6404
2968180,148,2026-05-20 07:00:00,2443,3961,6404,0,,3,,CORRECT_TOTAL_3961_6404
2968393,148,2026-05-20 08:00:00,2443,3961,6404,0,,3,,CORRECT_TOTAL_3961_6404
2968658,148,2026-05-20 09:00:00,2443,3961,6404,0,,3,,CORRECT_TOTAL_3961_6404
2968897,148,2026-05-20 10:00:00,2443,3961,6404,0,,3,,CORRECT_TOTAL_3961_6404
2969136,148,2026-05-20 11:00:00,2443,3961,6404,0,,3,,CORRECT_TOTAL_3961_6404
2969375,148,2026-05-20 12:00:00,2443,3961,6404,0,,3,,CORRECT_TOTAL_3961_6404
2969614,148,2026-05-20 13:00:00,2443,3961,6404,0,,3,,CORRECT_TOTAL_3961_6404
2969853,148,2026-05-20 14:00:00,2443,3961,6404,0,,3,,CORRECT_TOTAL_3961_6404
2970087,148,2026-05-20 15:00:00,2443,3961,6404,0,,3,,CORRECT_TOTAL_3961_6404
2978127,148,2026-05-20 20:00:00,2460,,6421,0,,0,,CORRECT_TOTAL_0_6421
2978128,148,2026-05-20 21:00:00,2462,,6423,0,,0,,CORRECT_TOTAL_0_6423
2978129,148,2026-05-20 22:00:00,2464,,6425,0,,0,,CORRECT_TOTAL_0_6425
2978130,148,2026-05-20 23:00:00,2474,,6435,0,,0,,CORRECT_TOTAL_0_6435
2978131,148,2026-05-21 00:00:00,2474,,6435,0,,0,,CORRECT_TOTAL_0_6435
2978132,148,2026-05-21 01:00:00,2478,,6439,0,,0,,CORRECT_TOTAL_0_6439
2978133,148,2026-05-21 02:00:00,2480,,6441,0,,0,,CORRECT_TOTAL_0_6441
2978134,148,2026-05-21 03:00:00,2483,,6444,0,,0,,CORRECT_TOTAL_0_6444
2978135,148,2026-05-21 04:00:00,2483,,6444,0,,0,,CORRECT_TOTAL_0_6444
2978136,148,2026-05-21 05:00:00,2483,,6444,0,,0,,CORRECT_TOTAL_0_6444
2978137,148,2026-05-21 06:00:00,2483,,6444,0,,0,,CORRECT_TOTAL_0_6444
2978138,148,2026-05-21 07:00:00,2485,,6446,0,,0,,CORRECT_TOTAL_0_6446
2978139,148,2026-05-21 08:00:00,2488,,6449,0,,0,,CORRECT_TOTAL_0_6449
2978140,148,2026-05-21 09:00:00,2490,,6451,0,,0,,CORRECT_TOTAL_0_6451
2978141,148,2026-05-21 10:00:00,2492,,6453,0,,0,,CORRECT_TOTAL_0_6453
2978142,148,2026-05-21 11:00:00,2492,,6453,0,,0,,CORRECT_TOTAL_0_6453
2978143,148,2026-05-21 12:00:00,2492,,6453,0,,0,,CORRECT_TOTAL_0_6453
2978144,148,2026-05-21 13:00:00,2496,,6457,0,,0,,CORRECT_TOTAL_0_6457
2978145,148,2026-05-21 14:00:00,2496,,6457,0,,0,,CORRECT_TOTAL_0_6457
2978146,148,2026-05-21 15:00:00,2499,,6460,0,,0,,CORRECT_TOTAL_0_6460
2978147,148,2026-05-21 16:00:00,2501,,6462,0,,0,,CORRECT_TOTAL_0_6462
2978148,148,2026-05-21 17:00:00,2501,,6462,0,,0,,CORRECT_TOTAL_0_6462
2978149,148,2026-05-21 18:00:00,2503,,6464,0,,0,,CORRECT_TOTAL_0_6464
2978150,148,2026-05-21 19:00:00,2505,,6466,0,,0,,CORRECT_TOTAL_0_6466
2978151,148,2026-05-21 20:00:00,2511,,6472,0,,0,,CORRECT_TOTAL_0_6472
2978152,148,2026-05-21 21:00:00,2511,,6472,0,,0,,CORRECT_TOTAL_0_6472
2978153,148,2026-05-21 22:00:00,2512,,6473,0,,0,,CORRECT_TOTAL_0_6473
2978154,148,2026-05-21 23:00:00,2520,,6481,0,,0,,CORRECT_TOTAL_0_6481
2978155,148,2026-05-22 00:00:00,2523,,6484,0,,0,,CORRECT_TOTAL_0_6484
2978156,148,2026-05-22 01:00:00,2523,,6484,0,,0,,CORRECT_TOTAL_0_6484
2978157,148,2026-05-22 02:00:00,2525,,6486,0,,0,,CORRECT_TOTAL_0_6486
2978158,148,2026-05-22 03:00:00,2528,,6489,0,,0,,CORRECT_TOTAL_0_6489
2978159,148,2026-05-22 04:00:00,2530,,6491,0,,0,,CORRECT_TOTAL_0_6491
2978160,148,2026-05-22 05:00:00,2530,,6491,0,,0,,CORRECT_TOTAL_0_6491
2978161,148,2026-05-22 06:00:00,2530,,6491,0,,0,,CORRECT_TOTAL_0_6491
2978162,148,2026-05-22 07:00:00,2530,,6491,0,,0,,CORRECT_TOTAL_0_6491
2978163,148,2026-05-22 08:00:00,2533,,6494,0,,0,,CORRECT_TOTAL_0_6494
2978164,148,2026-05-22 09:00:00,2536,,6497,0,,0,,CORRECT_TOTAL_0_6497
2978165,148,2026-05-22 10:00:00,2539,,6500,0,,0,,CORRECT_TOTAL_0_6500
2978166,148,2026-05-22 11:00:00,2539,,6500,0,,0,,CORRECT_TOTAL_0_6500
2978167,148,2026-05-22 12:00:00,2539,,6500,0,,0,,CORRECT_TOTAL_0_6500
2966487,130,2026-05-20 00:00:00,167326,16733,16733,0,,0,,KEEP_TOTAL
2966726,130,2026-05-20 01:00:00,167326,16733,16733,0,,0,,KEEP_TOTAL
2966965,130,2026-05-20 02:00:00,167326,16733,16733,0,,0,,KEEP_TOTAL
2967204,130,2026-05-20 03:00:00,167326,16733,16733,0,,0,,KEEP_TOTAL
2967443,130,2026-05-20 04:00:00,167326,16733,16733,0,,0,,KEEP_TOTAL
2967682,130,2026-05-20 05:00:00,167326,16733,16733,0,,0,,KEEP_TOTAL
2967921,130,2026-05-20 06:00:00,167326,16733,16733,0,,0,,KEEP_TOTAL
2968160,130,2026-05-20 07:00:00,167326,16733,16733,0,,0,,KEEP_TOTAL
2968372,130,2026-05-20 08:00:00,167326,16733,16733,0,,0,,KEEP_TOTAL
2968638,130,2026-05-20 09:00:00,167326,16733,16733,0,,0,,KEEP_TOTAL
2968877,130,2026-05-20 10:00:00,167326,16733,16733,0,,0,,KEEP_TOTAL
2969116,130,2026-05-20 11:00:00,167326,16733,16733,0,,0,,KEEP_TOTAL
2969355,130,2026-05-20 12:00:00,167326,16733,16733,0,,0,,KEEP_TOTAL
2969594,130,2026-05-20 13:00:00,167326,16733,16733,0,,0,,KEEP_TOTAL
2969833,130,2026-05-20 14:00:00,167326,16733,16733,0,,0,,KEEP_TOTAL
2970048,130,2026-05-20 15:00:00,167326,16733,16733,0,,0,,KEEP_TOTAL
2977676,130,2026-05-20 20:00:00,167326,,16733,0,,0,,CORRECT_TOTAL_0_16733
2977677,130,2026-05-20 21:00:00,167326,,16733,0,,0,,CORRECT_TOTAL_0_16733
2977678,130,2026-05-20 22:00:00,167326,,16733,0,,0,,CORRECT_TOTAL_0_16733
2977679,130,2026-05-20 23:00:00,167326,,16733,0,,0,,CORRECT_TOTAL_0_16733
2977680,130,2026-05-21 00:00:00,167326,,16733,0,,0,,CORRECT_TOTAL_0_16733
2977681,130,2026-05-21 01:00:00,167326,,16733,0,,0,,CORRECT_TOTAL_0_16733
2977682,130,2026-05-21 02:00:00,167326,,16733,0,,0,,CORRECT_TOTAL_0_16733
2977683,130,2026-05-21 03:00:00,167326,,16733,0,,0,,CORRECT_TOTAL_0_16733
2977684,130,2026-05-21 04:00:00,167326,,16733,0,,0,,CORRECT_TOTAL_0_16733
2977685,130,2026-05-21 05:00:00,167326,,16733,0,,0,,CORRECT_TOTAL_0_16733
2977686,130,2026-05-21 06:00:00,167326,,16733,0,,0,,CORRECT_TOTAL_0_16733
2977687,130,2026-05-21 07:00:00,167326,,16733,0,,0,,CORRECT_TOTAL_0_16733
2977688,130,2026-05-21 08:00:00,167326,,16733,0,,0,,CORRECT_TOTAL_0_16733
2977689,130,2026-05-21 09:00:00,167326,,16733,0,,0,,CORRECT_TOTAL_0_16733
2977690,130,2026-05-21 10:00:00,167326,,16733,0,,0,,CORRECT_TOTAL_0_16733
2977691,130,2026-05-21 11:00:00,167326,,16733,0,,0,,CORRECT_TOTAL_0_16733
2977692,130,2026-05-21 12:00:00,167326,,16733,0,,0,,CORRECT_TOTAL_0_16733
2977693,130,2026-05-21 13:00:00,167326,,16733,0,,0,,CORRECT_TOTAL_0_16733
2977694,130,2026-05-21 14:00:00,167326,,16733,0,,0,,CORRECT_TOTAL_0_16733
2977695,130,2026-05-21 15:00:00,167326,,16733,0,,0,,CORRECT_TOTAL_0_16733
2977696,130,2026-05-21 16:00:00,167326,,16733,0,,0,,CORRECT_TOTAL_0_16733
2977697,130,2026-05-21 17:00:00,167326,,16733,0,,0,,CORRECT_TOTAL_0_16733
2977698,130,2026-05-21 18:00:00,167326,,16733,0,,0,,CORRECT_TOTAL_0_16733
2977699,130,2026-05-21 19:00:00,167326,,16733,0,,0,,CORRECT_TOTAL_0_16733
2977700,130,2026-05-21 20:00:00,167326,,16733,0,,0,,CORRECT_TOTAL_0_16733
2977701,130,2026-05-21 21:00:00,167326,,16733,0,,0,,CORRECT_TOTAL_0_16733
2977702,130,2026-05-21 22:00:00,167326,,16733,0,,0,,CORRECT_TOTAL_0_16733
2977703,130,2026-05-21 23:00:00,167326,,16733,0,,0,,CORRECT_TOTAL_0_16733
2977704,130,2026-05-22 00:00:00,167326,,16733,0,,0,,CORRECT_TOTAL_0_16733
2977705,130,2026-05-22 01:00:00,167326,,16733,0,,0,,CORRECT_TOTAL_0_16733
2977706,130,2026-05-22 02:00:00,167326,,16733,0,,0,,CORRECT_TOTAL_0_16733
2977707,130,2026-05-22 03:00:00,167326,,16733,0,,0,,CORRECT_TOTAL_0_16733
2977708,130,2026-05-22 04:00:00,167326,,16733,0,,0,,CORRECT_TOTAL_0_16733
2977709,130,2026-05-22 05:00:00,167326,,16733,0,,0,,CORRECT_TOTAL_0_16733
2977710,130,2026-05-22 06:00:00,167326,,16733,0,,0,,CORRECT_TOTAL_0_16733
2977711,130,2026-05-22 07:00:00,167326,,16733,0,,0,,CORRECT_TOTAL_0_16733
2977712,130,2026-05-22 08:00:00,167326,,16733,0,,0,,CORRECT_TOTAL_0_16733
2977713,130,2026-05-22 09:00:00,167326,,16733,0,,0,,CORRECT_TOTAL_0_16733
2977714,130,2026-05-22 10:00:00,167326,,16733,0,,0,,CORRECT_TOTAL_0_16733
2977715,130,2026-05-22 11:00:00,167326,,16733,0,,0,,CORRECT_TOTAL_0_16733
2977716,130,2026-05-22 12:00:00,167326,,16733,0,,0,,CORRECT_TOTAL_0_16733
2966471,129,2026-05-20 00:00:00,18810,37571,37571,0,,0,,KEEP_TOTAL
2966710,129,2026-05-20 01:00:00,18810,37571,37571,0,,0,,KEEP_TOTAL
2966949,129,2026-05-20 02:00:00,18810,37571,37571,0,,0,,KEEP_TOTAL
2967188,129,2026-05-20 03:00:00,18810,37571,37571,0,,0,,KEEP_TOTAL
2967427,129,2026-05-20 04:00:00,18810,37571,37571,0,,0,,KEEP_TOTAL
2967666,129,2026-05-20 05:00:00,18810,37571,37571,0,,0,,KEEP_TOTAL
2967905,129,2026-05-20 06:00:00,18810,37571,37571,0,,0,,KEEP_TOTAL
2968143,129,2026-05-20 07:00:00,18810,37571,37571,0,,0,,KEEP_TOTAL
2968356,129,2026-05-20 08:00:00,18810,37571,37571,0,,0,,KEEP_TOTAL
2968622,129,2026-05-20 09:00:00,18810,37571,37571,0,,0,,KEEP_TOTAL
2968861,129,2026-05-20 10:00:00,18810,37571,37571,0,,0,,KEEP_TOTAL
2969100,129,2026-05-20 11:00:00,18810,37571,37571,0,,0,,KEEP_TOTAL
2969339,129,2026-05-20 12:00:00,18810,37571,37571,0,,0,,KEEP_TOTAL
2969578,129,2026-05-20 13:00:00,18810,37571,37571,0,,0,,KEEP_TOTAL
2969817,129,2026-05-20 14:00:00,18810,37571,37571,0,,0,,KEEP_TOTAL
2970019,129,2026-05-20 15:00:00,18923,37684,37684,113,,113,,KEEP_TOTAL
2966456,27,2026-05-20 00:00:00,1447280,1447280,1447280,0,,0,,KEEP_TOTAL
2966695,27,2026-05-20 01:00:00,1447280,1447280,1447280,0,,0,,KEEP_TOTAL
2966934,27,2026-05-20 02:00:00,1447280,1447280,1447280,0,,0,,KEEP_TOTAL
2967173,27,2026-05-20 03:00:00,1447280,1447280,1447280,0,,0,,KEEP_TOTAL
2967412,27,2026-05-20 04:00:00,1447280,1447280,1447280,0,,0,,KEEP_TOTAL
2967651,27,2026-05-20 05:00:00,1447280,1447280,1447280,0,,0,,KEEP_TOTAL
2967890,27,2026-05-20 06:00:00,1447280,1447280,1447280,0,,0,,KEEP_TOTAL
2968129,27,2026-05-20 07:00:00,1447280,1447280,1447280,0,,0,,KEEP_TOTAL
2968340,27,2026-05-20 08:00:00,1447280,1447280,1447280,0,,0,,KEEP_TOTAL
2968607,27,2026-05-20 09:00:00,1447280,1447280,1447280,0,,0,,KEEP_TOTAL
2968846,27,2026-05-20 10:00:00,1447280,1447280,1447280,0,,0,,KEEP_TOTAL
2969086,27,2026-05-20 11:00:00,1447280,1447280,1447280,0,,0,,KEEP_TOTAL
2969324,27,2026-05-20 12:00:00,1447280,1447280,1447280,0,,0,,KEEP_TOTAL
2969563,27,2026-05-20 13:00:00,1447280,1447280,1447280,0,,0,,KEEP_TOTAL
2969802,27,2026-05-20 14:00:00,1447280,1447280,1447280,0,,0,,KEEP_TOTAL
2970003,27,2026-05-20 15:00:00,1447280,1447280,1447280,0,,0,,KEEP_TOTAL
2966467,23,2026-05-20 00:00:00,4,4,4,0,,0,,KEEP_TOTAL
2966706,23,2026-05-20 01:00:00,4,4,4,0,,0,,KEEP_TOTAL
2966945,23,2026-05-20 02:00:00,4,4,4,0,,0,,KEEP_TOTAL
2967184,23,2026-05-20 03:00:00,4,4,4,0,,0,,KEEP_TOTAL
2967423,23,2026-05-20 04:00:00,4,4,4,0,,0,,KEEP_TOTAL
2967662,23,2026-05-20 05:00:00,4,4,4,0,,0,,KEEP_TOTAL
2967900,23,2026-05-20 06:00:00,4,4,4,0,,0,,KEEP_TOTAL
2968139,23,2026-05-20 07:00:00,4,4,4,0,,0,,KEEP_TOTAL
2968352,23,2026-05-20 08:00:00,4,4,4,0,,0,,KEEP_TOTAL
2968618,23,2026-05-20 09:00:00,4,4,4,0,,0,,KEEP_TOTAL
2968857,23,2026-05-20 10:00:00,4,4,4,0,,0,,KEEP_TOTAL
2969096,23,2026-05-20 11:00:00,4,4,4,0,,0,,KEEP_TOTAL
2969335,23,2026-05-20 12:00:00,4,4,4,0,,0,,KEEP_TOTAL
2969574,23,2026-05-20 13:00:00,4,4,4,0,,0,,KEEP_TOTAL
2969813,23,2026-05-20 14:00:00,4,4,4,0,,0,,KEEP_TOTAL
2970015,23,2026-05-20 15:00:00,4,4,4,0,,0,,KEEP_TOTAL
2966518,203,2026-05-20 00:00:00,9602,9602,9602,0,,0,,KEEP_TOTAL
2966757,203,2026-05-20 01:00:00,9602,9602,9602,0,,0,,KEEP_TOTAL
2966996,203,2026-05-20 02:00:00,9602,9602,9602,0,,0,,KEEP_TOTAL
2967235,203,2026-05-20 03:00:00,9602,9602,9602,0,,0,,KEEP_TOTAL
2967474,203,2026-05-20 04:00:00,9602,9602,9602,0,,0,,KEEP_TOTAL
2967713,203,2026-05-20 05:00:00,9602,9602,9602,0,,0,,KEEP_TOTAL
2967952,203,2026-05-20 06:00:00,9602,9602,9602,0,,0,,KEEP_TOTAL
2968191,203,2026-05-20 07:00:00,9602,9602,9602,0,,0,,KEEP_TOTAL
2968404,203,2026-05-20 08:00:00,9602,9602,9602,0,,0,,KEEP_TOTAL
2968669,203,2026-05-20 09:00:00,9602,9602,9602,0,,0,,KEEP_TOTAL
2968908,203,2026-05-20 10:00:00,9602,9602,9602,0,,0,,KEEP_TOTAL
2969147,203,2026-05-20 11:00:00,9602,9602,9602,0,,0,,KEEP_TOTAL
2969386,203,2026-05-20 12:00:00,9602,9602,9602,0,,0,,KEEP_TOTAL
2969625,203,2026-05-20 13:00:00,9602,9602,9602,0,,0,,KEEP_TOTAL
2969864,203,2026-05-20 14:00:00,9602,9602,9602,0,,0,,KEEP_TOTAL
2970103,203,2026-05-20 15:00:00,9602,9602,9602,0,,0,,KEEP_TOTAL
2978782,203,2026-05-20 20:00:00,9602,,9602,0,,0,,CORRECT_TOTAL_0_9602
2978783,203,2026-05-20 21:00:00,9602,,9602,0,,0,,CORRECT_TOTAL_0_9602
2978784,203,2026-05-20 22:00:00,9602,,9602,0,,0,,CORRECT_TOTAL_0_9602
2978785,203,2026-05-20 23:00:00,9602,,9602,0,,0,,CORRECT_TOTAL_0_9602
2978786,203,2026-05-21 00:00:00,9602,,9602,0,,0,,CORRECT_TOTAL_0_9602
2978787,203,2026-05-21 01:00:00,9602,,9602,0,,0,,CORRECT_TOTAL_0_9602
2978788,203,2026-05-21 02:00:00,9602,,9602,0,,0,,CORRECT_TOTAL_0_9602
2978789,203,2026-05-21 03:00:00,9602,,9602,0,,0,,CORRECT_TOTAL_0_9602
2978790,203,2026-05-21 04:00:00,9602,,9602,0,,0,,CORRECT_TOTAL_0_9602
2978791,203,2026-05-21 05:00:00,9602,,9602,0,,0,,CORRECT_TOTAL_0_9602
2978792,203,2026-05-21 06:00:00,9602,,9602,0,,0,,CORRECT_TOTAL_0_9602
2978793,203,2026-05-21 07:00:00,9602,,9602,0,,0,,CORRECT_TOTAL_0_9602
2978794,203,2026-05-21 08:00:00,9602,,9602,0,,0,,CORRECT_TOTAL_0_9602
2978795,203,2026-05-21 09:00:00,9602,,9602,0,,0,,CORRECT_TOTAL_0_9602
2978796,203,2026-05-21 10:00:00,9602,,9602,0,,0,,CORRECT_TOTAL_0_9602
2978797,203,2026-05-21 11:00:00,9602,,9602,0,,0,,CORRECT_TOTAL_0_9602
2978798,203,2026-05-21 12:00:00,9602,,9602,0,,0,,CORRECT_TOTAL_0_9602
2978799,203,2026-05-21 13:00:00,9602,,9602,0,,0,,CORRECT_TOTAL_0_9602
2978800,203,2026-05-21 14:00:00,9602,,9602,0,,0,,CORRECT_TOTAL_0_9602
2978801,203,2026-05-21 15:00:00,9602,,9602,0,,0,,CORRECT_TOTAL_0_9602
2978802,203,2026-05-21 16:00:00,9602,,9602,0,,0,,CORRECT_TOTAL_0_9602
2978803,203,2026-05-21 17:00:00,9602,,9602,0,,0,,CORRECT_TOTAL_0_9602
2978804,203,2026-05-21 18:00:00,9602,,9602,0,,0,,CORRECT_TOTAL_0_9602
2978805,203,2026-05-21 19:00:00,9602,,9602,0,,0,,CORRECT_TOTAL_0_9602
2978806,203,2026-05-21 20:00:00,9602,,9602,0,,0,,CORRECT_TOTAL_0_9602
2978807,203,2026-05-21 21:00:00,9602,,9602,0,,0,,CORRECT_TOTAL_0_9602
2978808,203,2026-05-21 22:00:00,9602,,9602,0,,0,,CORRECT_TOTAL_0_9602
2978809,203,2026-05-21 23:00:00,9602,,9602,0,,0,,CORRECT_TOTAL_0_9602
2978810,203,2026-05-22 00:00:00,9602,,9602,0,,0,,CORRECT_TOTAL_0_9602
2978811,203,2026-05-22 01:00:00,9602,,9602,0,,0,,CORRECT_TOTAL_0_9602
2978812,203,2026-05-22 02:00:00,9602,,9602,0,,0,,CORRECT_TOTAL_0_9602
2978813,203,2026-05-22 03:00:00,9602,,9602,0,,0,,CORRECT_TOTAL_0_9602
2978814,203,2026-05-22 04:00:00,9602,,9602,0,,0,,CORRECT_TOTAL_0_9602
2978815,203,2026-05-22 05:00:00,9602,,9602,0,,0,,CORRECT_TOTAL_0_9602
2978816,203,2026-05-22 06:00:00,9602,,9602,0,,0,,CORRECT_TOTAL_0_9602
2978817,203,2026-05-22 07:00:00,9602,,9602,0,,0,,CORRECT_TOTAL_0_9602
2978818,203,2026-05-22 08:00:00,9602,,9602,0,,0,,CORRECT_TOTAL_0_9602
2978819,203,2026-05-22 09:00:00,9602,,9602,0,,0,,CORRECT_TOTAL_0_9602
2978820,203,2026-05-22 10:00:00,9602,,9602,0,,0,,CORRECT_TOTAL_0_9602
2978821,203,2026-05-22 11:00:00,9602,,9602,0,,0,,CORRECT_TOTAL_0_9602
2978822,203,2026-05-22 12:00:00,9602,,9602,0,,0,,CORRECT_TOTAL_0_9602
2966441,58,2026-05-20 00:00:00,608367,608367,608367,0,,808,,KEEP_TOTAL
2966680,58,2026-05-20 01:00:00,608367,608367,608367,0,,808,,KEEP_TOTAL
2966919,58,2026-05-20 02:00:00,608367,608367,608367,0,,808,,KEEP_TOTAL
2967158,58,2026-05-20 03:00:00,608367,608367,608367,0,,808,,KEEP_TOTAL
2967397,58,2026-05-20 04:00:00,608367,608367,608367,0,,0,,KEEP_TOTAL
2967619,58,2026-05-20 05:00:00,608393,608393,608393,26,,26,,KEEP_TOTAL
2967875,58,2026-05-20 06:00:00,608418,608418,608418,25,,51,,KEEP_TOTAL
2968114,58,2026-05-20 07:00:00,608445,608445,608445,27,,78,,KEEP_TOTAL
2968324,58,2026-05-20 08:00:00,608469,608469,608469,24,,102,,KEEP_TOTAL
2968592,58,2026-05-20 09:00:00,608489,608489,608489,20,,122,,KEEP_TOTAL
2968831,58,2026-05-20 10:00:00,608551,608551,608551,62,,184,,KEEP_TOTAL
2969070,58,2026-05-20 11:00:00,608590,608590,608590,39,,223,,KEEP_TOTAL
2969271,58,2026-05-20 12:00:00,608625,608625,608625,35,,258,,KEEP_TOTAL
2969548,58,2026-05-20 13:00:00,608645,608645,608645,20,,278,,KEEP_TOTAL
2969787,58,2026-05-20 14:00:00,608729,608729,608729,84,,362,,KEEP_TOTAL
2969984,58,2026-05-20 15:00:00,608811,608811,608811,82,,444,,KEEP_TOTAL
2966482,8,2026-05-20 00:00:00,31498,5323,5323,0,,0,,KEEP_TOTAL
2966721,8,2026-05-20 01:00:00,31498,5323,5323,0,,0,,KEEP_TOTAL
2966959,8,2026-05-20 02:00:00,31498,5323,5323,0,,0,,KEEP_TOTAL
2967200,8,2026-05-20 03:00:00,31498,5323,5323,0,,0,,KEEP_TOTAL
2967438,8,2026-05-20 04:00:00,31498,5323,5323,0,,0,,KEEP_TOTAL
2967677,8,2026-05-20 05:00:00,31498,5323,5323,0,,0,,KEEP_TOTAL
2967916,8,2026-05-20 06:00:00,31498,5323,5323,0,,0,,KEEP_TOTAL
2968155,8,2026-05-20 07:00:00,31498,5323,5323,0,,0,,KEEP_TOTAL
2968367,8,2026-05-20 08:00:00,31498,5323,5323,0,,0,,KEEP_TOTAL
2968633,8,2026-05-20 09:00:00,31498,5323,5323,0,,0,,KEEP_TOTAL
2968872,8,2026-05-20 10:00:00,31498,5323,5323,0,,0,,KEEP_TOTAL
2969111,8,2026-05-20 11:00:00,31498,5323,5323,0,,0,,KEEP_TOTAL
2969350,8,2026-05-20 12:00:00,31498,5323,5323,0,,0,,KEEP_TOTAL
2969589,8,2026-05-20 13:00:00,31498,5323,5323,0,,0,,KEEP_TOTAL
2969828,8,2026-05-20 14:00:00,31498,5323,5323,0,,0,,KEEP_TOTAL
2970040,8,2026-05-20 15:00:00,31498,5323,5323,0,,0,,KEEP_TOTAL
2966483,87,2026-05-20 00:00:00,7620,203982,204141,96,,1165,,CORRECT_TOTAL_203982_204141
2966723,87,2026-05-20 01:00:00,7685,204033,204206,51,,1216,,CORRECT_TOTAL_204033_204206
2966961,87,2026-05-20 02:00:00,7726,204061,204247,28,,1244,,CORRECT_TOTAL_204061_204247
2967202,87,2026-05-20 03:00:00,7776,204073,204297,12,,1256,,CORRECT_TOTAL_204073_204297
2967440,87,2026-05-20 04:00:00,7585,204106,211882,33,,0,,CORRECT_TOTAL_204106_211882
2967679,87,2026-05-20 05:00:00,7635,204156,211932,50,,50,,CORRECT_TOTAL_204156_211932
2967918,87,2026-05-20 06:00:00,7688,204209,211985,53,,103,,CORRECT_TOTAL_204209_211985
2968157,87,2026-05-20 07:00:00,7735,204256,212032,47,,150,,CORRECT_TOTAL_204256_212032
2968369,87,2026-05-20 08:00:00,7785,204306,212082,50,,200,,CORRECT_TOTAL_204306_212082
2968634,87,2026-05-20 09:00:00,7826,204347,212123,41,,241,,CORRECT_TOTAL_204347_212123
2968874,87,2026-05-20 10:00:00,7887,204408,212184,61,,302,,CORRECT_TOTAL_204408_212184
2969113,87,2026-05-20 11:00:00,7968,204489,212265,81,,383,,CORRECT_TOTAL_204489_212265
2969352,87,2026-05-20 12:00:00,8025,204546,212322,57,,440,,CORRECT_TOTAL_204546_212322
2969590,87,2026-05-20 13:00:00,8077,204598,212374,52,,492,,CORRECT_TOTAL_204598_212374
2969830,87,2026-05-20 14:00:00,8121,204642,212418,44,,536,,CORRECT_TOTAL_204642_212418
2970043,87,2026-05-20 15:00:00,8174,204695,212471,53,,589,,CORRECT_TOTAL_204695_212471
2978619,87,2026-05-20 20:00:00,8796,,213093,0,,0,,CORRECT_TOTAL_0_213093
2978620,87,2026-05-20 21:00:00,8928,,213225,0,,0,,CORRECT_TOTAL_0_213225
2978621,87,2026-05-20 22:00:00,9014,,213311,0,,0,,CORRECT_TOTAL_0_213311
2978622,87,2026-05-20 23:00:00,9090,,213387,0,,0,,CORRECT_TOTAL_0_213387
2978623,87,2026-05-21 00:00:00,9120,,213417,0,,0,,CORRECT_TOTAL_0_213417
2978624,87,2026-05-21 01:00:00,9166,,213463,0,,0,,CORRECT_TOTAL_0_213463
2978625,87,2026-05-21 02:00:00,9210,,213507,0,,0,,CORRECT_TOTAL_0_213507
2978626,87,2026-05-21 03:00:00,9237,,213534,0,,0,,CORRECT_TOTAL_0_213534
2978627,87,2026-05-21 04:00:00,9276,,213573,0,,0,,CORRECT_TOTAL_0_213573
2978628,87,2026-05-21 05:00:00,9335,,213632,0,,0,,CORRECT_TOTAL_0_213632
2978629,87,2026-05-21 06:00:00,9390,,213687,0,,0,,CORRECT_TOTAL_0_213687
2978630,87,2026-05-21 07:00:00,9442,,213739,0,,0,,CORRECT_TOTAL_0_213739
2978631,87,2026-05-21 08:00:00,9471,,213768,0,,0,,CORRECT_TOTAL_0_213768
2978632,87,2026-05-21 09:00:00,9498,,213795,0,,0,,CORRECT_TOTAL_0_213795
2978633,87,2026-05-21 10:00:00,9525,,213822,0,,0,,CORRECT_TOTAL_0_213822
2978634,87,2026-05-21 11:00:00,9537,,213834,0,,0,,CORRECT_TOTAL_0_213834
2978635,87,2026-05-21 12:00:00,9556,,213853,0,,0,,CORRECT_TOTAL_0_213853
2978636,87,2026-05-21 13:00:00,9572,,213869,0,,0,,CORRECT_TOTAL_0_213869
2978637,87,2026-05-21 14:00:00,9584,,213881,0,,0,,CORRECT_TOTAL_0_213881
2978638,87,2026-05-21 15:00:00,9615,,213912,0,,0,,CORRECT_TOTAL_0_213912
2978639,87,2026-05-21 16:00:00,9644,,213941,0,,0,,CORRECT_TOTAL_0_213941
2978640,87,2026-05-21 17:00:00,9657,,213954,0,,0,,CORRECT_TOTAL_0_213954
2978641,87,2026-05-21 18:00:00,9687,,213984,0,,0,,CORRECT_TOTAL_0_213984
2978642,87,2026-05-21 19:00:00,9734,,214031,0,,0,,CORRECT_TOTAL_0_214031
2978643,87,2026-05-21 20:00:00,9778,,214075,0,,0,,CORRECT_TOTAL_0_214075
2978644,87,2026-05-21 21:00:00,9791,,214088,0,,0,,CORRECT_TOTAL_0_214088
2978645,87,2026-05-21 22:00:00,9802,,214099,0,,0,,CORRECT_TOTAL_0_214099
2978646,87,2026-05-21 23:00:00,9814,,214111,0,,0,,CORRECT_TOTAL_0_214111
2978647,87,2026-05-22 00:00:00,9859,,214156,0,,0,,CORRECT_TOTAL_0_214156
2978648,87,2026-05-22 01:00:00,9889,,214186,0,,0,,CORRECT_TOTAL_0_214186
2978649,87,2026-05-22 02:00:00,9933,,214230,0,,0,,CORRECT_TOTAL_0_214230
2978650,87,2026-05-22 03:00:00,9961,,214258,0,,0,,CORRECT_TOTAL_0_214258
2978651,87,2026-05-22 04:00:00,9992,,214289,0,,0,,CORRECT_TOTAL_0_214289
2978652,87,2026-05-22 05:00:00,10041,,214338,0,,0,,CORRECT_TOTAL_0_214338
2978653,87,2026-05-22 06:00:00,10110,,214407,0,,0,,CORRECT_TOTAL_0_214407
2978654,87,2026-05-22 07:00:00,10179,,214476,0,,0,,CORRECT_TOTAL_0_214476
2978655,87,2026-05-22 08:00:00,10226,,214523,0,,0,,CORRECT_TOTAL_0_214523
2978656,87,2026-05-22 09:00:00,10270,,214567,0,,0,,CORRECT_TOTAL_0_214567
2978657,87,2026-05-22 10:00:00,10327,,214624,0,,0,,CORRECT_TOTAL_0_214624
2978658,87,2026-05-22 11:00:00,10353,,214650,0,,0,,CORRECT_TOTAL_0_214650
2978659,87,2026-05-22 12:00:00,10353,,214650,0,,0,,CORRECT_TOTAL_0_214650
2966500,184,2026-05-20 00:00:00,299935,29994,29994,0,,38,,KEEP_TOTAL
2966739,184,2026-05-20 01:00:00,299935,29994,29994,0,,38,,KEEP_TOTAL
2966978,184,2026-05-20 02:00:00,299935,29994,29994,0,,38,,KEEP_TOTAL
2967217,184,2026-05-20 03:00:00,299935,29994,29994,0,,38,,KEEP_TOTAL
2967456,184,2026-05-20 04:00:00,299935,29994,29994,0,,0,,KEEP_TOTAL
2967695,184,2026-05-20 05:00:00,299935,29994,29994,0,,0,,KEEP_TOTAL
2967934,184,2026-05-20 06:00:00,299935,29994,29994,0,,0,,KEEP_TOTAL
2968173,184,2026-05-20 07:00:00,299935,29994,29994,0,,0,,KEEP_TOTAL
2968386,184,2026-05-20 08:00:00,299935,29994,29994,0,,0,,KEEP_TOTAL
2968651,184,2026-05-20 09:00:00,299935,29994,29994,0,,0,,KEEP_TOTAL
2968890,184,2026-05-20 10:00:00,299935,29994,29994,0,,0,,KEEP_TOTAL
2969129,184,2026-05-20 11:00:00,299935,29994,29994,0,,0,,KEEP_TOTAL
2969368,184,2026-05-20 12:00:00,299935,29994,29994,0,,0,,KEEP_TOTAL
2969607,184,2026-05-20 13:00:00,299935,29994,29994,0,,0,,KEEP_TOTAL
2969846,184,2026-05-20 14:00:00,299935,29994,29994,0,,0,,KEEP_TOTAL
2970068,184,2026-05-20 15:00:00,299935,29994,29994,0,,0,,KEEP_TOTAL
2978291,184,2026-05-20 20:00:00,300149,,30015,0,,0,,CORRECT_TOTAL_0_30015
2978292,184,2026-05-20 21:00:00,300149,,30015,0,,0,,CORRECT_TOTAL_0_30015
2978293,184,2026-05-20 22:00:00,300149,,30015,0,,0,,CORRECT_TOTAL_0_30015
2978294,184,2026-05-20 23:00:00,300149,,30015,0,,0,,CORRECT_TOTAL_0_30015
2978295,184,2026-05-21 00:00:00,300149,,30015,0,,0,,CORRECT_TOTAL_0_30015
2978296,184,2026-05-21 01:00:00,300149,,30015,0,,0,,CORRECT_TOTAL_0_30015
2978297,184,2026-05-21 02:00:00,300149,,30015,0,,0,,CORRECT_TOTAL_0_30015
2978298,184,2026-05-21 03:00:00,300149,,30015,0,,0,,CORRECT_TOTAL_0_30015
2978299,184,2026-05-21 04:00:00,300149,,30015,0,,0,,CORRECT_TOTAL_0_30015
2978300,184,2026-05-21 05:00:00,300149,,30015,0,,0,,CORRECT_TOTAL_0_30015
2978301,184,2026-05-21 06:00:00,300149,,30015,0,,0,,CORRECT_TOTAL_0_30015
2978302,184,2026-05-21 07:00:00,300149,,30015,0,,0,,CORRECT_TOTAL_0_30015
2978303,184,2026-05-21 08:00:00,300149,,30015,0,,0,,CORRECT_TOTAL_0_30015
2978304,184,2026-05-21 09:00:00,300149,,30015,0,,0,,CORRECT_TOTAL_0_30015
2978305,184,2026-05-21 10:00:00,300149,,30015,0,,0,,CORRECT_TOTAL_0_30015
2978306,184,2026-05-21 11:00:00,300149,,30015,0,,0,,CORRECT_TOTAL_0_30015
2978307,184,2026-05-21 12:00:00,300149,,30015,0,,0,,CORRECT_TOTAL_0_30015
2978308,184,2026-05-21 13:00:00,300149,,30015,0,,0,,CORRECT_TOTAL_0_30015
2978309,184,2026-05-21 14:00:00,300149,,30015,0,,0,,CORRECT_TOTAL_0_30015
2978310,184,2026-05-21 15:00:00,300149,,30015,0,,0,,CORRECT_TOTAL_0_30015
2978311,184,2026-05-21 16:00:00,300149,,30015,0,,0,,CORRECT_TOTAL_0_30015
2978312,184,2026-05-21 17:00:00,300149,,30015,0,,0,,CORRECT_TOTAL_0_30015
2978313,184,2026-05-21 18:00:00,300149,,30015,0,,0,,CORRECT_TOTAL_0_30015
2978314,184,2026-05-21 19:00:00,300149,,30015,0,,0,,CORRECT_TOTAL_0_30015
2978315,184,2026-05-21 20:00:00,300149,,30015,0,,0,,CORRECT_TOTAL_0_30015
2978316,184,2026-05-21 21:00:00,300149,,30015,0,,0,,CORRECT_TOTAL_0_30015
2978317,184,2026-05-21 22:00:00,300149,,30015,0,,0,,CORRECT_TOTAL_0_30015
2978318,184,2026-05-21 23:00:00,300149,,30015,0,,0,,CORRECT_TOTAL_0_30015
2978319,184,2026-05-22 00:00:00,300149,,30015,0,,0,,CORRECT_TOTAL_0_30015
2978320,184,2026-05-22 01:00:00,300149,,30015,0,,0,,CORRECT_TOTAL_0_30015
2978321,184,2026-05-22 02:00:00,300149,,30015,0,,0,,CORRECT_TOTAL_0_30015
2978322,184,2026-05-22 03:00:00,300149,,30015,0,,0,,CORRECT_TOTAL_0_30015
2978323,184,2026-05-22 04:00:00,300149,,30015,0,,0,,CORRECT_TOTAL_0_30015
2978324,184,2026-05-22 05:00:00,300149,,30015,0,,0,,CORRECT_TOTAL_0_30015
2978325,184,2026-05-22 06:00:00,300149,,30015,0,,0,,CORRECT_TOTAL_0_30015
2978326,184,2026-05-22 07:00:00,300149,,30015,0,,0,,CORRECT_TOTAL_0_30015
2978327,184,2026-05-22 08:00:00,300149,,30015,0,,0,,CORRECT_TOTAL_0_30015
2978328,184,2026-05-22 09:00:00,300149,,30015,0,,0,,CORRECT_TOTAL_0_30015
2978329,184,2026-05-22 10:00:00,300149,,30015,0,,0,,CORRECT_TOTAL_0_30015
2978330,184,2026-05-22 11:00:00,300149,,30015,0,,0,,CORRECT_TOTAL_0_30015
2978331,184,2026-05-22 12:00:00,300149,,30015,0,,0,,CORRECT_TOTAL_0_30015
2966412,116,2026-05-20 00:00:00,23078,23078,23078,0,,0,,KEEP_TOTAL
2966651,116,2026-05-20 01:00:00,23078,23078,23078,0,,0,,KEEP_TOTAL
2966890,116,2026-05-20 02:00:00,23078,23078,23078,0,,0,,KEEP_TOTAL
2967129,116,2026-05-20 03:00:00,23078,23078,23078,0,,0,,KEEP_TOTAL
2967368,116,2026-05-20 04:00:00,23078,23078,23078,0,,0,,KEEP_TOTAL
2967608,116,2026-05-20 05:00:00,23078,23078,23078,0,,0,,KEEP_TOTAL
2967846,116,2026-05-20 06:00:00,23078,23078,23078,0,,0,,KEEP_TOTAL
2968085,116,2026-05-20 07:00:00,23078,23078,23078,0,,0,,KEEP_TOTAL
2968420,116,2026-05-20 08:00:00,23078,23078,23078,0,,0,,KEEP_TOTAL
2968563,116,2026-05-20 09:00:00,23078,23078,23078,0,,0,,KEEP_TOTAL
2968802,116,2026-05-20 10:00:00,23078,23078,23078,0,,0,,KEEP_TOTAL
2969041,116,2026-05-20 11:00:00,23078,23078,23078,0,,0,,KEEP_TOTAL
2969296,116,2026-05-20 12:00:00,23078,23078,23078,0,,0,,KEEP_TOTAL
2969519,116,2026-05-20 13:00:00,23078,23078,23078,0,,0,,KEEP_TOTAL
2969758,116,2026-05-20 14:00:00,23078,23078,23078,0,,0,,KEEP_TOTAL
2970059,116,2026-05-20 15:00:00,23078,23078,23078,0,,0,,KEEP_TOTAL
2966410,80,2026-05-20 00:00:00,62,62,62,0,,0,,KEEP_TOTAL
2966649,80,2026-05-20 01:00:00,62,62,62,0,,0,,KEEP_TOTAL
2966888,80,2026-05-20 02:00:00,62,62,62,0,,0,,KEEP_TOTAL
2967127,80,2026-05-20 03:00:00,62,62,62,0,,0,,KEEP_TOTAL
2967366,80,2026-05-20 04:00:00,62,62,62,0,,0,,KEEP_TOTAL
2967606,80,2026-05-20 05:00:00,62,62,62,0,,0,,KEEP_TOTAL
2967844,80,2026-05-20 06:00:00,62,62,62,0,,0,,KEEP_TOTAL
2968083,80,2026-05-20 07:00:00,62,62,62,0,,0,,KEEP_TOTAL
2968417,80,2026-05-20 08:00:00,0,62,62,0,,0,,KEEP_TOTAL
2968556,80,2026-05-20 09:00:00,62,124,62,62,,62,,CORRECT_TOTAL_124_62
2968795,80,2026-05-20 10:00:00,62,124,62,0,,62,,CORRECT_TOTAL_124_62
2969034,80,2026-05-20 11:00:00,62,124,62,0,,62,,CORRECT_TOTAL_124_62
2969288,80,2026-05-20 12:00:00,62,124,62,0,,62,,CORRECT_TOTAL_124_62
2969512,80,2026-05-20 13:00:00,62,124,62,0,,62,,CORRECT_TOTAL_124_62
2969751,80,2026-05-20 14:00:00,62,124,62,0,,62,,CORRECT_TOTAL_124_62
2970033,80,2026-05-20 15:00:00,62,124,62,0,,62,,CORRECT_TOTAL_124_62
2975408,146,2026-05-20 00:00:00,663,,674,0,,0,,CORRECT_TOTAL_0_674
2966387,146,2026-05-20 00:01:00,663,674,674,0,,90,,KEEP_TOTAL
2975409,146,2026-05-20 00:05:00,663,,674,0,,0,,CORRECT_TOTAL_0_674
2966481,146,2026-05-20 00:06:00,663,674,674,0,,90,,KEEP_TOTAL
2975410,146,2026-05-20 00:10:00,663,,674,0,,0,,CORRECT_TOTAL_0_674
2966536,146,2026-05-20 00:11:00,663,674,674,0,,90,,KEEP_TOTAL
2975411,146,2026-05-20 00:15:00,663,,674,0,,0,,CORRECT_TOTAL_0_674
2966543,146,2026-05-20 00:16:00,663,674,674,0,,90,,KEEP_TOTAL
2975412,146,2026-05-20 00:20:00,663,,674,0,,0,,CORRECT_TOTAL_0_674
2966554,146,2026-05-20 00:21:00,663,674,674,0,,90,,KEEP_TOTAL
2975413,146,2026-05-20 00:25:00,663,,674,0,,0,,CORRECT_TOTAL_0_674
2966561,146,2026-05-20 00:26:00,663,674,674,0,,90,,KEEP_TOTAL
2975414,146,2026-05-20 00:30:00,663,,674,0,,0,,CORRECT_TOTAL_0_674
2966572,146,2026-05-20 00:31:00,663,674,674,0,,90,,KEEP_TOTAL
2975415,146,2026-05-20 00:35:00,663,,674,0,,0,,CORRECT_TOTAL_0_674
2966579,146,2026-05-20 00:36:00,663,674,674,0,,90,,KEEP_TOTAL
2975416,146,2026-05-20 00:40:00,663,,674,0,,0,,CORRECT_TOTAL_0_674
2966590,146,2026-05-20 00:41:00,663,674,674,0,,90,,KEEP_TOTAL
2975417,146,2026-05-20 00:45:00,663,,674,0,,0,,CORRECT_TOTAL_0_674
2966597,146,2026-05-20 00:46:00,663,674,674,0,,90,,KEEP_TOTAL
2975418,146,2026-05-20 00:50:00,663,,674,0,,0,,CORRECT_TOTAL_0_674
2966608,146,2026-05-20 00:51:00,663,674,674,0,,90,,KEEP_TOTAL
2975419,146,2026-05-20 00:55:00,663,,674,0,,0,,CORRECT_TOTAL_0_674
2966615,146,2026-05-20 00:56:00,663,674,674,0,,90,,KEEP_TOTAL
2975420,146,2026-05-20 01:00:00,663,,674,0,,0,,CORRECT_TOTAL_0_674
2966626,146,2026-05-20 01:01:00,663,674,674,0,,90,,KEEP_TOTAL
2975421,146,2026-05-20 01:05:00,663,,674,0,,0,,CORRECT_TOTAL_0_674
2966719,146,2026-05-20 01:06:00,663,674,674,0,,90,,KEEP_TOTAL
2975422,146,2026-05-20 01:10:00,663,,674,0,,0,,CORRECT_TOTAL_0_674
2966775,146,2026-05-20 01:11:00,663,674,674,0,,90,,KEEP_TOTAL
2975423,146,2026-05-20 01:15:00,663,,674,0,,0,,CORRECT_TOTAL_0_674
2966782,146,2026-05-20 01:16:00,663,674,674,0,,90,,KEEP_TOTAL
2975424,146,2026-05-20 01:20:00,663,,674,0,,0,,CORRECT_TOTAL_0_674
2966793,146,2026-05-20 01:21:00,663,674,674,0,,90,,KEEP_TOTAL
2975425,146,2026-05-20 01:25:00,663,,674,0,,0,,CORRECT_TOTAL_0_674
2966800,146,2026-05-20 01:26:00,663,674,674,0,,90,,KEEP_TOTAL
2975426,146,2026-05-20 01:30:00,663,,674,0,,0,,CORRECT_TOTAL_0_674
2966811,146,2026-05-20 01:31:00,663,674,674,0,,90,,KEEP_TOTAL
2975427,146,2026-05-20 01:35:00,663,,674,0,,0,,CORRECT_TOTAL_0_674
2966818,146,2026-05-20 01:36:00,663,674,674,0,,90,,KEEP_TOTAL
2975428,146,2026-05-20 01:40:00,663,,674,0,,0,,CORRECT_TOTAL_0_674
2966829,146,2026-05-20 01:41:00,663,674,674,0,,90,,KEEP_TOTAL
2975429,146,2026-05-20 01:45:00,663,,674,0,,0,,CORRECT_TOTAL_0_674
2966836,146,2026-05-20 01:46:00,663,674,674,0,,90,,KEEP_TOTAL
2975430,146,2026-05-20 01:50:00,663,,674,0,,0,,CORRECT_TOTAL_0_674
2966847,146,2026-05-20 01:51:00,663,674,674,0,,90,,KEEP_TOTAL
2975431,146,2026-05-20 01:55:00,663,,674,0,,0,,CORRECT_TOTAL_0_674
2966854,146,2026-05-20 01:56:00,663,674,674,0,,90,,KEEP_TOTAL
2975432,146,2026-05-20 02:00:00,663,,674,0,,0,,CORRECT_TOTAL_0_674
2966865,146,2026-05-20 02:01:00,663,674,674,0,,90,,KEEP_TOTAL
2975433,146,2026-05-20 02:05:00,663,,674,0,,0,,CORRECT_TOTAL_0_674
2966960,146,2026-05-20 02:06:00,663,674,674,0,,90,,KEEP_TOTAL
2975434,146,2026-05-20 02:10:00,664,,675,0,,0,,CORRECT_TOTAL_0_675
2967014,146,2026-05-20 02:11:00,663,674,1338,0,,90,,CORRECT_TOTAL_674_1338
2975435,146,2026-05-20 02:15:00,664,,1339,0,,0,,CORRECT_TOTAL_0_1339
2967021,146,2026-05-20 02:16:00,663,674,2002,0,,90,,CORRECT_TOTAL_674_2002
2975436,146,2026-05-20 02:20:00,665,,2004,0,,0,,CORRECT_TOTAL_0_2004
2967032,146,2026-05-20 02:21:00,663,674,2667,0,,90,,CORRECT_TOTAL_674_2667
2975437,146,2026-05-20 02:25:00,666,,2670,0,,0,,CORRECT_TOTAL_0_2670
2967039,146,2026-05-20 02:26:00,663,674,3333,0,,90,,CORRECT_TOTAL_674_3333
2975438,146,2026-05-20 02:30:00,666,,3336,0,,0,,CORRECT_TOTAL_0_3336
2967050,146,2026-05-20 02:31:00,663,674,3999,0,,90,,CORRECT_TOTAL_674_3999
2975439,146,2026-05-20 02:35:00,667,,4003,0,,0,,CORRECT_TOTAL_0_4003
2967057,146,2026-05-20 02:36:00,663,674,4666,0,,90,,CORRECT_TOTAL_674_4666
2975440,146,2026-05-20 02:40:00,667,,4670,0,,0,,CORRECT_TOTAL_0_4670
2967068,146,2026-05-20 02:41:00,663,674,5333,0,,90,,CORRECT_TOTAL_674_5333
2975441,146,2026-05-20 02:45:00,667,,5337,0,,0,,CORRECT_TOTAL_0_5337
2967075,146,2026-05-20 02:46:00,663,674,6000,0,,90,,CORRECT_TOTAL_674_6000
2975442,146,2026-05-20 02:50:00,667,,6004,0,,0,,CORRECT_TOTAL_0_6004
2967086,146,2026-05-20 02:51:00,663,674,6667,0,,90,,CORRECT_TOTAL_674_6667
2975443,146,2026-05-20 02:55:00,667,,6671,0,,0,,CORRECT_TOTAL_0_6671
2967093,146,2026-05-20 02:56:00,663,674,7334,0,,90,,CORRECT_TOTAL_674_7334
2975444,146,2026-05-20 03:00:00,667,,7338,0,,0,,CORRECT_TOTAL_0_7338
2967104,146,2026-05-20 03:01:00,663,674,8001,0,,90,,CORRECT_TOTAL_674_8001
2975445,146,2026-05-20 03:05:00,667,,8005,0,,0,,CORRECT_TOTAL_0_8005
2967197,146,2026-05-20 03:06:00,663,674,8668,0,,90,,CORRECT_TOTAL_674_8668
2975446,146,2026-05-20 03:10:00,667,,8672,0,,0,,CORRECT_TOTAL_0_8672
2967253,146,2026-05-20 03:11:00,663,674,9335,0,,90,,CORRECT_TOTAL_674_9335
2975447,146,2026-05-20 03:15:00,667,,9339,0,,0,,CORRECT_TOTAL_0_9339
2967260,146,2026-05-20 03:16:00,663,674,10002,0,,90,,CORRECT_TOTAL_674_10002
2975448,146,2026-05-20 03:20:00,667,,10006,0,,0,,CORRECT_TOTAL_0_10006
2967271,146,2026-05-20 03:21:00,663,674,10669,0,,90,,CORRECT_TOTAL_674_10669
2975449,146,2026-05-20 03:25:00,667,,10673,0,,0,,CORRECT_TOTAL_0_10673
2967278,146,2026-05-20 03:26:00,663,674,11336,0,,90,,CORRECT_TOTAL_674_11336
2975450,146,2026-05-20 03:30:00,667,,11340,0,,0,,CORRECT_TOTAL_0_11340
2967289,146,2026-05-20 03:31:00,663,674,12003,0,,90,,CORRECT_TOTAL_674_12003
2975451,146,2026-05-20 03:35:00,667,,12007,0,,0,,CORRECT_TOTAL_0_12007
2967296,146,2026-05-20 03:36:00,663,674,12670,0,,90,,CORRECT_TOTAL_674_12670
2975452,146,2026-05-20 03:40:00,667,,12674,0,,0,,CORRECT_TOTAL_0_12674
2967307,146,2026-05-20 03:41:00,663,674,13337,0,,90,,CORRECT_TOTAL_674_13337
2975453,146,2026-05-20 03:45:00,667,,13341,0,,0,,CORRECT_TOTAL_0_13341
2967314,146,2026-05-20 03:46:00,663,674,14004,0,,90,,CORRECT_TOTAL_674_14004
2975454,146,2026-05-20 03:50:00,667,,14008,0,,0,,CORRECT_TOTAL_0_14008
2967325,146,2026-05-20 03:51:00,663,674,14671,0,,90,,CORRECT_TOTAL_674_14671
2975455,146,2026-05-20 03:55:00,667,,14675,0,,0,,CORRECT_TOTAL_0_14675
2967332,146,2026-05-20 03:56:00,663,674,15338,0,,90,,CORRECT_TOTAL_674_15338
2975456,146,2026-05-20 04:00:00,667,,15342,0,,0,,CORRECT_TOTAL_0_15342
2967343,146,2026-05-20 04:01:00,663,674,16005,0,,0,,CORRECT_TOTAL_674_16005
2975457,146,2026-05-20 04:05:00,667,,16009,0,,0,,CORRECT_TOTAL_0_16009
2967437,146,2026-05-20 04:06:00,663,674,16672,0,,0,,CORRECT_TOTAL_674_16672
2975458,146,2026-05-20 04:10:00,667,,16676,0,,0,,CORRECT_TOTAL_0_16676
2967492,146,2026-05-20 04:11:00,663,674,17339,0,,0,,CORRECT_TOTAL_674_17339
2975459,146,2026-05-20 04:15:00,667,,17343,0,,0,,CORRECT_TOTAL_0_17343
2967499,146,2026-05-20 04:16:00,663,674,18006,0,,0,,CORRECT_TOTAL_674_18006
2975460,146,2026-05-20 04:20:00,667,,18010,0,,0,,CORRECT_TOTAL_0_18010
2967510,146,2026-05-20 04:21:00,663,674,18673,0,,0,,CORRECT_TOTAL_674_18673
2975461,146,2026-05-20 04:25:00,667,,18677,0,,0,,CORRECT_TOTAL_0_18677
2967517,146,2026-05-20 04:26:00,663,674,19340,0,,0,,CORRECT_TOTAL_674_19340
2975462,146,2026-05-20 04:30:00,667,,19344,0,,0,,CORRECT_TOTAL_0_19344
2967528,146,2026-05-20 04:31:00,663,674,20007,0,,0,,CORRECT_TOTAL_674_20007
2975463,146,2026-05-20 04:35:00,667,,20011,0,,0,,CORRECT_TOTAL_0_20011
2967535,146,2026-05-20 04:36:00,663,674,20674,0,,0,,CORRECT_TOTAL_674_20674
2975464,146,2026-05-20 04:40:00,667,,20678,0,,0,,CORRECT_TOTAL_0_20678
2967546,146,2026-05-20 04:41:00,663,674,21341,0,,0,,CORRECT_TOTAL_674_21341
2975465,146,2026-05-20 04:45:00,667,,21345,0,,0,,CORRECT_TOTAL_0_21345
2967553,146,2026-05-20 04:46:00,663,674,22008,0,,0,,CORRECT_TOTAL_674_22008
2975466,146,2026-05-20 04:50:00,667,,22012,0,,0,,CORRECT_TOTAL_0_22012
2967564,146,2026-05-20 04:51:00,663,674,22675,0,,0,,CORRECT_TOTAL_674_22675
2975467,146,2026-05-20 04:55:00,667,,22679,0,,0,,CORRECT_TOTAL_0_22679
2967571,146,2026-05-20 04:56:00,663,674,23342,0,,0,,CORRECT_TOTAL_674_23342
2975468,146,2026-05-20 05:00:00,667,,23346,0,,0,,CORRECT_TOTAL_0_23346
2967582,146,2026-05-20 05:01:00,663,674,24009,0,,0,,CORRECT_TOTAL_674_24009
2975469,146,2026-05-20 05:05:00,667,,24013,0,,0,,CORRECT_TOTAL_0_24013
2967675,146,2026-05-20 05:06:00,663,674,24676,0,,0,,CORRECT_TOTAL_674_24676
2975470,146,2026-05-20 05:10:00,667,,24680,0,,0,,CORRECT_TOTAL_0_24680
2967731,146,2026-05-20 05:11:00,663,674,25343,0,,0,,CORRECT_TOTAL_674_25343
2975471,146,2026-05-20 05:15:00,667,,25347,0,,0,,CORRECT_TOTAL_0_25347
2967738,146,2026-05-20 05:16:00,663,674,26010,0,,0,,CORRECT_TOTAL_674_26010
2975472,146,2026-05-20 05:20:00,667,,26014,0,,0,,CORRECT_TOTAL_0_26014
2967749,146,2026-05-20 05:21:00,663,674,26677,0,,0,,CORRECT_TOTAL_674_26677
2975473,146,2026-05-20 05:25:00,667,,26681,0,,0,,CORRECT_TOTAL_0_26681
2967756,146,2026-05-20 05:26:00,663,674,27344,0,,0,,CORRECT_TOTAL_674_27344
2975474,146,2026-05-20 05:30:00,667,,27348,0,,0,,CORRECT_TOTAL_0_27348
2967767,146,2026-05-20 05:31:00,663,674,28011,0,,0,,CORRECT_TOTAL_674_28011
2975475,146,2026-05-20 05:35:00,667,,28015,0,,0,,CORRECT_TOTAL_0_28015
2967774,146,2026-05-20 05:36:00,663,674,28678,0,,0,,CORRECT_TOTAL_674_28678
2975476,146,2026-05-20 05:40:00,667,,28682,0,,0,,CORRECT_TOTAL_0_28682
2967785,146,2026-05-20 05:41:00,663,674,29345,0,,0,,CORRECT_TOTAL_674_29345
2975477,146,2026-05-20 05:45:00,667,,29349,0,,0,,CORRECT_TOTAL_0_29349
2967792,146,2026-05-20 05:46:00,663,674,30012,0,,0,,CORRECT_TOTAL_674_30012
2975478,146,2026-05-20 05:50:00,667,,30016,0,,0,,CORRECT_TOTAL_0_30016
2967803,146,2026-05-20 05:51:00,663,674,30679,0,,0,,CORRECT_TOTAL_674_30679
2975479,146,2026-05-20 05:55:00,667,,30683,0,,0,,CORRECT_TOTAL_0_30683
2967810,146,2026-05-20 05:56:00,663,674,31346,0,,0,,CORRECT_TOTAL_674_31346
2975480,146,2026-05-20 06:00:00,667,,31350,0,,0,,CORRECT_TOTAL_0_31350
2967821,146,2026-05-20 06:01:00,663,674,32013,0,,0,,CORRECT_TOTAL_674_32013
2975481,146,2026-05-20 06:05:00,667,,32017,0,,0,,CORRECT_TOTAL_0_32017
2967915,146,2026-05-20 06:06:00,663,674,32680,0,,0,,CORRECT_TOTAL_674_32680
2975482,146,2026-05-20 06:10:00,667,,32684,0,,0,,CORRECT_TOTAL_0_32684
2967970,146,2026-05-20 06:11:00,663,674,33347,0,,0,,CORRECT_TOTAL_674_33347
2975483,146,2026-05-20 06:15:00,667,,33351,0,,0,,CORRECT_TOTAL_0_33351
2967977,146,2026-05-20 06:16:00,664,675,34015,1,,1,,CORRECT_TOTAL_675_34015
2975484,146,2026-05-20 06:20:00,667,,34018,0,,0,,CORRECT_TOTAL_0_34018
2967988,146,2026-05-20 06:21:00,664,675,34682,0,,1,,CORRECT_TOTAL_675_34682
2975485,146,2026-05-20 06:25:00,667,,34685,0,,0,,CORRECT_TOTAL_0_34685
2967995,146,2026-05-20 06:26:00,665,676,35350,1,,2,,CORRECT_TOTAL_676_35350
2975486,146,2026-05-20 06:30:00,667,,35352,0,,0,,CORRECT_TOTAL_0_35352
2968006,146,2026-05-20 06:31:00,666,677,36018,1,,3,,CORRECT_TOTAL_677_36018
2975487,146,2026-05-20 06:35:00,667,,36019,0,,0,,CORRECT_TOTAL_0_36019
2968013,146,2026-05-20 06:36:00,666,677,36685,0,,3,,CORRECT_TOTAL_677_36685
2975488,146,2026-05-20 06:40:00,667,,36686,0,,0,,CORRECT_TOTAL_0_36686
2968024,146,2026-05-20 06:41:00,667,678,36686,1,,4,,CORRECT_TOTAL_678_36686
2975489,146,2026-05-20 06:45:00,667,,36686,0,,0,,CORRECT_TOTAL_0_36686
2968031,146,2026-05-20 06:46:00,667,678,36686,0,,4,,CORRECT_TOTAL_678_36686
2975490,146,2026-05-20 06:50:00,667,,36686,0,,0,,CORRECT_TOTAL_0_36686
2968042,146,2026-05-20 06:51:00,667,678,36686,0,,4,,CORRECT_TOTAL_678_36686
2975491,146,2026-05-20 06:55:00,667,,36686,0,,0,,CORRECT_TOTAL_0_36686
2968049,146,2026-05-20 06:56:00,667,678,36686,0,,4,,CORRECT_TOTAL_678_36686
2975492,146,2026-05-20 07:00:00,667,,36686,0,,0,,CORRECT_TOTAL_0_36686
2968060,146,2026-05-20 07:01:00,667,678,36686,0,,4,,CORRECT_TOTAL_678_36686
2975493,146,2026-05-20 07:05:00,667,,36686,0,,0,,CORRECT_TOTAL_0_36686
2968154,146,2026-05-20 07:06:00,667,678,36686,0,,4,,CORRECT_TOTAL_678_36686
2975494,146,2026-05-20 07:10:00,667,,36686,0,,0,,CORRECT_TOTAL_0_36686
2968209,146,2026-05-20 07:11:00,667,678,36686,0,,4,,CORRECT_TOTAL_678_36686
2975495,146,2026-05-20 07:15:00,667,,36686,0,,0,,CORRECT_TOTAL_0_36686
2968216,146,2026-05-20 07:16:00,667,678,36686,0,,4,,CORRECT_TOTAL_678_36686
2975496,146,2026-05-20 07:20:00,667,,36686,0,,0,,CORRECT_TOTAL_0_36686
2968227,146,2026-05-20 07:21:00,667,678,36686,0,,4,,CORRECT_TOTAL_678_36686
2975497,146,2026-05-20 07:25:00,668,,36687,0,,0,,CORRECT_TOTAL_0_36687
2968234,146,2026-05-20 07:26:00,667,678,37354,0,,4,,CORRECT_TOTAL_678_37354
2975498,146,2026-05-20 07:30:00,668,,37355,0,,0,,CORRECT_TOTAL_0_37355
2968245,146,2026-05-20 07:31:00,667,678,38022,0,,4,,CORRECT_TOTAL_678_38022
2975499,146,2026-05-20 07:35:00,669,,38024,0,,0,,CORRECT_TOTAL_0_38024
2968252,146,2026-05-20 07:36:00,667,678,38691,0,,4,,CORRECT_TOTAL_678_38691
2975500,146,2026-05-20 07:40:00,669,,38693,0,,0,,CORRECT_TOTAL_0_38693
2968263,146,2026-05-20 07:41:00,667,678,39360,0,,4,,CORRECT_TOTAL_678_39360
2975501,146,2026-05-20 07:45:00,670,,39363,0,,0,,CORRECT_TOTAL_0_39363
2968270,146,2026-05-20 07:46:00,667,678,40030,0,,4,,CORRECT_TOTAL_678_40030
2975502,146,2026-05-20 07:50:00,671,,40034,0,,0,,CORRECT_TOTAL_0_40034
2968281,146,2026-05-20 07:51:00,667,678,40701,0,,4,,CORRECT_TOTAL_678_40701
2975503,146,2026-05-20 07:55:00,671,,40705,0,,0,,CORRECT_TOTAL_0_40705
2968288,146,2026-05-20 07:56:00,667,678,41372,0,,4,,CORRECT_TOTAL_678_41372
2975504,146,2026-05-20 08:00:00,671,,41376,0,,0,,CORRECT_TOTAL_0_41376
2968299,146,2026-05-20 08:01:00,667,678,42043,0,,4,,CORRECT_TOTAL_678_42043
2975505,146,2026-05-20 08:05:00,671,,42047,0,,0,,CORRECT_TOTAL_0_42047
2968366,146,2026-05-20 08:06:00,667,678,42714,0,,4,,CORRECT_TOTAL_678_42714
2975506,146,2026-05-20 08:10:00,671,,42718,0,,0,,CORRECT_TOTAL_0_42718
2968428,146,2026-05-20 08:11:00,667,678,43385,0,,4,,CORRECT_TOTAL_678_43385
2975507,146,2026-05-20 08:15:00,671,,43389,0,,0,,CORRECT_TOTAL_0_43389
2968455,146,2026-05-20 08:16:00,667,678,44056,0,,4,,CORRECT_TOTAL_678_44056
2975508,146,2026-05-20 08:20:00,671,,44060,0,,0,,CORRECT_TOTAL_0_44060
2968466,146,2026-05-20 08:21:00,667,678,44727,0,,4,,CORRECT_TOTAL_678_44727
2975509,146,2026-05-20 08:25:00,671,,44731,0,,0,,CORRECT_TOTAL_0_44731
2968473,146,2026-05-20 08:26:00,667,678,45398,0,,4,,CORRECT_TOTAL_678_45398
2975510,146,2026-05-20 08:30:00,671,,45402,0,,0,,CORRECT_TOTAL_0_45402
2968484,146,2026-05-20 08:31:00,667,678,46069,0,,4,,CORRECT_TOTAL_678_46069
2975511,146,2026-05-20 08:35:00,671,,46073,0,,0,,CORRECT_TOTAL_0_46073
2968491,146,2026-05-20 08:36:00,667,678,46740,0,,4,,CORRECT_TOTAL_678_46740
2975512,146,2026-05-20 08:40:00,671,,46744,0,,0,,CORRECT_TOTAL_0_46744
2968502,146,2026-05-20 08:41:00,667,678,47411,0,,4,,CORRECT_TOTAL_678_47411
2975513,146,2026-05-20 08:45:00,671,,47415,0,,0,,CORRECT_TOTAL_0_47415
2968509,146,2026-05-20 08:46:00,667,678,48082,0,,4,,CORRECT_TOTAL_678_48082
2975514,146,2026-05-20 08:50:00,671,,48086,0,,0,,CORRECT_TOTAL_0_48086
2968520,146,2026-05-20 08:51:00,667,678,48753,0,,4,,CORRECT_TOTAL_678_48753
2975515,146,2026-05-20 08:55:00,671,,48757,0,,0,,CORRECT_TOTAL_0_48757
2968527,146,2026-05-20 08:56:00,667,678,49424,0,,4,,CORRECT_TOTAL_678_49424
2975516,146,2026-05-20 09:00:00,671,,49428,0,,0,,CORRECT_TOTAL_0_49428
2968538,146,2026-05-20 09:01:00,667,678,50095,0,,4,,CORRECT_TOTAL_678_50095
2975517,146,2026-05-20 09:05:00,671,,50099,0,,0,,CORRECT_TOTAL_0_50099
2968632,146,2026-05-20 09:06:00,667,678,50766,0,,4,,CORRECT_TOTAL_678_50766
2975518,146,2026-05-20 09:10:00,671,,50770,0,,0,,CORRECT_TOTAL_0_50770
2968687,146,2026-05-20 09:11:00,667,678,51437,0,,4,,CORRECT_TOTAL_678_51437
2975519,146,2026-05-20 09:15:00,671,,51441,0,,0,,CORRECT_TOTAL_0_51441
2968694,146,2026-05-20 09:16:00,667,678,52108,0,,4,,CORRECT_TOTAL_678_52108
2975520,146,2026-05-20 09:20:00,671,,52112,0,,0,,CORRECT_TOTAL_0_52112
2968705,146,2026-05-20 09:21:00,667,678,52779,0,,4,,CORRECT_TOTAL_678_52779
2975521,146,2026-05-20 09:25:00,671,,52783,0,,0,,CORRECT_TOTAL_0_52783
2968712,146,2026-05-20 09:26:00,667,678,53450,0,,4,,CORRECT_TOTAL_678_53450
2975522,146,2026-05-20 09:30:00,671,,53454,0,,0,,CORRECT_TOTAL_0_53454
2968723,146,2026-05-20 09:31:00,667,678,54121,0,,4,,CORRECT_TOTAL_678_54121
2975523,146,2026-05-20 09:35:00,671,,54125,0,,0,,CORRECT_TOTAL_0_54125
2968730,146,2026-05-20 09:36:00,667,678,54792,0,,4,,CORRECT_TOTAL_678_54792
2975524,146,2026-05-20 09:40:00,671,,54796,0,,0,,CORRECT_TOTAL_0_54796
2968741,146,2026-05-20 09:41:00,667,678,55463,0,,4,,CORRECT_TOTAL_678_55463
2975525,146,2026-05-20 09:45:00,671,,55467,0,,0,,CORRECT_TOTAL_0_55467
2968748,146,2026-05-20 09:46:00,667,678,56134,0,,4,,CORRECT_TOTAL_678_56134
2975526,146,2026-05-20 09:50:00,671,,56138,0,,0,,CORRECT_TOTAL_0_56138
2968759,146,2026-05-20 09:51:00,667,678,56805,0,,4,,CORRECT_TOTAL_678_56805
2975527,146,2026-05-20 09:55:00,671,,56809,0,,0,,CORRECT_TOTAL_0_56809
2968766,146,2026-05-20 09:56:00,667,678,57476,0,,4,,CORRECT_TOTAL_678_57476
2975528,146,2026-05-20 10:00:00,671,,57480,0,,0,,CORRECT_TOTAL_0_57480
2968777,146,2026-05-20 10:01:00,667,678,58147,0,,4,,CORRECT_TOTAL_678_58147
2975529,146,2026-05-20 10:05:00,671,,58151,0,,0,,CORRECT_TOTAL_0_58151
2968871,146,2026-05-20 10:06:00,667,678,58818,0,,4,,CORRECT_TOTAL_678_58818
2975530,146,2026-05-20 10:10:00,671,,58822,0,,0,,CORRECT_TOTAL_0_58822
2968926,146,2026-05-20 10:11:00,667,678,59489,0,,4,,CORRECT_TOTAL_678_59489
2975531,146,2026-05-20 10:15:00,671,,59493,0,,0,,CORRECT_TOTAL_0_59493
2968933,146,2026-05-20 10:16:00,667,678,60160,0,,4,,CORRECT_TOTAL_678_60160
2975532,146,2026-05-20 10:20:00,671,,60164,0,,0,,CORRECT_TOTAL_0_60164
2968944,146,2026-05-20 10:21:00,667,678,60831,0,,4,,CORRECT_TOTAL_678_60831
2975533,146,2026-05-20 10:25:00,671,,60835,0,,0,,CORRECT_TOTAL_0_60835
2968951,146,2026-05-20 10:26:00,667,678,61502,0,,4,,CORRECT_TOTAL_678_61502
2975534,146,2026-05-20 10:30:00,671,,61506,0,,0,,CORRECT_TOTAL_0_61506
2968962,146,2026-05-20 10:31:00,667,678,62173,0,,4,,CORRECT_TOTAL_678_62173
2975535,146,2026-05-20 10:35:00,671,,62177,0,,0,,CORRECT_TOTAL_0_62177
2968969,146,2026-05-20 10:36:00,667,678,62844,0,,4,,CORRECT_TOTAL_678_62844
2975536,146,2026-05-20 10:40:00,671,,62848,0,,0,,CORRECT_TOTAL_0_62848
2968980,146,2026-05-20 10:41:00,667,678,63515,0,,4,,CORRECT_TOTAL_678_63515
2975537,146,2026-05-20 10:45:00,671,,63519,0,,0,,CORRECT_TOTAL_0_63519
2968987,146,2026-05-20 10:46:00,667,678,64186,0,,4,,CORRECT_TOTAL_678_64186
2975538,146,2026-05-20 10:50:00,671,,64190,0,,0,,CORRECT_TOTAL_0_64190
2968998,146,2026-05-20 10:51:00,667,678,64857,0,,4,,CORRECT_TOTAL_678_64857
2975539,146,2026-05-20 10:55:00,671,,64861,0,,0,,CORRECT_TOTAL_0_64861
2969005,146,2026-05-20 10:56:00,667,678,65528,0,,4,,CORRECT_TOTAL_678_65528
2975540,146,2026-05-20 11:00:00,671,,65532,0,,0,,CORRECT_TOTAL_0_65532
2969016,146,2026-05-20 11:01:00,667,678,66199,0,,4,,CORRECT_TOTAL_678_66199
2975541,146,2026-05-20 11:05:00,671,,66203,0,,0,,CORRECT_TOTAL_0_66203
2969110,146,2026-05-20 11:06:00,667,678,66870,0,,4,,CORRECT_TOTAL_678_66870
2975542,146,2026-05-20 11:10:00,671,,66874,0,,0,,CORRECT_TOTAL_0_66874
2969165,146,2026-05-20 11:11:00,667,678,67541,0,,4,,CORRECT_TOTAL_678_67541
2975543,146,2026-05-20 11:15:00,671,,67545,0,,0,,CORRECT_TOTAL_0_67545
2969172,146,2026-05-20 11:16:00,667,678,68212,0,,4,,CORRECT_TOTAL_678_68212
2975544,146,2026-05-20 11:20:00,671,,68216,0,,0,,CORRECT_TOTAL_0_68216
2969183,146,2026-05-20 11:21:00,667,678,68883,0,,4,,CORRECT_TOTAL_678_68883
2975545,146,2026-05-20 11:25:00,671,,68887,0,,0,,CORRECT_TOTAL_0_68887
2969190,146,2026-05-20 11:26:00,667,678,69554,0,,4,,CORRECT_TOTAL_678_69554
2975546,146,2026-05-20 11:30:00,671,,69558,0,,0,,CORRECT_TOTAL_0_69558
2969201,146,2026-05-20 11:31:00,668,679,70226,1,,5,,CORRECT_TOTAL_679_70226
2975547,146,2026-05-20 11:35:00,671,,70229,0,,0,,CORRECT_TOTAL_0_70229
2969208,146,2026-05-20 11:36:00,668,679,70897,0,,5,,CORRECT_TOTAL_679_70897
2975548,146,2026-05-20 11:40:00,671,,70900,0,,0,,CORRECT_TOTAL_0_70900
2969219,146,2026-05-20 11:41:00,669,680,71569,1,,6,,CORRECT_TOTAL_680_71569
2975549,146,2026-05-20 11:45:00,671,,71571,0,,0,,CORRECT_TOTAL_0_71571
2969226,146,2026-05-20 11:46:00,670,681,72241,1,,7,,CORRECT_TOTAL_681_72241
2975550,146,2026-05-20 11:50:00,671,,72242,0,,0,,CORRECT_TOTAL_0_72242
2969237,146,2026-05-20 11:51:00,670,681,72912,0,,7,,CORRECT_TOTAL_681_72912
2975551,146,2026-05-20 11:55:00,671,,72913,0,,0,,CORRECT_TOTAL_0_72913
2969244,146,2026-05-20 11:56:00,671,682,72913,1,,8,,CORRECT_TOTAL_682_72913
2975552,146,2026-05-20 12:00:00,671,,72913,0,,0,,CORRECT_TOTAL_0_72913
2969255,146,2026-05-20 12:01:00,671,682,72913,0,,8,,CORRECT_TOTAL_682_72913
2975553,146,2026-05-20 12:05:00,671,,72913,0,,0,,CORRECT_TOTAL_0_72913
2969348,146,2026-05-20 12:06:00,671,682,72913,0,,8,,CORRECT_TOTAL_682_72913
2975554,146,2026-05-20 12:10:00,671,,72913,0,,0,,CORRECT_TOTAL_0_72913
2969404,146,2026-05-20 12:11:00,671,682,72913,0,,8,,CORRECT_TOTAL_682_72913
2975555,146,2026-05-20 12:15:00,671,,72913,0,,0,,CORRECT_TOTAL_0_72913
2969411,146,2026-05-20 12:16:00,671,682,72913,0,,8,,CORRECT_TOTAL_682_72913
2975556,146,2026-05-20 12:20:00,671,,72913,0,,0,,CORRECT_TOTAL_0_72913
2969422,146,2026-05-20 12:21:00,671,682,72913,0,,8,,CORRECT_TOTAL_682_72913
2975557,146,2026-05-20 12:25:00,671,,72913,0,,0,,CORRECT_TOTAL_0_72913
2969429,146,2026-05-20 12:26:00,671,682,72913,0,,8,,CORRECT_TOTAL_682_72913
2975558,146,2026-05-20 12:30:00,671,,72913,0,,0,,CORRECT_TOTAL_0_72913
2969440,146,2026-05-20 12:31:00,671,682,72913,0,,8,,CORRECT_TOTAL_682_72913
2975559,146,2026-05-20 12:35:00,671,,72913,0,,0,,CORRECT_TOTAL_0_72913
2969447,146,2026-05-20 12:36:00,671,682,72913,0,,8,,CORRECT_TOTAL_682_72913
2975560,146,2026-05-20 12:40:00,671,,72913,0,,0,,CORRECT_TOTAL_0_72913
2969458,146,2026-05-20 12:41:00,671,682,72913,0,,8,,CORRECT_TOTAL_682_72913
2975561,146,2026-05-20 12:45:00,671,,72913,0,,0,,CORRECT_TOTAL_0_72913
2969465,146,2026-05-20 12:46:00,671,682,72913,0,,8,,CORRECT_TOTAL_682_72913
2975562,146,2026-05-20 12:50:00,671,,72913,0,,0,,CORRECT_TOTAL_0_72913
2969476,146,2026-05-20 12:51:00,671,682,72913,0,,8,,CORRECT_TOTAL_682_72913
2975563,146,2026-05-20 12:55:00,671,,72913,0,,0,,CORRECT_TOTAL_0_72913
2969483,146,2026-05-20 12:56:00,671,682,72913,0,,8,,CORRECT_TOTAL_682_72913
2975564,146,2026-05-20 13:00:00,671,,72913,0,,0,,CORRECT_TOTAL_0_72913
2969494,146,2026-05-20 13:01:00,671,682,72913,0,,8,,CORRECT_TOTAL_682_72913
2975565,146,2026-05-20 13:05:00,671,,72913,0,,0,,CORRECT_TOTAL_0_72913
2969588,146,2026-05-20 13:06:00,671,682,72913,0,,8,,CORRECT_TOTAL_682_72913
2975566,146,2026-05-20 13:10:00,671,,72913,0,,0,,CORRECT_TOTAL_0_72913
2969643,146,2026-05-20 13:11:00,671,682,72913,0,,8,,CORRECT_TOTAL_682_72913
2975567,146,2026-05-20 13:15:00,671,,72913,0,,0,,CORRECT_TOTAL_0_72913
2969650,146,2026-05-20 13:16:00,671,682,72913,0,,8,,CORRECT_TOTAL_682_72913
2975568,146,2026-05-20 13:20:00,671,,72913,0,,0,,CORRECT_TOTAL_0_72913
2969661,146,2026-05-20 13:21:00,671,682,72913,0,,8,,CORRECT_TOTAL_682_72913
2975569,146,2026-05-20 13:25:00,671,,72913,0,,0,,CORRECT_TOTAL_0_72913
2969668,146,2026-05-20 13:26:00,671,682,72913,0,,8,,CORRECT_TOTAL_682_72913
2975570,146,2026-05-20 13:30:00,671,,72913,0,,0,,CORRECT_TOTAL_0_72913
2969679,146,2026-05-20 13:31:00,671,682,72913,0,,8,,CORRECT_TOTAL_682_72913
2975571,146,2026-05-20 13:35:00,671,,72913,0,,0,,CORRECT_TOTAL_0_72913
2969686,146,2026-05-20 13:36:00,671,682,72913,0,,8,,CORRECT_TOTAL_682_72913
2975572,146,2026-05-20 13:40:00,671,,72913,0,,0,,CORRECT_TOTAL_0_72913
2969697,146,2026-05-20 13:41:00,671,682,72913,0,,8,,CORRECT_TOTAL_682_72913
2975573,146,2026-05-20 13:45:00,671,,72913,0,,0,,CORRECT_TOTAL_0_72913
2969704,146,2026-05-20 13:46:00,671,682,72913,0,,8,,CORRECT_TOTAL_682_72913
2975574,146,2026-05-20 13:50:00,671,,72913,0,,0,,CORRECT_TOTAL_0_72913
2969715,146,2026-05-20 13:51:00,671,682,72913,0,,8,,CORRECT_TOTAL_682_72913
2975575,146,2026-05-20 13:55:00,671,,72913,0,,0,,CORRECT_TOTAL_0_72913
2969722,146,2026-05-20 13:56:00,671,682,72913,0,,8,,CORRECT_TOTAL_682_72913
2975576,146,2026-05-20 14:00:00,671,,72913,0,,0,,CORRECT_TOTAL_0_72913
2969733,146,2026-05-20 14:01:00,671,682,72913,0,,8,,CORRECT_TOTAL_682_72913
2975577,146,2026-05-20 14:05:00,671,,72913,0,,0,,CORRECT_TOTAL_0_72913
2969827,146,2026-05-20 14:06:00,671,682,72913,0,,8,,CORRECT_TOTAL_682_72913
2975578,146,2026-05-20 14:10:00,671,,72913,0,,0,,CORRECT_TOTAL_0_72913
2969882,146,2026-05-20 14:11:00,671,682,72913,0,,8,,CORRECT_TOTAL_682_72913
2975579,146,2026-05-20 14:15:00,671,,72913,0,,0,,CORRECT_TOTAL_0_72913
2969889,146,2026-05-20 14:16:00,671,682,72913,0,,8,,CORRECT_TOTAL_682_72913
2975580,146,2026-05-20 14:20:00,671,,72913,0,,0,,CORRECT_TOTAL_0_72913
2969900,146,2026-05-20 14:21:00,671,682,72913,0,,8,,CORRECT_TOTAL_682_72913
2975581,146,2026-05-20 14:25:00,671,,72913,0,,0,,CORRECT_TOTAL_0_72913
2969907,146,2026-05-20 14:26:00,671,682,72913,0,,8,,CORRECT_TOTAL_682_72913
2975582,146,2026-05-20 14:30:00,671,,72913,0,,0,,CORRECT_TOTAL_0_72913
2969918,146,2026-05-20 14:31:00,671,682,72913,0,,8,,CORRECT_TOTAL_682_72913
2975583,146,2026-05-20 14:35:00,671,,72913,0,,0,,CORRECT_TOTAL_0_72913
2969925,146,2026-05-20 14:36:00,671,682,72913,0,,8,,CORRECT_TOTAL_682_72913
2975584,146,2026-05-20 14:40:00,671,,72913,0,,0,,CORRECT_TOTAL_0_72913
2969936,146,2026-05-20 14:41:00,671,682,72913,0,,8,,CORRECT_TOTAL_682_72913
2975585,146,2026-05-20 14:45:00,671,,72913,0,,0,,CORRECT_TOTAL_0_72913
2969943,146,2026-05-20 14:46:00,671,682,72913,0,,8,,CORRECT_TOTAL_682_72913
2975586,146,2026-05-20 14:50:00,671,,72913,0,,0,,CORRECT_TOTAL_0_72913
2969954,146,2026-05-20 14:51:00,671,682,72913,0,,8,,CORRECT_TOTAL_682_72913
2975587,146,2026-05-20 14:55:00,671,,72913,0,,0,,CORRECT_TOTAL_0_72913
2969961,146,2026-05-20 14:56:00,671,682,72913,0,,8,,CORRECT_TOTAL_682_72913
2975588,146,2026-05-20 15:00:00,671,,72913,0,,0,,CORRECT_TOTAL_0_72913
2969972,146,2026-05-20 15:01:00,671,682,72913,0,,8,,CORRECT_TOTAL_682_72913
2975589,146,2026-05-20 15:05:00,671,,72913,0,,0,,CORRECT_TOTAL_0_72913
2970038,146,2026-05-20 15:06:00,671,682,72913,0,,8,,CORRECT_TOTAL_682_72913
2975590,146,2026-05-20 15:10:00,671,,72913,0,,0,,CORRECT_TOTAL_0_72913
2970121,146,2026-05-20 15:11:00,671,682,72913,0,,8,,CORRECT_TOTAL_682_72913
2975591,146,2026-05-20 15:15:00,671,,72913,0,,0,,CORRECT_TOTAL_0_72913
2975592,146,2026-05-20 15:20:00,671,,72913,0,,0,,CORRECT_TOTAL_0_72913
2975593,146,2026-05-20 15:25:00,671,,72913,0,,0,,CORRECT_TOTAL_0_72913
2975594,146,2026-05-20 15:30:00,671,,72913,0,,0,,CORRECT_TOTAL_0_72913
2975595,146,2026-05-20 15:35:00,671,,72913,0,,0,,CORRECT_TOTAL_0_72913
2975596,146,2026-05-20 15:40:00,671,,72913,0,,0,,CORRECT_TOTAL_0_72913
2975597,146,2026-05-20 15:45:00,671,,72913,0,,0,,CORRECT_TOTAL_0_72913
2975598,146,2026-05-20 15:50:00,671,,72913,0,,0,,CORRECT_TOTAL_0_72913
2975599,146,2026-05-20 15:55:00,671,,72913,0,,0,,CORRECT_TOTAL_0_72913
2975600,146,2026-05-20 16:00:00,671,,72913,0,,0,,CORRECT_TOTAL_0_72913
2975601,146,2026-05-20 16:05:00,671,,72913,0,,0,,CORRECT_TOTAL_0_72913
2975602,146,2026-05-20 16:10:00,671,,72913,0,,0,,CORRECT_TOTAL_0_72913
2975603,146,2026-05-20 16:15:00,671,,72913,0,,0,,CORRECT_TOTAL_0_72913
2975604,146,2026-05-20 16:20:00,671,,72913,0,,0,,CORRECT_TOTAL_0_72913
2975605,146,2026-05-20 16:25:00,671,,72913,0,,0,,CORRECT_TOTAL_0_72913
2975606,146,2026-05-20 16:30:00,671,,72913,0,,0,,CORRECT_TOTAL_0_72913
2975607,146,2026-05-20 16:35:00,671,,72913,0,,0,,CORRECT_TOTAL_0_72913
2975608,146,2026-05-20 16:40:00,671,,72913,0,,0,,CORRECT_TOTAL_0_72913
2975609,146,2026-05-20 16:45:00,671,,72913,0,,0,,CORRECT_TOTAL_0_72913
2975610,146,2026-05-20 16:50:00,671,,72913,0,,0,,CORRECT_TOTAL_0_72913
2975611,146,2026-05-20 16:55:00,671,,72913,0,,0,,CORRECT_TOTAL_0_72913
2975612,146,2026-05-20 17:00:00,671,,72913,0,,0,,CORRECT_TOTAL_0_72913
2975613,146,2026-05-20 17:05:00,671,,72913,0,,0,,CORRECT_TOTAL_0_72913
2975614,146,2026-05-20 17:10:00,671,,72913,0,,0,,CORRECT_TOTAL_0_72913
2975615,146,2026-05-20 17:15:00,671,,72913,0,,0,,CORRECT_TOTAL_0_72913
2975616,146,2026-05-20 17:20:00,671,,72913,0,,0,,CORRECT_TOTAL_0_72913
2975617,146,2026-05-20 17:25:00,671,,72913,0,,0,,CORRECT_TOTAL_0_72913
2975618,146,2026-05-20 17:30:00,671,,72913,0,,0,,CORRECT_TOTAL_0_72913
2975619,146,2026-05-20 17:35:00,671,,72913,0,,0,,CORRECT_TOTAL_0_72913
2975620,146,2026-05-20 17:40:00,671,,72913,0,,0,,CORRECT_TOTAL_0_72913
2975621,146,2026-05-20 17:45:00,671,,72913,0,,0,,CORRECT_TOTAL_0_72913
2975622,146,2026-05-20 17:50:00,671,,72913,0,,0,,CORRECT_TOTAL_0_72913
2975623,146,2026-05-20 17:55:00,671,,72913,0,,0,,CORRECT_TOTAL_0_72913
2975624,146,2026-05-20 18:00:00,671,,72913,0,,0,,CORRECT_TOTAL_0_72913
2975625,146,2026-05-20 18:05:00,671,,72913,0,,0,,CORRECT_TOTAL_0_72913
2975626,146,2026-05-20 18:10:00,671,,72913,0,,0,,CORRECT_TOTAL_0_72913
2975627,146,2026-05-20 18:15:00,671,,72913,0,,0,,CORRECT_TOTAL_0_72913
2975628,146,2026-05-20 18:20:00,671,,72913,0,,0,,CORRECT_TOTAL_0_72913
2975629,146,2026-05-20 18:25:00,671,,72913,0,,0,,CORRECT_TOTAL_0_72913
2975630,146,2026-05-20 18:30:00,671,,72913,0,,0,,CORRECT_TOTAL_0_72913
2975631,146,2026-05-20 18:35:00,671,,72913,0,,0,,CORRECT_TOTAL_0_72913
2975632,146,2026-05-20 18:40:00,671,,72913,0,,0,,CORRECT_TOTAL_0_72913
2975633,146,2026-05-20 18:45:00,671,,72913,0,,0,,CORRECT_TOTAL_0_72913
2975634,146,2026-05-20 18:50:00,671,,72913,0,,0,,CORRECT_TOTAL_0_72913
2975635,146,2026-05-20 18:55:00,671,,72913,0,,0,,CORRECT_TOTAL_0_72913
2975636,146,2026-05-20 19:00:00,671,,72913,0,,0,,CORRECT_TOTAL_0_72913
2975637,146,2026-05-20 19:05:00,671,,72913,0,,0,,CORRECT_TOTAL_0_72913
2975638,146,2026-05-20 19:10:00,672,,72914,0,,0,,CORRECT_TOTAL_0_72914
2975639,146,2026-05-20 19:15:00,672,,72914,0,,0,,CORRECT_TOTAL_0_72914
2975640,146,2026-05-20 19:20:00,673,,72915,0,,0,,CORRECT_TOTAL_0_72915
2975641,146,2026-05-20 19:25:00,674,,72916,0,,0,,CORRECT_TOTAL_0_72916
2975642,146,2026-05-20 19:30:00,674,,72916,0,,0,,CORRECT_TOTAL_0_72916
2975643,146,2026-05-20 19:35:00,675,,72917,0,,0,,CORRECT_TOTAL_0_72917
2975644,146,2026-05-20 19:40:00,675,,72917,0,,0,,CORRECT_TOTAL_0_72917
2975645,146,2026-05-20 19:45:00,676,,72918,0,,0,,CORRECT_TOTAL_0_72918
2975646,146,2026-05-20 19:50:00,677,,72919,0,,0,,CORRECT_TOTAL_0_72919
2975647,146,2026-05-20 19:55:00,677,,72919,0,,0,,CORRECT_TOTAL_0_72919
2975649,146,2026-05-20 20:00:00,678,,72920,0,,0,,CORRECT_TOTAL_0_72920
2975650,146,2026-05-20 20:05:00,678,,72920,0,,0,,CORRECT_TOTAL_0_72920
2975651,146,2026-05-20 20:10:00,679,,72921,0,,0,,CORRECT_TOTAL_0_72921
2975652,146,2026-05-20 20:15:00,680,,72922,0,,0,,CORRECT_TOTAL_0_72922
2975653,146,2026-05-20 20:20:00,680,,72922,0,,0,,CORRECT_TOTAL_0_72922
2975654,146,2026-05-20 20:25:00,681,,72923,0,,0,,CORRECT_TOTAL_0_72923
2975655,146,2026-05-20 20:30:00,681,,72923,0,,0,,CORRECT_TOTAL_0_72923
2975656,146,2026-05-20 20:35:00,681,,72923,0,,0,,CORRECT_TOTAL_0_72923
2975657,146,2026-05-20 20:40:00,681,,72923,0,,0,,CORRECT_TOTAL_0_72923
2975658,146,2026-05-20 20:45:00,681,,72923,0,,0,,CORRECT_TOTAL_0_72923
2975659,146,2026-05-20 20:50:00,681,,72923,0,,0,,CORRECT_TOTAL_0_72923
2975660,146,2026-05-20 20:55:00,681,,72923,0,,0,,CORRECT_TOTAL_0_72923
2975661,146,2026-05-20 21:00:00,681,,72923,0,,0,,CORRECT_TOTAL_0_72923
2975662,146,2026-05-20 21:05:00,681,,72923,0,,0,,CORRECT_TOTAL_0_72923
2975663,146,2026-05-20 21:10:00,681,,72923,0,,0,,CORRECT_TOTAL_0_72923
2975664,146,2026-05-20 21:15:00,681,,72923,0,,0,,CORRECT_TOTAL_0_72923
2975665,146,2026-05-20 21:20:00,681,,72923,0,,0,,CORRECT_TOTAL_0_72923
2975666,146,2026-05-20 21:25:00,682,,72924,0,,0,,CORRECT_TOTAL_0_72924
2975667,146,2026-05-20 21:30:00,683,,72925,0,,0,,CORRECT_TOTAL_0_72925
2975668,146,2026-05-20 21:35:00,683,,72925,0,,0,,CORRECT_TOTAL_0_72925
2975669,146,2026-05-20 21:40:00,684,,72926,0,,0,,CORRECT_TOTAL_0_72926
2975670,146,2026-05-20 21:45:00,684,,72926,0,,0,,CORRECT_TOTAL_0_72926
2975671,146,2026-05-20 21:50:00,685,,72927,0,,0,,CORRECT_TOTAL_0_72927
2975672,146,2026-05-20 21:55:00,685,,72927,0,,0,,CORRECT_TOTAL_0_72927
2975673,146,2026-05-20 22:00:00,686,,72928,0,,0,,CORRECT_TOTAL_0_72928
2975674,146,2026-05-20 22:05:00,687,,72929,0,,0,,CORRECT_TOTAL_0_72929
2975675,146,2026-05-20 22:10:00,687,,72929,0,,0,,CORRECT_TOTAL_0_72929
2975676,146,2026-05-20 22:15:00,688,,72930,0,,0,,CORRECT_TOTAL_0_72930
2975677,146,2026-05-20 22:20:00,688,,72930,0,,0,,CORRECT_TOTAL_0_72930
2975678,146,2026-05-20 22:25:00,689,,72931,0,,0,,CORRECT_TOTAL_0_72931
2975679,146,2026-05-20 22:30:00,689,,72931,0,,0,,CORRECT_TOTAL_0_72931
2975680,146,2026-05-20 22:35:00,690,,72932,0,,0,,CORRECT_TOTAL_0_72932
2975681,146,2026-05-20 22:40:00,691,,72933,0,,0,,CORRECT_TOTAL_0_72933
2975682,146,2026-05-20 22:45:00,691,,72933,0,,0,,CORRECT_TOTAL_0_72933
2975683,146,2026-05-20 22:50:00,692,,72934,0,,0,,CORRECT_TOTAL_0_72934
2975684,146,2026-05-20 22:55:00,692,,72934,0,,0,,CORRECT_TOTAL_0_72934
2975685,146,2026-05-20 23:00:00,693,,72935,0,,0,,CORRECT_TOTAL_0_72935
2975686,146,2026-05-20 23:05:00,693,,72935,0,,0,,CORRECT_TOTAL_0_72935
2975687,146,2026-05-20 23:10:00,693,,72935,0,,0,,CORRECT_TOTAL_0_72935
2975688,146,2026-05-20 23:15:00,693,,72935,0,,0,,CORRECT_TOTAL_0_72935
2975689,146,2026-05-20 23:20:00,693,,72935,0,,0,,CORRECT_TOTAL_0_72935
2975690,146,2026-05-20 23:25:00,693,,72935,0,,0,,CORRECT_TOTAL_0_72935
2975691,146,2026-05-20 23:30:00,693,,72935,0,,0,,CORRECT_TOTAL_0_72935
2975692,146,2026-05-20 23:35:00,693,,72935,0,,0,,CORRECT_TOTAL_0_72935
2975693,146,2026-05-20 23:40:00,693,,72935,0,,0,,CORRECT_TOTAL_0_72935
2975694,146,2026-05-20 23:45:00,693,,72935,0,,0,,CORRECT_TOTAL_0_72935
2975695,146,2026-05-20 23:50:00,693,,72935,0,,0,,CORRECT_TOTAL_0_72935
2975696,146,2026-05-20 23:55:00,693,,72935,0,,0,,CORRECT_TOTAL_0_72935
2975697,146,2026-05-21 00:00:00,693,,72935,0,,0,,CORRECT_TOTAL_0_72935
2975698,146,2026-05-21 00:05:00,693,,72935,0,,0,,CORRECT_TOTAL_0_72935
2975699,146,2026-05-21 00:10:00,694,,72936,0,,0,,CORRECT_TOTAL_0_72936
2975700,146,2026-05-21 00:15:00,695,,72937,0,,0,,CORRECT_TOTAL_0_72937
2975701,146,2026-05-21 00:20:00,695,,72937,0,,0,,CORRECT_TOTAL_0_72937
2975702,146,2026-05-21 00:25:00,696,,72938,0,,0,,CORRECT_TOTAL_0_72938
2975703,146,2026-05-21 00:30:00,696,,72938,0,,0,,CORRECT_TOTAL_0_72938
2975704,146,2026-05-21 00:35:00,697,,72939,0,,0,,CORRECT_TOTAL_0_72939
2975705,146,2026-05-21 00:40:00,697,,72939,0,,0,,CORRECT_TOTAL_0_72939
2975706,146,2026-05-21 00:45:00,698,,72940,0,,0,,CORRECT_TOTAL_0_72940
2975707,146,2026-05-21 00:50:00,699,,72941,0,,0,,CORRECT_TOTAL_0_72941
2975708,146,2026-05-21 00:55:00,699,,72941,0,,0,,CORRECT_TOTAL_0_72941
2975709,146,2026-05-21 01:00:00,700,,72942,0,,0,,CORRECT_TOTAL_0_72942
2975710,146,2026-05-21 01:05:00,700,,72942,0,,0,,CORRECT_TOTAL_0_72942
2975711,146,2026-05-21 01:10:00,701,,72943,0,,0,,CORRECT_TOTAL_0_72943
2975712,146,2026-05-21 01:15:00,702,,72944,0,,0,,CORRECT_TOTAL_0_72944
2975713,146,2026-05-21 01:20:00,702,,72944,0,,0,,CORRECT_TOTAL_0_72944
2975714,146,2026-05-21 01:25:00,703,,72945,0,,0,,CORRECT_TOTAL_0_72945
2975715,146,2026-05-21 01:30:00,703,,72945,0,,0,,CORRECT_TOTAL_0_72945
2975716,146,2026-05-21 01:35:00,703,,72945,0,,0,,CORRECT_TOTAL_0_72945
2975717,146,2026-05-21 01:40:00,703,,72945,0,,0,,CORRECT_TOTAL_0_72945
2975718,146,2026-05-21 01:45:00,703,,72945,0,,0,,CORRECT_TOTAL_0_72945
2975719,146,2026-05-21 01:50:00,703,,72945,0,,0,,CORRECT_TOTAL_0_72945
2975720,146,2026-05-21 01:55:00,703,,72945,0,,0,,CORRECT_TOTAL_0_72945
2975721,146,2026-05-21 02:00:00,703,,72945,0,,0,,CORRECT_TOTAL_0_72945
2975722,146,2026-05-21 02:05:00,703,,72945,0,,0,,CORRECT_TOTAL_0_72945
2975723,146,2026-05-21 02:10:00,703,,72945,0,,0,,CORRECT_TOTAL_0_72945
2975724,146,2026-05-21 02:15:00,703,,72945,0,,0,,CORRECT_TOTAL_0_72945
2975725,146,2026-05-21 02:20:00,703,,72945,0,,0,,CORRECT_TOTAL_0_72945
2975726,146,2026-05-21 02:25:00,704,,72946,0,,0,,CORRECT_TOTAL_0_72946
2975727,146,2026-05-21 02:30:00,705,,72947,0,,0,,CORRECT_TOTAL_0_72947
2975728,146,2026-05-21 02:35:00,705,,72947,0,,0,,CORRECT_TOTAL_0_72947
2975729,146,2026-05-21 02:40:00,706,,72948,0,,0,,CORRECT_TOTAL_0_72948
2975730,146,2026-05-21 02:45:00,706,,72948,0,,0,,CORRECT_TOTAL_0_72948
2975731,146,2026-05-21 02:50:00,707,,72949,0,,0,,CORRECT_TOTAL_0_72949
2975732,146,2026-05-21 02:55:00,707,,72949,0,,0,,CORRECT_TOTAL_0_72949
2975733,146,2026-05-21 03:00:00,708,,72950,0,,0,,CORRECT_TOTAL_0_72950
2975734,146,2026-05-21 03:05:00,709,,72951,0,,0,,CORRECT_TOTAL_0_72951
2975735,146,2026-05-21 03:10:00,709,,72951,0,,0,,CORRECT_TOTAL_0_72951
2975736,146,2026-05-21 03:15:00,710,,72952,0,,0,,CORRECT_TOTAL_0_72952
2975737,146,2026-05-21 03:20:00,710,,72952,0,,0,,CORRECT_TOTAL_0_72952
2975738,146,2026-05-21 03:25:00,711,,72953,0,,0,,CORRECT_TOTAL_0_72953
2975739,146,2026-05-21 03:30:00,711,,72953,0,,0,,CORRECT_TOTAL_0_72953
2975740,146,2026-05-21 03:35:00,712,,72954,0,,0,,CORRECT_TOTAL_0_72954
2975741,146,2026-05-21 03:40:00,713,,72955,0,,0,,CORRECT_TOTAL_0_72955
2975742,146,2026-05-21 03:45:00,713,,72955,0,,0,,CORRECT_TOTAL_0_72955
2975743,146,2026-05-21 03:50:00,714,,72956,0,,0,,CORRECT_TOTAL_0_72956
2975744,146,2026-05-21 03:55:00,714,,72956,0,,0,,CORRECT_TOTAL_0_72956
2975745,146,2026-05-21 04:00:00,714,,72956,0,,0,,CORRECT_TOTAL_0_72956
2975746,146,2026-05-21 04:05:00,714,,72956,0,,0,,CORRECT_TOTAL_0_72956
2975747,146,2026-05-21 04:10:00,714,,72956,0,,0,,CORRECT_TOTAL_0_72956
2975748,146,2026-05-21 04:15:00,714,,72956,0,,0,,CORRECT_TOTAL_0_72956
2975749,146,2026-05-21 04:20:00,714,,72956,0,,0,,CORRECT_TOTAL_0_72956
2975750,146,2026-05-21 04:25:00,714,,72956,0,,0,,CORRECT_TOTAL_0_72956
2975751,146,2026-05-21 04:30:00,714,,72956,0,,0,,CORRECT_TOTAL_0_72956
2975752,146,2026-05-21 04:35:00,714,,72956,0,,0,,CORRECT_TOTAL_0_72956
2975753,146,2026-05-21 04:40:00,714,,72956,0,,0,,CORRECT_TOTAL_0_72956
2975754,146,2026-05-21 04:45:00,714,,72956,0,,0,,CORRECT_TOTAL_0_72956
2975755,146,2026-05-21 04:50:00,715,,72957,0,,0,,CORRECT_TOTAL_0_72957
2975756,146,2026-05-21 04:55:00,715,,72957,0,,0,,CORRECT_TOTAL_0_72957
2975757,146,2026-05-21 05:00:00,716,,72958,0,,0,,CORRECT_TOTAL_0_72958
2975758,146,2026-05-21 05:05:00,717,,72959,0,,0,,CORRECT_TOTAL_0_72959
2975759,146,2026-05-21 05:10:00,717,,72959,0,,0,,CORRECT_TOTAL_0_72959
2975760,146,2026-05-21 05:15:00,718,,72960,0,,0,,CORRECT_TOTAL_0_72960
2975761,146,2026-05-21 05:20:00,718,,72960,0,,0,,CORRECT_TOTAL_0_72960
2975762,146,2026-05-21 05:25:00,719,,72961,0,,0,,CORRECT_TOTAL_0_72961
2975763,146,2026-05-21 05:30:00,719,,72961,0,,0,,CORRECT_TOTAL_0_72961
2975764,146,2026-05-21 05:35:00,720,,72962,0,,0,,CORRECT_TOTAL_0_72962
2975765,146,2026-05-21 05:40:00,721,,72963,0,,0,,CORRECT_TOTAL_0_72963
2975766,146,2026-05-21 05:45:00,721,,72963,0,,0,,CORRECT_TOTAL_0_72963
2975767,146,2026-05-21 05:50:00,722,,72964,0,,0,,CORRECT_TOTAL_0_72964
2975768,146,2026-05-21 05:55:00,722,,72964,0,,0,,CORRECT_TOTAL_0_72964
2975769,146,2026-05-21 06:00:00,723,,72965,0,,0,,CORRECT_TOTAL_0_72965
2975770,146,2026-05-21 06:05:00,723,,72965,0,,0,,CORRECT_TOTAL_0_72965
2975771,146,2026-05-21 06:10:00,724,,72966,0,,0,,CORRECT_TOTAL_0_72966
2975772,146,2026-05-21 06:15:00,724,,72966,0,,0,,CORRECT_TOTAL_0_72966
2975773,146,2026-05-21 06:20:00,724,,72966,0,,0,,CORRECT_TOTAL_0_72966
2975774,146,2026-05-21 06:25:00,724,,72966,0,,0,,CORRECT_TOTAL_0_72966
2975775,146,2026-05-21 06:30:00,724,,72966,0,,0,,CORRECT_TOTAL_0_72966
2975776,146,2026-05-21 06:35:00,724,,72966,0,,0,,CORRECT_TOTAL_0_72966
2975777,146,2026-05-21 06:40:00,724,,72966,0,,0,,CORRECT_TOTAL_0_72966
2975778,146,2026-05-21 06:45:00,724,,72966,0,,0,,CORRECT_TOTAL_0_72966
2975779,146,2026-05-21 06:50:00,724,,72966,0,,0,,CORRECT_TOTAL_0_72966
2975780,146,2026-05-21 06:55:00,724,,72966,0,,0,,CORRECT_TOTAL_0_72966
2975781,146,2026-05-21 07:00:00,724,,72966,0,,0,,CORRECT_TOTAL_0_72966
2975782,146,2026-05-21 07:05:00,724,,72966,0,,0,,CORRECT_TOTAL_0_72966
2975783,146,2026-05-21 07:10:00,725,,72967,0,,0,,CORRECT_TOTAL_0_72967
2975784,146,2026-05-21 07:15:00,726,,72968,0,,0,,CORRECT_TOTAL_0_72968
2975785,146,2026-05-21 07:20:00,726,,72968,0,,0,,CORRECT_TOTAL_0_72968
2975786,146,2026-05-21 07:25:00,727,,72969,0,,0,,CORRECT_TOTAL_0_72969
2975787,146,2026-05-21 07:30:00,727,,72969,0,,0,,CORRECT_TOTAL_0_72969
2975788,146,2026-05-21 07:35:00,728,,72970,0,,0,,CORRECT_TOTAL_0_72970
2975789,146,2026-05-21 07:40:00,729,,72971,0,,0,,CORRECT_TOTAL_0_72971
2975790,146,2026-05-21 07:45:00,729,,72971,0,,0,,CORRECT_TOTAL_0_72971
2975791,146,2026-05-21 07:50:00,730,,72972,0,,0,,CORRECT_TOTAL_0_72972
2975792,146,2026-05-21 07:55:00,730,,72972,0,,0,,CORRECT_TOTAL_0_72972
2975793,146,2026-05-21 08:00:00,731,,72973,0,,0,,CORRECT_TOTAL_0_72973
2975794,146,2026-05-21 08:05:00,731,,72973,0,,0,,CORRECT_TOTAL_0_72973
2975795,146,2026-05-21 08:10:00,732,,72974,0,,0,,CORRECT_TOTAL_0_72974
2975796,146,2026-05-21 08:15:00,733,,72975,0,,0,,CORRECT_TOTAL_0_72975
2975797,146,2026-05-21 08:20:00,733,,72975,0,,0,,CORRECT_TOTAL_0_72975
2975798,146,2026-05-21 08:25:00,734,,72976,0,,0,,CORRECT_TOTAL_0_72976
2975799,146,2026-05-21 08:30:00,734,,72976,0,,0,,CORRECT_TOTAL_0_72976
2975800,146,2026-05-21 08:35:00,734,,72976,0,,0,,CORRECT_TOTAL_0_72976
2975801,146,2026-05-21 08:40:00,734,,72976,0,,0,,CORRECT_TOTAL_0_72976
2975802,146,2026-05-21 08:45:00,734,,72976,0,,0,,CORRECT_TOTAL_0_72976
2975803,146,2026-05-21 08:50:00,734,,72976,0,,0,,CORRECT_TOTAL_0_72976
2975804,146,2026-05-21 08:55:00,734,,72976,0,,0,,CORRECT_TOTAL_0_72976
2975805,146,2026-05-21 09:00:00,734,,72976,0,,0,,CORRECT_TOTAL_0_72976
2975806,146,2026-05-21 09:05:00,734,,72976,0,,0,,CORRECT_TOTAL_0_72976
2975807,146,2026-05-21 09:10:00,734,,72976,0,,0,,CORRECT_TOTAL_0_72976
2975808,146,2026-05-21 09:15:00,734,,72976,0,,0,,CORRECT_TOTAL_0_72976
2975809,146,2026-05-21 09:20:00,734,,72976,0,,0,,CORRECT_TOTAL_0_72976
2975810,146,2026-05-21 09:25:00,735,,72977,0,,0,,CORRECT_TOTAL_0_72977
2975811,146,2026-05-21 09:30:00,736,,72978,0,,0,,CORRECT_TOTAL_0_72978
2975812,146,2026-05-21 09:35:00,736,,72978,0,,0,,CORRECT_TOTAL_0_72978
2975813,146,2026-05-21 09:40:00,737,,72979,0,,0,,CORRECT_TOTAL_0_72979
2975814,146,2026-05-21 09:45:00,737,,72979,0,,0,,CORRECT_TOTAL_0_72979
2975815,146,2026-05-21 09:50:00,738,,72980,0,,0,,CORRECT_TOTAL_0_72980
2975816,146,2026-05-21 09:55:00,738,,72980,0,,0,,CORRECT_TOTAL_0_72980
2975817,146,2026-05-21 10:00:00,739,,72981,0,,0,,CORRECT_TOTAL_0_72981
2975818,146,2026-05-21 10:05:00,740,,72982,0,,0,,CORRECT_TOTAL_0_72982
2975819,146,2026-05-21 10:10:00,740,,72982,0,,0,,CORRECT_TOTAL_0_72982
2975820,146,2026-05-21 10:15:00,741,,72983,0,,0,,CORRECT_TOTAL_0_72983
2975821,146,2026-05-21 10:20:00,741,,72983,0,,0,,CORRECT_TOTAL_0_72983
2975822,146,2026-05-21 10:25:00,742,,72984,0,,0,,CORRECT_TOTAL_0_72984
2975823,146,2026-05-21 10:30:00,742,,72984,0,,0,,CORRECT_TOTAL_0_72984
2975824,146,2026-05-21 10:35:00,743,,72985,0,,0,,CORRECT_TOTAL_0_72985
2975825,146,2026-05-21 10:40:00,744,,72986,0,,0,,CORRECT_TOTAL_0_72986
2975826,146,2026-05-21 10:45:00,744,,72986,0,,0,,CORRECT_TOTAL_0_72986
2975827,146,2026-05-21 10:50:00,744,,72986,0,,0,,CORRECT_TOTAL_0_72986
2975828,146,2026-05-21 10:55:00,744,,72986,0,,0,,CORRECT_TOTAL_0_72986
2975829,146,2026-05-21 11:00:00,744,,72986,0,,0,,CORRECT_TOTAL_0_72986
2975830,146,2026-05-21 11:05:00,744,,72986,0,,0,,CORRECT_TOTAL_0_72986
2975832,146,2026-05-21 11:10:00,744,,72986,0,,0,,CORRECT_TOTAL_0_72986
2975833,146,2026-05-21 11:15:00,744,,72986,0,,0,,CORRECT_TOTAL_0_72986
2975834,146,2026-05-21 11:20:00,744,,72986,0,,0,,CORRECT_TOTAL_0_72986
2975835,146,2026-05-21 11:25:00,744,,72986,0,,0,,CORRECT_TOTAL_0_72986
2975836,146,2026-05-21 11:30:00,744,,72986,0,,0,,CORRECT_TOTAL_0_72986
2975837,146,2026-05-21 11:35:00,744,,72986,0,,0,,CORRECT_TOTAL_0_72986
2975838,146,2026-05-21 11:40:00,745,,72987,0,,0,,CORRECT_TOTAL_0_72987
2975839,146,2026-05-21 11:45:00,745,,72987,0,,0,,CORRECT_TOTAL_0_72987
2975840,146,2026-05-21 11:50:00,746,,72988,0,,0,,CORRECT_TOTAL_0_72988
2975841,146,2026-05-21 11:55:00,747,,72989,0,,0,,CORRECT_TOTAL_0_72989
2975842,146,2026-05-21 12:00:00,747,,72989,0,,0,,CORRECT_TOTAL_0_72989
2975843,146,2026-05-21 12:05:00,748,,72990,0,,0,,CORRECT_TOTAL_0_72990
2975844,146,2026-05-21 12:10:00,748,,72990,0,,0,,CORRECT_TOTAL_0_72990
2975845,146,2026-05-21 12:15:00,749,,72991,0,,0,,CORRECT_TOTAL_0_72991
2975846,146,2026-05-21 12:20:00,750,,72992,0,,0,,CORRECT_TOTAL_0_72992
2975847,146,2026-05-21 12:25:00,750,,72992,0,,0,,CORRECT_TOTAL_0_72992
2975848,146,2026-05-21 12:30:00,751,,72993,0,,0,,CORRECT_TOTAL_0_72993
2975849,146,2026-05-21 12:35:00,751,,72993,0,,0,,CORRECT_TOTAL_0_72993
2975850,146,2026-05-21 12:40:00,752,,72994,0,,0,,CORRECT_TOTAL_0_72994
2975851,146,2026-05-21 12:45:00,752,,72994,0,,0,,CORRECT_TOTAL_0_72994
2975852,146,2026-05-21 12:50:00,753,,72995,0,,0,,CORRECT_TOTAL_0_72995
2975853,146,2026-05-21 12:55:00,754,,72996,0,,0,,CORRECT_TOTAL_0_72996
2975854,146,2026-05-21 13:00:00,754,,72996,0,,0,,CORRECT_TOTAL_0_72996
2975855,146,2026-05-21 13:05:00,755,,72997,0,,0,,CORRECT_TOTAL_0_72997
2975856,146,2026-05-21 13:10:00,755,,72997,0,,0,,CORRECT_TOTAL_0_72997
2975857,146,2026-05-21 13:15:00,756,,72998,0,,0,,CORRECT_TOTAL_0_72998
2975858,146,2026-05-21 13:20:00,756,,72998,0,,0,,CORRECT_TOTAL_0_72998
2975859,146,2026-05-21 13:25:00,756,,72998,0,,0,,CORRECT_TOTAL_0_72998
2975860,146,2026-05-21 13:30:00,756,,72998,0,,0,,CORRECT_TOTAL_0_72998
2975861,146,2026-05-21 13:35:00,756,,72998,0,,0,,CORRECT_TOTAL_0_72998
2975862,146,2026-05-21 13:40:00,756,,72998,0,,0,,CORRECT_TOTAL_0_72998
2975863,146,2026-05-21 13:45:00,756,,72998,0,,0,,CORRECT_TOTAL_0_72998
2975864,146,2026-05-21 13:50:00,756,,72998,0,,0,,CORRECT_TOTAL_0_72998
2975865,146,2026-05-21 13:55:00,756,,72998,0,,0,,CORRECT_TOTAL_0_72998
2975866,146,2026-05-21 14:00:00,756,,72998,0,,0,,CORRECT_TOTAL_0_72998
2975867,146,2026-05-21 14:05:00,756,,72998,0,,0,,CORRECT_TOTAL_0_72998
2975868,146,2026-05-21 14:10:00,756,,72998,0,,0,,CORRECT_TOTAL_0_72998
2975869,146,2026-05-21 14:15:00,756,,72998,0,,0,,CORRECT_TOTAL_0_72998
2975870,146,2026-05-21 14:20:00,756,,72998,0,,0,,CORRECT_TOTAL_0_72998
2975871,146,2026-05-21 14:25:00,757,,72999,0,,0,,CORRECT_TOTAL_0_72999
2975872,146,2026-05-21 14:30:00,757,,72999,0,,0,,CORRECT_TOTAL_0_72999
2975873,146,2026-05-21 14:35:00,758,,73000,0,,0,,CORRECT_TOTAL_0_73000
2975874,146,2026-05-21 14:40:00,759,,73001,0,,0,,CORRECT_TOTAL_0_73001
2975875,146,2026-05-21 14:45:00,759,,73001,0,,0,,CORRECT_TOTAL_0_73001
2975876,146,2026-05-21 14:50:00,760,,73002,0,,0,,CORRECT_TOTAL_0_73002
2975877,146,2026-05-21 14:55:00,760,,73002,0,,0,,CORRECT_TOTAL_0_73002
2975878,146,2026-05-21 15:00:00,761,,73003,0,,0,,CORRECT_TOTAL_0_73003
2975879,146,2026-05-21 15:05:00,762,,73004,0,,0,,CORRECT_TOTAL_0_73004
2975880,146,2026-05-21 15:10:00,762,,73004,0,,0,,CORRECT_TOTAL_0_73004
2975881,146,2026-05-21 15:15:00,763,,73005,0,,0,,CORRECT_TOTAL_0_73005
2975882,146,2026-05-21 15:20:00,763,,73005,0,,0,,CORRECT_TOTAL_0_73005
2975883,146,2026-05-21 15:25:00,764,,73006,0,,0,,CORRECT_TOTAL_0_73006
2975884,146,2026-05-21 15:35:00,765,,73007,0,,0,,CORRECT_TOTAL_0_73007
2975885,146,2026-05-21 15:40:00,766,,73008,0,,0,,CORRECT_TOTAL_0_73008
2975886,146,2026-05-21 15:45:00,766,,73008,0,,0,,CORRECT_TOTAL_0_73008
2975887,146,2026-05-21 15:50:00,767,,73009,0,,0,,CORRECT_TOTAL_0_73009
2975888,146,2026-05-21 15:55:00,767,,73009,0,,0,,CORRECT_TOTAL_0_73009
2975889,146,2026-05-21 16:00:00,768,,73010,0,,0,,CORRECT_TOTAL_0_73010
2975890,146,2026-05-21 16:05:00,768,,73010,0,,0,,CORRECT_TOTAL_0_73010
2975891,146,2026-05-21 16:10:00,768,,73010,0,,0,,CORRECT_TOTAL_0_73010
2975892,146,2026-05-21 16:15:00,768,,73010,0,,0,,CORRECT_TOTAL_0_73010
2975893,146,2026-05-21 16:20:00,768,,73010,0,,0,,CORRECT_TOTAL_0_73010
2975894,146,2026-05-21 16:25:00,768,,73010,0,,0,,CORRECT_TOTAL_0_73010
2975895,146,2026-05-21 16:30:00,768,,73010,0,,0,,CORRECT_TOTAL_0_73010
2975896,146,2026-05-21 16:35:00,768,,73010,0,,0,,CORRECT_TOTAL_0_73010
2975897,146,2026-05-21 16:40:00,768,,73010,0,,0,,CORRECT_TOTAL_0_73010
2975898,146,2026-05-21 16:45:00,768,,73010,0,,0,,CORRECT_TOTAL_0_73010
2975899,146,2026-05-21 16:50:00,768,,73010,0,,0,,CORRECT_TOTAL_0_73010
2975900,146,2026-05-21 16:55:00,769,,73011,0,,0,,CORRECT_TOTAL_0_73011
2975901,146,2026-05-21 17:00:00,769,,73011,0,,0,,CORRECT_TOTAL_0_73011
2975902,146,2026-05-21 17:05:00,770,,73012,0,,0,,CORRECT_TOTAL_0_73012
2975903,146,2026-05-21 17:10:00,770,,73012,0,,0,,CORRECT_TOTAL_0_73012
2975904,146,2026-05-21 17:15:00,771,,73013,0,,0,,CORRECT_TOTAL_0_73013
2975905,146,2026-05-21 17:20:00,772,,73014,0,,0,,CORRECT_TOTAL_0_73014
2975906,146,2026-05-21 17:25:00,772,,73014,0,,0,,CORRECT_TOTAL_0_73014
2975907,146,2026-05-21 17:30:00,773,,73015,0,,0,,CORRECT_TOTAL_0_73015
2975908,146,2026-05-21 17:35:00,773,,73015,0,,0,,CORRECT_TOTAL_0_73015
2975909,146,2026-05-21 17:40:00,774,,73016,0,,0,,CORRECT_TOTAL_0_73016
2975910,146,2026-05-21 17:45:00,774,,73016,0,,0,,CORRECT_TOTAL_0_73016
2975911,146,2026-05-21 17:50:00,775,,73017,0,,0,,CORRECT_TOTAL_0_73017
2975912,146,2026-05-21 17:55:00,776,,73018,0,,0,,CORRECT_TOTAL_0_73018
2975914,146,2026-05-21 18:00:00,776,,73018,0,,0,,CORRECT_TOTAL_0_73018
2975915,146,2026-05-21 18:05:00,777,,73019,0,,0,,CORRECT_TOTAL_0_73019
2975916,146,2026-05-21 18:10:00,777,,73019,0,,0,,CORRECT_TOTAL_0_73019
2975917,146,2026-05-21 18:15:00,777,,73019,0,,0,,CORRECT_TOTAL_0_73019
2975918,146,2026-05-21 18:20:00,777,,73019,0,,0,,CORRECT_TOTAL_0_73019
2975919,146,2026-05-21 18:25:00,777,,73019,0,,0,,CORRECT_TOTAL_0_73019
2975920,146,2026-05-21 18:30:00,777,,73019,0,,0,,CORRECT_TOTAL_0_73019
2975921,146,2026-05-21 18:35:00,777,,73019,0,,0,,CORRECT_TOTAL_0_73019
2975922,146,2026-05-21 18:40:00,777,,73019,0,,0,,CORRECT_TOTAL_0_73019
2975923,146,2026-05-21 18:45:00,777,,73019,0,,0,,CORRECT_TOTAL_0_73019
2975924,146,2026-05-21 18:50:00,777,,73019,0,,0,,CORRECT_TOTAL_0_73019
2975925,146,2026-05-21 18:55:00,777,,73019,0,,0,,CORRECT_TOTAL_0_73019
2975926,146,2026-05-21 19:00:00,778,,73020,0,,0,,CORRECT_TOTAL_0_73020
2975927,146,2026-05-21 19:05:00,778,,73020,0,,0,,CORRECT_TOTAL_0_73020
2975928,146,2026-05-21 19:10:00,779,,73021,0,,0,,CORRECT_TOTAL_0_73021
2975929,146,2026-05-21 19:15:00,779,,73021,0,,0,,CORRECT_TOTAL_0_73021
2975930,146,2026-05-21 19:20:00,780,,73022,0,,0,,CORRECT_TOTAL_0_73022
2975931,146,2026-05-21 19:25:00,780,,73022,0,,0,,CORRECT_TOTAL_0_73022
2975932,146,2026-05-21 19:30:00,781,,73023,0,,0,,CORRECT_TOTAL_0_73023
2975933,146,2026-05-21 19:35:00,782,,73024,0,,0,,CORRECT_TOTAL_0_73024
2975934,146,2026-05-21 19:40:00,782,,73024,0,,0,,CORRECT_TOTAL_0_73024
2975935,146,2026-05-21 19:45:00,783,,73025,0,,0,,CORRECT_TOTAL_0_73025
2975936,146,2026-05-21 19:50:00,783,,73025,0,,0,,CORRECT_TOTAL_0_73025
2975937,146,2026-05-21 19:55:00,784,,73026,0,,0,,CORRECT_TOTAL_0_73026
2975938,146,2026-05-21 20:00:00,784,,73026,0,,0,,CORRECT_TOTAL_0_73026
2975939,146,2026-05-21 20:05:00,785,,73027,0,,0,,CORRECT_TOTAL_0_73027
2975940,146,2026-05-21 20:10:00,786,,73028,0,,0,,CORRECT_TOTAL_0_73028
2975941,146,2026-05-21 20:15:00,786,,73028,0,,0,,CORRECT_TOTAL_0_73028
2975942,146,2026-05-21 20:20:00,787,,73029,0,,0,,CORRECT_TOTAL_0_73029
2975943,146,2026-05-21 20:25:00,787,,73029,0,,0,,CORRECT_TOTAL_0_73029
2975944,146,2026-05-21 20:30:00,788,,73030,0,,0,,CORRECT_TOTAL_0_73030
2975945,146,2026-05-21 20:35:00,788,,73030,0,,0,,CORRECT_TOTAL_0_73030
2975946,146,2026-05-21 20:40:00,788,,73030,0,,0,,CORRECT_TOTAL_0_73030
2975947,146,2026-05-21 20:45:00,788,,73030,0,,0,,CORRECT_TOTAL_0_73030
2975948,146,2026-05-21 20:50:00,788,,73030,0,,0,,CORRECT_TOTAL_0_73030
2975949,146,2026-05-21 20:55:00,788,,73030,0,,0,,CORRECT_TOTAL_0_73030
2975950,146,2026-05-21 21:00:00,788,,73030,0,,0,,CORRECT_TOTAL_0_73030
2975951,146,2026-05-21 21:05:00,788,,73030,0,,0,,CORRECT_TOTAL_0_73030
2975952,146,2026-05-21 21:10:00,788,,73030,0,,0,,CORRECT_TOTAL_0_73030
2975953,146,2026-05-21 21:15:00,788,,73030,0,,0,,CORRECT_TOTAL_0_73030
2975954,146,2026-05-21 21:20:00,788,,73030,0,,0,,CORRECT_TOTAL_0_73030
2975955,146,2026-05-21 21:25:00,789,,73031,0,,0,,CORRECT_TOTAL_0_73031
2975956,146,2026-05-21 21:30:00,789,,73031,0,,0,,CORRECT_TOTAL_0_73031
2975957,146,2026-05-21 21:35:00,790,,73032,0,,0,,CORRECT_TOTAL_0_73032
2975958,146,2026-05-21 21:40:00,790,,73032,0,,0,,CORRECT_TOTAL_0_73032
2975959,146,2026-05-21 21:45:00,791,,73033,0,,0,,CORRECT_TOTAL_0_73033
2975960,146,2026-05-21 21:50:00,791,,73033,0,,0,,CORRECT_TOTAL_0_73033
2975961,146,2026-05-21 21:55:00,792,,73034,0,,0,,CORRECT_TOTAL_0_73034
2975962,146,2026-05-21 22:00:00,793,,73035,0,,0,,CORRECT_TOTAL_0_73035
2975963,146,2026-05-21 22:05:00,793,,73035,0,,0,,CORRECT_TOTAL_0_73035
2975964,146,2026-05-21 22:10:00,794,,73036,0,,0,,CORRECT_TOTAL_0_73036
2975965,146,2026-05-21 22:15:00,794,,73036,0,,0,,CORRECT_TOTAL_0_73036
2975966,146,2026-05-21 22:20:00,795,,73037,0,,0,,CORRECT_TOTAL_0_73037
2975967,146,2026-05-21 22:25:00,796,,73038,0,,0,,CORRECT_TOTAL_0_73038
2975968,146,2026-05-21 22:30:00,796,,73038,0,,0,,CORRECT_TOTAL_0_73038
2975969,146,2026-05-21 22:35:00,797,,73039,0,,0,,CORRECT_TOTAL_0_73039
2975970,146,2026-05-21 22:40:00,797,,73039,0,,0,,CORRECT_TOTAL_0_73039
2975971,146,2026-05-21 22:45:00,798,,73040,0,,0,,CORRECT_TOTAL_0_73040
2975972,146,2026-05-21 22:50:00,798,,73040,0,,0,,CORRECT_TOTAL_0_73040
2975973,146,2026-05-21 22:55:00,798,,73040,0,,0,,CORRECT_TOTAL_0_73040
2975974,146,2026-05-21 23:00:00,798,,73040,0,,0,,CORRECT_TOTAL_0_73040
2975975,146,2026-05-21 23:05:00,798,,73040,0,,0,,CORRECT_TOTAL_0_73040
2975976,146,2026-05-21 23:10:00,798,,73040,0,,0,,CORRECT_TOTAL_0_73040
2975977,146,2026-05-21 23:15:00,798,,73040,0,,0,,CORRECT_TOTAL_0_73040
2975978,146,2026-05-21 23:20:00,798,,73040,0,,0,,CORRECT_TOTAL_0_73040
2975979,146,2026-05-21 23:25:00,798,,73040,0,,0,,CORRECT_TOTAL_0_73040
2975980,146,2026-05-21 23:30:00,798,,73040,0,,0,,CORRECT_TOTAL_0_73040
2975981,146,2026-05-21 23:35:00,798,,73040,0,,0,,CORRECT_TOTAL_0_73040
2975982,146,2026-05-21 23:40:00,799,,73041,0,,0,,CORRECT_TOTAL_0_73041
2975983,146,2026-05-21 23:45:00,799,,73041,0,,0,,CORRECT_TOTAL_0_73041
2975984,146,2026-05-21 23:50:00,800,,73042,0,,0,,CORRECT_TOTAL_0_73042
2975985,146,2026-05-21 23:55:00,800,,73042,0,,0,,CORRECT_TOTAL_0_73042
2975986,146,2026-05-22 00:00:00,801,,73043,0,,0,,CORRECT_TOTAL_0_73043
2975987,146,2026-05-22 00:05:00,802,,73044,0,,0,,CORRECT_TOTAL_0_73044
2975988,146,2026-05-22 00:10:00,802,,73044,0,,0,,CORRECT_TOTAL_0_73044
2975989,146,2026-05-22 00:15:00,803,,73045,0,,0,,CORRECT_TOTAL_0_73045
2975990,146,2026-05-22 00:20:00,803,,73045,0,,0,,CORRECT_TOTAL_0_73045
2975991,146,2026-05-22 00:25:00,804,,73046,0,,0,,CORRECT_TOTAL_0_73046
2975992,146,2026-05-22 00:30:00,804,,73046,0,,0,,CORRECT_TOTAL_0_73046
2975993,146,2026-05-22 00:35:00,805,,73047,0,,0,,CORRECT_TOTAL_0_73047
2975994,146,2026-05-22 00:40:00,806,,73048,0,,0,,CORRECT_TOTAL_0_73048
2975995,146,2026-05-22 00:45:00,806,,73048,0,,0,,CORRECT_TOTAL_0_73048
2975996,146,2026-05-22 00:50:00,807,,73049,0,,0,,CORRECT_TOTAL_0_73049
2975997,146,2026-05-22 00:55:00,807,,73049,0,,0,,CORRECT_TOTAL_0_73049
2975998,146,2026-05-22 01:00:00,808,,73050,0,,0,,CORRECT_TOTAL_0_73050
2975999,146,2026-05-22 01:05:00,808,,73050,0,,0,,CORRECT_TOTAL_0_73050
2976000,146,2026-05-22 01:10:00,809,,73051,0,,0,,CORRECT_TOTAL_0_73051
2976001,146,2026-05-22 01:15:00,809,,73051,0,,0,,CORRECT_TOTAL_0_73051
2976002,146,2026-05-22 01:20:00,809,,73051,0,,0,,CORRECT_TOTAL_0_73051
2976003,146,2026-05-22 01:25:00,809,,73051,0,,0,,CORRECT_TOTAL_0_73051
2976004,146,2026-05-22 01:30:00,809,,73051,0,,0,,CORRECT_TOTAL_0_73051
2976005,146,2026-05-22 01:35:00,809,,73051,0,,0,,CORRECT_TOTAL_0_73051
2976006,146,2026-05-22 01:40:00,809,,73051,0,,0,,CORRECT_TOTAL_0_73051
2976007,146,2026-05-22 01:45:00,809,,73051,0,,0,,CORRECT_TOTAL_0_73051
2976008,146,2026-05-22 01:50:00,809,,73051,0,,0,,CORRECT_TOTAL_0_73051
2976009,146,2026-05-22 01:55:00,809,,73051,0,,0,,CORRECT_TOTAL_0_73051
2976010,146,2026-05-22 02:00:00,809,,73051,0,,0,,CORRECT_TOTAL_0_73051
2976011,146,2026-05-22 02:05:00,810,,73052,0,,0,,CORRECT_TOTAL_0_73052
2976012,146,2026-05-22 02:10:00,810,,73052,0,,0,,CORRECT_TOTAL_0_73052
2976013,146,2026-05-22 02:15:00,811,,73053,0,,0,,CORRECT_TOTAL_0_73053
2976014,146,2026-05-22 02:20:00,811,,73053,0,,0,,CORRECT_TOTAL_0_73053
2976015,146,2026-05-22 02:25:00,812,,73054,0,,0,,CORRECT_TOTAL_0_73054
2976016,146,2026-05-22 02:30:00,813,,73055,0,,0,,CORRECT_TOTAL_0_73055
2976017,146,2026-05-22 02:35:00,813,,73055,0,,0,,CORRECT_TOTAL_0_73055
2976018,146,2026-05-22 02:40:00,814,,73056,0,,0,,CORRECT_TOTAL_0_73056
2976019,146,2026-05-22 02:45:00,814,,73056,0,,0,,CORRECT_TOTAL_0_73056
2976020,146,2026-05-22 02:50:00,815,,73057,0,,0,,CORRECT_TOTAL_0_73057
2976021,146,2026-05-22 02:55:00,815,,73057,0,,0,,CORRECT_TOTAL_0_73057
2976022,146,2026-05-22 03:00:00,816,,73058,0,,0,,CORRECT_TOTAL_0_73058
2976023,146,2026-05-22 03:05:00,817,,73059,0,,0,,CORRECT_TOTAL_0_73059
2976024,146,2026-05-22 03:10:00,817,,73059,0,,0,,CORRECT_TOTAL_0_73059
2976025,146,2026-05-22 03:15:00,818,,73060,0,,0,,CORRECT_TOTAL_0_73060
2976026,146,2026-05-22 03:20:00,818,,73060,0,,0,,CORRECT_TOTAL_0_73060
2976027,146,2026-05-22 03:25:00,819,,73061,0,,0,,CORRECT_TOTAL_0_73061
2976028,146,2026-05-22 03:30:00,819,,73061,0,,0,,CORRECT_TOTAL_0_73061
2976029,146,2026-05-22 03:35:00,820,,73062,0,,0,,CORRECT_TOTAL_0_73062
2976030,146,2026-05-22 03:40:00,820,,73062,0,,0,,CORRECT_TOTAL_0_73062
2976031,146,2026-05-22 03:45:00,820,,73062,0,,0,,CORRECT_TOTAL_0_73062
2976032,146,2026-05-22 03:50:00,820,,73062,0,,0,,CORRECT_TOTAL_0_73062
2976033,146,2026-05-22 03:55:00,820,,73062,0,,0,,CORRECT_TOTAL_0_73062
2976034,146,2026-05-22 04:00:00,820,,73062,0,,0,,CORRECT_TOTAL_0_73062
2976035,146,2026-05-22 04:05:00,820,,73062,0,,0,,CORRECT_TOTAL_0_73062
2976036,146,2026-05-22 04:10:00,820,,73062,0,,0,,CORRECT_TOTAL_0_73062
2976037,146,2026-05-22 04:15:00,820,,73062,0,,0,,CORRECT_TOTAL_0_73062
2976038,146,2026-05-22 04:20:00,820,,73062,0,,0,,CORRECT_TOTAL_0_73062
2976039,146,2026-05-22 04:25:00,820,,73062,0,,0,,CORRECT_TOTAL_0_73062
2976040,146,2026-05-22 04:30:00,821,,73063,0,,0,,CORRECT_TOTAL_0_73063
2976041,146,2026-05-22 04:35:00,821,,73063,0,,0,,CORRECT_TOTAL_0_73063
2976042,146,2026-05-22 04:40:00,822,,73064,0,,0,,CORRECT_TOTAL_0_73064
2976043,146,2026-05-22 04:45:00,823,,73065,0,,0,,CORRECT_TOTAL_0_73065
2976044,146,2026-05-22 04:50:00,823,,73065,0,,0,,CORRECT_TOTAL_0_73065
2976045,146,2026-05-22 04:55:00,824,,73066,0,,0,,CORRECT_TOTAL_0_73066
2976046,146,2026-05-22 05:00:00,824,,73066,0,,0,,CORRECT_TOTAL_0_73066
2976047,146,2026-05-22 05:05:00,825,,73067,0,,0,,CORRECT_TOTAL_0_73067
2976048,146,2026-05-22 05:10:00,825,,73067,0,,0,,CORRECT_TOTAL_0_73067
2976049,146,2026-05-22 05:15:00,826,,73068,0,,0,,CORRECT_TOTAL_0_73068
2976050,146,2026-05-22 05:20:00,827,,73069,0,,0,,CORRECT_TOTAL_0_73069
2976051,146,2026-05-22 05:25:00,827,,73069,0,,0,,CORRECT_TOTAL_0_73069
2976052,146,2026-05-22 05:30:00,828,,73070,0,,0,,CORRECT_TOTAL_0_73070
2976053,146,2026-05-22 05:35:00,828,,73070,0,,0,,CORRECT_TOTAL_0_73070
2976054,146,2026-05-22 05:40:00,829,,73071,0,,0,,CORRECT_TOTAL_0_73071
2976055,146,2026-05-22 05:45:00,829,,73071,0,,0,,CORRECT_TOTAL_0_73071
2976056,146,2026-05-22 05:50:00,830,,73072,0,,0,,CORRECT_TOTAL_0_73072
2976057,146,2026-05-22 05:55:00,830,,73072,0,,0,,CORRECT_TOTAL_0_73072
2976058,146,2026-05-22 06:00:00,830,,73072,0,,0,,CORRECT_TOTAL_0_73072
2976059,146,2026-05-22 06:05:00,830,,73072,0,,0,,CORRECT_TOTAL_0_73072
2976060,146,2026-05-22 06:10:00,830,,73072,0,,0,,CORRECT_TOTAL_0_73072
2976061,146,2026-05-22 06:15:00,830,,73072,0,,0,,CORRECT_TOTAL_0_73072
2976062,146,2026-05-22 06:20:00,830,,73072,0,,0,,CORRECT_TOTAL_0_73072
2976063,146,2026-05-22 06:25:00,830,,73072,0,,0,,CORRECT_TOTAL_0_73072
2976064,146,2026-05-22 06:30:00,830,,73072,0,,0,,CORRECT_TOTAL_0_73072
2976065,146,2026-05-22 06:35:00,830,,73072,0,,0,,CORRECT_TOTAL_0_73072
2976066,146,2026-05-22 06:40:00,830,,73072,0,,0,,CORRECT_TOTAL_0_73072
2976067,146,2026-05-22 06:45:00,831,,73073,0,,0,,CORRECT_TOTAL_0_73073
2976068,146,2026-05-22 06:50:00,831,,73073,0,,0,,CORRECT_TOTAL_0_73073
2976069,146,2026-05-22 06:55:00,832,,73074,0,,0,,CORRECT_TOTAL_0_73074
2976070,146,2026-05-22 07:00:00,832,,73074,0,,0,,CORRECT_TOTAL_0_73074
2976071,146,2026-05-22 07:05:00,833,,73075,0,,0,,CORRECT_TOTAL_0_73075
2976072,146,2026-05-22 07:10:00,833,,73075,0,,0,,CORRECT_TOTAL_0_73075
2976073,146,2026-05-22 07:15:00,834,,73076,0,,0,,CORRECT_TOTAL_0_73076
2976074,146,2026-05-22 07:20:00,835,,73077,0,,0,,CORRECT_TOTAL_0_73077
2976075,146,2026-05-22 07:25:00,835,,73077,0,,0,,CORRECT_TOTAL_0_73077
2976076,146,2026-05-22 07:30:00,836,,73078,0,,0,,CORRECT_TOTAL_0_73078
2976077,146,2026-05-22 07:35:00,836,,73078,0,,0,,CORRECT_TOTAL_0_73078
2976078,146,2026-05-22 07:40:00,837,,73079,0,,0,,CORRECT_TOTAL_0_73079
2976079,146,2026-05-22 07:45:00,837,,73079,0,,0,,CORRECT_TOTAL_0_73079
2976080,146,2026-05-22 07:50:00,838,,73080,0,,0,,CORRECT_TOTAL_0_73080
2976081,146,2026-05-22 07:55:00,838,,73080,0,,0,,CORRECT_TOTAL_0_73080
2976082,146,2026-05-22 08:00:00,839,,73081,0,,0,,CORRECT_TOTAL_0_73081
2976083,146,2026-05-22 08:05:00,840,,73082,0,,0,,CORRECT_TOTAL_0_73082
2976084,146,2026-05-22 08:10:00,840,,73082,0,,0,,CORRECT_TOTAL_0_73082
2976085,146,2026-05-22 08:15:00,841,,73083,0,,0,,CORRECT_TOTAL_0_73083
2976086,146,2026-05-22 08:20:00,841,,73083,0,,0,,CORRECT_TOTAL_0_73083
2976087,146,2026-05-22 08:25:00,842,,73084,0,,0,,CORRECT_TOTAL_0_73084
2976088,146,2026-05-22 08:30:00,842,,73084,0,,0,,CORRECT_TOTAL_0_73084
2976089,146,2026-05-22 08:35:00,842,,73084,0,,0,,CORRECT_TOTAL_0_73084
2976090,146,2026-05-22 08:40:00,842,,73084,0,,0,,CORRECT_TOTAL_0_73084
2976091,146,2026-05-22 08:45:00,842,,73084,0,,0,,CORRECT_TOTAL_0_73084
2976092,146,2026-05-22 08:50:00,842,,73084,0,,0,,CORRECT_TOTAL_0_73084
2976093,146,2026-05-22 08:55:00,842,,73084,0,,0,,CORRECT_TOTAL_0_73084
2976094,146,2026-05-22 09:00:00,842,,73084,0,,0,,CORRECT_TOTAL_0_73084
2976095,146,2026-05-22 09:05:00,842,,73084,0,,0,,CORRECT_TOTAL_0_73084
2976096,146,2026-05-22 09:10:00,842,,73084,0,,0,,CORRECT_TOTAL_0_73084
2976097,146,2026-05-22 09:15:00,842,,73084,0,,0,,CORRECT_TOTAL_0_73084
2976098,146,2026-05-22 09:20:00,842,,73084,0,,0,,CORRECT_TOTAL_0_73084
2976099,146,2026-05-22 09:25:00,843,,73085,0,,0,,CORRECT_TOTAL_0_73085
2976100,146,2026-05-22 09:30:00,844,,73086,0,,0,,CORRECT_TOTAL_0_73086
2976101,146,2026-05-22 09:35:00,844,,73086,0,,0,,CORRECT_TOTAL_0_73086
2976102,146,2026-05-22 09:40:00,845,,73087,0,,0,,CORRECT_TOTAL_0_73087
2976103,146,2026-05-22 09:45:00,845,,73087,0,,0,,CORRECT_TOTAL_0_73087
2976104,146,2026-05-22 09:50:00,846,,73088,0,,0,,CORRECT_TOTAL_0_73088
2976105,146,2026-05-22 09:55:00,847,,73089,0,,0,,CORRECT_TOTAL_0_73089
2976106,146,2026-05-22 10:00:00,847,,73089,0,,0,,CORRECT_TOTAL_0_73089
2976107,146,2026-05-22 10:05:00,848,,73090,0,,0,,CORRECT_TOTAL_0_73090
2976108,146,2026-05-22 10:10:00,848,,73090,0,,0,,CORRECT_TOTAL_0_73090
2976109,146,2026-05-22 10:15:00,849,,73091,0,,0,,CORRECT_TOTAL_0_73091
2976110,146,2026-05-22 10:20:00,849,,73091,0,,0,,CORRECT_TOTAL_0_73091
2976111,146,2026-05-22 10:25:00,850,,73092,0,,0,,CORRECT_TOTAL_0_73092
2976112,146,2026-05-22 10:30:00,851,,73093,0,,0,,CORRECT_TOTAL_0_73093
2976113,146,2026-05-22 10:35:00,851,,73093,0,,0,,CORRECT_TOTAL_0_73093
2976114,146,2026-05-22 10:40:00,852,,73094,0,,0,,CORRECT_TOTAL_0_73094
2976115,146,2026-05-22 10:45:00,852,,73094,0,,0,,CORRECT_TOTAL_0_73094
2976116,146,2026-05-22 10:50:00,853,,73095,0,,0,,CORRECT_TOTAL_0_73095
2976117,146,2026-05-22 10:55:00,853,,73095,0,,0,,CORRECT_TOTAL_0_73095
2976118,146,2026-05-22 11:00:00,853,,73095,0,,0,,CORRECT_TOTAL_0_73095
2976119,146,2026-05-22 11:05:00,853,,73095,0,,0,,CORRECT_TOTAL_0_73095
2976120,146,2026-05-22 11:10:00,853,,73095,0,,0,,CORRECT_TOTAL_0_73095
2976121,146,2026-05-22 11:15:00,853,,73095,0,,0,,CORRECT_TOTAL_0_73095
2976122,146,2026-05-22 11:20:00,853,,73095,0,,0,,CORRECT_TOTAL_0_73095
2976123,146,2026-05-22 11:25:00,853,,73095,0,,0,,CORRECT_TOTAL_0_73095
2976124,146,2026-05-22 11:30:00,853,,73095,0,,0,,CORRECT_TOTAL_0_73095
2976125,146,2026-05-22 11:35:00,853,,73095,0,,0,,CORRECT_TOTAL_0_73095
2976126,146,2026-05-22 11:40:00,853,,73095,0,,0,,CORRECT_TOTAL_0_73095
2976127,146,2026-05-22 11:45:00,854,,73096,0,,0,,CORRECT_TOTAL_0_73096
2976128,146,2026-05-22 11:50:00,854,,73096,0,,0,,CORRECT_TOTAL_0_73096
2976129,146,2026-05-22 11:55:00,855,,73097,0,,0,,CORRECT_TOTAL_0_73097
2976130,146,2026-05-22 12:00:00,856,,73098,0,,0,,CORRECT_TOTAL_0_73098
2970129,146,2026-05-22 15:46:00,853,864,73951,182,,0,,CORRECT_TOTAL_864_73951
2970140,146,2026-05-22 15:51:00,854,865,73952,1,,1,,CORRECT_TOTAL_865_73952
2970147,146,2026-05-22 15:56:00,854,865,73952,0,,1,,CORRECT_TOTAL_865_73952
2966508,190,2026-05-20 00:00:00,531788,53179,53179,0,,0,,KEEP_TOTAL
2966747,190,2026-05-20 01:00:00,531788,53179,53179,0,,0,,KEEP_TOTAL
2966986,190,2026-05-20 02:00:00,531788,53179,53179,0,,0,,KEEP_TOTAL
2967225,190,2026-05-20 03:00:00,531788,53179,53179,0,,0,,KEEP_TOTAL
2967464,190,2026-05-20 04:00:00,531788,53179,53179,0,,0,,KEEP_TOTAL
2967703,190,2026-05-20 05:00:00,531788,53179,53179,0,,0,,KEEP_TOTAL
2967942,190,2026-05-20 06:00:00,531788,53179,53179,0,,0,,KEEP_TOTAL
2968181,190,2026-05-20 07:00:00,531788,53179,53179,0,,0,,KEEP_TOTAL
2968394,190,2026-05-20 08:00:00,531788,53179,53179,0,,0,,KEEP_TOTAL
2968659,190,2026-05-20 09:00:00,531788,53179,53179,0,,0,,KEEP_TOTAL
2968898,190,2026-05-20 10:00:00,531788,53179,53179,0,,0,,KEEP_TOTAL
2969137,190,2026-05-20 11:00:00,531788,53179,53179,0,,0,,KEEP_TOTAL
2969376,190,2026-05-20 12:00:00,531788,53179,53179,0,,0,,KEEP_TOTAL
2969615,190,2026-05-20 13:00:00,531788,53179,53179,0,,0,,KEEP_TOTAL
2969854,190,2026-05-20 14:00:00,531788,53179,53179,0,,0,,KEEP_TOTAL
2970089,190,2026-05-20 15:00:00,531788,53179,53179,0,,0,,KEEP_TOTAL
2977922,190,2026-05-20 20:00:00,531788,,53179,0,,0,,CORRECT_TOTAL_0_53179
2977923,190,2026-05-20 21:00:00,531788,,53179,0,,0,,CORRECT_TOTAL_0_53179
2977924,190,2026-05-20 22:00:00,531788,,53179,0,,0,,CORRECT_TOTAL_0_53179
2977925,190,2026-05-20 23:00:00,531788,,53179,0,,0,,CORRECT_TOTAL_0_53179
2977926,190,2026-05-21 00:00:00,531788,,53179,0,,0,,CORRECT_TOTAL_0_53179
2977927,190,2026-05-21 01:00:00,531788,,53179,0,,0,,CORRECT_TOTAL_0_53179
2977928,190,2026-05-21 02:00:00,531788,,53179,0,,0,,CORRECT_TOTAL_0_53179
2977929,190,2026-05-21 03:00:00,531788,,53179,0,,0,,CORRECT_TOTAL_0_53179
2977930,190,2026-05-21 04:00:00,531788,,53179,0,,0,,CORRECT_TOTAL_0_53179
2977931,190,2026-05-21 05:00:00,531788,,53179,0,,0,,CORRECT_TOTAL_0_53179
2977932,190,2026-05-21 06:00:00,531788,,53179,0,,0,,CORRECT_TOTAL_0_53179
2977933,190,2026-05-21 07:00:00,531788,,53179,0,,0,,CORRECT_TOTAL_0_53179
2977934,190,2026-05-21 08:00:00,531788,,53179,0,,0,,CORRECT_TOTAL_0_53179
2977935,190,2026-05-21 09:00:00,531788,,53179,0,,0,,CORRECT_TOTAL_0_53179
2977936,190,2026-05-21 10:00:00,531788,,53179,0,,0,,CORRECT_TOTAL_0_53179
2977937,190,2026-05-21 11:00:00,531788,,53179,0,,0,,CORRECT_TOTAL_0_53179
2977938,190,2026-05-21 12:00:00,531788,,53179,0,,0,,CORRECT_TOTAL_0_53179
2977939,190,2026-05-21 13:00:00,531788,,53179,0,,0,,CORRECT_TOTAL_0_53179
2977940,190,2026-05-21 14:00:00,531788,,53179,0,,0,,CORRECT_TOTAL_0_53179
2977941,190,2026-05-21 15:00:00,531788,,53179,0,,0,,CORRECT_TOTAL_0_53179
2977942,190,2026-05-21 16:00:00,531788,,53179,0,,0,,CORRECT_TOTAL_0_53179
2977943,190,2026-05-21 17:00:00,531788,,53179,0,,0,,CORRECT_TOTAL_0_53179
2977944,190,2026-05-21 18:00:00,531788,,53179,0,,0,,CORRECT_TOTAL_0_53179
2977945,190,2026-05-21 19:00:00,531788,,53179,0,,0,,CORRECT_TOTAL_0_53179
2977946,190,2026-05-21 20:00:00,531788,,53179,0,,0,,CORRECT_TOTAL_0_53179
2977947,190,2026-05-21 21:00:00,531788,,53179,0,,0,,CORRECT_TOTAL_0_53179
2977948,190,2026-05-21 22:00:00,531788,,53179,0,,0,,CORRECT_TOTAL_0_53179
2977949,190,2026-05-21 23:00:00,531788,,53179,0,,0,,CORRECT_TOTAL_0_53179
2977950,190,2026-05-22 00:00:00,531788,,53179,0,,0,,CORRECT_TOTAL_0_53179
2977951,190,2026-05-22 01:00:00,531788,,53179,0,,0,,CORRECT_TOTAL_0_53179
2977952,190,2026-05-22 02:00:00,531788,,53179,0,,0,,CORRECT_TOTAL_0_53179
2977953,190,2026-05-22 03:00:00,531788,,53179,0,,0,,CORRECT_TOTAL_0_53179
2977954,190,2026-05-22 04:00:00,531788,,53179,0,,0,,CORRECT_TOTAL_0_53179
2977955,190,2026-05-22 05:00:00,531788,,53179,0,,0,,CORRECT_TOTAL_0_53179
2977956,190,2026-05-22 06:00:00,531788,,53179,0,,0,,CORRECT_TOTAL_0_53179
2977957,190,2026-05-22 07:00:00,531788,,53179,0,,0,,CORRECT_TOTAL_0_53179
2977958,190,2026-05-22 08:00:00,531788,,53179,0,,0,,CORRECT_TOTAL_0_53179
2977959,190,2026-05-22 09:00:00,531788,,53179,0,,0,,CORRECT_TOTAL_0_53179
2977960,190,2026-05-22 10:00:00,531788,,53179,0,,0,,CORRECT_TOTAL_0_53179
2977961,190,2026-05-22 11:00:00,531788,,53179,0,,0,,CORRECT_TOTAL_0_53179
2977962,190,2026-05-22 12:00:00,531788,,53179,0,,0,,CORRECT_TOTAL_0_53179
2966493,162,2026-05-20 00:00:00,480168,480164,480168,1,,20,,CORRECT_TOTAL_480164_480168
2966732,162,2026-05-20 01:00:00,480169,480165,480169,1,,21,,CORRECT_TOTAL_480165_480169
2966971,162,2026-05-20 02:00:00,480170,480166,480170,1,,22,,CORRECT_TOTAL_480166_480170
2967210,162,2026-05-20 03:00:00,480171,480167,480171,1,,23,,CORRECT_TOTAL_480167_480171
2967449,162,2026-05-20 04:00:00,480167,480167,960338,0,,0,,CORRECT_TOTAL_480167_960338
2967688,162,2026-05-20 05:00:00,480168,480168,960339,1,,1,,CORRECT_TOTAL_480168_960339
2967927,162,2026-05-20 06:00:00,480169,480169,960340,1,,2,,CORRECT_TOTAL_480169_960340
2968166,162,2026-05-20 07:00:00,480170,480170,960341,1,,3,,CORRECT_TOTAL_480170_960341
2968379,162,2026-05-20 08:00:00,480172,480172,960343,2,,5,,CORRECT_TOTAL_480172_960343
2968644,162,2026-05-20 09:00:00,480173,480173,960344,1,,6,,CORRECT_TOTAL_480173_960344
2968883,162,2026-05-20 10:00:00,480174,480174,960345,1,,7,,CORRECT_TOTAL_480174_960345
2969122,162,2026-05-20 11:00:00,480175,480175,960346,1,,8,,CORRECT_TOTAL_480175_960346
2969361,162,2026-05-20 12:00:00,480176,480176,960347,1,,9,,CORRECT_TOTAL_480176_960347
2969600,162,2026-05-20 13:00:00,480177,480177,960348,1,,10,,CORRECT_TOTAL_480177_960348
2969839,162,2026-05-20 14:00:00,480178,480178,960349,1,,11,,CORRECT_TOTAL_480178_960349
2970056,162,2026-05-20 15:00:00,480179,480179,960350,1,,12,,CORRECT_TOTAL_480179_960350
2977594,162,2026-05-20 20:00:00,480187,,960358,0,,0,,CORRECT_TOTAL_0_960358
2977595,162,2026-05-20 21:00:00,480188,,960359,0,,0,,CORRECT_TOTAL_0_960359
2977596,162,2026-05-20 22:00:00,480189,,960360,0,,0,,CORRECT_TOTAL_0_960360
2977597,162,2026-05-20 23:00:00,480190,,960361,0,,0,,CORRECT_TOTAL_0_960361
2977598,162,2026-05-21 00:00:00,480191,,960362,0,,0,,CORRECT_TOTAL_0_960362
2977599,162,2026-05-21 01:00:00,480192,,960363,0,,0,,CORRECT_TOTAL_0_960363
2977600,162,2026-05-21 02:00:00,480192,,960363,0,,0,,CORRECT_TOTAL_0_960363
2977601,162,2026-05-21 03:00:00,480193,,960364,0,,0,,CORRECT_TOTAL_0_960364
2977602,162,2026-05-21 04:00:00,480194,,960365,0,,0,,CORRECT_TOTAL_0_960365
2977603,162,2026-05-21 05:00:00,480194,,960365,0,,0,,CORRECT_TOTAL_0_960365
2977604,162,2026-05-21 06:00:00,480195,,960366,0,,0,,CORRECT_TOTAL_0_960366
2977605,162,2026-05-21 07:00:00,480196,,960367,0,,0,,CORRECT_TOTAL_0_960367
2977606,162,2026-05-21 08:00:00,480197,,960368,0,,0,,CORRECT_TOTAL_0_960368
2977607,162,2026-05-21 09:00:00,480198,,960369,0,,0,,CORRECT_TOTAL_0_960369
2977608,162,2026-05-21 10:00:00,480198,,960369,0,,0,,CORRECT_TOTAL_0_960369
2977609,162,2026-05-21 11:00:00,480199,,960370,0,,0,,CORRECT_TOTAL_0_960370
2977610,162,2026-05-21 12:00:00,480200,,960371,0,,0,,CORRECT_TOTAL_0_960371
2977611,162,2026-05-21 13:00:00,480201,,960372,0,,0,,CORRECT_TOTAL_0_960372
2977612,162,2026-05-21 14:00:00,480202,,960373,0,,0,,CORRECT_TOTAL_0_960373
2977613,162,2026-05-21 15:00:00,480203,,960374,0,,0,,CORRECT_TOTAL_0_960374
2977614,162,2026-05-21 16:00:00,480204,,960375,0,,0,,CORRECT_TOTAL_0_960375
2977615,162,2026-05-21 17:00:00,480205,,960376,0,,0,,CORRECT_TOTAL_0_960376
2977616,162,2026-05-21 18:00:00,480205,,960376,0,,0,,CORRECT_TOTAL_0_960376
2977617,162,2026-05-21 19:00:00,480206,,960377,0,,0,,CORRECT_TOTAL_0_960377
2977618,162,2026-05-21 20:00:00,480207,,960378,0,,0,,CORRECT_TOTAL_0_960378
2977619,162,2026-05-21 21:00:00,480208,,960379,0,,0,,CORRECT_TOTAL_0_960379
2977620,162,2026-05-21 22:00:00,480209,,960380,0,,0,,CORRECT_TOTAL_0_960380
2977621,162,2026-05-21 23:00:00,480210,,960381,0,,0,,CORRECT_TOTAL_0_960381
2977622,162,2026-05-22 00:00:00,480211,,960382,0,,0,,CORRECT_TOTAL_0_960382
2977623,162,2026-05-22 01:00:00,480212,,960383,0,,0,,CORRECT_TOTAL_0_960383
2977624,162,2026-05-22 02:00:00,480212,,960383,0,,0,,CORRECT_TOTAL_0_960383
2977625,162,2026-05-22 03:00:00,480213,,960384,0,,0,,CORRECT_TOTAL_0_960384
2977626,162,2026-05-22 04:00:00,480214,,960385,0,,0,,CORRECT_TOTAL_0_960385
2977627,162,2026-05-22 05:00:00,480215,,960386,0,,0,,CORRECT_TOTAL_0_960386
2977628,162,2026-05-22 06:00:00,480216,,960387,0,,0,,CORRECT_TOTAL_0_960387
2977629,162,2026-05-22 07:00:00,480217,,960388,0,,0,,CORRECT_TOTAL_0_960388
2977630,162,2026-05-22 08:00:00,480218,,960389,0,,0,,CORRECT_TOTAL_0_960389
2977631,162,2026-05-22 09:00:00,480219,,960390,0,,0,,CORRECT_TOTAL_0_960390
2977632,162,2026-05-22 10:00:00,480220,,960391,0,,0,,CORRECT_TOTAL_0_960391
2977633,162,2026-05-22 11:00:00,480220,,960391,0,,0,,CORRECT_TOTAL_0_960391
2977634,162,2026-05-22 12:00:00,480221,,960392,0,,0,,CORRECT_TOTAL_0_960392
2966417,132,2026-05-20 00:00:00,2407339,240734,240734,0,,0,,KEEP_TOTAL
2966656,132,2026-05-20 01:00:00,2407339,240734,240734,0,,0,,KEEP_TOTAL
2966895,132,2026-05-20 02:00:00,2407339,240734,240734,0,,0,,KEEP_TOTAL
2967134,132,2026-05-20 03:00:00,2407339,240734,240734,0,,0,,KEEP_TOTAL
2967373,132,2026-05-20 04:00:00,2407339,240734,240734,0,,0,,KEEP_TOTAL
2967620,132,2026-05-20 05:00:00,2407339,240734,240734,0,,0,,KEEP_TOTAL
2967851,132,2026-05-20 06:00:00,2407339,240734,240734,0,,0,,KEEP_TOTAL
2968090,132,2026-05-20 07:00:00,2407339,240734,240734,0,,0,,KEEP_TOTAL
2968435,132,2026-05-20 08:00:00,0,240734,240734,0,,0,,KEEP_TOTAL
2968568,132,2026-05-20 09:00:00,2407339,240734,240734,0,,0,,KEEP_TOTAL
2968807,132,2026-05-20 10:00:00,2407339,240734,240734,0,,0,,KEEP_TOTAL
2969046,132,2026-05-20 11:00:00,2407339,240734,240734,0,,0,,KEEP_TOTAL
2969301,132,2026-05-20 12:00:00,2407339,240734,240734,0,,0,,KEEP_TOTAL
2969525,132,2026-05-20 13:00:00,2407339,240734,240734,0,,0,,KEEP_TOTAL
2969763,132,2026-05-20 14:00:00,2407339,240734,240734,0,,0,,KEEP_TOTAL
2970069,132,2026-05-20 15:00:00,2407339,240734,240734,0,,0,,KEEP_TOTAL
2966494,176,2026-05-20 00:00:00,1488,1488,1488,0,,0,,KEEP_TOTAL
2966733,176,2026-05-20 01:00:00,1488,1488,1488,0,,0,,KEEP_TOTAL
2966972,176,2026-05-20 02:00:00,1488,1488,1488,0,,0,,KEEP_TOTAL
2967211,176,2026-05-20 03:00:00,1488,1488,1488,0,,0,,KEEP_TOTAL
2967450,176,2026-05-20 04:00:00,1488,1488,1488,0,,0,,KEEP_TOTAL
2967689,176,2026-05-20 05:00:00,1488,1488,1488,0,,0,,KEEP_TOTAL
2967928,176,2026-05-20 06:00:00,1488,1488,1488,0,,0,,KEEP_TOTAL
2968167,176,2026-05-20 07:00:00,1488,1488,1488,0,,0,,KEEP_TOTAL
2968380,176,2026-05-20 08:00:00,1488,1488,1488,0,,0,,KEEP_TOTAL
2968645,176,2026-05-20 09:00:00,1488,1488,1488,0,,0,,KEEP_TOTAL
2968884,176,2026-05-20 10:00:00,1488,1488,1488,0,,0,,KEEP_TOTAL
2969123,176,2026-05-20 11:00:00,1488,1488,1488,0,,0,,KEEP_TOTAL
2969362,176,2026-05-20 12:00:00,1488,1488,1488,0,,0,,KEEP_TOTAL
2969601,176,2026-05-20 13:00:00,1488,1488,1488,0,,0,,KEEP_TOTAL
2969840,176,2026-05-20 14:00:00,1488,1488,1488,0,,0,,KEEP_TOTAL
2970057,176,2026-05-20 15:00:00,1488,1488,1488,0,,0,,KEEP_TOTAL
2979038,176,2026-05-20 20:00:00,1488,,1488,0,,0,,CORRECT_TOTAL_0_1488
2979039,176,2026-05-20 21:00:00,1488,,1488,0,,0,,CORRECT_TOTAL_0_1488
2979040,176,2026-05-20 22:00:00,1488,,1488,0,,0,,CORRECT_TOTAL_0_1488
2979041,176,2026-05-20 23:00:00,1488,,1488,0,,0,,CORRECT_TOTAL_0_1488
2979042,176,2026-05-21 00:00:00,1488,,1488,0,,0,,CORRECT_TOTAL_0_1488
2979043,176,2026-05-21 01:00:00,1488,,1488,0,,0,,CORRECT_TOTAL_0_1488
2979044,176,2026-05-21 02:00:00,1488,,1488,0,,0,,CORRECT_TOTAL_0_1488
2979045,176,2026-05-21 03:00:00,1488,,1488,0,,0,,CORRECT_TOTAL_0_1488
2979046,176,2026-05-21 04:00:00,1488,,1488,0,,0,,CORRECT_TOTAL_0_1488
2979047,176,2026-05-21 05:00:00,1488,,1488,0,,0,,CORRECT_TOTAL_0_1488
2979048,176,2026-05-21 06:00:00,1488,,1488,0,,0,,CORRECT_TOTAL_0_1488
2979049,176,2026-05-21 07:00:00,1488,,1488,0,,0,,CORRECT_TOTAL_0_1488
2979050,176,2026-05-21 08:00:00,1488,,1488,0,,0,,CORRECT_TOTAL_0_1488
2979051,176,2026-05-21 09:00:00,1488,,1488,0,,0,,CORRECT_TOTAL_0_1488
2979052,176,2026-05-21 10:00:00,1488,,1488,0,,0,,CORRECT_TOTAL_0_1488
2979053,176,2026-05-21 11:00:00,1488,,1488,0,,0,,CORRECT_TOTAL_0_1488
2979054,176,2026-05-21 12:00:00,1488,,1488,0,,0,,CORRECT_TOTAL_0_1488
2979055,176,2026-05-21 13:00:00,1488,,1488,0,,0,,CORRECT_TOTAL_0_1488
2979056,176,2026-05-21 14:00:00,1488,,1488,0,,0,,CORRECT_TOTAL_0_1488
2979057,176,2026-05-21 15:00:00,1488,,1488,0,,0,,CORRECT_TOTAL_0_1488
2979058,176,2026-05-21 16:00:00,1488,,1488,0,,0,,CORRECT_TOTAL_0_1488
2979059,176,2026-05-21 17:00:00,1488,,1488,0,,0,,CORRECT_TOTAL_0_1488
2979060,176,2026-05-21 18:00:00,1488,,1488,0,,0,,CORRECT_TOTAL_0_1488
2979061,176,2026-05-21 19:00:00,1488,,1488,0,,0,,CORRECT_TOTAL_0_1488
2979062,176,2026-05-21 20:00:00,1488,,1488,0,,0,,CORRECT_TOTAL_0_1488
2979063,176,2026-05-21 21:00:00,1488,,1488,0,,0,,CORRECT_TOTAL_0_1488
2979064,176,2026-05-21 22:00:00,1488,,1488,0,,0,,CORRECT_TOTAL_0_1488
2979065,176,2026-05-21 23:00:00,1488,,1488,0,,0,,CORRECT_TOTAL_0_1488
2979066,176,2026-05-22 00:00:00,1488,,1488,0,,0,,CORRECT_TOTAL_0_1488
2979067,176,2026-05-22 01:00:00,1488,,1488,0,,0,,CORRECT_TOTAL_0_1488
2979068,176,2026-05-22 02:00:00,1488,,1488,0,,0,,CORRECT_TOTAL_0_1488
2979069,176,2026-05-22 03:00:00,1488,,1488,0,,0,,CORRECT_TOTAL_0_1488
2979070,176,2026-05-22 04:00:00,1488,,1488,0,,0,,CORRECT_TOTAL_0_1488
2979071,176,2026-05-22 05:00:00,1488,,1488,0,,0,,CORRECT_TOTAL_0_1488
2979072,176,2026-05-22 06:00:00,1488,,1488,0,,0,,CORRECT_TOTAL_0_1488
2979073,176,2026-05-22 07:00:00,1488,,1488,0,,0,,CORRECT_TOTAL_0_1488
2979074,176,2026-05-22 08:00:00,1488,,1488,0,,0,,CORRECT_TOTAL_0_1488
2979075,176,2026-05-22 09:00:00,1488,,1488,0,,0,,CORRECT_TOTAL_0_1488
2979076,176,2026-05-22 10:00:00,1488,,1488,0,,0,,CORRECT_TOTAL_0_1488
2979077,176,2026-05-22 11:00:00,1488,,1488,0,,0,,CORRECT_TOTAL_0_1488
2979078,176,2026-05-22 12:00:00,1488,,1488,0,,0,,CORRECT_TOTAL_0_1488
2966407,101,2026-05-20 00:00:00,7527,7527,7527,0,,0,,KEEP_TOTAL
2966646,101,2026-05-20 01:00:00,7527,7527,7527,0,,0,,KEEP_TOTAL
2966885,101,2026-05-20 02:00:00,7527,7527,7527,0,,0,,KEEP_TOTAL
2967124,101,2026-05-20 03:00:00,7527,7527,7527,0,,0,,KEEP_TOTAL
2967363,101,2026-05-20 04:00:00,7527,7527,7527,0,,0,,KEEP_TOTAL
2967603,101,2026-05-20 05:00:00,7527,7527,7527,0,,0,,KEEP_TOTAL
2967841,101,2026-05-20 06:00:00,7527,7527,7527,0,,0,,KEEP_TOTAL
2968080,101,2026-05-20 07:00:00,7527,7527,7527,0,,0,,KEEP_TOTAL
2968376,101,2026-05-20 08:00:00,0,7527,7527,0,,0,,KEEP_TOTAL
2968559,101,2026-05-20 09:00:00,7527,7527,7527,0,,0,,KEEP_TOTAL
2968798,101,2026-05-20 10:00:00,7527,7527,7527,0,,0,,KEEP_TOTAL
2969037,101,2026-05-20 11:00:00,7527,7527,7527,0,,0,,KEEP_TOTAL
2969291,101,2026-05-20 12:00:00,7527,7527,7527,0,,0,,KEEP_TOTAL
2969515,101,2026-05-20 13:00:00,7527,7527,7527,0,,0,,KEEP_TOTAL
2969754,101,2026-05-20 14:00:00,7527,7527,7527,0,,0,,KEEP_TOTAL
2970045,101,2026-05-20 15:00:00,7527,7527,7527,0,,0,,KEEP_TOTAL
2966411,115,2026-05-20 00:00:00,34695,34695,34695,0,,3,,KEEP_TOTAL
2966650,115,2026-05-20 01:00:00,34695,34695,34695,0,,3,,KEEP_TOTAL
2966889,115,2026-05-20 02:00:00,34695,34695,34695,0,,3,,KEEP_TOTAL
2967128,115,2026-05-20 03:00:00,34695,34695,34695,0,,3,,KEEP_TOTAL
2967367,115,2026-05-20 04:00:00,34695,34695,34695,0,,0,,KEEP_TOTAL
2967607,115,2026-05-20 05:00:00,34695,34695,34695,0,,0,,KEEP_TOTAL
2967845,115,2026-05-20 06:00:00,34695,34695,34695,0,,0,,KEEP_TOTAL
2968084,115,2026-05-20 07:00:00,34696,34696,34696,1,,1,,KEEP_TOTAL
2968419,115,2026-05-20 08:00:00,0,34696,34696,0,,1,,KEEP_TOTAL
2968562,115,2026-05-20 09:00:00,34699,34699,34699,3,,4,,KEEP_TOTAL
2968801,115,2026-05-20 10:00:00,34701,34701,34701,2,,6,,KEEP_TOTAL
2969040,115,2026-05-20 11:00:00,34701,34701,34701,0,,6,,KEEP_TOTAL
2969295,115,2026-05-20 12:00:00,34701,34701,34701,0,,6,,KEEP_TOTAL
2969518,115,2026-05-20 13:00:00,34701,34701,34701,0,,6,,KEEP_TOTAL
2969757,115,2026-05-20 14:00:00,34702,34702,34702,1,,7,,KEEP_TOTAL
2970054,115,2026-05-20 15:00:00,34702,34702,34702,0,,7,,KEEP_TOTAL
2966424,114,2026-05-20 00:00:00,241772,241772,241772,21,,150,,KEEP_TOTAL
2966663,114,2026-05-20 01:00:00,241772,241772,241772,0,,150,,KEEP_TOTAL
2966902,114,2026-05-20 02:00:00,241772,241772,241772,0,,150,,KEEP_TOTAL
2967141,114,2026-05-20 03:00:00,241772,241772,241772,0,,150,,KEEP_TOTAL
2967380,114,2026-05-20 04:00:00,241772,241772,241772,0,,0,,KEEP_TOTAL
2967637,114,2026-05-20 05:00:00,241815,241815,241815,43,,43,,KEEP_TOTAL
2967858,114,2026-05-20 06:00:00,241819,241819,241819,4,,47,,KEEP_TOTAL
2968098,114,2026-05-20 07:00:00,241819,241819,241819,0,,47,,KEEP_TOTAL
2968442,114,2026-05-20 08:00:00,241819,241819,241819,0,,47,,KEEP_TOTAL
2968575,114,2026-05-20 09:00:00,241819,241819,241819,0,,47,,KEEP_TOTAL
2968814,114,2026-05-20 10:00:00,241819,241819,241819,0,,47,,KEEP_TOTAL
2969053,114,2026-05-20 11:00:00,241819,241819,241819,0,,47,,KEEP_TOTAL
2969309,114,2026-05-20 12:00:00,241819,241819,241819,0,,47,,KEEP_TOTAL
2969532,114,2026-05-20 13:00:00,241864,241864,241864,45,,92,,KEEP_TOTAL
2969770,114,2026-05-20 14:00:00,241866,241866,241866,2,,94,,KEEP_TOTAL
2970080,114,2026-05-20 15:00:00,241866,241866,241866,0,,94,,KEEP_TOTAL
2966406,60,2026-05-20 00:00:00,506247,16706,16706,0,,0,,KEEP_TOTAL
2966645,60,2026-05-20 01:00:00,506247,16706,16706,0,,0,,KEEP_TOTAL
2966884,60,2026-05-20 02:00:00,506247,16706,16706,0,,0,,KEEP_TOTAL
2967123,60,2026-05-20 03:00:00,506247,16706,16706,0,,0,,KEEP_TOTAL
2967362,60,2026-05-20 04:00:00,506247,16706,16706,0,,0,,KEEP_TOTAL
2967602,60,2026-05-20 05:00:00,506247,16706,16706,0,,0,,KEEP_TOTAL
2967840,60,2026-05-20 06:00:00,506247,16706,16706,0,,0,,KEEP_TOTAL
2968079,60,2026-05-20 07:00:00,506247,16706,16706,0,,0,,KEEP_TOTAL
2968349,60,2026-05-20 08:00:00,0,16706,16706,0,,0,,KEEP_TOTAL
2968558,60,2026-05-20 09:00:00,506247,16706,16706,0,,0,,KEEP_TOTAL
2968797,60,2026-05-20 10:00:00,506247,16706,16706,0,,0,,KEEP_TOTAL
2969036,60,2026-05-20 11:00:00,506247,16706,16706,0,,0,,KEEP_TOTAL
2969290,60,2026-05-20 12:00:00,506247,16706,16706,0,,0,,KEEP_TOTAL
2969514,60,2026-05-20 13:00:00,506247,16706,16706,0,,0,,KEEP_TOTAL
2969753,60,2026-05-20 14:00:00,506247,16706,16706,0,,0,,KEEP_TOTAL
2970042,60,2026-05-20 15:00:00,506247,16706,16706,0,,0,,KEEP_TOTAL
2966395,112,2026-05-20 00:00:00,310617,3106,3106,0,,0,,KEEP_TOTAL
2966634,112,2026-05-20 01:00:00,310617,3106,3106,0,,0,,KEEP_TOTAL
2966873,112,2026-05-20 02:00:00,310617,3106,3106,0,,0,,KEEP_TOTAL
2967112,112,2026-05-20 03:00:00,310617,3106,3106,0,,0,,KEEP_TOTAL
2967351,112,2026-05-20 04:00:00,310617,3106,3106,0,,0,,KEEP_TOTAL
2967590,112,2026-05-20 05:00:00,310617,3106,3106,0,,0,,KEEP_TOTAL
2967829,112,2026-05-20 06:00:00,310617,3106,3106,0,,0,,KEEP_TOTAL
2968068,112,2026-05-20 07:00:00,310617,3106,3106,0,,0,,KEEP_TOTAL
2968307,112,2026-05-20 08:00:00,310617,3106,3106,0,,0,,KEEP_TOTAL
2968546,112,2026-05-20 09:00:00,310617,3106,3106,0,,0,,KEEP_TOTAL
2968785,112,2026-05-20 10:00:00,310617,3106,3106,0,,0,,KEEP_TOTAL
2969024,112,2026-05-20 11:00:00,310617,3106,3106,0,,0,,KEEP_TOTAL
2969269,112,2026-05-20 12:00:00,310617,3106,3106,0,,0,,KEEP_TOTAL
2969502,112,2026-05-20 13:00:00,310617,3106,3106,0,,0,,KEEP_TOTAL
2969741,112,2026-05-20 14:00:00,310617,3106,3106,0,,0,,KEEP_TOTAL
2970007,112,2026-05-20 15:00:00,310617,3106,3106,0,,0,,KEEP_TOTAL
2966472,22,2026-05-20 00:00:00,47,5,5,0,,0,,KEEP_TOTAL
2966711,22,2026-05-20 01:00:00,47,5,5,0,,0,,KEEP_TOTAL
2966950,22,2026-05-20 02:00:00,47,5,5,0,,0,,KEEP_TOTAL
2967189,22,2026-05-20 03:00:00,47,5,5,0,,0,,KEEP_TOTAL
2967428,22,2026-05-20 04:00:00,47,5,5,0,,0,,KEEP_TOTAL
2967667,22,2026-05-20 05:00:00,47,5,5,0,,0,,KEEP_TOTAL
2967906,22,2026-05-20 06:00:00,47,5,5,0,,0,,KEEP_TOTAL
2968144,22,2026-05-20 07:00:00,47,5,5,0,,0,,KEEP_TOTAL
2968357,22,2026-05-20 08:00:00,47,5,5,0,,0,,KEEP_TOTAL
2968623,22,2026-05-20 09:00:00,47,5,5,0,,0,,KEEP_TOTAL
2968862,22,2026-05-20 10:00:00,47,5,5,0,,0,,KEEP_TOTAL
2969101,22,2026-05-20 11:00:00,47,5,5,0,,0,,KEEP_TOTAL
2969340,22,2026-05-20 12:00:00,47,5,5,0,,0,,KEEP_TOTAL
2969579,22,2026-05-20 13:00:00,47,5,5,0,,0,,KEEP_TOTAL
2969818,22,2026-05-20 14:00:00,47,5,5,0,,0,,KEEP_TOTAL
2970021,22,2026-05-20 15:00:00,47,5,5,0,,0,,KEEP_TOTAL
2966499,156,2026-05-20 00:00:00,2704,2704,2704,0,,0,,KEEP_TOTAL
2966738,156,2026-05-20 01:00:00,2704,2704,2704,0,,0,,KEEP_TOTAL
2966977,156,2026-05-20 02:00:00,2704,2704,2704,0,,0,,KEEP_TOTAL
2967216,156,2026-05-20 03:00:00,2704,2704,2704,0,,0,,KEEP_TOTAL
2967455,156,2026-05-20 04:00:00,2704,2704,2704,0,,0,,KEEP_TOTAL
2967694,156,2026-05-20 05:00:00,2704,2704,2704,0,,0,,KEEP_TOTAL
2967933,156,2026-05-20 06:00:00,2704,2704,2704,0,,0,,KEEP_TOTAL
2968172,156,2026-05-20 07:00:00,2704,2704,2704,0,,0,,KEEP_TOTAL
2968385,156,2026-05-20 08:00:00,2704,2704,2704,0,,0,,KEEP_TOTAL
2968650,156,2026-05-20 09:00:00,2704,2704,2704,0,,0,,KEEP_TOTAL
2968889,156,2026-05-20 10:00:00,2704,2704,2704,0,,0,,KEEP_TOTAL
2969128,156,2026-05-20 11:00:00,2704,2704,2704,0,,0,,KEEP_TOTAL
2969367,156,2026-05-20 12:00:00,2704,2704,2704,0,,0,,KEEP_TOTAL
2969606,156,2026-05-20 13:00:00,2704,2704,2704,0,,0,,KEEP_TOTAL
2969845,156,2026-05-20 14:00:00,2704,2704,2704,0,,0,,KEEP_TOTAL
2970066,156,2026-05-20 15:00:00,2704,2704,2704,0,,0,,KEEP_TOTAL
2978944,156,2026-05-20 20:00:00,2704,,2704,0,,0,,CORRECT_TOTAL_0_2704
2978945,156,2026-05-20 21:00:00,2704,,2704,0,,0,,CORRECT_TOTAL_0_2704
2978946,156,2026-05-20 22:00:00,2704,,2704,0,,0,,CORRECT_TOTAL_0_2704
2978947,156,2026-05-20 23:00:00,2704,,2704,0,,0,,CORRECT_TOTAL_0_2704
2978948,156,2026-05-21 00:00:00,2704,,2704,0,,0,,CORRECT_TOTAL_0_2704
2978949,156,2026-05-21 01:00:00,2704,,2704,0,,0,,CORRECT_TOTAL_0_2704
2978950,156,2026-05-21 02:00:00,2704,,2704,0,,0,,CORRECT_TOTAL_0_2704
2978951,156,2026-05-21 03:00:00,2704,,2704,0,,0,,CORRECT_TOTAL_0_2704
2978952,156,2026-05-21 04:00:00,2704,,2704,0,,0,,CORRECT_TOTAL_0_2704
2978953,156,2026-05-21 05:00:00,2704,,2704,0,,0,,CORRECT_TOTAL_0_2704
2978954,156,2026-05-21 06:00:00,2704,,2704,0,,0,,CORRECT_TOTAL_0_2704
2978955,156,2026-05-21 07:00:00,2704,,2704,0,,0,,CORRECT_TOTAL_0_2704
2978956,156,2026-05-21 08:00:00,2704,,2704,0,,0,,CORRECT_TOTAL_0_2704
2978957,156,2026-05-21 09:00:00,2704,,2704,0,,0,,CORRECT_TOTAL_0_2704
2978958,156,2026-05-21 10:00:00,2704,,2704,0,,0,,CORRECT_TOTAL_0_2704
2978959,156,2026-05-21 11:00:00,2704,,2704,0,,0,,CORRECT_TOTAL_0_2704
2978960,156,2026-05-21 12:00:00,2704,,2704,0,,0,,CORRECT_TOTAL_0_2704
2978961,156,2026-05-21 13:00:00,2704,,2704,0,,0,,CORRECT_TOTAL_0_2704
2978962,156,2026-05-21 14:00:00,2704,,2704,0,,0,,CORRECT_TOTAL_0_2704
2978963,156,2026-05-21 15:00:00,2704,,2704,0,,0,,CORRECT_TOTAL_0_2704
2978964,156,2026-05-21 16:00:00,2704,,2704,0,,0,,CORRECT_TOTAL_0_2704
2978965,156,2026-05-21 17:00:00,2704,,2704,0,,0,,CORRECT_TOTAL_0_2704
2978966,156,2026-05-21 18:00:00,2704,,2704,0,,0,,CORRECT_TOTAL_0_2704
2978967,156,2026-05-21 19:00:00,2704,,2704,0,,0,,CORRECT_TOTAL_0_2704
2978968,156,2026-05-21 20:00:00,2704,,2704,0,,0,,CORRECT_TOTAL_0_2704
2978969,156,2026-05-21 21:00:00,2704,,2704,0,,0,,CORRECT_TOTAL_0_2704
2978970,156,2026-05-21 22:00:00,2704,,2704,0,,0,,CORRECT_TOTAL_0_2704
2978971,156,2026-05-21 23:00:00,2704,,2704,0,,0,,CORRECT_TOTAL_0_2704
2978972,156,2026-05-22 00:00:00,2704,,2704,0,,0,,CORRECT_TOTAL_0_2704
2978973,156,2026-05-22 01:00:00,2704,,2704,0,,0,,CORRECT_TOTAL_0_2704
2978974,156,2026-05-22 02:00:00,2704,,2704,0,,0,,CORRECT_TOTAL_0_2704
2978975,156,2026-05-22 03:00:00,2704,,2704,0,,0,,CORRECT_TOTAL_0_2704
2978976,156,2026-05-22 04:00:00,2704,,2704,0,,0,,CORRECT_TOTAL_0_2704
2978977,156,2026-05-22 05:00:00,2704,,2704,0,,0,,CORRECT_TOTAL_0_2704
2978978,156,2026-05-22 06:00:00,2704,,2704,0,,0,,CORRECT_TOTAL_0_2704
2978979,156,2026-05-22 07:00:00,2704,,2704,0,,0,,CORRECT_TOTAL_0_2704
2978980,156,2026-05-22 08:00:00,2704,,2704,0,,0,,CORRECT_TOTAL_0_2704
2978981,156,2026-05-22 09:00:00,2704,,2704,0,,0,,CORRECT_TOTAL_0_2704
2978982,156,2026-05-22 10:00:00,2704,,2704,0,,0,,CORRECT_TOTAL_0_2704
2978983,156,2026-05-22 11:00:00,2704,,2704,0,,0,,CORRECT_TOTAL_0_2704
2978984,156,2026-05-22 12:00:00,2704,,2704,0,,0,,CORRECT_TOTAL_0_2704
2966429,59,2026-05-20 00:00:00,227,105612,105612,0,,0,,KEEP_TOTAL
2966668,59,2026-05-20 01:00:00,227,105612,105612,0,,0,,KEEP_TOTAL
2966907,59,2026-05-20 02:00:00,227,105612,105612,0,,0,,KEEP_TOTAL
2967146,59,2026-05-20 03:00:00,227,105612,105612,0,,0,,KEEP_TOTAL
2967385,59,2026-05-20 04:00:00,227,105612,105612,0,,0,,KEEP_TOTAL
2967642,59,2026-05-20 05:00:00,227,105612,105612,0,,0,,KEEP_TOTAL
2967863,59,2026-05-20 06:00:00,227,105612,105612,0,,0,,KEEP_TOTAL
2968103,59,2026-05-20 07:00:00,227,105612,105612,0,,0,,KEEP_TOTAL
2968447,59,2026-05-20 08:00:00,227,105612,105612,0,,0,,KEEP_TOTAL
2968580,59,2026-05-20 09:00:00,227,105612,105612,0,,0,,KEEP_TOTAL
2968819,59,2026-05-20 10:00:00,227,105612,105612,0,,0,,KEEP_TOTAL
2969058,59,2026-05-20 11:00:00,227,105612,105612,0,,0,,KEEP_TOTAL
2969314,59,2026-05-20 12:00:00,227,105612,105612,0,,0,,KEEP_TOTAL
2969537,59,2026-05-20 13:00:00,227,105612,105612,0,,0,,KEEP_TOTAL
2969775,59,2026-05-20 14:00:00,227,105612,105612,0,,0,,KEEP_TOTAL
2970088,59,2026-05-20 15:00:00,227,105612,105612,0,,0,,KEEP_TOTAL
2966415,135,2026-05-20 00:00:00,1554650,1554650,1554650,1994,,0,,KEEP_TOTAL
2966654,135,2026-05-20 01:00:00,1554669,1554669,1554669,2013,,0,,KEEP_TOTAL
2966893,135,2026-05-20 02:00:00,1554678,1554678,1554678,2022,,0,,KEEP_TOTAL
2967132,135,2026-05-20 03:00:00,1554680,1554680,1554680,2024,,0,,KEEP_TOTAL
2967371,135,2026-05-20 04:00:00,1554693,1554693,1554693,2037,,0,,KEEP_TOTAL
2967616,135,2026-05-20 05:00:00,1554698,1554698,1554698,2042,,0,,KEEP_TOTAL
2967849,135,2026-05-20 06:00:00,1554698,1554698,1554698,2042,,0,,KEEP_TOTAL
2968088,135,2026-05-20 07:00:00,1554698,1554698,1554698,2042,,0,,KEEP_TOTAL
2968432,135,2026-05-20 08:00:00,0,1552656,1554698,0,,0,,CORRECT_TOTAL_1552656_1554698
2968566,135,2026-05-20 09:00:00,1554698,1554698,1554698,2042,,0,,KEEP_TOTAL
2968805,135,2026-05-20 10:00:00,1554698,1554698,1554698,2042,,0,,KEEP_TOTAL
2969044,135,2026-05-20 11:00:00,1554698,1554698,1554698,2042,,0,,KEEP_TOTAL
2969299,135,2026-05-20 12:00:00,1554698,1554698,1554698,2042,,0,,KEEP_TOTAL
2969523,135,2026-05-20 13:00:00,1554698,1554698,1554698,2042,,0,,KEEP_TOTAL
2969761,135,2026-05-20 14:00:00,1554720,1554720,1554720,2064,,0,,KEEP_TOTAL
2970065,135,2026-05-20 15:00:00,1554720,1554720,1554720,2064,,0,,KEEP_TOTAL
2966460,65,2026-05-20 00:00:00,123508,123508,123508,11,,456,,KEEP_TOTAL
2966700,65,2026-05-20 01:00:00,123520,123520,123520,12,,468,,KEEP_TOTAL
2966939,65,2026-05-20 02:00:00,123533,123533,123533,13,,481,,KEEP_TOTAL
2967177,65,2026-05-20 03:00:00,123555,123555,123555,22,,503,,KEEP_TOTAL
2967416,65,2026-05-20 04:00:00,123567,123567,123567,12,,0,,KEEP_TOTAL
2967656,65,2026-05-20 05:00:00,123588,123588,123588,21,,21,,KEEP_TOTAL
2967894,65,2026-05-20 06:00:00,123656,123656,123656,68,,89,,KEEP_TOTAL
2968133,65,2026-05-20 07:00:00,123666,123666,123666,10,,99,,KEEP_TOTAL
2968345,65,2026-05-20 08:00:00,123678,123678,123678,12,,111,,KEEP_TOTAL
2968611,65,2026-05-20 09:00:00,123693,123693,123693,15,,126,,KEEP_TOTAL
2968851,65,2026-05-20 10:00:00,123706,123706,123706,13,,139,,KEEP_TOTAL
2969090,65,2026-05-20 11:00:00,123717,123717,123717,11,,150,,KEEP_TOTAL
2969329,65,2026-05-20 12:00:00,123729,123729,123729,12,,162,,KEEP_TOTAL
2969567,65,2026-05-20 13:00:00,123745,123745,123745,16,,178,,KEEP_TOTAL
2969807,65,2026-05-20 14:00:00,123757,123757,123757,12,,190,,KEEP_TOTAL
2970008,65,2026-05-20 15:00:00,123797,123797,123797,40,,230,,KEEP_TOTAL
2966452,127,2026-05-20 00:00:00,16011,16011,16011,0,,0,,KEEP_TOTAL
2966691,127,2026-05-20 01:00:00,16011,16011,16011,0,,0,,KEEP_TOTAL
2966930,127,2026-05-20 02:00:00,16011,16011,16011,0,,0,,KEEP_TOTAL
2967169,127,2026-05-20 03:00:00,16011,16011,16011,0,,0,,KEEP_TOTAL
2967408,127,2026-05-20 04:00:00,16011,16011,16011,0,,0,,KEEP_TOTAL
2967646,127,2026-05-20 05:00:00,16011,16011,16011,0,,0,,KEEP_TOTAL
2967886,127,2026-05-20 06:00:00,16011,16011,16011,0,,0,,KEEP_TOTAL
2968125,127,2026-05-20 07:00:00,16011,16011,16011,0,,0,,KEEP_TOTAL
2968336,127,2026-05-20 08:00:00,16011,16011,16011,0,,0,,KEEP_TOTAL
2968603,127,2026-05-20 09:00:00,16011,16011,16011,0,,0,,KEEP_TOTAL
2968842,127,2026-05-20 10:00:00,16011,16011,16011,0,,0,,KEEP_TOTAL
2969082,127,2026-05-20 11:00:00,16011,16011,16011,0,,0,,KEEP_TOTAL
2969320,127,2026-05-20 12:00:00,16011,16011,16011,0,,0,,KEEP_TOTAL
2969559,127,2026-05-20 13:00:00,16011,16011,16011,0,,0,,KEEP_TOTAL
2969798,127,2026-05-20 14:00:00,16011,16011,16011,0,,0,,KEEP_TOTAL
2969997,127,2026-05-20 15:00:00,16012,16012,16012,1,,0,,KEEP_TOTAL
2966516,149,2026-05-20 00:00:00,65095,64873,65095,46,,906,,CORRECT_TOTAL_64873_65095
2966755,149,2026-05-20 01:00:00,65140,64918,65140,45,,951,,CORRECT_TOTAL_64918_65140
2966994,149,2026-05-20 02:00:00,65185,64963,65185,45,,996,,CORRECT_TOTAL_64963_65185
2967233,149,2026-05-20 03:00:00,65231,65009,65231,46,,1042,,CORRECT_TOTAL_65009_65231
2967472,149,2026-05-20 04:00:00,65054,65054,130285,45,,0,,CORRECT_TOTAL_65054_130285
2967711,149,2026-05-20 05:00:00,65099,65099,130330,45,,45,,CORRECT_TOTAL_65099_130330
2967950,149,2026-05-20 06:00:00,65145,65145,130376,46,,91,,CORRECT_TOTAL_65145_130376
2968189,149,2026-05-20 07:00:00,65190,65190,130421,45,,136,,CORRECT_TOTAL_65190_130421
2968402,149,2026-05-20 08:00:00,65235,65235,130466,45,,181,,CORRECT_TOTAL_65235_130466
2968667,149,2026-05-20 09:00:00,65281,65281,130512,46,,227,,CORRECT_TOTAL_65281_130512
2968906,149,2026-05-20 10:00:00,65326,65326,130557,45,,272,,CORRECT_TOTAL_65326_130557
2969145,149,2026-05-20 11:00:00,65371,65371,130602,45,,317,,CORRECT_TOTAL_65371_130602
2969384,149,2026-05-20 12:00:00,65417,65417,130648,46,,363,,CORRECT_TOTAL_65417_130648
2969623,149,2026-05-20 13:00:00,65462,65462,130693,45,,408,,CORRECT_TOTAL_65462_130693
2969862,149,2026-05-20 14:00:00,65507,65507,130738,45,,453,,CORRECT_TOTAL_65507_130738
2970101,149,2026-05-20 15:00:00,65553,65553,130784,46,,499,,CORRECT_TOTAL_65553_130784
2977840,149,2026-05-20 20:00:00,66001,,131232,0,,0,,CORRECT_TOTAL_0_131232
2977841,149,2026-05-20 21:00:00,66045,,131276,0,,0,,CORRECT_TOTAL_0_131276
2977842,149,2026-05-20 22:00:00,66091,,131322,0,,0,,CORRECT_TOTAL_0_131322
2977843,149,2026-05-20 23:00:00,66136,,131367,0,,0,,CORRECT_TOTAL_0_131367
2977844,149,2026-05-21 00:00:00,66181,,131412,0,,0,,CORRECT_TOTAL_0_131412
2977845,149,2026-05-21 01:00:00,66227,,131458,0,,0,,CORRECT_TOTAL_0_131458
2977846,149,2026-05-21 02:00:00,66272,,131503,0,,0,,CORRECT_TOTAL_0_131503
2977847,149,2026-05-21 03:00:00,66317,,131548,0,,0,,CORRECT_TOTAL_0_131548
2977848,149,2026-05-21 04:00:00,66363,,131594,0,,0,,CORRECT_TOTAL_0_131594
2977849,149,2026-05-21 05:00:00,66408,,131639,0,,0,,CORRECT_TOTAL_0_131639
2977850,149,2026-05-21 06:00:00,66453,,131684,0,,0,,CORRECT_TOTAL_0_131684
2977851,149,2026-05-21 07:00:00,66499,,131730,0,,0,,CORRECT_TOTAL_0_131730
2977852,149,2026-05-21 08:00:00,66544,,131775,0,,0,,CORRECT_TOTAL_0_131775
2977853,149,2026-05-21 09:00:00,66589,,131820,0,,0,,CORRECT_TOTAL_0_131820
2977854,149,2026-05-21 10:00:00,66634,,131865,0,,0,,CORRECT_TOTAL_0_131865
2977855,149,2026-05-21 11:00:00,66679,,131910,0,,0,,CORRECT_TOTAL_0_131910
2977856,149,2026-05-21 12:00:00,66724,,131955,0,,0,,CORRECT_TOTAL_0_131955
2977857,149,2026-05-21 13:00:00,66769,,132000,0,,0,,CORRECT_TOTAL_0_132000
2977858,149,2026-05-21 14:00:00,66795,,132026,0,,0,,CORRECT_TOTAL_0_132026
2977859,149,2026-05-21 15:00:00,66795,,132026,0,,0,,CORRECT_TOTAL_0_132026
2977860,149,2026-05-21 16:00:00,66795,,132026,0,,0,,CORRECT_TOTAL_0_132026
2977861,149,2026-05-21 17:00:00,66795,,132026,0,,0,,CORRECT_TOTAL_0_132026
2977862,149,2026-05-21 18:00:00,66795,,132026,0,,0,,CORRECT_TOTAL_0_132026
2977863,149,2026-05-21 19:00:00,66795,,132026,0,,0,,CORRECT_TOTAL_0_132026
2977864,149,2026-05-21 20:00:00,66795,,132026,0,,0,,CORRECT_TOTAL_0_132026
2977865,149,2026-05-21 21:00:00,66795,,132026,0,,0,,CORRECT_TOTAL_0_132026
2977866,149,2026-05-21 22:00:00,66795,,132026,0,,0,,CORRECT_TOTAL_0_132026
2977867,149,2026-05-21 23:00:00,66795,,132026,0,,0,,CORRECT_TOTAL_0_132026
2977868,149,2026-05-22 00:00:00,66795,,132026,0,,0,,CORRECT_TOTAL_0_132026
2977869,149,2026-05-22 01:00:00,66795,,132026,0,,0,,CORRECT_TOTAL_0_132026
2977870,149,2026-05-22 02:00:00,66795,,132026,0,,0,,CORRECT_TOTAL_0_132026
2977871,149,2026-05-22 03:00:00,66832,,132063,0,,0,,CORRECT_TOTAL_0_132063
2977872,149,2026-05-22 04:00:00,66875,,132106,0,,0,,CORRECT_TOTAL_0_132106
2977873,149,2026-05-22 05:00:00,66921,,132152,0,,0,,CORRECT_TOTAL_0_132152
2977874,149,2026-05-22 06:00:00,66966,,132197,0,,0,,CORRECT_TOTAL_0_132197
2977875,149,2026-05-22 07:00:00,67012,,132243,0,,0,,CORRECT_TOTAL_0_132243
2977876,149,2026-05-22 08:00:00,67058,,132289,0,,0,,CORRECT_TOTAL_0_132289
2977877,149,2026-05-22 09:00:00,67103,,132334,0,,0,,CORRECT_TOTAL_0_132334
2977878,149,2026-05-22 10:00:00,67149,,132380,0,,0,,CORRECT_TOTAL_0_132380
2977879,149,2026-05-22 11:00:00,67194,,132425,0,,0,,CORRECT_TOTAL_0_132425
2977880,149,2026-05-22 12:00:00,67198,,132429,0,,0,,CORRECT_TOTAL_0_132429
2966497,173,2026-05-20 00:00:00,8853,8853,8853,0,,0,,KEEP_TOTAL
2966736,173,2026-05-20 01:00:00,8853,8853,8853,0,,0,,KEEP_TOTAL
2966975,173,2026-05-20 02:00:00,8853,8853,8853,0,,0,,KEEP_TOTAL
2967214,173,2026-05-20 03:00:00,8853,8853,8853,0,,0,,KEEP_TOTAL
2967453,173,2026-05-20 04:00:00,8853,8853,8853,0,,0,,KEEP_TOTAL
2967692,173,2026-05-20 05:00:00,8853,8853,8853,0,,0,,KEEP_TOTAL
2967931,173,2026-05-20 06:00:00,8853,8853,8853,0,,0,,KEEP_TOTAL
2968170,173,2026-05-20 07:00:00,8853,8853,8853,0,,0,,KEEP_TOTAL
2968383,173,2026-05-20 08:00:00,8853,8853,8853,0,,0,,KEEP_TOTAL
2968648,173,2026-05-20 09:00:00,8853,8853,8853,0,,0,,KEEP_TOTAL
2968887,173,2026-05-20 10:00:00,8853,8853,8853,0,,0,,KEEP_TOTAL
2969126,173,2026-05-20 11:00:00,8853,8853,8853,0,,0,,KEEP_TOTAL
2969365,173,2026-05-20 12:00:00,8853,8853,8853,0,,0,,KEEP_TOTAL
2969604,173,2026-05-20 13:00:00,8853,8853,8853,0,,0,,KEEP_TOTAL
2969843,173,2026-05-20 14:00:00,8853,8853,8853,0,,0,,KEEP_TOTAL
2970062,173,2026-05-20 15:00:00,8853,8853,8853,0,,0,,KEEP_TOTAL
2977635,173,2026-05-20 20:00:00,8853,,8853,0,,0,,CORRECT_TOTAL_0_8853
2977636,173,2026-05-20 21:00:00,8853,,8853,0,,0,,CORRECT_TOTAL_0_8853
2977637,173,2026-05-20 22:00:00,8853,,8853,0,,0,,CORRECT_TOTAL_0_8853
2977638,173,2026-05-20 23:00:00,8853,,8853,0,,0,,CORRECT_TOTAL_0_8853
2977639,173,2026-05-21 00:00:00,8853,,8853,0,,0,,CORRECT_TOTAL_0_8853
2977640,173,2026-05-21 01:00:00,8853,,8853,0,,0,,CORRECT_TOTAL_0_8853
2977641,173,2026-05-21 02:00:00,8853,,8853,0,,0,,CORRECT_TOTAL_0_8853
2977642,173,2026-05-21 03:00:00,8853,,8853,0,,0,,CORRECT_TOTAL_0_8853
2977643,173,2026-05-21 04:00:00,8853,,8853,0,,0,,CORRECT_TOTAL_0_8853
2977644,173,2026-05-21 05:00:00,8853,,8853,0,,0,,CORRECT_TOTAL_0_8853
2977645,173,2026-05-21 06:00:00,8853,,8853,0,,0,,CORRECT_TOTAL_0_8853
2977646,173,2026-05-21 07:00:00,8853,,8853,0,,0,,CORRECT_TOTAL_0_8853
2977647,173,2026-05-21 08:00:00,8853,,8853,0,,0,,CORRECT_TOTAL_0_8853
2977648,173,2026-05-21 09:00:00,8853,,8853,0,,0,,CORRECT_TOTAL_0_8853
2977649,173,2026-05-21 10:00:00,8853,,8853,0,,0,,CORRECT_TOTAL_0_8853
2977650,173,2026-05-21 11:00:00,8853,,8853,0,,0,,CORRECT_TOTAL_0_8853
2977651,173,2026-05-21 12:00:00,8853,,8853,0,,0,,CORRECT_TOTAL_0_8853
2977652,173,2026-05-21 13:00:00,8853,,8853,0,,0,,CORRECT_TOTAL_0_8853
2977653,173,2026-05-21 14:00:00,8853,,8853,0,,0,,CORRECT_TOTAL_0_8853
2977654,173,2026-05-21 15:00:00,8853,,8853,0,,0,,CORRECT_TOTAL_0_8853
2977655,173,2026-05-21 16:00:00,8853,,8853,0,,0,,CORRECT_TOTAL_0_8853
2977656,173,2026-05-21 17:00:00,8853,,8853,0,,0,,CORRECT_TOTAL_0_8853
2977657,173,2026-05-21 18:00:00,8853,,8853,0,,0,,CORRECT_TOTAL_0_8853
2977658,173,2026-05-21 19:00:00,8853,,8853,0,,0,,CORRECT_TOTAL_0_8853
2977659,173,2026-05-21 20:00:00,8853,,8853,0,,0,,CORRECT_TOTAL_0_8853
2977660,173,2026-05-21 21:00:00,8853,,8853,0,,0,,CORRECT_TOTAL_0_8853
2977661,173,2026-05-21 22:00:00,8853,,8853,0,,0,,CORRECT_TOTAL_0_8853
2977662,173,2026-05-21 23:00:00,8853,,8853,0,,0,,CORRECT_TOTAL_0_8853
2977663,173,2026-05-22 00:00:00,8853,,8853,0,,0,,CORRECT_TOTAL_0_8853
2977664,173,2026-05-22 01:00:00,8853,,8853,0,,0,,CORRECT_TOTAL_0_8853
2977665,173,2026-05-22 02:00:00,8853,,8853,0,,0,,CORRECT_TOTAL_0_8853
2977666,173,2026-05-22 03:00:00,8853,,8853,0,,0,,CORRECT_TOTAL_0_8853
2977667,173,2026-05-22 04:00:00,8853,,8853,0,,0,,CORRECT_TOTAL_0_8853
2977668,173,2026-05-22 05:00:00,8853,,8853,0,,0,,CORRECT_TOTAL_0_8853
2977669,173,2026-05-22 06:00:00,8853,,8853,0,,0,,CORRECT_TOTAL_0_8853
2977670,173,2026-05-22 07:00:00,8853,,8853,0,,0,,CORRECT_TOTAL_0_8853
2977671,173,2026-05-22 08:00:00,8853,,8853,0,,0,,CORRECT_TOTAL_0_8853
2977672,173,2026-05-22 09:00:00,8853,,8853,0,,0,,CORRECT_TOTAL_0_8853
2977673,173,2026-05-22 10:00:00,8853,,8853,0,,0,,CORRECT_TOTAL_0_8853
2977674,173,2026-05-22 11:00:00,8853,,8853,0,,0,,CORRECT_TOTAL_0_8853
2977675,173,2026-05-22 12:00:00,8853,,8853,0,,0,,CORRECT_TOTAL_0_8853
2966450,73,2026-05-20 00:00:00,107442,107442,107442,0,,102,,KEEP_TOTAL
2966689,73,2026-05-20 01:00:00,107442,107442,107442,0,,102,,KEEP_TOTAL
2966928,73,2026-05-20 02:00:00,107442,107442,107442,0,,102,,KEEP_TOTAL
2967167,73,2026-05-20 03:00:00,107442,107442,107442,0,,102,,KEEP_TOTAL
2967406,73,2026-05-20 04:00:00,107442,107442,107442,0,,0,,KEEP_TOTAL
2967630,73,2026-05-20 05:00:00,107442,107442,107442,0,,0,,KEEP_TOTAL
2967884,73,2026-05-20 06:00:00,107442,107442,107442,0,,0,,KEEP_TOTAL
2968123,73,2026-05-20 07:00:00,107442,107442,107442,0,,0,,KEEP_TOTAL
2968334,73,2026-05-20 08:00:00,107442,107442,107442,0,,0,,KEEP_TOTAL
2968601,73,2026-05-20 09:00:00,107442,107442,107442,0,,0,,KEEP_TOTAL
2968840,73,2026-05-20 10:00:00,107442,107442,107442,0,,0,,KEEP_TOTAL
2969079,73,2026-05-20 11:00:00,107442,107442,107442,0,,0,,KEEP_TOTAL
2969307,73,2026-05-20 12:00:00,107442,107442,107442,0,,0,,KEEP_TOTAL
2969557,73,2026-05-20 13:00:00,107442,107442,107442,0,,0,,KEEP_TOTAL
2969796,73,2026-05-20 14:00:00,107442,107442,107442,0,,0,,KEEP_TOTAL
2969995,73,2026-05-20 15:00:00,107510,107510,107510,68,,68,,KEEP_TOTAL
2966423,103,2026-05-20 00:00:00,1971,1971,1971,0,,0,,KEEP_TOTAL
2966662,103,2026-05-20 01:00:00,1971,1971,1971,0,,0,,KEEP_TOTAL
2966901,103,2026-05-20 02:00:00,1971,1971,1971,0,,0,,KEEP_TOTAL
2967140,103,2026-05-20 03:00:00,1971,1971,1971,0,,0,,KEEP_TOTAL
2967379,103,2026-05-20 04:00:00,1971,1971,1971,0,,0,,KEEP_TOTAL
2967635,103,2026-05-20 05:00:00,1971,1971,1971,0,,0,,KEEP_TOTAL
2967857,103,2026-05-20 06:00:00,1971,1971,1971,0,,0,,KEEP_TOTAL
2968097,103,2026-05-20 07:00:00,1971,1971,1971,0,,0,,KEEP_TOTAL
2968441,103,2026-05-20 08:00:00,1971,1971,1971,0,,0,,KEEP_TOTAL
2968574,103,2026-05-20 09:00:00,1971,1971,1971,0,,0,,KEEP_TOTAL
2968813,103,2026-05-20 10:00:00,1971,1971,1971,0,,0,,KEEP_TOTAL
2969052,103,2026-05-20 11:00:00,1971,1971,1971,0,,0,,KEEP_TOTAL
2969308,103,2026-05-20 12:00:00,1971,1971,1971,0,,0,,KEEP_TOTAL
2969531,103,2026-05-20 13:00:00,1971,1971,1971,0,,0,,KEEP_TOTAL
2969769,103,2026-05-20 14:00:00,1971,1971,1971,0,,0,,KEEP_TOTAL
2970079,103,2026-05-20 15:00:00,1971,1971,1971,0,,0,,KEEP_TOTAL
2966510,161,2026-05-20 00:00:00,1215216,248823,248823,0,,0,,KEEP_TOTAL
2966749,161,2026-05-20 01:00:00,1215216,248823,248823,0,,0,,KEEP_TOTAL
2966988,161,2026-05-20 02:00:00,1215216,248823,248823,0,,0,,KEEP_TOTAL
2967227,161,2026-05-20 03:00:00,1215216,248823,248823,0,,0,,KEEP_TOTAL
2967466,161,2026-05-20 04:00:00,1215216,248823,248823,0,,0,,KEEP_TOTAL
2967705,161,2026-05-20 05:00:00,1215216,248823,248823,0,,0,,KEEP_TOTAL
2967944,161,2026-05-20 06:00:00,1215216,248823,248823,0,,0,,KEEP_TOTAL
2968183,161,2026-05-20 07:00:00,1215216,248823,248823,0,,0,,KEEP_TOTAL
2968396,161,2026-05-20 08:00:00,1215216,248823,248823,0,,0,,KEEP_TOTAL
2968661,161,2026-05-20 09:00:00,1215216,248823,248823,0,,0,,KEEP_TOTAL
2968900,161,2026-05-20 10:00:00,1215216,248823,248823,0,,0,,KEEP_TOTAL
2969139,161,2026-05-20 11:00:00,1215216,248823,248823,0,,0,,KEEP_TOTAL
2969378,161,2026-05-20 12:00:00,1215216,248823,248823,0,,0,,KEEP_TOTAL
2969617,161,2026-05-20 13:00:00,1215216,248823,248823,0,,0,,KEEP_TOTAL
2969856,161,2026-05-20 14:00:00,1215216,248823,248823,0,,0,,KEEP_TOTAL
2970095,161,2026-05-20 15:00:00,1215216,248823,248823,0,,0,,KEEP_TOTAL
2966404,117,2026-05-20 00:00:00,0,0,5423,0,,0,,CORRECT_TOTAL_0_5423
2966643,117,2026-05-20 01:00:00,0,0,5423,0,,0,,CORRECT_TOTAL_0_5423
2966882,117,2026-05-20 02:00:00,0,0,5423,0,,0,,CORRECT_TOTAL_0_5423
2967121,117,2026-05-20 03:00:00,0,0,5423,0,,0,,CORRECT_TOTAL_0_5423
2967360,117,2026-05-20 04:00:00,0,0,5423,0,,0,,CORRECT_TOTAL_0_5423
2967600,117,2026-05-20 05:00:00,0,0,5423,0,,0,,CORRECT_TOTAL_0_5423
2967838,117,2026-05-20 06:00:00,0,0,5423,0,,0,,CORRECT_TOTAL_0_5423
2968077,117,2026-05-20 07:00:00,0,0,5423,0,,0,,CORRECT_TOTAL_0_5423
2968317,117,2026-05-20 08:00:00,0,0,5423,0,,0,,CORRECT_TOTAL_0_5423
2968555,117,2026-05-20 09:00:00,0,0,5423,0,,0,,CORRECT_TOTAL_0_5423
2968794,117,2026-05-20 10:00:00,0,0,5423,0,,0,,CORRECT_TOTAL_0_5423
2969033,117,2026-05-20 11:00:00,0,0,5423,0,,0,,CORRECT_TOTAL_0_5423
2969287,117,2026-05-20 12:00:00,0,0,5423,0,,0,,CORRECT_TOTAL_0_5423
2969511,117,2026-05-20 13:00:00,0,0,5423,0,,0,,CORRECT_TOTAL_0_5423
2969750,117,2026-05-20 14:00:00,0,0,5423,0,,0,,CORRECT_TOTAL_0_5423
2970031,117,2026-05-20 15:00:00,0,0,5423,0,,0,,CORRECT_TOTAL_0_5423
2966488,88,2026-05-20 00:00:00,456096,45557,45610,1,,412,,CORRECT_TOTAL_45557_45610
2966727,88,2026-05-20 01:00:00,456257,45557,45626,0,,412,,CORRECT_TOTAL_45557_45626
2966966,88,2026-05-20 02:00:00,456512,45557,45651,0,,412,,CORRECT_TOTAL_45557_45651
2967205,88,2026-05-20 03:00:00,456796,45570,45680,13,,425,,CORRECT_TOTAL_45570_45680
2967444,88,2026-05-20 04:00:00,455864,45586,91266,16,,0,,CORRECT_TOTAL_45586_91266
2967683,88,2026-05-20 05:00:00,456096,45610,91289,24,,24,,CORRECT_TOTAL_45610_91289
2967922,88,2026-05-20 06:00:00,456257,45626,91305,16,,40,,CORRECT_TOTAL_45626_91305
2968161,88,2026-05-20 07:00:00,456512,45651,91331,25,,65,,CORRECT_TOTAL_45651_91331
2968373,88,2026-05-20 08:00:00,456796,45680,91359,29,,94,,CORRECT_TOTAL_45680_91359
2968639,88,2026-05-20 09:00:00,456796,45680,91359,0,,94,,CORRECT_TOTAL_45680_91359
2968878,88,2026-05-20 10:00:00,456975,45698,91377,18,,112,,CORRECT_TOTAL_45698_91377
2969117,88,2026-05-20 11:00:00,457097,45710,91389,12,,124,,CORRECT_TOTAL_45710_91389
2969356,88,2026-05-20 12:00:00,457369,45737,91417,27,,151,,CORRECT_TOTAL_45737_91417
2969595,88,2026-05-20 13:00:00,457618,45762,91441,25,,176,,CORRECT_TOTAL_45762_91441
2969834,88,2026-05-20 14:00:00,457816,45782,91461,20,,196,,CORRECT_TOTAL_45782_91461
2970049,88,2026-05-20 15:00:00,458191,45819,91499,37,,233,,CORRECT_TOTAL_45819_91499
2977717,88,2026-05-20 20:00:00,460056,,91685,0,,0,,CORRECT_TOTAL_0_91685
2977718,88,2026-05-20 21:00:00,460203,,91700,0,,0,,CORRECT_TOTAL_0_91700
2977719,88,2026-05-20 22:00:00,460459,,91726,0,,0,,CORRECT_TOTAL_0_91726
2977720,88,2026-05-20 23:00:00,460633,,91743,0,,0,,CORRECT_TOTAL_0_91743
2977721,88,2026-05-21 00:00:00,460983,,91778,0,,0,,CORRECT_TOTAL_0_91778
2977722,88,2026-05-21 01:00:00,461150,,91795,0,,0,,CORRECT_TOTAL_0_91795
2977723,88,2026-05-21 02:00:00,461312,,91811,0,,0,,CORRECT_TOTAL_0_91811
2977724,88,2026-05-21 03:00:00,461459,,91826,0,,0,,CORRECT_TOTAL_0_91826
2977725,88,2026-05-21 04:00:00,461459,,91826,0,,0,,CORRECT_TOTAL_0_91826
2977726,88,2026-05-21 05:00:00,461638,,91843,0,,0,,CORRECT_TOTAL_0_91843
2977727,88,2026-05-21 06:00:00,461748,,91854,0,,0,,CORRECT_TOTAL_0_91854
2977728,88,2026-05-21 07:00:00,461944,,91874,0,,0,,CORRECT_TOTAL_0_91874
2977729,88,2026-05-21 08:00:00,461999,,91880,0,,0,,CORRECT_TOTAL_0_91880
2977730,88,2026-05-21 09:00:00,462105,,91890,0,,0,,CORRECT_TOTAL_0_91890
2977731,88,2026-05-21 10:00:00,462250,,91905,0,,0,,CORRECT_TOTAL_0_91905
2977732,88,2026-05-21 11:00:00,462496,,91929,0,,0,,CORRECT_TOTAL_0_91929
2977733,88,2026-05-21 12:00:00,462643,,91944,0,,0,,CORRECT_TOTAL_0_91944
2977734,88,2026-05-21 13:00:00,462776,,91957,0,,0,,CORRECT_TOTAL_0_91957
2977735,88,2026-05-21 14:00:00,462776,,91957,0,,0,,CORRECT_TOTAL_0_91957
2977736,88,2026-05-21 15:00:00,462933,,91973,0,,0,,CORRECT_TOTAL_0_91973
2977737,88,2026-05-21 16:00:00,463076,,91987,0,,0,,CORRECT_TOTAL_0_91987
2977738,88,2026-05-21 17:00:00,463224,,92002,0,,0,,CORRECT_TOTAL_0_92002
2977739,88,2026-05-21 18:00:00,463224,,92002,0,,0,,CORRECT_TOTAL_0_92002
2977740,88,2026-05-21 19:00:00,463357,,92015,0,,0,,CORRECT_TOTAL_0_92015
2977741,88,2026-05-21 20:00:00,463357,,92015,0,,0,,CORRECT_TOTAL_0_92015
2977742,88,2026-05-21 21:00:00,463490,,92029,0,,0,,CORRECT_TOTAL_0_92029
2977743,88,2026-05-21 22:00:00,463490,,92029,0,,0,,CORRECT_TOTAL_0_92029
2977744,88,2026-05-21 23:00:00,463689,,92049,0,,0,,CORRECT_TOTAL_0_92049
2977745,88,2026-05-22 00:00:00,463853,,92065,0,,0,,CORRECT_TOTAL_0_92065
2977746,88,2026-05-22 01:00:00,463995,,92079,0,,0,,CORRECT_TOTAL_0_92079
2977747,88,2026-05-22 02:00:00,464211,,92101,0,,0,,CORRECT_TOTAL_0_92101
2977748,88,2026-05-22 03:00:00,464212,,92101,0,,0,,CORRECT_TOTAL_0_92101
2977749,88,2026-05-22 04:00:00,464421,,92122,0,,0,,CORRECT_TOTAL_0_92122
2977750,88,2026-05-22 05:00:00,464577,,92137,0,,0,,CORRECT_TOTAL_0_92137
2977751,88,2026-05-22 06:00:00,464963,,92176,0,,0,,CORRECT_TOTAL_0_92176
2977752,88,2026-05-22 07:00:00,465185,,92198,0,,0,,CORRECT_TOTAL_0_92198
2977753,88,2026-05-22 08:00:00,465413,,92221,0,,0,,CORRECT_TOTAL_0_92221
2977754,88,2026-05-22 09:00:00,465672,,92247,0,,0,,CORRECT_TOTAL_0_92247
2977755,88,2026-05-22 10:00:00,465889,,92269,0,,0,,CORRECT_TOTAL_0_92269
2977756,88,2026-05-22 11:00:00,466178,,92297,0,,0,,CORRECT_TOTAL_0_92297
2977757,88,2026-05-22 12:00:00,466232,,92303,0,,0,,CORRECT_TOTAL_0_92303
2966403,82,2026-05-20 00:00:00,89117,89117,89117,0,,0,,KEEP_TOTAL
2966642,82,2026-05-20 01:00:00,89117,89117,89117,0,,0,,KEEP_TOTAL
2966881,82,2026-05-20 02:00:00,89117,89117,89117,0,,0,,KEEP_TOTAL
2967120,82,2026-05-20 03:00:00,89117,89117,89117,0,,0,,KEEP_TOTAL
2967359,82,2026-05-20 04:00:00,89117,89117,89117,0,,0,,KEEP_TOTAL
2967599,82,2026-05-20 05:00:00,89117,89117,89117,0,,0,,KEEP_TOTAL
2967837,82,2026-05-20 06:00:00,89117,89117,89117,0,,0,,KEEP_TOTAL
2968076,82,2026-05-20 07:00:00,89117,89117,89117,0,,0,,KEEP_TOTAL
2968316,82,2026-05-20 08:00:00,89117,89117,89117,0,,0,,KEEP_TOTAL
2968554,82,2026-05-20 09:00:00,89117,89117,89117,0,,0,,KEEP_TOTAL
2968793,82,2026-05-20 10:00:00,89117,89117,89117,0,,0,,KEEP_TOTAL
2969032,82,2026-05-20 11:00:00,89117,89117,89117,0,,0,,KEEP_TOTAL
2969286,82,2026-05-20 12:00:00,89117,89117,89117,0,,0,,KEEP_TOTAL
2969510,82,2026-05-20 13:00:00,89117,89117,89117,0,,0,,KEEP_TOTAL
2969749,82,2026-05-20 14:00:00,89117,89117,89117,0,,0,,KEEP_TOTAL
2970030,82,2026-05-20 15:00:00,89117,89117,89117,0,,0,,KEEP_TOTAL
2966449,125,2026-05-20 00:00:00,26773,26773,26773,0,,0,,KEEP_TOTAL
2966688,125,2026-05-20 01:00:00,26773,26773,26773,0,,0,,KEEP_TOTAL
2966927,125,2026-05-20 02:00:00,26773,26773,26773,0,,0,,KEEP_TOTAL
2967166,125,2026-05-20 03:00:00,26773,26773,26773,0,,0,,KEEP_TOTAL
2967405,125,2026-05-20 04:00:00,26773,26773,26773,0,,0,,KEEP_TOTAL
2967629,125,2026-05-20 05:00:00,26773,26773,26773,0,,0,,KEEP_TOTAL
2967883,125,2026-05-20 06:00:00,26773,26773,26773,0,,0,,KEEP_TOTAL
2968122,125,2026-05-20 07:00:00,26773,26773,26773,0,,0,,KEEP_TOTAL
2968332,125,2026-05-20 08:00:00,26773,26773,26773,0,,0,,KEEP_TOTAL
2968600,125,2026-05-20 09:00:00,26773,26773,26773,0,,0,,KEEP_TOTAL
2968839,125,2026-05-20 10:00:00,26773,26773,26773,0,,0,,KEEP_TOTAL
2969078,125,2026-05-20 11:00:00,26773,26773,26773,0,,0,,KEEP_TOTAL
2969294,125,2026-05-20 12:00:00,26773,26773,26773,0,,0,,KEEP_TOTAL
2969556,125,2026-05-20 13:00:00,26773,26773,26773,0,,0,,KEEP_TOTAL
2969795,125,2026-05-20 14:00:00,26773,26773,26773,0,,0,,KEEP_TOTAL
2969994,125,2026-05-20 15:00:00,26797,26797,26797,24,,0,,KEEP_TOTAL
2966394,113,2026-05-20 00:00:00,271297,2713,2713,16,,313,,KEEP_TOTAL
2966633,113,2026-05-20 01:00:00,272900,2729,2729,16,,329,,KEEP_TOTAL
2966872,113,2026-05-20 02:00:00,274503,2745,2745,16,,345,,KEEP_TOTAL
2967111,113,2026-05-20 03:00:00,276107,2761,2761,16,,361,,KEEP_TOTAL
2967350,113,2026-05-20 04:00:00,277709,2777,2777,16,,0,,KEEP_TOTAL
2967589,113,2026-05-20 05:00:00,279313,2793,2793,16,,16,,KEEP_TOTAL
2967828,113,2026-05-20 06:00:00,280918,2809,2809,16,,32,,KEEP_TOTAL
2968067,113,2026-05-20 07:00:00,282524,2825,2825,16,,48,,KEEP_TOTAL
2968306,113,2026-05-20 08:00:00,284129,2841,2841,16,,64,,KEEP_TOTAL
2968545,113,2026-05-20 09:00:00,285735,2857,2857,16,,80,,KEEP_TOTAL
2968784,113,2026-05-20 10:00:00,287341,2873,2873,16,,96,,KEEP_TOTAL
2969023,113,2026-05-20 11:00:00,288946,2889,2890,16,,112,,CORRECT_TOTAL_2889_2890
2969268,113,2026-05-20 12:00:00,290550,2906,2906,17,,129,,KEEP_TOTAL
2969501,113,2026-05-20 13:00:00,292154,2922,2922,16,,145,,KEEP_TOTAL
2969740,113,2026-05-20 14:00:00,293757,2938,2938,16,,161,,KEEP_TOTAL
2970000,113,2026-05-20 15:00:00,0,2938,2938,0,,161,,KEEP_TOTAL
2966458,43,2026-05-20 00:00:00,151476,151476,151476,0,,0,,KEEP_TOTAL
2966697,43,2026-05-20 01:00:00,151476,151476,151476,0,,0,,KEEP_TOTAL
2966936,43,2026-05-20 02:00:00,151476,151476,151476,0,,0,,KEEP_TOTAL
2967175,43,2026-05-20 03:00:00,151476,151476,151476,0,,0,,KEEP_TOTAL
2967414,43,2026-05-20 04:00:00,151476,151476,151476,0,,0,,KEEP_TOTAL
2967653,43,2026-05-20 05:00:00,151476,151476,151476,0,,0,,KEEP_TOTAL
2967892,43,2026-05-20 06:00:00,151476,151476,151476,0,,0,,KEEP_TOTAL
2968131,43,2026-05-20 07:00:00,151476,151476,151476,0,,0,,KEEP_TOTAL
2968343,43,2026-05-20 08:00:00,151476,151476,151476,0,,0,,KEEP_TOTAL
2968609,43,2026-05-20 09:00:00,151476,151476,151476,0,,0,,KEEP_TOTAL
2968848,43,2026-05-20 10:00:00,151476,151476,151476,0,,0,,KEEP_TOTAL
2969088,43,2026-05-20 11:00:00,151476,151476,151476,0,,0,,KEEP_TOTAL
2969326,43,2026-05-20 12:00:00,151476,151476,151476,0,,0,,KEEP_TOTAL
2969565,43,2026-05-20 13:00:00,151476,151476,151476,0,,0,,KEEP_TOTAL
2969804,43,2026-05-20 14:00:00,151477,151477,151477,1,,1,,KEEP_TOTAL
2970005,43,2026-05-20 15:00:00,151477,151477,151477,0,,1,,KEEP_TOTAL
2966524,202,2026-05-20 00:00:00,48138,11362,11362,0,,0,,KEEP_TOTAL
2966763,202,2026-05-20 01:00:00,48138,11362,11362,0,,0,,KEEP_TOTAL
2967002,202,2026-05-20 02:00:00,48138,11362,11362,0,,0,,KEEP_TOTAL
2967241,202,2026-05-20 03:00:00,48138,11362,11362,0,,0,,KEEP_TOTAL
2967480,202,2026-05-20 04:00:00,48138,11362,11362,0,,0,,KEEP_TOTAL
2967719,202,2026-05-20 05:00:00,48138,11362,11362,0,,0,,KEEP_TOTAL
2967958,202,2026-05-20 06:00:00,48138,11362,11362,0,,0,,KEEP_TOTAL
2968197,202,2026-05-20 07:00:00,48138,11362,11362,0,,0,,KEEP_TOTAL
2968410,202,2026-05-20 08:00:00,48138,11362,11362,0,,0,,KEEP_TOTAL
2968675,202,2026-05-20 09:00:00,48138,11362,11362,0,,0,,KEEP_TOTAL
2968914,202,2026-05-20 10:00:00,48138,11362,11362,0,,0,,KEEP_TOTAL
2969153,202,2026-05-20 11:00:00,48138,11362,11362,0,,0,,KEEP_TOTAL
2969392,202,2026-05-20 12:00:00,48138,11362,11362,0,,0,,KEEP_TOTAL
2969631,202,2026-05-20 13:00:00,48138,11362,11362,0,,0,,KEEP_TOTAL
2969870,202,2026-05-20 14:00:00,48138,11362,11362,0,,0,,KEEP_TOTAL
2970109,202,2026-05-20 15:00:00,48138,11362,11362,0,,0,,KEEP_TOTAL
2978985,202,2026-05-21 08:00:00,48138,,11362,0,,0,,CORRECT_TOTAL_0_11362
2978986,202,2026-05-21 09:00:00,48138,,11362,0,,0,,CORRECT_TOTAL_0_11362
2978987,202,2026-05-21 10:00:00,48138,,11362,0,,0,,CORRECT_TOTAL_0_11362
2978988,202,2026-05-21 11:00:00,48138,,11362,0,,0,,CORRECT_TOTAL_0_11362
2978989,202,2026-05-21 12:00:00,48138,,11362,0,,0,,CORRECT_TOTAL_0_11362
2978990,202,2026-05-21 13:00:00,48138,,11362,0,,0,,CORRECT_TOTAL_0_11362
2978991,202,2026-05-21 14:00:00,48138,,11362,0,,0,,CORRECT_TOTAL_0_11362
2978992,202,2026-05-22 08:00:00,48138,,11362,0,,0,,CORRECT_TOTAL_0_11362
2978993,202,2026-05-22 09:00:00,48138,,11362,0,,0,,CORRECT_TOTAL_0_11362
2978994,202,2026-05-22 10:00:00,48138,,11362,0,,0,,CORRECT_TOTAL_0_11362
2978995,202,2026-05-22 11:00:00,48138,,11362,0,,0,,CORRECT_TOTAL_0_11362
2978996,202,2026-05-22 12:00:00,48138,,11362,0,,0,,CORRECT_TOTAL_0_11362
2966446,15,2026-05-20 00:00:00,603888,603888,603888,0,,0,,KEEP_TOTAL
2966685,15,2026-05-20 01:00:00,603888,603888,603888,0,,0,,KEEP_TOTAL
2966924,15,2026-05-20 02:00:00,603888,603888,603888,0,,0,,KEEP_TOTAL
2967163,15,2026-05-20 03:00:00,603888,603888,603888,0,,0,,KEEP_TOTAL
2967402,15,2026-05-20 04:00:00,603888,603888,603888,0,,0,,KEEP_TOTAL
2967625,15,2026-05-20 05:00:00,603888,603888,603888,0,,0,,KEEP_TOTAL
2967880,15,2026-05-20 06:00:00,603888,603888,603888,0,,0,,KEEP_TOTAL
2968119,15,2026-05-20 07:00:00,603888,603888,603888,0,,0,,KEEP_TOTAL
2968329,15,2026-05-20 08:00:00,603888,603888,603888,0,,0,,KEEP_TOTAL
2968597,15,2026-05-20 09:00:00,603888,603888,603888,0,,0,,KEEP_TOTAL
2968836,15,2026-05-20 10:00:00,603888,603888,603888,0,,0,,KEEP_TOTAL
2969075,15,2026-05-20 11:00:00,603888,603888,603888,0,,0,,KEEP_TOTAL
2969277,15,2026-05-20 12:00:00,603888,603888,603888,0,,0,,KEEP_TOTAL
2969553,15,2026-05-20 13:00:00,603888,603888,603888,0,,0,,KEEP_TOTAL
2969792,15,2026-05-20 14:00:00,603888,603888,603888,0,,0,,KEEP_TOTAL
2969990,15,2026-05-20 15:00:00,603888,603888,603888,0,,0,,KEEP_TOTAL
2966413,79,2026-05-20 00:00:00,2165296,2165296,2165296,93,,1948,,KEEP_TOTAL
2966652,79,2026-05-20 01:00:00,2165388,2165388,2165388,92,,2040,,KEEP_TOTAL
2966891,79,2026-05-20 02:00:00,2165574,2165574,2165574,186,,2226,,KEEP_TOTAL
2967130,79,2026-05-20 03:00:00,2165666,2165666,2165666,92,,2318,,KEEP_TOTAL
2967369,79,2026-05-20 04:00:00,2165759,2165759,2165759,93,,0,,KEEP_TOTAL
2967610,79,2026-05-20 05:00:00,2165851,2165851,2165851,92,,92,,KEEP_TOTAL
2967847,79,2026-05-20 06:00:00,2165944,2165944,2165944,93,,185,,KEEP_TOTAL
2968086,79,2026-05-20 07:00:00,2166036,2166036,2166036,92,,277,,KEEP_TOTAL
2968421,79,2026-05-20 08:00:00,0,2166036,2166036,0,,277,,KEEP_TOTAL
2968564,79,2026-05-20 09:00:00,2166313,2166313,2166313,277,,554,,KEEP_TOTAL
2968803,79,2026-05-20 10:00:00,2166405,2166405,2166405,92,,646,,KEEP_TOTAL
2969042,79,2026-05-20 11:00:00,2166570,2166570,2166570,165,,811,,KEEP_TOTAL
2969297,79,2026-05-20 12:00:00,2166643,2166643,2166643,73,,884,,KEEP_TOTAL
2969521,79,2026-05-20 13:00:00,2166672,2166672,2166672,29,,913,,KEEP_TOTAL
2969759,79,2026-05-20 14:00:00,2166762,2166762,2166762,90,,1003,,KEEP_TOTAL
2970061,79,2026-05-20 15:00:00,2166856,2166856,2166856,94,,1097,,KEEP_TOTAL
2966521,210,2026-05-20 00:00:00,3483030,3482432,3483030,114,,2436,,CORRECT_TOTAL_3482432_3483030
2966760,210,2026-05-20 01:00:00,3483139,3482554,3483139,122,,2558,,CORRECT_TOTAL_3482554_3483139
2966999,210,2026-05-20 02:00:00,3483248,3482677,3483248,123,,2681,,CORRECT_TOTAL_3482677_3483248
2967238,210,2026-05-20 03:00:00,3483348,3482798,3483348,121,,2802,,CORRECT_TOTAL_3482798_3483348
2967477,210,2026-05-20 04:00:00,3482921,3482921,6966269,123,,0,,CORRECT_TOTAL_3482921_6966269
2967716,210,2026-05-20 05:00:00,3483042,3483042,6966390,121,,121,,CORRECT_TOTAL_3483042_6966390
2967955,210,2026-05-20 06:00:00,3483152,3483152,6966500,110,,231,,CORRECT_TOTAL_3483152_6966500
2968194,210,2026-05-20 07:00:00,3483261,3483261,6966609,109,,340,,CORRECT_TOTAL_3483261_6966609
2968407,210,2026-05-20 08:00:00,3483362,3483362,6966710,101,,441,,CORRECT_TOTAL_3483362_6966710
2968672,210,2026-05-20 09:00:00,3483473,3483473,6966821,111,,552,,CORRECT_TOTAL_3483473_6966821
2968911,210,2026-05-20 10:00:00,3483594,3483594,6966942,121,,673,,CORRECT_TOTAL_3483594_6966942
2969150,210,2026-05-20 11:00:00,3483718,3483718,6967066,124,,797,,CORRECT_TOTAL_3483718_6967066
2969389,210,2026-05-20 12:00:00,3483841,3483841,6967189,123,,920,,CORRECT_TOTAL_3483841_6967189
2969628,210,2026-05-20 13:00:00,3483961,3483961,6967309,120,,1040,,CORRECT_TOTAL_3483961_6967309
2969867,210,2026-05-20 14:00:00,3484073,3484073,6967421,112,,1152,,CORRECT_TOTAL_3484073_6967421
2970106,210,2026-05-20 15:00:00,3484180,3484180,6967528,107,,1259,,CORRECT_TOTAL_3484180_6967528
2978537,210,2026-05-20 20:00:00,3485368,,6968716,0,,0,,CORRECT_TOTAL_0_6968716
2978538,210,2026-05-20 21:00:00,3485490,,6968838,0,,0,,CORRECT_TOTAL_0_6968838
2978539,210,2026-05-20 22:00:00,3485613,,6968961,0,,0,,CORRECT_TOTAL_0_6968961
2978540,210,2026-05-20 23:00:00,3485735,,6969083,0,,0,,CORRECT_TOTAL_0_6969083
2978541,210,2026-05-21 00:00:00,3485856,,6969204,0,,0,,CORRECT_TOTAL_0_6969204
2978542,210,2026-05-21 01:00:00,3485977,,6969325,0,,0,,CORRECT_TOTAL_0_6969325
2978543,210,2026-05-21 02:00:00,3486094,,6969442,0,,0,,CORRECT_TOTAL_0_6969442
2978544,210,2026-05-21 03:00:00,3486203,,6969551,0,,0,,CORRECT_TOTAL_0_6969551
2978545,210,2026-05-21 04:00:00,3486316,,6969664,0,,0,,CORRECT_TOTAL_0_6969664
2978546,210,2026-05-21 05:00:00,3486423,,6969771,0,,0,,CORRECT_TOTAL_0_6969771
2978547,210,2026-05-21 06:00:00,3486528,,6969876,0,,0,,CORRECT_TOTAL_0_6969876
2978548,210,2026-05-21 07:00:00,3486640,,6969988,0,,0,,CORRECT_TOTAL_0_6969988
2978549,210,2026-05-21 08:00:00,3486746,,6970094,0,,0,,CORRECT_TOTAL_0_6970094
2978550,210,2026-05-21 09:00:00,3486865,,6970213,0,,0,,CORRECT_TOTAL_0_6970213
2978551,210,2026-05-21 10:00:00,3486986,,6970334,0,,0,,CORRECT_TOTAL_0_6970334
2978552,210,2026-05-21 11:00:00,3487108,,6970456,0,,0,,CORRECT_TOTAL_0_6970456
2978553,210,2026-05-21 12:00:00,3487185,,6970533,0,,0,,CORRECT_TOTAL_0_6970533
2978554,210,2026-05-21 13:00:00,3487278,,6970626,0,,0,,CORRECT_TOTAL_0_6970626
2978555,210,2026-05-21 14:00:00,3487382,,6970730,0,,0,,CORRECT_TOTAL_0_6970730
2978556,210,2026-05-21 15:00:00,3487494,,6970842,0,,0,,CORRECT_TOTAL_0_6970842
2978557,210,2026-05-21 16:00:00,3487594,,6970942,0,,0,,CORRECT_TOTAL_0_6970942
2978558,210,2026-05-21 17:00:00,3487693,,6971041,0,,0,,CORRECT_TOTAL_0_6971041
2978559,210,2026-05-21 18:00:00,3487772,,6971120,0,,0,,CORRECT_TOTAL_0_6971120
2978560,210,2026-05-21 19:00:00,3487861,,6971209,0,,0,,CORRECT_TOTAL_0_6971209
2978561,210,2026-05-21 20:00:00,3487951,,6971299,0,,0,,CORRECT_TOTAL_0_6971299
2978562,210,2026-05-21 21:00:00,3488071,,6971419,0,,0,,CORRECT_TOTAL_0_6971419
2978563,210,2026-05-21 22:00:00,3488196,,6971544,0,,0,,CORRECT_TOTAL_0_6971544
2978564,210,2026-05-21 23:00:00,3488321,,6971669,0,,0,,CORRECT_TOTAL_0_6971669
2978565,210,2026-05-22 00:00:00,3488446,,6971794,0,,0,,CORRECT_TOTAL_0_6971794
2978566,210,2026-05-22 01:00:00,3488571,,6971919,0,,0,,CORRECT_TOTAL_0_6971919
2978567,210,2026-05-22 02:00:00,3488691,,6972039,0,,0,,CORRECT_TOTAL_0_6972039
2978568,210,2026-05-22 03:00:00,3488791,,6972139,0,,0,,CORRECT_TOTAL_0_6972139
2978569,210,2026-05-22 04:00:00,3488894,,6972242,0,,0,,CORRECT_TOTAL_0_6972242
2978570,210,2026-05-22 05:00:00,3488996,,6972344,0,,0,,CORRECT_TOTAL_0_6972344
2978571,210,2026-05-22 06:00:00,3489102,,6972450,0,,0,,CORRECT_TOTAL_0_6972450
2978572,210,2026-05-22 07:00:00,3489198,,6972546,0,,0,,CORRECT_TOTAL_0_6972546
2978573,210,2026-05-22 08:00:00,3489303,,6972651,0,,0,,CORRECT_TOTAL_0_6972651
2978574,210,2026-05-22 09:00:00,3489408,,6972756,0,,0,,CORRECT_TOTAL_0_6972756
2978575,210,2026-05-22 10:00:00,3489503,,6972851,0,,0,,CORRECT_TOTAL_0_6972851
2978576,210,2026-05-22 11:00:00,3489590,,6972938,0,,0,,CORRECT_TOTAL_0_6972938
2978577,210,2026-05-22 12:00:00,3489605,,6972953,0,,0,,CORRECT_TOTAL_0_6972953
2966465,26,2026-05-20 00:00:00,201231,201231,201231,1,,278,,KEEP_TOTAL
2966705,26,2026-05-20 01:00:00,201231,201231,201231,0,,278,,KEEP_TOTAL
2966944,26,2026-05-20 02:00:00,201232,201232,201232,1,,279,,KEEP_TOTAL
2967183,26,2026-05-20 03:00:00,201232,201232,201232,0,,279,,KEEP_TOTAL
2967422,26,2026-05-20 04:00:00,201233,201233,201233,1,,0,,KEEP_TOTAL
2967661,26,2026-05-20 05:00:00,201233,201233,201233,0,,0,,KEEP_TOTAL
2967899,26,2026-05-20 06:00:00,201233,201233,201233,0,,0,,KEEP_TOTAL
2968138,26,2026-05-20 07:00:00,201234,201234,201234,1,,1,,KEEP_TOTAL
2968351,26,2026-05-20 08:00:00,201234,201234,201234,0,,1,,KEEP_TOTAL
2968617,26,2026-05-20 09:00:00,201235,201235,201235,1,,2,,KEEP_TOTAL
2968856,26,2026-05-20 10:00:00,201235,201235,201235,0,,2,,KEEP_TOTAL
2969095,26,2026-05-20 11:00:00,201236,201236,201236,1,,3,,KEEP_TOTAL
2969334,26,2026-05-20 12:00:00,201237,201237,201237,1,,4,,KEEP_TOTAL
2969573,26,2026-05-20 13:00:00,201257,201257,201257,20,,24,,KEEP_TOTAL
2969812,26,2026-05-20 14:00:00,201279,201279,201279,22,,46,,KEEP_TOTAL
2970014,26,2026-05-20 15:00:00,201329,201329,201329,50,,96,,KEEP_TOTAL
2966455,48,2026-05-20 00:00:00,1805040,1805040,1805040,20,,1770,,KEEP_TOTAL
2966694,48,2026-05-20 01:00:00,1805170,1805170,1805170,130,,1900,,KEEP_TOTAL
2966933,48,2026-05-20 02:00:00,1805300,1805300,1805300,130,,2030,,KEEP_TOTAL
2967172,48,2026-05-20 03:00:00,1805430,1805430,1805430,130,,2160,,KEEP_TOTAL
2967411,48,2026-05-20 04:00:00,1805560,1805560,1805560,130,,0,,KEEP_TOTAL
2967650,48,2026-05-20 05:00:00,1805630,1805630,1805630,70,,70,,KEEP_TOTAL
2967889,48,2026-05-20 06:00:00,1805630,1805630,1805630,0,,70,,KEEP_TOTAL
2968128,48,2026-05-20 07:00:00,1805720,1805720,1805720,90,,160,,KEEP_TOTAL
2968339,48,2026-05-20 08:00:00,1805830,1805830,1805830,110,,270,,KEEP_TOTAL
2968606,48,2026-05-20 09:00:00,1805830,1805830,1805830,0,,270,,KEEP_TOTAL
2968845,48,2026-05-20 10:00:00,1805890,1805890,1805890,60,,330,,KEEP_TOTAL
2969085,48,2026-05-20 11:00:00,1805990,1805990,1805990,100,,430,,KEEP_TOTAL
2969323,48,2026-05-20 12:00:00,1806010,1806010,1806010,20,,450,,KEEP_TOTAL
2969562,48,2026-05-20 13:00:00,1806110,1806110,1806110,100,,550,,KEEP_TOTAL
2969801,48,2026-05-20 14:00:00,1806240,1806240,1806240,130,,680,,KEEP_TOTAL
2970001,48,2026-05-20 15:00:00,1806370,1806370,1806370,130,,810,,KEEP_TOTAL
2966393,85,2026-05-20 00:00:00,44764,44764,44764,0,,0,,KEEP_TOTAL
2966632,85,2026-05-20 01:00:00,44764,44764,44764,0,,0,,KEEP_TOTAL
2966871,85,2026-05-20 02:00:00,44764,44764,44764,0,,0,,KEEP_TOTAL
2967110,85,2026-05-20 03:00:00,44764,44764,44764,0,,0,,KEEP_TOTAL
2967349,85,2026-05-20 04:00:00,44764,44764,44764,0,,0,,KEEP_TOTAL
2967588,85,2026-05-20 05:00:00,44764,44764,44764,0,,0,,KEEP_TOTAL
2967827,85,2026-05-20 06:00:00,44764,44764,44764,0,,0,,KEEP_TOTAL
2968066,85,2026-05-20 07:00:00,44764,44764,44764,0,,0,,KEEP_TOTAL
2968305,85,2026-05-20 08:00:00,44764,44764,44764,0,,0,,KEEP_TOTAL
2968544,85,2026-05-20 09:00:00,44764,44764,44764,0,,0,,KEEP_TOTAL
2968783,85,2026-05-20 10:00:00,44764,44764,44764,0,,0,,KEEP_TOTAL
2969022,85,2026-05-20 11:00:00,44764,44764,44764,0,,0,,KEEP_TOTAL
2969266,85,2026-05-20 12:00:00,44764,44764,44764,0,,0,,KEEP_TOTAL
2969500,85,2026-05-20 13:00:00,44764,44764,44764,0,,0,,KEEP_TOTAL
2969739,85,2026-05-20 14:00:00,44764,44764,44764,0,,0,,KEEP_TOTAL
2969993,85,2026-05-20 15:00:00,44764,44764,44764,0,,0,,KEEP_TOTAL
2966464,72,2026-05-20 00:00:00,74,74,74,0,,0,,KEEP_TOTAL
2966704,72,2026-05-20 01:00:00,74,74,74,0,,0,,KEEP_TOTAL
2966943,72,2026-05-20 02:00:00,74,74,74,0,,0,,KEEP_TOTAL
2967182,72,2026-05-20 03:00:00,74,74,74,0,,0,,KEEP_TOTAL
2967421,72,2026-05-20 04:00:00,74,74,74,0,,0,,KEEP_TOTAL
2967660,72,2026-05-20 05:00:00,74,74,74,0,,0,,KEEP_TOTAL
2967898,72,2026-05-20 06:00:00,74,74,74,0,,0,,KEEP_TOTAL
2968137,72,2026-05-20 07:00:00,74,74,74,0,,0,,KEEP_TOTAL
2968350,72,2026-05-20 08:00:00,74,74,74,0,,0,,KEEP_TOTAL
2968616,72,2026-05-20 09:00:00,74,74,74,0,,0,,KEEP_TOTAL
2968855,72,2026-05-20 10:00:00,74,74,74,0,,0,,KEEP_TOTAL
2969094,72,2026-05-20 11:00:00,74,74,74,0,,0,,KEEP_TOTAL
2969333,72,2026-05-20 12:00:00,74,74,74,0,,0,,KEEP_TOTAL
2969571,72,2026-05-20 13:00:00,74,74,74,0,,0,,KEEP_TOTAL
2969811,72,2026-05-20 14:00:00,74,74,74,0,,0,,KEEP_TOTAL
2970012,72,2026-05-20 15:00:00,74,74,74,0,,0,,KEEP_TOTAL
2966422,95,2026-05-20 00:00:00,446549,446549,446549,0,,1,,KEEP_TOTAL
2966661,95,2026-05-20 01:00:00,446549,446549,446549,0,,1,,KEEP_TOTAL
2966900,95,2026-05-20 02:00:00,446549,446549,446549,0,,1,,KEEP_TOTAL
2967139,95,2026-05-20 03:00:00,446549,446549,446549,0,,1,,KEEP_TOTAL
2967378,95,2026-05-20 04:00:00,446549,446549,446549,0,,0,,KEEP_TOTAL
2967634,95,2026-05-20 05:00:00,446549,446549,446549,0,,0,,KEEP_TOTAL
2967856,95,2026-05-20 06:00:00,446555,446555,446555,6,,6,,KEEP_TOTAL
2968095,95,2026-05-20 07:00:00,446555,446555,446555,0,,6,,KEEP_TOTAL
2968440,95,2026-05-20 08:00:00,446555,446555,446555,0,,6,,KEEP_TOTAL
2968573,95,2026-05-20 09:00:00,446555,446555,446555,0,,6,,KEEP_TOTAL
2968812,95,2026-05-20 10:00:00,446555,446555,446555,0,,6,,KEEP_TOTAL
2969051,95,2026-05-20 11:00:00,446555,446555,446555,0,,6,,KEEP_TOTAL
2969306,95,2026-05-20 12:00:00,446555,446555,446555,0,,6,,KEEP_TOTAL
2969530,95,2026-05-20 13:00:00,446555,446555,446555,0,,6,,KEEP_TOTAL
2969768,95,2026-05-20 14:00:00,446555,446555,446555,0,,6,,KEEP_TOTAL
2970077,95,2026-05-20 15:00:00,446555,446555,446555,0,,6,,KEEP_TOTAL
2966486,57,2026-05-20 00:00:00,164688,164678,164688,0,,338,,CORRECT_TOTAL_164678_164688
2966725,57,2026-05-20 01:00:00,164699,164678,164699,0,,338,,CORRECT_TOTAL_164678_164699
2966964,57,2026-05-20 02:00:00,164710,164678,164710,0,,338,,CORRECT_TOTAL_164678_164710
2967203,57,2026-05-20 03:00:00,164719,164678,164719,0,,338,,CORRECT_TOTAL_164678_164719
2967442,57,2026-05-20 04:00:00,164678,164678,329397,0,,0,,CORRECT_TOTAL_164678_329397
2967681,57,2026-05-20 05:00:00,164689,164689,329408,11,,11,,CORRECT_TOTAL_164689_329408
2967920,57,2026-05-20 06:00:00,164699,164699,329418,10,,21,,CORRECT_TOTAL_164699_329418
2968159,57,2026-05-20 07:00:00,164710,164710,329429,11,,32,,CORRECT_TOTAL_164710_329429
2968371,57,2026-05-20 08:00:00,164719,164719,329438,9,,41,,CORRECT_TOTAL_164719_329438
2968637,57,2026-05-20 09:00:00,164728,164728,329447,9,,50,,CORRECT_TOTAL_164728_329447
2968876,57,2026-05-20 10:00:00,164757,164757,329476,29,,79,,CORRECT_TOTAL_164757_329476
2969115,57,2026-05-20 11:00:00,164773,164773,329492,16,,95,,CORRECT_TOTAL_164773_329492
2969354,57,2026-05-20 12:00:00,164785,164785,329504,12,,107,,CORRECT_TOTAL_164785_329504
2969593,57,2026-05-20 13:00:00,164800,164800,329519,15,,122,,CORRECT_TOTAL_164800_329519
2969832,57,2026-05-20 14:00:00,164840,164840,329559,40,,162,,CORRECT_TOTAL_164840_329559
2970046,57,2026-05-20 15:00:00,164864,164864,329583,24,,186,,CORRECT_TOTAL_164864_329583
2977799,57,2026-05-20 20:00:00,165029,,329748,0,,0,,CORRECT_TOTAL_0_329748
2977800,57,2026-05-20 21:00:00,165029,,329748,0,,0,,CORRECT_TOTAL_0_329748
2977801,57,2026-05-20 22:00:00,165029,,329748,0,,0,,CORRECT_TOTAL_0_329748
2977802,57,2026-05-20 23:00:00,165029,,329748,0,,0,,CORRECT_TOTAL_0_329748
2977803,57,2026-05-21 00:00:00,165029,,329748,0,,0,,CORRECT_TOTAL_0_329748
2977804,57,2026-05-21 01:00:00,165029,,329748,0,,0,,CORRECT_TOTAL_0_329748
2977805,57,2026-05-21 02:00:00,165029,,329748,0,,0,,CORRECT_TOTAL_0_329748
2977806,57,2026-05-21 03:00:00,165029,,329748,0,,0,,CORRECT_TOTAL_0_329748
2977807,57,2026-05-21 04:00:00,165029,,329748,0,,0,,CORRECT_TOTAL_0_329748
2977808,57,2026-05-21 05:00:00,165029,,329748,0,,0,,CORRECT_TOTAL_0_329748
2977809,57,2026-05-21 06:00:00,165029,,329748,0,,0,,CORRECT_TOTAL_0_329748
2977810,57,2026-05-21 07:00:00,165029,,329748,0,,0,,CORRECT_TOTAL_0_329748
2977811,57,2026-05-21 08:00:00,165029,,329748,0,,0,,CORRECT_TOTAL_0_329748
2977812,57,2026-05-21 09:00:00,165029,,329748,0,,0,,CORRECT_TOTAL_0_329748
2977813,57,2026-05-21 10:00:00,165029,,329748,0,,0,,CORRECT_TOTAL_0_329748
2977814,57,2026-05-21 11:00:00,165029,,329748,0,,0,,CORRECT_TOTAL_0_329748
2977815,57,2026-05-21 12:00:00,165029,,329748,0,,0,,CORRECT_TOTAL_0_329748
2977816,57,2026-05-21 13:00:00,165029,,329748,0,,0,,CORRECT_TOTAL_0_329748
2977817,57,2026-05-21 14:00:00,165029,,329748,0,,0,,CORRECT_TOTAL_0_329748
2977818,57,2026-05-21 15:00:00,165029,,329748,0,,0,,CORRECT_TOTAL_0_329748
2977819,57,2026-05-21 16:00:00,165029,,329748,0,,0,,CORRECT_TOTAL_0_329748
2977820,57,2026-05-21 17:00:00,165029,,329748,0,,0,,CORRECT_TOTAL_0_329748
2977821,57,2026-05-21 18:00:00,165029,,329748,0,,0,,CORRECT_TOTAL_0_329748
2977822,57,2026-05-21 19:00:00,165029,,329748,0,,0,,CORRECT_TOTAL_0_329748
2977823,57,2026-05-21 20:00:00,165029,,329748,0,,0,,CORRECT_TOTAL_0_329748
2977824,57,2026-05-21 21:00:00,165029,,329748,0,,0,,CORRECT_TOTAL_0_329748
2977825,57,2026-05-21 22:00:00,165029,,329748,0,,0,,CORRECT_TOTAL_0_329748
2977826,57,2026-05-21 23:00:00,165041,,329760,0,,0,,CORRECT_TOTAL_0_329760
2977827,57,2026-05-22 00:00:00,165057,,329776,0,,0,,CORRECT_TOTAL_0_329776
2977828,57,2026-05-22 01:00:00,165077,,329796,0,,0,,CORRECT_TOTAL_0_329796
2977829,57,2026-05-22 02:00:00,165110,,329829,0,,0,,CORRECT_TOTAL_0_329829
2977830,57,2026-05-22 03:00:00,165111,,329830,0,,0,,CORRECT_TOTAL_0_329830
2977831,57,2026-05-22 04:00:00,165137,,329856,0,,0,,CORRECT_TOTAL_0_329856
2977832,57,2026-05-22 05:00:00,165164,,329883,0,,0,,CORRECT_TOTAL_0_329883
2977833,57,2026-05-22 06:00:00,165185,,329904,0,,0,,CORRECT_TOTAL_0_329904
2977834,57,2026-05-22 07:00:00,165185,,329904,0,,0,,CORRECT_TOTAL_0_329904
2977835,57,2026-05-22 08:00:00,165185,,329904,0,,0,,CORRECT_TOTAL_0_329904
2977836,57,2026-05-22 09:00:00,165185,,329904,0,,0,,CORRECT_TOTAL_0_329904
2977837,57,2026-05-22 10:00:00,165185,,329904,0,,0,,CORRECT_TOTAL_0_329904
2977838,57,2026-05-22 11:00:00,165197,,329916,0,,0,,CORRECT_TOTAL_0_329916
2977839,57,2026-05-22 12:00:00,165197,,329916,0,,0,,CORRECT_TOTAL_0_329916
2966447,19,2026-05-20 00:00:00,1187210,1187210,1187210,0,,0,,KEEP_TOTAL
2966686,19,2026-05-20 01:00:00,1187210,1187210,1187210,0,,0,,KEEP_TOTAL
2966925,19,2026-05-20 02:00:00,1187210,1187210,1187210,0,,0,,KEEP_TOTAL
2967164,19,2026-05-20 03:00:00,1187210,1187210,1187210,0,,0,,KEEP_TOTAL
2967403,19,2026-05-20 04:00:00,1187210,1187210,1187210,0,,0,,KEEP_TOTAL
2967626,19,2026-05-20 05:00:00,1187210,1187210,1187210,0,,0,,KEEP_TOTAL
2967881,19,2026-05-20 06:00:00,1187210,1187210,1187210,0,,0,,KEEP_TOTAL
2968120,19,2026-05-20 07:00:00,1187210,1187210,1187210,0,,0,,KEEP_TOTAL
2968330,19,2026-05-20 08:00:00,1187210,1187210,1187210,0,,0,,KEEP_TOTAL
2968598,19,2026-05-20 09:00:00,1187210,1187210,1187210,0,,0,,KEEP_TOTAL
2968837,19,2026-05-20 10:00:00,1187210,1187210,1187210,0,,0,,KEEP_TOTAL
2969076,19,2026-05-20 11:00:00,1187210,1187210,1187210,0,,0,,KEEP_TOTAL
2969278,19,2026-05-20 12:00:00,1187210,1187210,1187210,0,,0,,KEEP_TOTAL
2969554,19,2026-05-20 13:00:00,1187210,1187210,1187210,0,,0,,KEEP_TOTAL
2969793,19,2026-05-20 14:00:00,1187210,1187210,1187210,0,,0,,KEEP_TOTAL
2969991,19,2026-05-20 15:00:00,1187210,1187210,1187210,0,,0,,KEEP_TOTAL
2966426,81,2026-05-20 00:00:00,713580,713580,713580,0,,0,,KEEP_TOTAL
2966665,81,2026-05-20 01:00:00,713580,713580,713580,0,,0,,KEEP_TOTAL
2966904,81,2026-05-20 02:00:00,713580,713580,713580,0,,0,,KEEP_TOTAL
2967143,81,2026-05-20 03:00:00,713580,713580,713580,0,,0,,KEEP_TOTAL
2967382,81,2026-05-20 04:00:00,713580,713580,713580,0,,0,,KEEP_TOTAL
2967639,81,2026-05-20 05:00:00,713580,713580,713580,0,,0,,KEEP_TOTAL
2967860,81,2026-05-20 06:00:00,713580,713580,713580,0,,0,,KEEP_TOTAL
2968100,81,2026-05-20 07:00:00,713580,713580,713580,0,,0,,KEEP_TOTAL
2968444,81,2026-05-20 08:00:00,713580,713580,713580,0,,0,,KEEP_TOTAL
2968577,81,2026-05-20 09:00:00,713580,713580,713580,0,,0,,KEEP_TOTAL
2968816,81,2026-05-20 10:00:00,713580,713580,713580,0,,0,,KEEP_TOTAL
2969055,81,2026-05-20 11:00:00,713580,713580,713580,0,,0,,KEEP_TOTAL
2969311,81,2026-05-20 12:00:00,713580,713580,713580,0,,0,,KEEP_TOTAL
2969534,81,2026-05-20 13:00:00,713580,713580,713580,0,,0,,KEEP_TOTAL
2969772,81,2026-05-20 14:00:00,713580,713580,713580,0,,0,,KEEP_TOTAL
2970083,81,2026-05-20 15:00:00,713580,713580,713580,0,,0,,KEEP_TOTAL
2976133,61,2026-05-20 00:00:00,23044,,23044,0,,0,,CORRECT_TOTAL_0_23044
2966389,61,2026-05-20 00:01:00,22943,22943,45987,0,,362,,CORRECT_TOTAL_22943_45987
2976134,61,2026-05-20 00:05:00,23044,,46088,0,,0,,CORRECT_TOTAL_0_46088
2966485,61,2026-05-20 00:06:00,22943,22943,69031,0,,362,,CORRECT_TOTAL_22943_69031
2976135,61,2026-05-20 00:10:00,23044,,69132,0,,0,,CORRECT_TOTAL_0_69132
2966538,61,2026-05-20 00:11:00,22948,22948,92080,5,,367,,CORRECT_TOTAL_22948_92080
2976136,61,2026-05-20 00:15:00,23044,,92176,0,,0,,CORRECT_TOTAL_0_92176
2966545,61,2026-05-20 00:16:00,22951,22951,115127,3,,370,,CORRECT_TOTAL_22951_115127
2966556,61,2026-05-20 00:21:00,22951,22951,115127,0,,370,,CORRECT_TOTAL_22951_115127
2976137,61,2026-05-20 00:25:00,23052,,115228,0,,0,,CORRECT_TOTAL_0_115228
2966563,61,2026-05-20 00:26:00,22951,22951,138179,0,,370,,CORRECT_TOTAL_22951_138179
2976138,61,2026-05-20 00:30:00,23052,,138280,0,,0,,CORRECT_TOTAL_0_138280
2966574,61,2026-05-20 00:31:00,22951,22951,161231,0,,370,,CORRECT_TOTAL_22951_161231
2976139,61,2026-05-20 00:35:00,23052,,161332,0,,0,,CORRECT_TOTAL_0_161332
2966581,61,2026-05-20 00:36:00,22951,22951,184283,0,,370,,CORRECT_TOTAL_22951_184283
2976140,61,2026-05-20 00:40:00,23052,,184384,0,,0,,CORRECT_TOTAL_0_184384
2966592,61,2026-05-20 00:41:00,22958,22958,207342,7,,377,,CORRECT_TOTAL_22958_207342
2976141,61,2026-05-20 00:45:00,23053,,207437,0,,0,,CORRECT_TOTAL_0_207437
2966599,61,2026-05-20 00:46:00,22958,22958,230395,0,,377,,CORRECT_TOTAL_22958_230395
2976142,61,2026-05-20 00:50:00,23060,,230497,0,,0,,CORRECT_TOTAL_0_230497
2966610,61,2026-05-20 00:51:00,22958,22958,253455,0,,377,,CORRECT_TOTAL_22958_253455
2976143,61,2026-05-20 00:55:00,23060,,253557,0,,0,,CORRECT_TOTAL_0_253557
2966617,61,2026-05-20 00:56:00,22958,22958,276515,0,,377,,CORRECT_TOTAL_22958_276515
2976144,61,2026-05-20 01:00:00,23060,,276617,0,,0,,CORRECT_TOTAL_0_276617
2966628,61,2026-05-20 01:01:00,22958,22958,299575,0,,377,,CORRECT_TOTAL_22958_299575
2966724,61,2026-05-20 01:06:00,22965,22965,299582,7,,384,,CORRECT_TOTAL_22965_299582
2976145,61,2026-05-20 01:10:00,23060,,299677,0,,0,,CORRECT_TOTAL_0_299677
2966777,61,2026-05-20 01:11:00,22965,22965,322642,0,,384,,CORRECT_TOTAL_22965_322642
2976146,61,2026-05-20 01:15:00,23068,,322745,0,,0,,CORRECT_TOTAL_0_322745
2966784,61,2026-05-20 01:16:00,22968,22968,345713,3,,387,,CORRECT_TOTAL_22968_345713
2976147,61,2026-05-20 01:20:00,23068,,345813,0,,0,,CORRECT_TOTAL_0_345813
2966795,61,2026-05-20 01:21:00,22969,22969,368782,1,,388,,CORRECT_TOTAL_22969_368782
2976148,61,2026-05-20 01:25:00,23068,,368881,0,,0,,CORRECT_TOTAL_0_368881
2966802,61,2026-05-20 01:26:00,22977,22977,391858,8,,396,,CORRECT_TOTAL_22977_391858
2976149,61,2026-05-20 01:30:00,23068,,391949,0,,0,,CORRECT_TOTAL_0_391949
2966813,61,2026-05-20 01:31:00,22977,22977,414926,0,,396,,CORRECT_TOTAL_22977_414926
2976150,61,2026-05-20 01:35:00,23069,,415018,0,,0,,CORRECT_TOTAL_0_415018
2966820,61,2026-05-20 01:36:00,22977,22977,437995,0,,396,,CORRECT_TOTAL_22977_437995
2976151,61,2026-05-20 01:40:00,23075,,438093,0,,0,,CORRECT_TOTAL_0_438093
2966831,61,2026-05-20 01:41:00,22978,22978,461071,1,,397,,CORRECT_TOTAL_22978_461071
2976152,61,2026-05-20 01:45:00,23077,,461170,0,,0,,CORRECT_TOTAL_0_461170
2966838,61,2026-05-20 01:46:00,22986,22986,484156,8,,405,,CORRECT_TOTAL_22986_484156
2976153,61,2026-05-20 01:50:00,23077,,484247,0,,0,,CORRECT_TOTAL_0_484247
2966849,61,2026-05-20 01:51:00,22987,22987,507234,1,,406,,CORRECT_TOTAL_22987_507234
2976154,61,2026-05-20 01:55:00,23077,,507324,0,,0,,CORRECT_TOTAL_0_507324
2966856,61,2026-05-20 01:56:00,22987,22987,530311,0,,406,,CORRECT_TOTAL_22987_530311
2976155,61,2026-05-20 02:00:00,23079,,530403,0,,0,,CORRECT_TOTAL_0_530403
2966867,61,2026-05-20 02:01:00,22987,22987,553390,0,,406,,CORRECT_TOTAL_22987_553390
2976156,61,2026-05-20 02:05:00,23085,,553488,0,,0,,CORRECT_TOTAL_0_553488
2966963,61,2026-05-20 02:06:00,22994,22994,576482,7,,413,,CORRECT_TOTAL_22994_576482
2976157,61,2026-05-20 02:10:00,23085,,576573,0,,0,,CORRECT_TOTAL_0_576573
2967016,61,2026-05-20 02:11:00,22996,22996,599569,2,,415,,CORRECT_TOTAL_22996_599569
2976158,61,2026-05-20 02:15:00,23085,,599658,0,,0,,CORRECT_TOTAL_0_599658
2967023,61,2026-05-20 02:16:00,22996,22996,622654,0,,415,,CORRECT_TOTAL_22996_622654
2976159,61,2026-05-20 02:20:00,23089,,622747,0,,0,,CORRECT_TOTAL_0_622747
2967034,61,2026-05-20 02:21:00,22997,22997,645744,1,,416,,CORRECT_TOTAL_22997_645744
2976160,61,2026-05-20 02:25:00,23093,,645840,0,,0,,CORRECT_TOTAL_0_645840
2967041,61,2026-05-20 02:26:00,23005,23005,668845,8,,424,,CORRECT_TOTAL_23005_668845
2976161,61,2026-05-20 02:30:00,23093,,668933,0,,0,,CORRECT_TOTAL_0_668933
2967052,61,2026-05-20 02:31:00,23006,23006,691939,1,,425,,CORRECT_TOTAL_23006_691939
2976162,61,2026-05-20 02:35:00,23093,,692026,0,,0,,CORRECT_TOTAL_0_692026
2967059,61,2026-05-20 02:36:00,23006,23006,715032,0,,425,,CORRECT_TOTAL_23006_715032
2976163,61,2026-05-20 02:40:00,23093,,715119,0,,0,,CORRECT_TOTAL_0_715119
2967070,61,2026-05-20 02:41:00,23009,23009,738128,3,,428,,CORRECT_TOTAL_23009_738128
2976164,61,2026-05-20 02:45:00,23098,,738217,0,,0,,CORRECT_TOTAL_0_738217
2967077,61,2026-05-20 02:46:00,23016,23016,761233,7,,435,,CORRECT_TOTAL_23016_761233
2976165,61,2026-05-20 02:50:00,23101,,761318,0,,0,,CORRECT_TOTAL_0_761318
2967088,61,2026-05-20 02:51:00,23018,23018,784336,2,,437,,CORRECT_TOTAL_23018_784336
2976166,61,2026-05-20 02:55:00,23101,,784419,0,,0,,CORRECT_TOTAL_0_784419
2967095,61,2026-05-20 02:56:00,23018,23018,807437,0,,437,,CORRECT_TOTAL_23018_807437
2976167,61,2026-05-20 03:00:00,23101,,807520,0,,0,,CORRECT_TOTAL_0_807520
2967106,61,2026-05-20 03:01:00,23018,23018,830538,0,,437,,CORRECT_TOTAL_23018_830538
2976168,61,2026-05-20 03:05:00,23103,,830623,0,,0,,CORRECT_TOTAL_0_830623
2967201,61,2026-05-20 03:06:00,23024,23024,853647,6,,443,,CORRECT_TOTAL_23024_853647
2976169,61,2026-05-20 03:10:00,23109,,853732,0,,0,,CORRECT_TOTAL_0_853732
2967255,61,2026-05-20 03:11:00,23028,23028,876760,4,,447,,CORRECT_TOTAL_23028_876760
2976170,61,2026-05-20 03:15:00,23109,,876841,0,,0,,CORRECT_TOTAL_0_876841
2967262,61,2026-05-20 03:16:00,23028,23028,899869,0,,447,,CORRECT_TOTAL_23028_899869
2976171,61,2026-05-20 03:20:00,23109,,899950,0,,0,,CORRECT_TOTAL_0_899950
2967273,61,2026-05-20 03:21:00,23028,23028,922978,0,,447,,CORRECT_TOTAL_23028_922978
2976172,61,2026-05-20 03:25:00,23109,,923059,0,,0,,CORRECT_TOTAL_0_923059
2967280,61,2026-05-20 03:26:00,23030,23030,946089,2,,449,,CORRECT_TOTAL_23030_946089
2976173,61,2026-05-20 03:30:00,23109,,946168,0,,0,,CORRECT_TOTAL_0_946168
2967291,61,2026-05-20 03:31:00,23036,23036,969204,6,,455,,CORRECT_TOTAL_23036_969204
2976174,61,2026-05-20 03:35:00,23114,,969282,0,,0,,CORRECT_TOTAL_0_969282
2967298,61,2026-05-20 03:36:00,23036,23036,992318,0,,455,,CORRECT_TOTAL_23036_992318
2976175,61,2026-05-20 03:40:00,23117,,992399,0,,0,,CORRECT_TOTAL_0_992399
2967309,61,2026-05-20 03:41:00,23036,23036,1015435,0,,455,,CORRECT_TOTAL_23036_1015435
2976176,61,2026-05-20 03:45:00,23117,,1015516,0,,0,,CORRECT_TOTAL_0_1015516
2967316,61,2026-05-20 03:46:00,23036,23036,1038552,0,,455,,CORRECT_TOTAL_23036_1038552
2976177,61,2026-05-20 03:50:00,23117,,1038633,0,,0,,CORRECT_TOTAL_0_1038633
2967327,61,2026-05-20 03:51:00,23036,23036,1061669,0,,455,,CORRECT_TOTAL_23036_1061669
2976178,61,2026-05-20 03:55:00,23117,,1061750,0,,0,,CORRECT_TOTAL_0_1061750
2967334,61,2026-05-20 03:56:00,23044,23044,1084794,8,,463,,CORRECT_TOTAL_23044_1084794
2976179,61,2026-05-20 04:00:00,23124,,1084874,0,,0,,CORRECT_TOTAL_0_1084874
2967345,61,2026-05-20 04:01:00,23044,23044,1107918,0,,0,,CORRECT_TOTAL_23044_1107918
2976180,61,2026-05-20 04:05:00,23125,,1107999,0,,0,,CORRECT_TOTAL_0_1107999
2967441,61,2026-05-20 04:06:00,23044,23044,1131043,0,,0,,CORRECT_TOTAL_23044_1131043
2976181,61,2026-05-20 04:10:00,23125,,1131124,0,,0,,CORRECT_TOTAL_0_1131124
2967494,61,2026-05-20 04:11:00,23044,23044,1154168,0,,0,,CORRECT_TOTAL_23044_1154168
2976182,61,2026-05-20 04:15:00,23125,,1154249,0,,0,,CORRECT_TOTAL_0_1154249
2967501,61,2026-05-20 04:16:00,23044,23044,1177293,0,,0,,CORRECT_TOTAL_23044_1177293
2976183,61,2026-05-20 04:20:00,23125,,1177374,0,,0,,CORRECT_TOTAL_0_1177374
2967512,61,2026-05-20 04:21:00,23044,23044,1200418,0,,0,,CORRECT_TOTAL_23044_1200418
2976184,61,2026-05-20 04:25:00,23126,,1200500,0,,0,,CORRECT_TOTAL_0_1200500
2967519,61,2026-05-20 04:26:00,23051,23051,1223551,7,,7,,CORRECT_TOTAL_23051_1223551
2976185,61,2026-05-20 04:30:00,23133,,1223633,0,,0,,CORRECT_TOTAL_0_1223633
2967530,61,2026-05-20 04:31:00,23052,23052,1246685,1,,8,,CORRECT_TOTAL_23052_1246685
2976186,61,2026-05-20 04:35:00,23133,,1246766,0,,0,,CORRECT_TOTAL_0_1246766
2967537,61,2026-05-20 04:36:00,23052,23052,1269818,0,,8,,CORRECT_TOTAL_23052_1269818
2976187,61,2026-05-20 04:40:00,23133,,1269899,0,,0,,CORRECT_TOTAL_0_1269899
2967548,61,2026-05-20 04:41:00,23052,23052,1292951,0,,8,,CORRECT_TOTAL_23052_1292951
2976188,61,2026-05-20 04:45:00,23133,,1293032,0,,0,,CORRECT_TOTAL_0_1293032
2967555,61,2026-05-20 04:46:00,23052,23052,1316084,0,,8,,CORRECT_TOTAL_23052_1316084
2976189,61,2026-05-20 04:50:00,23133,,1316165,0,,0,,CORRECT_TOTAL_0_1316165
2967566,61,2026-05-20 04:51:00,23055,23055,1339220,3,,11,,CORRECT_TOTAL_23055_1339220
2976190,61,2026-05-20 04:55:00,23140,,1339305,0,,0,,CORRECT_TOTAL_0_1339305
2967573,61,2026-05-20 04:56:00,23060,23060,1362365,5,,16,,CORRECT_TOTAL_23060_1362365
2976191,61,2026-05-20 05:00:00,23141,,1362446,0,,0,,CORRECT_TOTAL_0_1362446
2967584,61,2026-05-20 05:01:00,23060,23060,1385506,0,,16,,CORRECT_TOTAL_23060_1385506
2976192,61,2026-05-20 05:05:00,23141,,1385587,0,,0,,CORRECT_TOTAL_0_1385587
2967680,61,2026-05-20 05:06:00,23060,23060,1408647,0,,16,,CORRECT_TOTAL_23060_1408647
2976193,61,2026-05-20 05:10:00,23141,,1408728,0,,0,,CORRECT_TOTAL_0_1408728
2967733,61,2026-05-20 05:11:00,23060,23060,1431788,0,,16,,CORRECT_TOTAL_23060_1431788
2976194,61,2026-05-20 05:15:00,23141,,1431869,0,,0,,CORRECT_TOTAL_0_1431869
2967740,61,2026-05-20 05:16:00,23061,23061,1454930,1,,17,,CORRECT_TOTAL_23061_1454930
2976195,61,2026-05-20 05:20:00,23148,,1455017,0,,0,,CORRECT_TOTAL_0_1455017
2967751,61,2026-05-20 05:21:00,23068,23068,1478085,7,,24,,CORRECT_TOTAL_23068_1478085
2976196,61,2026-05-20 05:25:00,23150,,1478167,0,,0,,CORRECT_TOTAL_0_1478167
2967758,61,2026-05-20 05:26:00,23068,23068,1501235,0,,24,,CORRECT_TOTAL_23068_1501235
2976197,61,2026-05-20 05:30:00,23150,,1501317,0,,0,,CORRECT_TOTAL_0_1501317
2967769,61,2026-05-20 05:31:00,23068,23068,1524385,0,,24,,CORRECT_TOTAL_23068_1524385
2976198,61,2026-05-20 05:35:00,23150,,1524467,0,,0,,CORRECT_TOTAL_0_1524467
2967776,61,2026-05-20 05:36:00,23068,23068,1547535,0,,24,,CORRECT_TOTAL_23068_1547535
2976199,61,2026-05-20 05:40:00,23150,,1547617,0,,0,,CORRECT_TOTAL_0_1547617
2967787,61,2026-05-20 05:41:00,23070,23070,1570687,2,,26,,CORRECT_TOTAL_23070_1570687
2976200,61,2026-05-20 05:45:00,23151,,1570768,0,,0,,CORRECT_TOTAL_0_1570768
2967794,61,2026-05-20 05:46:00,23077,23077,1593845,7,,33,,CORRECT_TOTAL_23077_1593845
2976201,61,2026-05-20 05:50:00,23157,,1593925,0,,0,,CORRECT_TOTAL_0_1593925
2967805,61,2026-05-20 05:51:00,23077,23077,1617002,0,,33,,CORRECT_TOTAL_23077_1617002
2976202,61,2026-05-20 05:55:00,23157,,1617082,0,,0,,CORRECT_TOTAL_0_1617082
2967812,61,2026-05-20 05:56:00,23077,23077,1640159,0,,33,,CORRECT_TOTAL_23077_1640159
2976203,61,2026-05-20 06:00:00,23157,,1640239,0,,0,,CORRECT_TOTAL_0_1640239
2967823,61,2026-05-20 06:01:00,23077,23077,1663316,0,,33,,CORRECT_TOTAL_23077_1663316
2976204,61,2026-05-20 06:05:00,23157,,1663396,0,,0,,CORRECT_TOTAL_0_1663396
2967919,61,2026-05-20 06:06:00,23083,23083,1686479,6,,39,,CORRECT_TOTAL_23083_1686479
2976205,61,2026-05-20 06:10:00,23157,,1686553,0,,0,,CORRECT_TOTAL_0_1686553
2967972,61,2026-05-20 06:11:00,23085,23085,1709638,2,,41,,CORRECT_TOTAL_23085_1709638
2976206,61,2026-05-20 06:15:00,23157,,1709710,0,,0,,CORRECT_TOTAL_0_1709710
2967979,61,2026-05-20 06:16:00,23085,23085,1732795,0,,41,,CORRECT_TOTAL_23085_1732795
2976207,61,2026-05-20 06:20:00,23164,,1732874,0,,0,,CORRECT_TOTAL_0_1732874
2967990,61,2026-05-20 06:21:00,23085,23085,1755959,0,,41,,CORRECT_TOTAL_23085_1755959
2976208,61,2026-05-20 06:25:00,23164,,1756038,0,,0,,CORRECT_TOTAL_0_1756038
2967997,61,2026-05-20 06:26:00,23089,23089,1779127,4,,45,,CORRECT_TOTAL_23089_1779127
2976209,61,2026-05-20 06:30:00,23164,,1779202,0,,0,,CORRECT_TOTAL_0_1779202
2968008,61,2026-05-20 06:31:00,23093,23093,1802295,4,,49,,CORRECT_TOTAL_23093_1802295
2976210,61,2026-05-20 06:35:00,23164,,1802366,0,,0,,CORRECT_TOTAL_0_1802366
2968015,61,2026-05-20 06:36:00,23093,23093,1825459,0,,49,,CORRECT_TOTAL_23093_1825459
2976211,61,2026-05-20 06:40:00,23164,,1825530,0,,0,,CORRECT_TOTAL_0_1825530
2968026,61,2026-05-20 06:41:00,23093,23093,1848623,0,,49,,CORRECT_TOTAL_23093_1848623
2976212,61,2026-05-20 06:45:00,23169,,1848699,0,,0,,CORRECT_TOTAL_0_1848699
2968033,61,2026-05-20 06:46:00,23093,23093,1871792,0,,49,,CORRECT_TOTAL_23093_1871792
2976213,61,2026-05-20 06:50:00,23172,,1871871,0,,0,,CORRECT_TOTAL_0_1871871
2968044,61,2026-05-20 06:51:00,23101,23101,1894972,8,,57,,CORRECT_TOTAL_23101_1894972
2976214,61,2026-05-20 06:55:00,23172,,1895043,0,,0,,CORRECT_TOTAL_0_1895043
2968051,61,2026-05-20 06:56:00,23101,23101,1918144,0,,57,,CORRECT_TOTAL_23101_1918144
2976215,61,2026-05-20 07:00:00,23172,,1918215,0,,0,,CORRECT_TOTAL_0_1918215
2968062,61,2026-05-20 07:01:00,23101,23101,1941316,0,,57,,CORRECT_TOTAL_23101_1941316
2976216,61,2026-05-20 07:05:00,23172,,1941387,0,,0,,CORRECT_TOTAL_0_1941387
2968158,61,2026-05-20 07:06:00,23101,23101,1964488,0,,57,,CORRECT_TOTAL_23101_1964488
2976217,61,2026-05-20 07:10:00,23172,,1964559,0,,0,,CORRECT_TOTAL_0_1964559
2968211,61,2026-05-20 07:11:00,23103,23103,1987662,2,,59,,CORRECT_TOTAL_23103_1987662
2976218,61,2026-05-20 07:15:00,23179,,1987738,0,,0,,CORRECT_TOTAL_0_1987738
2968218,61,2026-05-20 07:16:00,23109,23109,2010847,6,,65,,CORRECT_TOTAL_23109_2010847
2976219,61,2026-05-20 07:20:00,23180,,2010918,0,,0,,CORRECT_TOTAL_0_2010918
2968229,61,2026-05-20 07:21:00,23109,23109,2034027,0,,65,,CORRECT_TOTAL_23109_2034027
2976220,61,2026-05-20 07:25:00,23180,,2034098,0,,0,,CORRECT_TOTAL_0_2034098
2968236,61,2026-05-20 07:26:00,23109,23109,2057207,0,,65,,CORRECT_TOTAL_23109_2057207
2976221,61,2026-05-20 07:30:00,23180,,2057278,0,,0,,CORRECT_TOTAL_0_2057278
2968247,61,2026-05-20 07:31:00,23109,23109,2080387,0,,65,,CORRECT_TOTAL_23109_2080387
2976222,61,2026-05-20 07:35:00,23180,,2080458,0,,0,,CORRECT_TOTAL_0_2080458
2968254,61,2026-05-20 07:36:00,23109,23109,2103567,0,,65,,CORRECT_TOTAL_23109_2103567
2976223,61,2026-05-20 07:40:00,23180,,2103638,0,,0,,CORRECT_TOTAL_0_2103638
2968265,61,2026-05-20 07:41:00,23117,23117,2126755,8,,73,,CORRECT_TOTAL_23117_2126755
2976224,61,2026-05-20 07:45:00,23187,,2126825,0,,0,,CORRECT_TOTAL_0_2126825
2968272,61,2026-05-20 07:46:00,23117,23117,2149942,0,,73,,CORRECT_TOTAL_23117_2149942
2976225,61,2026-05-20 07:50:00,23188,,2150013,0,,0,,CORRECT_TOTAL_0_2150013
2968283,61,2026-05-20 07:51:00,23117,23117,2173130,0,,73,,CORRECT_TOTAL_23117_2173130
2976226,61,2026-05-20 07:55:00,23188,,2173201,0,,0,,CORRECT_TOTAL_0_2173201
2968290,61,2026-05-20 07:56:00,23117,23117,2196318,0,,73,,CORRECT_TOTAL_23117_2196318
2976227,61,2026-05-20 08:00:00,23188,,2196389,0,,0,,CORRECT_TOTAL_0_2196389
2968301,61,2026-05-20 08:01:00,23117,23117,2219506,0,,73,,CORRECT_TOTAL_23117_2219506
2976228,61,2026-05-20 08:05:00,23188,,2219577,0,,0,,CORRECT_TOTAL_0_2219577
2968370,61,2026-05-20 08:06:00,23124,23124,2242701,7,,80,,CORRECT_TOTAL_23124_2242701
2976229,61,2026-05-20 08:10:00,23195,,2242772,0,,0,,CORRECT_TOTAL_0_2242772
2968430,61,2026-05-20 08:11:00,23125,23125,2265897,1,,81,,CORRECT_TOTAL_23125_2265897
2976230,61,2026-05-20 08:15:00,23195,,2265967,0,,0,,CORRECT_TOTAL_0_2265967
2968457,61,2026-05-20 08:16:00,23125,23125,2289092,0,,81,,CORRECT_TOTAL_23125_2289092
2976231,61,2026-05-20 08:20:00,23195,,2289162,0,,0,,CORRECT_TOTAL_0_2289162
2968468,61,2026-05-20 08:21:00,23125,23125,2312287,0,,81,,CORRECT_TOTAL_23125_2312287
2976232,61,2026-05-20 08:25:00,23195,,2312357,0,,0,,CORRECT_TOTAL_0_2312357
2968475,61,2026-05-20 08:26:00,23125,23125,2335482,0,,81,,CORRECT_TOTAL_23125_2335482
2976233,61,2026-05-20 08:30:00,23195,,2335552,0,,0,,CORRECT_TOTAL_0_2335552
2968486,61,2026-05-20 08:31:00,23130,23130,2358682,5,,86,,CORRECT_TOTAL_23130_2358682
2976234,61,2026-05-20 08:35:00,23195,,2358747,0,,0,,CORRECT_TOTAL_0_2358747
2968493,61,2026-05-20 08:36:00,23133,23133,2381880,3,,89,,CORRECT_TOTAL_23133_2381880
2976235,61,2026-05-20 08:40:00,23203,,2381950,0,,0,,CORRECT_TOTAL_0_2381950
2968504,61,2026-05-20 08:41:00,23133,23133,2405083,0,,89,,CORRECT_TOTAL_23133_2405083
2976236,61,2026-05-20 08:45:00,23203,,2405153,0,,0,,CORRECT_TOTAL_0_2405153
2968511,61,2026-05-20 08:46:00,23133,23133,2428286,0,,89,,CORRECT_TOTAL_23133_2428286
2976237,61,2026-05-20 08:50:00,23203,,2428356,0,,0,,CORRECT_TOTAL_0_2428356
2968522,61,2026-05-20 08:51:00,23133,23133,2451489,0,,89,,CORRECT_TOTAL_23133_2451489
2976238,61,2026-05-20 08:55:00,23203,,2451559,0,,0,,CORRECT_TOTAL_0_2451559
2968529,61,2026-05-20 08:56:00,23133,23133,2474692,0,,89,,CORRECT_TOTAL_23133_2474692
2976239,61,2026-05-20 09:00:00,23203,,2474762,0,,0,,CORRECT_TOTAL_0_2474762
2968540,61,2026-05-20 09:01:00,23140,23140,2497902,7,,96,,CORRECT_TOTAL_23140_2497902
2976240,61,2026-05-20 09:05:00,23205,,2497967,0,,0,,CORRECT_TOTAL_0_2497967
2968636,61,2026-05-20 09:06:00,23141,23141,2521108,1,,97,,CORRECT_TOTAL_23141_2521108
2976241,61,2026-05-20 09:10:00,23210,,2521177,0,,0,,CORRECT_TOTAL_0_2521177
2968689,61,2026-05-20 09:11:00,23141,23141,2544318,0,,97,,CORRECT_TOTAL_23141_2544318
2976242,61,2026-05-20 09:15:00,23210,,2544387,0,,0,,CORRECT_TOTAL_0_2544387
2968696,61,2026-05-20 09:16:00,23141,23141,2567528,0,,97,,CORRECT_TOTAL_23141_2567528
2976243,61,2026-05-20 09:20:00,23210,,2567597,0,,0,,CORRECT_TOTAL_0_2567597
2968707,61,2026-05-20 09:21:00,23143,23143,2590740,2,,99,,CORRECT_TOTAL_23143_2590740
2976244,61,2026-05-20 09:25:00,23210,,2590807,0,,0,,CORRECT_TOTAL_0_2590807
2968714,61,2026-05-20 09:26:00,23150,23150,2613957,7,,106,,CORRECT_TOTAL_23150_2613957
2976245,61,2026-05-20 09:30:00,23210,,2614017,0,,0,,CORRECT_TOTAL_0_2614017
2968725,61,2026-05-20 09:31:00,23150,23150,2637167,0,,106,,CORRECT_TOTAL_23150_2637167
2976246,61,2026-05-20 09:35:00,23210,,2637227,0,,0,,CORRECT_TOTAL_0_2637227
2968732,61,2026-05-20 09:36:00,23150,23150,2660377,0,,106,,CORRECT_TOTAL_23150_2660377
2976247,61,2026-05-20 09:40:00,23214,,2660441,0,,0,,CORRECT_TOTAL_0_2660441
2968743,61,2026-05-20 09:41:00,23150,23150,2683591,0,,106,,CORRECT_TOTAL_23150_2683591
2976248,61,2026-05-20 09:45:00,23218,,2683659,0,,0,,CORRECT_TOTAL_0_2683659
2968750,61,2026-05-20 09:46:00,23150,23150,2706809,0,,106,,CORRECT_TOTAL_23150_2706809
2976249,61,2026-05-20 09:50:00,23218,,2706877,0,,0,,CORRECT_TOTAL_0_2706877
2968761,61,2026-05-20 09:51:00,23151,23151,2730028,1,,107,,CORRECT_TOTAL_23151_2730028
2976250,61,2026-05-20 09:55:00,23218,,2730095,0,,0,,CORRECT_TOTAL_0_2730095
2968768,61,2026-05-20 09:56:00,23157,23157,2753252,6,,113,,CORRECT_TOTAL_23157_2753252
2976251,61,2026-05-20 10:00:00,23218,,2753313,0,,0,,CORRECT_TOTAL_0_2753313
2968779,61,2026-05-20 10:01:00,23157,23157,2776470,0,,113,,CORRECT_TOTAL_23157_2776470
2976252,61,2026-05-20 10:05:00,23220,,2776533,0,,0,,CORRECT_TOTAL_0_2776533
2968875,61,2026-05-20 10:06:00,23157,23157,2799690,0,,113,,CORRECT_TOTAL_23157_2799690
2976253,61,2026-05-20 10:10:00,23226,,2799759,0,,0,,CORRECT_TOTAL_0_2799759
2968928,61,2026-05-20 10:11:00,23157,23157,2822916,0,,113,,CORRECT_TOTAL_23157_2822916
2976254,61,2026-05-20 10:15:00,23226,,2822985,0,,0,,CORRECT_TOTAL_0_2822985
2968935,61,2026-05-20 10:16:00,23157,23157,2846142,0,,113,,CORRECT_TOTAL_23157_2846142
2976255,61,2026-05-20 10:20:00,23226,,2846211,0,,0,,CORRECT_TOTAL_0_2846211
2968946,61,2026-05-20 10:21:00,23161,23161,2869372,4,,117,,CORRECT_TOTAL_23161_2869372
2976256,61,2026-05-20 10:25:00,23226,,2869437,0,,0,,CORRECT_TOTAL_0_2869437
2968953,61,2026-05-20 10:26:00,23164,23164,2892601,3,,120,,CORRECT_TOTAL_23164_2892601
2976257,61,2026-05-20 10:30:00,23226,,2892663,0,,0,,CORRECT_TOTAL_0_2892663
2968964,61,2026-05-20 10:31:00,23164,23164,2915827,0,,120,,CORRECT_TOTAL_23164_2915827
2968971,61,2026-05-20 10:36:00,23164,23164,2915827,0,,120,,CORRECT_TOTAL_23164_2915827
2976258,61,2026-05-20 10:40:00,23233,,2915896,0,,0,,CORRECT_TOTAL_0_2915896
2968982,61,2026-05-20 10:41:00,23164,23164,2939060,0,,120,,CORRECT_TOTAL_23164_2939060
2976259,61,2026-05-20 10:45:00,23233,,2939129,0,,0,,CORRECT_TOTAL_0_2939129
2968989,61,2026-05-20 10:46:00,23164,23164,2962293,0,,120,,CORRECT_TOTAL_23164_2962293
2976260,61,2026-05-20 10:50:00,23233,,2962362,0,,0,,CORRECT_TOTAL_0_2962362
2969000,61,2026-05-20 10:51:00,23172,23172,2985534,8,,128,,CORRECT_TOTAL_23172_2985534
2976261,61,2026-05-20 10:55:00,23233,,2985595,0,,0,,CORRECT_TOTAL_0_2985595
2969007,61,2026-05-20 10:56:00,23172,23172,3008767,0,,128,,CORRECT_TOTAL_23172_3008767
2976262,61,2026-05-20 11:00:00,23233,,3008828,0,,0,,CORRECT_TOTAL_0_3008828
2969018,61,2026-05-20 11:01:00,23172,23172,3032000,0,,128,,CORRECT_TOTAL_23172_3032000
2976263,61,2026-05-20 11:05:00,23237,,3032065,0,,0,,CORRECT_TOTAL_0_3032065
2969114,61,2026-05-20 11:06:00,23172,23172,3055237,0,,128,,CORRECT_TOTAL_23172_3055237
2976264,61,2026-05-20 11:10:00,23241,,3055306,0,,0,,CORRECT_TOTAL_0_3055306
2969167,61,2026-05-20 11:11:00,23172,23172,3078478,0,,128,,CORRECT_TOTAL_23172_3078478
2976265,61,2026-05-20 11:15:00,23241,,3078547,0,,0,,CORRECT_TOTAL_0_3078547
2969174,61,2026-05-20 11:16:00,23172,23172,3101719,0,,128,,CORRECT_TOTAL_23172_3101719
2976266,61,2026-05-20 11:20:00,23241,,3101788,0,,0,,CORRECT_TOTAL_0_3101788
2969185,61,2026-05-20 11:21:00,23179,23179,3124967,7,,135,,CORRECT_TOTAL_23179_3124967
2976267,61,2026-05-20 11:25:00,23241,,3125029,0,,0,,CORRECT_TOTAL_0_3125029
2969192,61,2026-05-20 11:26:00,23180,23180,3148209,1,,136,,CORRECT_TOTAL_23180_3148209
2976268,61,2026-05-20 11:30:00,23242,,3148271,0,,0,,CORRECT_TOTAL_0_3148271
2969203,61,2026-05-20 11:31:00,23180,23180,3171451,0,,136,,CORRECT_TOTAL_23180_3171451
2976269,61,2026-05-20 11:35:00,23250,,3171521,0,,0,,CORRECT_TOTAL_0_3171521
2969210,61,2026-05-20 11:36:00,23180,23180,3194701,0,,136,,CORRECT_TOTAL_23180_3194701
2976270,61,2026-05-20 11:40:00,23250,,3194771,0,,0,,CORRECT_TOTAL_0_3194771
2969221,61,2026-05-20 11:41:00,23180,23180,3217951,0,,136,,CORRECT_TOTAL_23180_3217951
2976271,61,2026-05-20 11:45:00,23250,,3218021,0,,0,,CORRECT_TOTAL_0_3218021
2969228,61,2026-05-20 11:46:00,23182,23182,3241203,2,,138,,CORRECT_TOTAL_23182_3241203
2976272,61,2026-05-20 11:50:00,23251,,3241272,0,,0,,CORRECT_TOTAL_0_3241272
2969239,61,2026-05-20 11:51:00,23188,23188,3264460,6,,144,,CORRECT_TOTAL_23188_3264460
2976273,61,2026-05-20 11:55:00,23258,,3264530,0,,0,,CORRECT_TOTAL_0_3264530
2969246,61,2026-05-20 11:56:00,23188,23188,3287718,0,,144,,CORRECT_TOTAL_23188_3287718
2976274,61,2026-05-20 12:00:00,23258,,3287788,0,,0,,CORRECT_TOTAL_0_3287788
2969257,61,2026-05-20 12:01:00,23188,23188,3310976,0,,144,,CORRECT_TOTAL_23188_3310976
2976275,61,2026-05-20 12:05:00,23258,,3311046,0,,0,,CORRECT_TOTAL_0_3311046
2969353,61,2026-05-20 12:06:00,23188,23188,3334234,0,,144,,CORRECT_TOTAL_23188_3334234
2976276,61,2026-05-20 12:10:00,23258,,3334304,0,,0,,CORRECT_TOTAL_0_3334304
2969406,61,2026-05-20 12:11:00,23188,23188,3357492,0,,144,,CORRECT_TOTAL_23188_3357492
2969413,61,2026-05-20 12:16:00,23195,23195,3357499,7,,151,,CORRECT_TOTAL_23195_3357499
2976277,61,2026-05-20 12:20:00,23266,,3357570,0,,0,,CORRECT_TOTAL_0_3357570
2969424,61,2026-05-20 12:21:00,23195,23195,3380765,0,,151,,CORRECT_TOTAL_23195_3380765
2976278,61,2026-05-20 12:25:00,23266,,3380836,0,,0,,CORRECT_TOTAL_0_3380836
2969431,61,2026-05-20 12:26:00,23195,23195,3404031,0,,151,,CORRECT_TOTAL_23195_3404031
2976279,61,2026-05-20 12:30:00,23266,,3404102,0,,0,,CORRECT_TOTAL_0_3404102
2969442,61,2026-05-20 12:31:00,23195,23195,3427297,0,,151,,CORRECT_TOTAL_23195_3427297
2976280,61,2026-05-20 12:35:00,23266,,3427368,0,,0,,CORRECT_TOTAL_0_3427368
2969449,61,2026-05-20 12:36:00,23195,23195,3450563,0,,151,,CORRECT_TOTAL_23195_3450563
2976281,61,2026-05-20 12:40:00,23266,,3450634,0,,0,,CORRECT_TOTAL_0_3450634
2969460,61,2026-05-20 12:41:00,23198,23198,3473832,3,,154,,CORRECT_TOTAL_23198_3473832
2976282,61,2026-05-20 12:45:00,23272,,3473906,0,,0,,CORRECT_TOTAL_0_3473906
2969467,61,2026-05-20 12:46:00,23203,23203,3497109,5,,159,,CORRECT_TOTAL_23203_3497109
2969478,61,2026-05-20 12:51:00,23203,23203,3497109,0,,159,,CORRECT_TOTAL_23203_3497109
2976283,61,2026-05-20 12:55:00,23274,,3497180,0,,0,,CORRECT_TOTAL_0_3497180
2969485,61,2026-05-20 12:56:00,23203,23203,3520383,0,,159,,CORRECT_TOTAL_23203_3520383
2976284,61,2026-05-20 13:00:00,23274,,3520454,0,,0,,CORRECT_TOTAL_0_3520454
2969496,61,2026-05-20 13:01:00,23203,23203,3543657,0,,159,,CORRECT_TOTAL_23203_3543657
2976285,61,2026-05-20 13:05:00,23274,,3543728,0,,0,,CORRECT_TOTAL_0_3543728
2969592,61,2026-05-20 13:06:00,23203,23203,3566931,0,,159,,CORRECT_TOTAL_23203_3566931
2976286,61,2026-05-20 13:10:00,23277,,3567005,0,,0,,CORRECT_TOTAL_0_3567005
2969645,61,2026-05-20 13:11:00,23205,23205,3590210,2,,161,,CORRECT_TOTAL_23205_3590210
2976287,61,2026-05-20 13:15:00,23282,,3590287,0,,0,,CORRECT_TOTAL_0_3590287
2969652,61,2026-05-20 13:16:00,23210,23210,3613497,5,,166,,CORRECT_TOTAL_23210_3613497
2976288,61,2026-05-20 13:20:00,23282,,3613569,0,,0,,CORRECT_TOTAL_0_3613569
2969663,61,2026-05-20 13:21:00,23210,23210,3636779,0,,166,,CORRECT_TOTAL_23210_3636779
2976289,61,2026-05-20 13:25:00,23282,,3636851,0,,0,,CORRECT_TOTAL_0_3636851
2969670,61,2026-05-20 13:26:00,23210,23210,3660061,0,,166,,CORRECT_TOTAL_23210_3660061
2976290,61,2026-05-20 13:30:00,23282,,3660133,0,,0,,CORRECT_TOTAL_0_3660133
2969681,61,2026-05-20 13:31:00,23210,23210,3683343,0,,166,,CORRECT_TOTAL_23210_3683343
2976291,61,2026-05-20 13:35:00,23282,,3683415,0,,0,,CORRECT_TOTAL_0_3683415
2969688,61,2026-05-20 13:36:00,23210,23210,3706625,0,,166,,CORRECT_TOTAL_23210_3706625
2976292,61,2026-05-20 13:40:00,23285,,3706700,0,,0,,CORRECT_TOTAL_0_3706700
2969699,61,2026-05-20 13:41:00,23210,23210,3729910,0,,166,,CORRECT_TOTAL_23210_3729910
2976293,61,2026-05-20 13:45:00,23289,,3729989,0,,0,,CORRECT_TOTAL_0_3729989
2969706,61,2026-05-20 13:46:00,23217,23217,3753206,7,,173,,CORRECT_TOTAL_23217_3753206
2969717,61,2026-05-20 13:51:00,23218,23218,3753207,1,,174,,CORRECT_TOTAL_23218_3753207
2976294,61,2026-05-20 13:55:00,23289,,3753278,0,,0,,CORRECT_TOTAL_0_3753278
2969724,61,2026-05-20 13:56:00,23218,23218,3776496,0,,174,,CORRECT_TOTAL_23218_3776496
2976295,61,2026-05-20 14:00:00,23289,,3776567,0,,0,,CORRECT_TOTAL_0_3776567
2969735,61,2026-05-20 14:01:00,23218,23218,3799785,0,,174,,CORRECT_TOTAL_23218_3799785
2976296,61,2026-05-20 14:05:00,23289,,3799856,0,,0,,CORRECT_TOTAL_0_3799856
2969831,61,2026-05-20 14:06:00,23218,23218,3823074,0,,174,,CORRECT_TOTAL_23218_3823074
2976297,61,2026-05-20 14:10:00,23289,,3823145,0,,0,,CORRECT_TOTAL_0_3823145
2969884,61,2026-05-20 14:11:00,23223,23223,3846368,5,,179,,CORRECT_TOTAL_23223_3846368
2976298,61,2026-05-20 14:15:00,23297,,3846442,0,,0,,CORRECT_TOTAL_0_3846442
2969891,61,2026-05-20 14:16:00,23226,23226,3869668,3,,182,,CORRECT_TOTAL_23226_3869668
2976299,61,2026-05-20 14:20:00,23297,,3869739,0,,0,,CORRECT_TOTAL_0_3869739
2969902,61,2026-05-20 14:21:00,23226,23226,3892965,0,,182,,CORRECT_TOTAL_23226_3892965
2976300,61,2026-05-20 14:25:00,23297,,3893036,0,,0,,CORRECT_TOTAL_0_3893036
2969909,61,2026-05-20 14:26:00,23226,23226,3916262,0,,182,,CORRECT_TOTAL_23226_3916262
2976301,61,2026-05-20 14:30:00,23297,,3916333,0,,0,,CORRECT_TOTAL_0_3916333
2969920,61,2026-05-20 14:31:00,23226,23226,3939559,0,,182,,CORRECT_TOTAL_23226_3939559
2976302,61,2026-05-20 14:35:00,23297,,3939630,0,,0,,CORRECT_TOTAL_0_3939630
2969927,61,2026-05-20 14:36:00,23226,23226,3962856,0,,182,,CORRECT_TOTAL_23226_3962856
2976303,61,2026-05-20 14:40:00,23300,,3962930,0,,0,,CORRECT_TOTAL_0_3962930
2969938,61,2026-05-20 14:41:00,23233,23233,3986163,7,,189,,CORRECT_TOTAL_23233_3986163
2976304,61,2026-05-20 14:45:00,23305,,3986235,0,,0,,CORRECT_TOTAL_0_3986235
2969945,61,2026-05-20 14:46:00,23233,23233,4009468,0,,189,,CORRECT_TOTAL_23233_4009468
2976305,61,2026-05-20 14:50:00,23305,,4009540,0,,0,,CORRECT_TOTAL_0_4009540
2969956,61,2026-05-20 14:51:00,23233,23233,4032773,0,,189,,CORRECT_TOTAL_23233_4032773
2976306,61,2026-05-20 14:55:00,23305,,4032845,0,,0,,CORRECT_TOTAL_0_4032845
2969963,61,2026-05-20 14:56:00,23233,23233,4056078,0,,189,,CORRECT_TOTAL_23233_4056078
2976307,61,2026-05-20 15:00:00,23305,,4056150,0,,0,,CORRECT_TOTAL_0_4056150
2969974,61,2026-05-20 15:01:00,23233,23233,4079383,0,,189,,CORRECT_TOTAL_23233_4079383
2976308,61,2026-05-20 15:05:00,23305,,4079455,0,,0,,CORRECT_TOTAL_0_4079455
2970044,61,2026-05-20 15:06:00,23233,23233,4102688,0,,189,,CORRECT_TOTAL_23233_4102688
2976309,61,2026-05-20 15:10:00,23309,,4102764,0,,0,,CORRECT_TOTAL_0_4102764
2970123,61,2026-05-20 15:11:00,23241,23241,4126005,8,,197,,CORRECT_TOTAL_23241_4126005
2976310,61,2026-05-20 15:15:00,23313,,4126077,0,,0,,CORRECT_TOTAL_0_4126077
2976311,61,2026-05-20 15:20:00,23313,,4126077,0,,0,,CORRECT_TOTAL_0_4126077
2976312,61,2026-05-20 15:25:00,23313,,4126077,0,,0,,CORRECT_TOTAL_0_4126077
2976313,61,2026-05-20 15:30:00,23313,,4126077,0,,0,,CORRECT_TOTAL_0_4126077
2976314,61,2026-05-20 15:35:00,23313,,4126077,0,,0,,CORRECT_TOTAL_0_4126077
2976315,61,2026-05-20 15:40:00,23313,,4126077,0,,0,,CORRECT_TOTAL_0_4126077
2976316,61,2026-05-20 15:45:00,23320,,4126084,0,,0,,CORRECT_TOTAL_0_4126084
2976317,61,2026-05-20 15:50:00,23320,,4126084,0,,0,,CORRECT_TOTAL_0_4126084
2976318,61,2026-05-20 15:55:00,23320,,4126084,0,,0,,CORRECT_TOTAL_0_4126084
2976319,61,2026-05-20 16:00:00,23320,,4126084,0,,0,,CORRECT_TOTAL_0_4126084
2976320,61,2026-05-20 16:05:00,23325,,4126089,0,,0,,CORRECT_TOTAL_0_4126089
2976321,61,2026-05-20 16:10:00,23328,,4126092,0,,0,,CORRECT_TOTAL_0_4126092
2976322,61,2026-05-20 16:15:00,23328,,4126092,0,,0,,CORRECT_TOTAL_0_4126092
2976323,61,2026-05-20 16:20:00,23328,,4126092,0,,0,,CORRECT_TOTAL_0_4126092
2976324,61,2026-05-20 16:25:00,23328,,4126092,0,,0,,CORRECT_TOTAL_0_4126092
2976325,61,2026-05-20 16:30:00,23328,,4126092,0,,0,,CORRECT_TOTAL_0_4126092
2976326,61,2026-05-20 16:35:00,23335,,4126099,0,,0,,CORRECT_TOTAL_0_4126099
2976327,61,2026-05-20 16:40:00,23335,,4126099,0,,0,,CORRECT_TOTAL_0_4126099
2976328,61,2026-05-20 16:45:00,23335,,4126099,0,,0,,CORRECT_TOTAL_0_4126099
2976329,61,2026-05-20 16:50:00,23335,,4126099,0,,0,,CORRECT_TOTAL_0_4126099
2976330,61,2026-05-20 17:00:00,23343,,4126107,0,,0,,CORRECT_TOTAL_0_4126107
2976331,61,2026-05-20 17:05:00,23344,,4126108,0,,0,,CORRECT_TOTAL_0_4126108
2976332,61,2026-05-20 17:10:00,23344,,4126108,0,,0,,CORRECT_TOTAL_0_4126108
2976333,61,2026-05-20 17:15:00,23344,,4126108,0,,0,,CORRECT_TOTAL_0_4126108
2976334,61,2026-05-20 17:20:00,23346,,4126110,0,,0,,CORRECT_TOTAL_0_4126110
2976335,61,2026-05-20 17:25:00,23352,,4126116,0,,0,,CORRECT_TOTAL_0_4126116
2976336,61,2026-05-20 17:30:00,23352,,4126116,0,,0,,CORRECT_TOTAL_0_4126116
2976337,61,2026-05-20 17:35:00,23352,,4126116,0,,0,,CORRECT_TOTAL_0_4126116
2976338,61,2026-05-20 17:40:00,23352,,4126116,0,,0,,CORRECT_TOTAL_0_4126116
2976339,61,2026-05-20 17:45:00,23352,,4126116,0,,0,,CORRECT_TOTAL_0_4126116
2976340,61,2026-05-20 17:55:00,23359,,4126123,0,,0,,CORRECT_TOTAL_0_4126123
2976341,61,2026-05-20 18:00:00,23359,,4126123,0,,0,,CORRECT_TOTAL_0_4126123
2976342,61,2026-05-20 18:05:00,23359,,4126123,0,,0,,CORRECT_TOTAL_0_4126123
2976343,61,2026-05-20 18:10:00,23359,,4126123,0,,0,,CORRECT_TOTAL_0_4126123
2976344,61,2026-05-20 18:15:00,23359,,4126123,0,,0,,CORRECT_TOTAL_0_4126123
2976345,61,2026-05-20 18:20:00,23359,,4126123,0,,0,,CORRECT_TOTAL_0_4126123
2976346,61,2026-05-20 18:25:00,23360,,4126124,0,,0,,CORRECT_TOTAL_0_4126124
2976347,61,2026-05-20 18:30:00,23367,,4126131,0,,0,,CORRECT_TOTAL_0_4126131
2976348,61,2026-05-20 18:35:00,23367,,4126131,0,,0,,CORRECT_TOTAL_0_4126131
2976349,61,2026-05-20 18:40:00,23367,,4126131,0,,0,,CORRECT_TOTAL_0_4126131
2976350,61,2026-05-20 18:45:00,23367,,4126131,0,,0,,CORRECT_TOTAL_0_4126131
2976351,61,2026-05-20 18:50:00,23367,,4126131,0,,0,,CORRECT_TOTAL_0_4126131
2976352,61,2026-05-20 18:55:00,23370,,4126134,0,,0,,CORRECT_TOTAL_0_4126134
2976353,61,2026-05-20 19:00:00,23374,,4126138,0,,0,,CORRECT_TOTAL_0_4126138
2976354,61,2026-05-20 19:05:00,23374,,4126138,0,,0,,CORRECT_TOTAL_0_4126138
2976355,61,2026-05-20 19:15:00,23374,,4126138,0,,0,,CORRECT_TOTAL_0_4126138
2976356,61,2026-05-20 19:20:00,23374,,4126138,0,,0,,CORRECT_TOTAL_0_4126138
2976357,61,2026-05-20 19:25:00,23374,,4126138,0,,0,,CORRECT_TOTAL_0_4126138
2976358,61,2026-05-20 19:30:00,23376,,4126140,0,,0,,CORRECT_TOTAL_0_4126140
2976359,61,2026-05-20 19:35:00,23382,,4126146,0,,0,,CORRECT_TOTAL_0_4126146
2976360,61,2026-05-20 19:40:00,23382,,4126146,0,,0,,CORRECT_TOTAL_0_4126146
2976361,61,2026-05-20 19:45:00,23382,,4126146,0,,0,,CORRECT_TOTAL_0_4126146
2976362,61,2026-05-20 19:50:00,23382,,4126146,0,,0,,CORRECT_TOTAL_0_4126146
2976363,61,2026-05-20 19:55:00,23382,,4126146,0,,0,,CORRECT_TOTAL_0_4126146
2976364,61,2026-05-20 20:00:00,23389,,4126153,0,,0,,CORRECT_TOTAL_0_4126153
2976365,61,2026-05-20 20:05:00,23390,,4126154,0,,0,,CORRECT_TOTAL_0_4126154
2976366,61,2026-05-20 20:10:00,23390,,4126154,0,,0,,CORRECT_TOTAL_0_4126154
2976367,61,2026-05-20 20:20:00,23399,,4126163,0,,0,,CORRECT_TOTAL_0_4126163
2976368,61,2026-05-20 20:25:00,23399,,4126163,0,,0,,CORRECT_TOTAL_0_4126163
2976369,61,2026-05-20 20:30:00,23399,,4126163,0,,0,,CORRECT_TOTAL_0_4126163
2976370,61,2026-05-20 20:35:00,23404,,4126168,0,,0,,CORRECT_TOTAL_0_4126168
2976371,61,2026-05-20 20:40:00,23408,,4126172,0,,0,,CORRECT_TOTAL_0_4126172
2976372,61,2026-05-20 20:45:00,23408,,4126172,0,,0,,CORRECT_TOTAL_0_4126172
2976373,61,2026-05-20 20:50:00,23408,,4126172,0,,0,,CORRECT_TOTAL_0_4126172
2976374,61,2026-05-20 20:55:00,23416,,4126180,0,,0,,CORRECT_TOTAL_0_4126180
2976375,61,2026-05-20 21:00:00,23418,,4126182,0,,0,,CORRECT_TOTAL_0_4126182
2976376,61,2026-05-20 21:05:00,23418,,4126182,0,,0,,CORRECT_TOTAL_0_4126182
2976377,61,2026-05-20 21:10:00,23422,,4126186,0,,0,,CORRECT_TOTAL_0_4126186
2976378,61,2026-05-20 21:15:00,23428,,4126192,0,,0,,CORRECT_TOTAL_0_4126192
2976379,61,2026-05-20 21:20:00,23428,,4126192,0,,0,,CORRECT_TOTAL_0_4126192
2976380,61,2026-05-20 21:25:00,23428,,4126192,0,,0,,CORRECT_TOTAL_0_4126192
2976381,61,2026-05-20 21:30:00,23434,,4126198,0,,0,,CORRECT_TOTAL_0_4126198
2976382,61,2026-05-20 21:35:00,23435,,4126199,0,,0,,CORRECT_TOTAL_0_4126199
2976383,61,2026-05-20 21:40:00,23438,,4126202,0,,0,,CORRECT_TOTAL_0_4126202
2976384,61,2026-05-20 21:45:00,23445,,4126209,0,,0,,CORRECT_TOTAL_0_4126209
2976385,61,2026-05-20 21:50:00,23448,,4126212,0,,0,,CORRECT_TOTAL_0_4126212
2976386,61,2026-05-20 21:55:00,23448,,4126212,0,,0,,CORRECT_TOTAL_0_4126212
2976387,61,2026-05-20 22:00:00,23449,,4126213,0,,0,,CORRECT_TOTAL_0_4126213
2976388,61,2026-05-20 22:05:00,23459,,4126223,0,,0,,CORRECT_TOTAL_0_4126223
2976389,61,2026-05-20 22:10:00,23459,,4126223,0,,0,,CORRECT_TOTAL_0_4126223
2976390,61,2026-05-20 22:15:00,23462,,4126226,0,,0,,CORRECT_TOTAL_0_4126226
2976391,61,2026-05-20 22:20:00,23468,,4126232,0,,0,,CORRECT_TOTAL_0_4126232
2976392,61,2026-05-20 22:25:00,23469,,4126233,0,,0,,CORRECT_TOTAL_0_4126233
2976393,61,2026-05-20 22:30:00,23469,,4126233,0,,0,,CORRECT_TOTAL_0_4126233
2976394,61,2026-05-20 22:35:00,23475,,4126239,0,,0,,CORRECT_TOTAL_0_4126239
2976395,61,2026-05-20 22:40:00,23479,,4126243,0,,0,,CORRECT_TOTAL_0_4126243
2976396,61,2026-05-20 22:45:00,23479,,4126243,0,,0,,CORRECT_TOTAL_0_4126243
2976397,61,2026-05-20 22:50:00,23479,,4126243,0,,0,,CORRECT_TOTAL_0_4126243
2976398,61,2026-05-20 22:55:00,23485,,4126249,0,,0,,CORRECT_TOTAL_0_4126249
2976399,61,2026-05-20 23:00:00,23488,,4126252,0,,0,,CORRECT_TOTAL_0_4126252
2976400,61,2026-05-20 23:05:00,23488,,4126252,0,,0,,CORRECT_TOTAL_0_4126252
2976401,61,2026-05-20 23:10:00,23488,,4126252,0,,0,,CORRECT_TOTAL_0_4126252
2976402,61,2026-05-20 23:15:00,23488,,4126252,0,,0,,CORRECT_TOTAL_0_4126252
2976403,61,2026-05-20 23:20:00,23488,,4126252,0,,0,,CORRECT_TOTAL_0_4126252
2976404,61,2026-05-20 23:25:00,23488,,4126252,0,,0,,CORRECT_TOTAL_0_4126252
2976405,61,2026-05-20 23:35:00,23495,,4126259,0,,0,,CORRECT_TOTAL_0_4126259
2976406,61,2026-05-20 23:40:00,23495,,4126259,0,,0,,CORRECT_TOTAL_0_4126259
2976407,61,2026-05-20 23:45:00,23495,,4126259,0,,0,,CORRECT_TOTAL_0_4126259
2976408,61,2026-05-20 23:50:00,23495,,4126259,0,,0,,CORRECT_TOTAL_0_4126259
2976409,61,2026-05-20 23:55:00,23497,,4126261,0,,0,,CORRECT_TOTAL_0_4126261
2976410,61,2026-05-21 00:00:00,23503,,4126267,0,,0,,CORRECT_TOTAL_0_4126267
2976411,61,2026-05-21 00:05:00,23503,,4126267,0,,0,,CORRECT_TOTAL_0_4126267
2976412,61,2026-05-21 00:10:00,23503,,4126267,0,,0,,CORRECT_TOTAL_0_4126267
2976413,61,2026-05-21 00:15:00,23503,,4126267,0,,0,,CORRECT_TOTAL_0_4126267
2976414,61,2026-05-21 00:20:00,23503,,4126267,0,,0,,CORRECT_TOTAL_0_4126267
2976415,61,2026-05-21 00:25:00,23503,,4126267,0,,0,,CORRECT_TOTAL_0_4126267
2976416,61,2026-05-21 00:30:00,23503,,4126267,0,,0,,CORRECT_TOTAL_0_4126267
2976417,61,2026-05-21 00:35:00,23503,,4126267,0,,0,,CORRECT_TOTAL_0_4126267
2976418,61,2026-05-21 00:45:00,23510,,4126274,0,,0,,CORRECT_TOTAL_0_4126274
2976419,61,2026-05-21 00:50:00,23510,,4126274,0,,0,,CORRECT_TOTAL_0_4126274
2976420,61,2026-05-21 00:55:00,23510,,4126274,0,,0,,CORRECT_TOTAL_0_4126274
2976421,61,2026-05-21 01:00:00,23510,,4126274,0,,0,,CORRECT_TOTAL_0_4126274
2976422,61,2026-05-21 01:05:00,23510,,4126274,0,,0,,CORRECT_TOTAL_0_4126274
2976423,61,2026-05-21 01:10:00,23510,,4126274,0,,0,,CORRECT_TOTAL_0_4126274
2976424,61,2026-05-21 01:15:00,23510,,4126274,0,,0,,CORRECT_TOTAL_0_4126274
2976425,61,2026-05-21 01:20:00,23511,,4126275,0,,0,,CORRECT_TOTAL_0_4126275
2976426,61,2026-05-21 01:25:00,23517,,4126281,0,,0,,CORRECT_TOTAL_0_4126281
2976427,61,2026-05-21 01:30:00,23517,,4126281,0,,0,,CORRECT_TOTAL_0_4126281
2976428,61,2026-05-21 01:35:00,23517,,4126281,0,,0,,CORRECT_TOTAL_0_4126281
2976429,61,2026-05-21 01:40:00,23517,,4126281,0,,0,,CORRECT_TOTAL_0_4126281
2976430,61,2026-05-21 01:45:00,23517,,4126281,0,,0,,CORRECT_TOTAL_0_4126281
2976431,61,2026-05-21 01:50:00,23517,,4126281,0,,0,,CORRECT_TOTAL_0_4126281
2976432,61,2026-05-21 01:55:00,23517,,4126281,0,,0,,CORRECT_TOTAL_0_4126281
2976433,61,2026-05-21 02:05:00,23517,,4126281,0,,0,,CORRECT_TOTAL_0_4126281
2976434,61,2026-05-21 02:10:00,23517,,4126281,0,,0,,CORRECT_TOTAL_0_4126281
2976435,61,2026-05-21 02:15:00,23517,,4126281,0,,0,,CORRECT_TOTAL_0_4126281
2976436,61,2026-05-21 02:20:00,23517,,4126281,0,,0,,CORRECT_TOTAL_0_4126281
2976437,61,2026-05-21 02:25:00,23517,,4126281,0,,0,,CORRECT_TOTAL_0_4126281
2976438,61,2026-05-21 02:30:00,23517,,4126281,0,,0,,CORRECT_TOTAL_0_4126281
2976439,61,2026-05-21 02:35:00,23523,,4126287,0,,0,,CORRECT_TOTAL_0_4126287
2976440,61,2026-05-21 02:40:00,23524,,4126288,0,,0,,CORRECT_TOTAL_0_4126288
2976441,61,2026-05-21 02:45:00,23524,,4126288,0,,0,,CORRECT_TOTAL_0_4126288
2976442,61,2026-05-21 02:50:00,23524,,4126288,0,,0,,CORRECT_TOTAL_0_4126288
2976443,61,2026-05-21 02:55:00,23524,,4126288,0,,0,,CORRECT_TOTAL_0_4126288
2976444,61,2026-05-21 03:00:00,23524,,4126288,0,,0,,CORRECT_TOTAL_0_4126288
2976445,61,2026-05-21 03:05:00,23524,,4126288,0,,0,,CORRECT_TOTAL_0_4126288
2976446,61,2026-05-21 03:10:00,23524,,4126288,0,,0,,CORRECT_TOTAL_0_4126288
2976447,61,2026-05-21 03:15:00,23524,,4126288,0,,0,,CORRECT_TOTAL_0_4126288
2976448,61,2026-05-21 03:20:00,23524,,4126288,0,,0,,CORRECT_TOTAL_0_4126288
2976449,61,2026-05-21 03:25:00,23524,,4126288,0,,0,,CORRECT_TOTAL_0_4126288
2976450,61,2026-05-21 03:35:00,23524,,4126288,0,,0,,CORRECT_TOTAL_0_4126288
2976451,61,2026-05-21 03:40:00,23524,,4126288,0,,0,,CORRECT_TOTAL_0_4126288
2976452,61,2026-05-21 03:45:00,23524,,4126288,0,,0,,CORRECT_TOTAL_0_4126288
2976453,61,2026-05-21 03:50:00,23524,,4126288,0,,0,,CORRECT_TOTAL_0_4126288
2976454,61,2026-05-21 03:55:00,23524,,4126288,0,,0,,CORRECT_TOTAL_0_4126288
2976455,61,2026-05-21 04:00:00,23524,,4126288,0,,0,,CORRECT_TOTAL_0_4126288
2976456,61,2026-05-21 04:05:00,23527,,4126291,0,,0,,CORRECT_TOTAL_0_4126291
2976457,61,2026-05-21 04:10:00,23530,,4126294,0,,0,,CORRECT_TOTAL_0_4126294
2976458,61,2026-05-21 04:15:00,23530,,4126294,0,,0,,CORRECT_TOTAL_0_4126294
2976459,61,2026-05-21 04:20:00,23530,,4126294,0,,0,,CORRECT_TOTAL_0_4126294
2976460,61,2026-05-21 04:25:00,23530,,4126294,0,,0,,CORRECT_TOTAL_0_4126294
2976461,61,2026-05-21 04:30:00,23530,,4126294,0,,0,,CORRECT_TOTAL_0_4126294
2976462,61,2026-05-21 04:35:00,23530,,4126294,0,,0,,CORRECT_TOTAL_0_4126294
2976463,61,2026-05-21 04:40:00,23530,,4126294,0,,0,,CORRECT_TOTAL_0_4126294
2976464,61,2026-05-21 04:45:00,23530,,4126294,0,,0,,CORRECT_TOTAL_0_4126294
2976465,61,2026-05-21 04:50:00,23530,,4126294,0,,0,,CORRECT_TOTAL_0_4126294
2976466,61,2026-05-21 04:55:00,23530,,4126294,0,,0,,CORRECT_TOTAL_0_4126294
2976467,61,2026-05-21 05:00:00,23530,,4126294,0,,0,,CORRECT_TOTAL_0_4126294
2976468,61,2026-05-21 05:05:00,23530,,4126294,0,,0,,CORRECT_TOTAL_0_4126294
2976469,61,2026-05-21 05:10:00,23530,,4126294,0,,0,,CORRECT_TOTAL_0_4126294
2976470,61,2026-05-21 05:15:00,23530,,4126294,0,,0,,CORRECT_TOTAL_0_4126294
2976471,61,2026-05-21 05:20:00,23530,,4126294,0,,0,,CORRECT_TOTAL_0_4126294
2976472,61,2026-05-21 05:25:00,23530,,4126294,0,,0,,CORRECT_TOTAL_0_4126294
2976473,61,2026-05-21 05:30:00,23530,,4126294,0,,0,,CORRECT_TOTAL_0_4126294
2976474,61,2026-05-21 05:35:00,23530,,4126294,0,,0,,CORRECT_TOTAL_0_4126294
2976475,61,2026-05-21 05:40:00,23537,,4126301,0,,0,,CORRECT_TOTAL_0_4126301
2976476,61,2026-05-21 05:45:00,23537,,4126301,0,,0,,CORRECT_TOTAL_0_4126301
2976477,61,2026-05-21 05:50:00,23537,,4126301,0,,0,,CORRECT_TOTAL_0_4126301
2976478,61,2026-05-21 05:55:00,23537,,4126301,0,,0,,CORRECT_TOTAL_0_4126301
2976479,61,2026-05-21 06:00:00,23537,,4126301,0,,0,,CORRECT_TOTAL_0_4126301
2976480,61,2026-05-21 06:05:00,23537,,4126301,0,,0,,CORRECT_TOTAL_0_4126301
2976481,61,2026-05-21 06:10:00,23537,,4126301,0,,0,,CORRECT_TOTAL_0_4126301
2976482,61,2026-05-21 06:15:00,23537,,4126301,0,,0,,CORRECT_TOTAL_0_4126301
2976483,61,2026-05-21 06:20:00,23537,,4126301,0,,0,,CORRECT_TOTAL_0_4126301
2976484,61,2026-05-21 06:25:00,23537,,4126301,0,,0,,CORRECT_TOTAL_0_4126301
2976485,61,2026-05-21 06:30:00,23537,,4126301,0,,0,,CORRECT_TOTAL_0_4126301
2976486,61,2026-05-21 06:35:00,23537,,4126301,0,,0,,CORRECT_TOTAL_0_4126301
2976487,61,2026-05-21 06:40:00,23537,,4126301,0,,0,,CORRECT_TOTAL_0_4126301
2976488,61,2026-05-21 06:45:00,23537,,4126301,0,,0,,CORRECT_TOTAL_0_4126301
2976489,61,2026-05-21 06:50:00,23537,,4126301,0,,0,,CORRECT_TOTAL_0_4126301
2976490,61,2026-05-21 06:55:00,23537,,4126301,0,,0,,CORRECT_TOTAL_0_4126301
2976491,61,2026-05-21 07:00:00,23537,,4126301,0,,0,,CORRECT_TOTAL_0_4126301
2976492,61,2026-05-21 07:05:00,23537,,4126301,0,,0,,CORRECT_TOTAL_0_4126301
2976493,61,2026-05-21 07:10:00,23539,,4126303,0,,0,,CORRECT_TOTAL_0_4126303
2976494,61,2026-05-21 07:15:00,23544,,4126308,0,,0,,CORRECT_TOTAL_0_4126308
2976495,61,2026-05-21 07:20:00,23544,,4126308,0,,0,,CORRECT_TOTAL_0_4126308
2976496,61,2026-05-21 07:25:00,23544,,4126308,0,,0,,CORRECT_TOTAL_0_4126308
2976497,61,2026-05-21 07:30:00,23544,,4126308,0,,0,,CORRECT_TOTAL_0_4126308
2976498,61,2026-05-21 07:35:00,23544,,4126308,0,,0,,CORRECT_TOTAL_0_4126308
2976499,61,2026-05-21 07:40:00,23544,,4126308,0,,0,,CORRECT_TOTAL_0_4126308
2976500,61,2026-05-21 07:45:00,23544,,4126308,0,,0,,CORRECT_TOTAL_0_4126308
2976501,61,2026-05-21 07:50:00,23544,,4126308,0,,0,,CORRECT_TOTAL_0_4126308
2976502,61,2026-05-21 07:55:00,23544,,4126308,0,,0,,CORRECT_TOTAL_0_4126308
2976503,61,2026-05-21 08:00:00,23544,,4126308,0,,0,,CORRECT_TOTAL_0_4126308
2976504,61,2026-05-21 08:05:00,23544,,4126308,0,,0,,CORRECT_TOTAL_0_4126308
2976505,61,2026-05-21 08:10:00,23544,,4126308,0,,0,,CORRECT_TOTAL_0_4126308
2976506,61,2026-05-21 08:15:00,23544,,4126308,0,,0,,CORRECT_TOTAL_0_4126308
2976507,61,2026-05-21 08:20:00,23544,,4126308,0,,0,,CORRECT_TOTAL_0_4126308
2976508,61,2026-05-21 08:25:00,23544,,4126308,0,,0,,CORRECT_TOTAL_0_4126308
2976509,61,2026-05-21 08:30:00,23544,,4126308,0,,0,,CORRECT_TOTAL_0_4126308
2976510,61,2026-05-21 08:35:00,23544,,4126308,0,,0,,CORRECT_TOTAL_0_4126308
2976511,61,2026-05-21 08:40:00,23544,,4126308,0,,0,,CORRECT_TOTAL_0_4126308
2976512,61,2026-05-21 08:50:00,23550,,4126314,0,,0,,CORRECT_TOTAL_0_4126314
2976513,61,2026-05-21 08:55:00,23550,,4126314,0,,0,,CORRECT_TOTAL_0_4126314
2976514,61,2026-05-21 09:00:00,23550,,4126314,0,,0,,CORRECT_TOTAL_0_4126314
2976515,61,2026-05-21 09:05:00,23550,,4126314,0,,0,,CORRECT_TOTAL_0_4126314
2976516,61,2026-05-21 09:10:00,23550,,4126314,0,,0,,CORRECT_TOTAL_0_4126314
2976517,61,2026-05-21 09:15:00,23550,,4126314,0,,0,,CORRECT_TOTAL_0_4126314
2976518,61,2026-05-21 09:20:00,23550,,4126314,0,,0,,CORRECT_TOTAL_0_4126314
2976519,61,2026-05-21 09:25:00,23550,,4126314,0,,0,,CORRECT_TOTAL_0_4126314
2976520,61,2026-05-21 09:30:00,23550,,4126314,0,,0,,CORRECT_TOTAL_0_4126314
2976521,61,2026-05-21 09:35:00,23550,,4126314,0,,0,,CORRECT_TOTAL_0_4126314
2976522,61,2026-05-21 09:40:00,23550,,4126314,0,,0,,CORRECT_TOTAL_0_4126314
2976523,61,2026-05-21 09:45:00,23550,,4126314,0,,0,,CORRECT_TOTAL_0_4126314
2976524,61,2026-05-21 09:50:00,23550,,4126314,0,,0,,CORRECT_TOTAL_0_4126314
2976525,61,2026-05-21 09:55:00,23550,,4126314,0,,0,,CORRECT_TOTAL_0_4126314
2976526,61,2026-05-21 10:00:00,23550,,4126314,0,,0,,CORRECT_TOTAL_0_4126314
2976527,61,2026-05-21 10:05:00,23550,,4126314,0,,0,,CORRECT_TOTAL_0_4126314
2976528,61,2026-05-21 10:10:00,23550,,4126314,0,,0,,CORRECT_TOTAL_0_4126314
2976529,61,2026-05-21 10:15:00,23550,,4126314,0,,0,,CORRECT_TOTAL_0_4126314
2976530,61,2026-05-21 10:20:00,23550,,4126314,0,,0,,CORRECT_TOTAL_0_4126314
2976531,61,2026-05-21 10:25:00,23550,,4126314,0,,0,,CORRECT_TOTAL_0_4126314
2976532,61,2026-05-21 10:30:00,23550,,4126314,0,,0,,CORRECT_TOTAL_0_4126314
2976533,61,2026-05-21 10:35:00,23556,,4126320,0,,0,,CORRECT_TOTAL_0_4126320
2976534,61,2026-05-21 10:40:00,23557,,4126321,0,,0,,CORRECT_TOTAL_0_4126321
2976535,61,2026-05-21 10:45:00,23557,,4126321,0,,0,,CORRECT_TOTAL_0_4126321
2976536,61,2026-05-21 10:50:00,23557,,4126321,0,,0,,CORRECT_TOTAL_0_4126321
2976537,61,2026-05-21 10:55:00,23557,,4126321,0,,0,,CORRECT_TOTAL_0_4126321
2976538,61,2026-05-21 11:05:00,23557,,4126321,0,,0,,CORRECT_TOTAL_0_4126321
2976539,61,2026-05-21 11:10:00,23557,,4126321,0,,0,,CORRECT_TOTAL_0_4126321
2976540,61,2026-05-21 11:20:00,23557,,4126321,0,,0,,CORRECT_TOTAL_0_4126321
2976541,61,2026-05-21 11:25:00,23557,,4126321,0,,0,,CORRECT_TOTAL_0_4126321
2976542,61,2026-05-21 11:30:00,23557,,4126321,0,,0,,CORRECT_TOTAL_0_4126321
2976543,61,2026-05-21 11:35:00,23557,,4126321,0,,0,,CORRECT_TOTAL_0_4126321
2976544,61,2026-05-21 11:40:00,23557,,4126321,0,,0,,CORRECT_TOTAL_0_4126321
2976545,61,2026-05-21 11:45:00,23557,,4126321,0,,0,,CORRECT_TOTAL_0_4126321
2976546,61,2026-05-21 11:50:00,23557,,4126321,0,,0,,CORRECT_TOTAL_0_4126321
2976547,61,2026-05-21 11:55:00,23557,,4126321,0,,0,,CORRECT_TOTAL_0_4126321
2976548,61,2026-05-21 12:00:00,23557,,4126321,0,,0,,CORRECT_TOTAL_0_4126321
2976549,61,2026-05-21 12:05:00,23557,,4126321,0,,0,,CORRECT_TOTAL_0_4126321
2976550,61,2026-05-21 12:10:00,23557,,4126321,0,,0,,CORRECT_TOTAL_0_4126321
2976551,61,2026-05-21 12:15:00,23557,,4126321,0,,0,,CORRECT_TOTAL_0_4126321
2976552,61,2026-05-21 12:20:00,23562,,4126326,0,,0,,CORRECT_TOTAL_0_4126326
2976553,61,2026-05-21 12:25:00,23564,,4126328,0,,0,,CORRECT_TOTAL_0_4126328
2976554,61,2026-05-21 12:30:00,23564,,4126328,0,,0,,CORRECT_TOTAL_0_4126328
2976555,61,2026-05-21 12:35:00,23564,,4126328,0,,0,,CORRECT_TOTAL_0_4126328
2976556,61,2026-05-21 12:40:00,23564,,4126328,0,,0,,CORRECT_TOTAL_0_4126328
2976557,61,2026-05-21 12:45:00,23564,,4126328,0,,0,,CORRECT_TOTAL_0_4126328
2976558,61,2026-05-21 12:50:00,23564,,4126328,0,,0,,CORRECT_TOTAL_0_4126328
2976559,61,2026-05-21 12:55:00,23564,,4126328,0,,0,,CORRECT_TOTAL_0_4126328
2976560,61,2026-05-21 13:00:00,23564,,4126328,0,,0,,CORRECT_TOTAL_0_4126328
2976561,61,2026-05-21 13:05:00,23564,,4126328,0,,0,,CORRECT_TOTAL_0_4126328
2976562,61,2026-05-21 13:10:00,23564,,4126328,0,,0,,CORRECT_TOTAL_0_4126328
2976563,61,2026-05-21 13:15:00,23564,,4126328,0,,0,,CORRECT_TOTAL_0_4126328
2976564,61,2026-05-21 13:20:00,23564,,4126328,0,,0,,CORRECT_TOTAL_0_4126328
2976565,61,2026-05-21 13:25:00,23564,,4126328,0,,0,,CORRECT_TOTAL_0_4126328
2976566,61,2026-05-21 13:30:00,23564,,4126328,0,,0,,CORRECT_TOTAL_0_4126328
2976567,61,2026-05-21 13:35:00,23564,,4126328,0,,0,,CORRECT_TOTAL_0_4126328
2976568,61,2026-05-21 13:40:00,23564,,4126328,0,,0,,CORRECT_TOTAL_0_4126328
2976569,61,2026-05-21 13:45:00,23564,,4126328,0,,0,,CORRECT_TOTAL_0_4126328
2976570,61,2026-05-21 13:50:00,23564,,4126328,0,,0,,CORRECT_TOTAL_0_4126328
2976571,61,2026-05-21 13:55:00,23564,,4126328,0,,0,,CORRECT_TOTAL_0_4126328
2976572,61,2026-05-21 14:00:00,23564,,4126328,0,,0,,CORRECT_TOTAL_0_4126328
2976573,61,2026-05-21 14:05:00,23570,,4126334,0,,0,,CORRECT_TOTAL_0_4126334
2976574,61,2026-05-21 14:10:00,23570,,4126334,0,,0,,CORRECT_TOTAL_0_4126334
2976575,61,2026-05-21 14:15:00,23570,,4126334,0,,0,,CORRECT_TOTAL_0_4126334
2976576,61,2026-05-21 14:20:00,23570,,4126334,0,,0,,CORRECT_TOTAL_0_4126334
2976577,61,2026-05-21 14:25:00,23570,,4126334,0,,0,,CORRECT_TOTAL_0_4126334
2976578,61,2026-05-21 14:30:00,23570,,4126334,0,,0,,CORRECT_TOTAL_0_4126334
2976579,61,2026-05-21 14:35:00,23570,,4126334,0,,0,,CORRECT_TOTAL_0_4126334
2976580,61,2026-05-21 14:40:00,23570,,4126334,0,,0,,CORRECT_TOTAL_0_4126334
2976581,61,2026-05-21 14:45:00,23570,,4126334,0,,0,,CORRECT_TOTAL_0_4126334
2976582,61,2026-05-21 14:50:00,23570,,4126334,0,,0,,CORRECT_TOTAL_0_4126334
2976583,61,2026-05-21 14:55:00,23570,,4126334,0,,0,,CORRECT_TOTAL_0_4126334
2976584,61,2026-05-21 15:00:00,23570,,4126334,0,,0,,CORRECT_TOTAL_0_4126334
2976585,61,2026-05-21 15:05:00,23570,,4126334,0,,0,,CORRECT_TOTAL_0_4126334
2976586,61,2026-05-21 15:10:00,23570,,4126334,0,,0,,CORRECT_TOTAL_0_4126334
2976587,61,2026-05-21 15:15:00,23570,,4126334,0,,0,,CORRECT_TOTAL_0_4126334
2976588,61,2026-05-21 15:20:00,23570,,4126334,0,,0,,CORRECT_TOTAL_0_4126334
2976589,61,2026-05-21 15:25:00,23570,,4126334,0,,0,,CORRECT_TOTAL_0_4126334
2976590,61,2026-05-21 15:30:00,23570,,4126334,0,,0,,CORRECT_TOTAL_0_4126334
2976591,61,2026-05-21 15:35:00,23570,,4126334,0,,0,,CORRECT_TOTAL_0_4126334
2976592,61,2026-05-21 15:40:00,23570,,4126334,0,,0,,CORRECT_TOTAL_0_4126334
2976593,61,2026-05-21 15:45:00,23570,,4126334,0,,0,,CORRECT_TOTAL_0_4126334
2976594,61,2026-05-21 15:50:00,23574,,4126338,0,,0,,CORRECT_TOTAL_0_4126338
2976595,61,2026-05-21 15:55:00,23577,,4126341,0,,0,,CORRECT_TOTAL_0_4126341
2976596,61,2026-05-21 16:00:00,23577,,4126341,0,,0,,CORRECT_TOTAL_0_4126341
2976597,61,2026-05-21 16:05:00,23577,,4126341,0,,0,,CORRECT_TOTAL_0_4126341
2976598,61,2026-05-21 16:10:00,23577,,4126341,0,,0,,CORRECT_TOTAL_0_4126341
2976599,61,2026-05-21 16:15:00,23577,,4126341,0,,0,,CORRECT_TOTAL_0_4126341
2976600,61,2026-05-21 16:20:00,23577,,4126341,0,,0,,CORRECT_TOTAL_0_4126341
2976601,61,2026-05-21 16:25:00,23577,,4126341,0,,0,,CORRECT_TOTAL_0_4126341
2976602,61,2026-05-21 16:30:00,23577,,4126341,0,,0,,CORRECT_TOTAL_0_4126341
2976603,61,2026-05-21 16:35:00,23577,,4126341,0,,0,,CORRECT_TOTAL_0_4126341
2976604,61,2026-05-21 16:40:00,23577,,4126341,0,,0,,CORRECT_TOTAL_0_4126341
2976605,61,2026-05-21 16:45:00,23577,,4126341,0,,0,,CORRECT_TOTAL_0_4126341
2976606,61,2026-05-21 16:55:00,23577,,4126341,0,,0,,CORRECT_TOTAL_0_4126341
2976607,61,2026-05-21 17:00:00,23577,,4126341,0,,0,,CORRECT_TOTAL_0_4126341
2976608,61,2026-05-21 17:05:00,23577,,4126341,0,,0,,CORRECT_TOTAL_0_4126341
2976609,61,2026-05-21 17:10:00,23577,,4126341,0,,0,,CORRECT_TOTAL_0_4126341
2976610,61,2026-05-21 17:15:00,23577,,4126341,0,,0,,CORRECT_TOTAL_0_4126341
2976611,61,2026-05-21 17:25:00,23577,,4126341,0,,0,,CORRECT_TOTAL_0_4126341
2976612,61,2026-05-21 17:30:00,23582,,4126346,0,,0,,CORRECT_TOTAL_0_4126346
2976613,61,2026-05-21 17:35:00,23584,,4126348,0,,0,,CORRECT_TOTAL_0_4126348
2976614,61,2026-05-21 17:40:00,23584,,4126348,0,,0,,CORRECT_TOTAL_0_4126348
2976615,61,2026-05-21 17:45:00,23584,,4126348,0,,0,,CORRECT_TOTAL_0_4126348
2976616,61,2026-05-21 17:50:00,23584,,4126348,0,,0,,CORRECT_TOTAL_0_4126348
2976617,61,2026-05-21 17:55:00,23584,,4126348,0,,0,,CORRECT_TOTAL_0_4126348
2976618,61,2026-05-21 18:00:00,23584,,4126348,0,,0,,CORRECT_TOTAL_0_4126348
2976619,61,2026-05-21 18:05:00,23584,,4126348,0,,0,,CORRECT_TOTAL_0_4126348
2976620,61,2026-05-21 18:10:00,23584,,4126348,0,,0,,CORRECT_TOTAL_0_4126348
2976621,61,2026-05-21 18:15:00,23584,,4126348,0,,0,,CORRECT_TOTAL_0_4126348
2976622,61,2026-05-21 18:20:00,23584,,4126348,0,,0,,CORRECT_TOTAL_0_4126348
2976623,61,2026-05-21 18:25:00,23584,,4126348,0,,0,,CORRECT_TOTAL_0_4126348
2976624,61,2026-05-21 18:30:00,23584,,4126348,0,,0,,CORRECT_TOTAL_0_4126348
2976625,61,2026-05-21 18:35:00,23584,,4126348,0,,0,,CORRECT_TOTAL_0_4126348
2976626,61,2026-05-21 18:45:00,23584,,4126348,0,,0,,CORRECT_TOTAL_0_4126348
2976627,61,2026-05-21 18:50:00,23584,,4126348,0,,0,,CORRECT_TOTAL_0_4126348
2976628,61,2026-05-21 18:55:00,23584,,4126348,0,,0,,CORRECT_TOTAL_0_4126348
2976629,61,2026-05-21 19:00:00,23584,,4126348,0,,0,,CORRECT_TOTAL_0_4126348
2976630,61,2026-05-21 19:05:00,23584,,4126348,0,,0,,CORRECT_TOTAL_0_4126348
2976631,61,2026-05-21 19:10:00,23590,,4126354,0,,0,,CORRECT_TOTAL_0_4126354
2976632,61,2026-05-21 19:15:00,23590,,4126354,0,,0,,CORRECT_TOTAL_0_4126354
2976633,61,2026-05-21 19:20:00,23590,,4126354,0,,0,,CORRECT_TOTAL_0_4126354
2976634,61,2026-05-21 19:25:00,23590,,4126354,0,,0,,CORRECT_TOTAL_0_4126354
2976635,61,2026-05-21 19:30:00,23590,,4126354,0,,0,,CORRECT_TOTAL_0_4126354
2976636,61,2026-05-21 19:35:00,23590,,4126354,0,,0,,CORRECT_TOTAL_0_4126354
2976637,61,2026-05-21 19:40:00,23590,,4126354,0,,0,,CORRECT_TOTAL_0_4126354
2976638,61,2026-05-21 19:45:00,23590,,4126354,0,,0,,CORRECT_TOTAL_0_4126354
2976639,61,2026-05-21 19:50:00,23590,,4126354,0,,0,,CORRECT_TOTAL_0_4126354
2976640,61,2026-05-21 19:55:00,23590,,4126354,0,,0,,CORRECT_TOTAL_0_4126354
2976641,61,2026-05-21 20:00:00,23590,,4126354,0,,0,,CORRECT_TOTAL_0_4126354
2976642,61,2026-05-21 20:10:00,23590,,4126354,0,,0,,CORRECT_TOTAL_0_4126354
2976643,61,2026-05-21 20:15:00,23590,,4126354,0,,0,,CORRECT_TOTAL_0_4126354
2976644,61,2026-05-21 20:20:00,23590,,4126354,0,,0,,CORRECT_TOTAL_0_4126354
2976645,61,2026-05-21 20:25:00,23590,,4126354,0,,0,,CORRECT_TOTAL_0_4126354
2976646,61,2026-05-21 20:30:00,23590,,4126354,0,,0,,CORRECT_TOTAL_0_4126354
2976647,61,2026-05-21 20:35:00,23590,,4126354,0,,0,,CORRECT_TOTAL_0_4126354
2976648,61,2026-05-21 20:40:00,23590,,4126354,0,,0,,CORRECT_TOTAL_0_4126354
2976649,61,2026-05-21 20:45:00,23590,,4126354,0,,0,,CORRECT_TOTAL_0_4126354
2976650,61,2026-05-21 20:50:00,23597,,4126361,0,,0,,CORRECT_TOTAL_0_4126361
2976651,61,2026-05-21 20:55:00,23597,,4126361,0,,0,,CORRECT_TOTAL_0_4126361
2976652,61,2026-05-21 21:00:00,23597,,4126361,0,,0,,CORRECT_TOTAL_0_4126361
2976653,61,2026-05-21 21:05:00,23597,,4126361,0,,0,,CORRECT_TOTAL_0_4126361
2976654,61,2026-05-21 21:10:00,23597,,4126361,0,,0,,CORRECT_TOTAL_0_4126361
2976655,61,2026-05-21 21:15:00,23597,,4126361,0,,0,,CORRECT_TOTAL_0_4126361
2976656,61,2026-05-21 21:20:00,23597,,4126361,0,,0,,CORRECT_TOTAL_0_4126361
2976657,61,2026-05-21 21:25:00,23597,,4126361,0,,0,,CORRECT_TOTAL_0_4126361
2976658,61,2026-05-21 21:30:00,23597,,4126361,0,,0,,CORRECT_TOTAL_0_4126361
2976659,61,2026-05-21 21:35:00,23597,,4126361,0,,0,,CORRECT_TOTAL_0_4126361
2976660,61,2026-05-21 21:40:00,23597,,4126361,0,,0,,CORRECT_TOTAL_0_4126361
2976661,61,2026-05-21 21:45:00,23597,,4126361,0,,0,,CORRECT_TOTAL_0_4126361
2976662,61,2026-05-21 21:50:00,23597,,4126361,0,,0,,CORRECT_TOTAL_0_4126361
2976663,61,2026-05-21 21:55:00,23597,,4126361,0,,0,,CORRECT_TOTAL_0_4126361
2976664,61,2026-05-21 22:00:00,23597,,4126361,0,,0,,CORRECT_TOTAL_0_4126361
2976665,61,2026-05-21 22:05:00,23604,,4126368,0,,0,,CORRECT_TOTAL_0_4126368
2976666,61,2026-05-21 22:10:00,23604,,4126368,0,,0,,CORRECT_TOTAL_0_4126368
2976667,61,2026-05-21 22:15:00,23604,,4126368,0,,0,,CORRECT_TOTAL_0_4126368
2976668,61,2026-05-21 22:20:00,23604,,4126368,0,,0,,CORRECT_TOTAL_0_4126368
2976669,61,2026-05-21 22:25:00,23604,,4126368,0,,0,,CORRECT_TOTAL_0_4126368
2976670,61,2026-05-21 22:30:00,23604,,4126368,0,,0,,CORRECT_TOTAL_0_4126368
2976671,61,2026-05-21 22:35:00,23604,,4126368,0,,0,,CORRECT_TOTAL_0_4126368
2976672,61,2026-05-21 22:40:00,23604,,4126368,0,,0,,CORRECT_TOTAL_0_4126368
2976673,61,2026-05-21 22:45:00,23604,,4126368,0,,0,,CORRECT_TOTAL_0_4126368
2976674,61,2026-05-21 22:50:00,23604,,4126368,0,,0,,CORRECT_TOTAL_0_4126368
2976675,61,2026-05-21 22:55:00,23604,,4126368,0,,0,,CORRECT_TOTAL_0_4126368
2976676,61,2026-05-21 23:00:00,23604,,4126368,0,,0,,CORRECT_TOTAL_0_4126368
2976677,61,2026-05-21 23:05:00,23604,,4126368,0,,0,,CORRECT_TOTAL_0_4126368
2976678,61,2026-05-21 23:10:00,23604,,4126368,0,,0,,CORRECT_TOTAL_0_4126368
2976679,61,2026-05-21 23:15:00,23604,,4126368,0,,0,,CORRECT_TOTAL_0_4126368
2976680,61,2026-05-21 23:20:00,23604,,4126368,0,,0,,CORRECT_TOTAL_0_4126368
2976681,61,2026-05-21 23:25:00,23604,,4126368,0,,0,,CORRECT_TOTAL_0_4126368
2976682,61,2026-05-21 23:30:00,23604,,4126368,0,,0,,CORRECT_TOTAL_0_4126368
2976683,61,2026-05-21 23:35:00,23607,,4126371,0,,0,,CORRECT_TOTAL_0_4126371
2976684,61,2026-05-21 23:40:00,23611,,4126375,0,,0,,CORRECT_TOTAL_0_4126375
2976685,61,2026-05-21 23:45:00,23611,,4126375,0,,0,,CORRECT_TOTAL_0_4126375
2976686,61,2026-05-21 23:50:00,23611,,4126375,0,,0,,CORRECT_TOTAL_0_4126375
2976687,61,2026-05-21 23:55:00,23611,,4126375,0,,0,,CORRECT_TOTAL_0_4126375
2976688,61,2026-05-22 00:00:00,23611,,4126375,0,,0,,CORRECT_TOTAL_0_4126375
2976689,61,2026-05-22 00:05:00,23611,,4126375,0,,0,,CORRECT_TOTAL_0_4126375
2976690,61,2026-05-22 00:10:00,23611,,4126375,0,,0,,CORRECT_TOTAL_0_4126375
2976691,61,2026-05-22 00:15:00,23611,,4126375,0,,0,,CORRECT_TOTAL_0_4126375
2976692,61,2026-05-22 00:20:00,23615,,4126379,0,,0,,CORRECT_TOTAL_0_4126379
2976693,61,2026-05-22 00:30:00,23618,,4126382,0,,0,,CORRECT_TOTAL_0_4126382
2976694,61,2026-05-22 00:35:00,23618,,4126382,0,,0,,CORRECT_TOTAL_0_4126382
2976695,61,2026-05-22 00:40:00,23618,,4126382,0,,0,,CORRECT_TOTAL_0_4126382
2976696,61,2026-05-22 00:45:00,23618,,4126382,0,,0,,CORRECT_TOTAL_0_4126382
2976697,61,2026-05-22 00:50:00,23621,,4126385,0,,0,,CORRECT_TOTAL_0_4126385
2976699,61,2026-05-22 00:55:00,23625,,4126389,0,,0,,CORRECT_TOTAL_0_4126389
2976700,61,2026-05-22 01:00:00,23625,,4126389,0,,0,,CORRECT_TOTAL_0_4126389
2976701,61,2026-05-22 01:05:00,23625,,4126389,0,,0,,CORRECT_TOTAL_0_4126389
2976702,61,2026-05-22 01:10:00,23625,,4126389,0,,0,,CORRECT_TOTAL_0_4126389
2976703,61,2026-05-22 01:15:00,23625,,4126389,0,,0,,CORRECT_TOTAL_0_4126389
2976704,61,2026-05-22 01:20:00,23625,,4126389,0,,0,,CORRECT_TOTAL_0_4126389
2976705,61,2026-05-22 01:25:00,23625,,4126389,0,,0,,CORRECT_TOTAL_0_4126389
2976706,61,2026-05-22 01:30:00,23625,,4126389,0,,0,,CORRECT_TOTAL_0_4126389
2976707,61,2026-05-22 01:35:00,23630,,4126394,0,,0,,CORRECT_TOTAL_0_4126394
2976708,61,2026-05-22 01:40:00,23632,,4126396,0,,0,,CORRECT_TOTAL_0_4126396
2976709,61,2026-05-22 01:45:00,23632,,4126396,0,,0,,CORRECT_TOTAL_0_4126396
2976710,61,2026-05-22 01:50:00,23632,,4126396,0,,0,,CORRECT_TOTAL_0_4126396
2976711,61,2026-05-22 01:55:00,23632,,4126396,0,,0,,CORRECT_TOTAL_0_4126396
2976712,61,2026-05-22 02:00:00,23632,,4126396,0,,0,,CORRECT_TOTAL_0_4126396
2976713,61,2026-05-22 02:05:00,23632,,4126396,0,,0,,CORRECT_TOTAL_0_4126396
2976714,61,2026-05-22 02:10:00,23632,,4126396,0,,0,,CORRECT_TOTAL_0_4126396
2976715,61,2026-05-22 02:15:00,23639,,4126403,0,,0,,CORRECT_TOTAL_0_4126403
2976716,61,2026-05-22 02:20:00,23639,,4126403,0,,0,,CORRECT_TOTAL_0_4126403
2976717,61,2026-05-22 02:25:00,23639,,4126403,0,,0,,CORRECT_TOTAL_0_4126403
2976718,61,2026-05-22 02:30:00,23639,,4126403,0,,0,,CORRECT_TOTAL_0_4126403
2976719,61,2026-05-22 02:35:00,23639,,4126403,0,,0,,CORRECT_TOTAL_0_4126403
2976720,61,2026-05-22 02:40:00,23639,,4126403,0,,0,,CORRECT_TOTAL_0_4126403
2976721,61,2026-05-22 02:45:00,23639,,4126403,0,,0,,CORRECT_TOTAL_0_4126403
2976722,61,2026-05-22 02:50:00,23639,,4126403,0,,0,,CORRECT_TOTAL_0_4126403
2976723,61,2026-05-22 02:55:00,23645,,4126409,0,,0,,CORRECT_TOTAL_0_4126409
2976724,61,2026-05-22 03:00:00,23647,,4126411,0,,0,,CORRECT_TOTAL_0_4126411
2976725,61,2026-05-22 03:05:00,23647,,4126411,0,,0,,CORRECT_TOTAL_0_4126411
2976726,61,2026-05-22 03:10:00,23647,,4126411,0,,0,,CORRECT_TOTAL_0_4126411
2976727,61,2026-05-22 03:15:00,23647,,4126411,0,,0,,CORRECT_TOTAL_0_4126411
2976728,61,2026-05-22 03:20:00,23647,,4126411,0,,0,,CORRECT_TOTAL_0_4126411
2976729,61,2026-05-22 03:25:00,23647,,4126411,0,,0,,CORRECT_TOTAL_0_4126411
2976730,61,2026-05-22 03:30:00,23647,,4126411,0,,0,,CORRECT_TOTAL_0_4126411
2976731,61,2026-05-22 03:35:00,23648,,4126412,0,,0,,CORRECT_TOTAL_0_4126412
2976732,61,2026-05-22 03:40:00,23654,,4126418,0,,0,,CORRECT_TOTAL_0_4126418
2976733,61,2026-05-22 03:45:00,23654,,4126418,0,,0,,CORRECT_TOTAL_0_4126418
2976734,61,2026-05-22 03:50:00,23654,,4126418,0,,0,,CORRECT_TOTAL_0_4126418
2976735,61,2026-05-22 03:55:00,23654,,4126418,0,,0,,CORRECT_TOTAL_0_4126418
2976736,61,2026-05-22 04:00:00,23654,,4126418,0,,0,,CORRECT_TOTAL_0_4126418
2976737,61,2026-05-22 04:05:00,23654,,4126418,0,,0,,CORRECT_TOTAL_0_4126418
2976738,61,2026-05-22 04:10:00,23654,,4126418,0,,0,,CORRECT_TOTAL_0_4126418
2976739,61,2026-05-22 04:15:00,23654,,4126418,0,,0,,CORRECT_TOTAL_0_4126418
2976740,61,2026-05-22 04:20:00,23661,,4126425,0,,0,,CORRECT_TOTAL_0_4126425
2976741,61,2026-05-22 04:25:00,23661,,4126425,0,,0,,CORRECT_TOTAL_0_4126425
2976742,61,2026-05-22 04:30:00,23661,,4126425,0,,0,,CORRECT_TOTAL_0_4126425
2976743,61,2026-05-22 04:35:00,23661,,4126425,0,,0,,CORRECT_TOTAL_0_4126425
2976744,61,2026-05-22 04:40:00,23661,,4126425,0,,0,,CORRECT_TOTAL_0_4126425
2976745,61,2026-05-22 04:45:00,23661,,4126425,0,,0,,CORRECT_TOTAL_0_4126425
2976746,61,2026-05-22 04:50:00,23661,,4126425,0,,0,,CORRECT_TOTAL_0_4126425
2976747,61,2026-05-22 04:55:00,23664,,4126428,0,,0,,CORRECT_TOTAL_0_4126428
2976748,61,2026-05-22 05:00:00,23668,,4126432,0,,0,,CORRECT_TOTAL_0_4126432
2976749,61,2026-05-22 05:05:00,23668,,4126432,0,,0,,CORRECT_TOTAL_0_4126432
2976750,61,2026-05-22 05:10:00,23668,,4126432,0,,0,,CORRECT_TOTAL_0_4126432
2976751,61,2026-05-22 05:15:00,23668,,4126432,0,,0,,CORRECT_TOTAL_0_4126432
2976752,61,2026-05-22 05:20:00,23668,,4126432,0,,0,,CORRECT_TOTAL_0_4126432
2976753,61,2026-05-22 05:25:00,23668,,4126432,0,,0,,CORRECT_TOTAL_0_4126432
2976754,61,2026-05-22 05:30:00,23668,,4126432,0,,0,,CORRECT_TOTAL_0_4126432
2976755,61,2026-05-22 05:35:00,23670,,4126434,0,,0,,CORRECT_TOTAL_0_4126434
2976756,61,2026-05-22 05:40:00,23676,,4126440,0,,0,,CORRECT_TOTAL_0_4126440
2976757,61,2026-05-22 05:45:00,23676,,4126440,0,,0,,CORRECT_TOTAL_0_4126440
2976758,61,2026-05-22 05:50:00,23676,,4126440,0,,0,,CORRECT_TOTAL_0_4126440
2976759,61,2026-05-22 05:55:00,23676,,4126440,0,,0,,CORRECT_TOTAL_0_4126440
2976760,61,2026-05-22 06:00:00,23676,,4126440,0,,0,,CORRECT_TOTAL_0_4126440
2976761,61,2026-05-22 06:05:00,23679,,4126443,0,,0,,CORRECT_TOTAL_0_4126443
2976762,61,2026-05-22 06:10:00,23683,,4126447,0,,0,,CORRECT_TOTAL_0_4126447
2976763,61,2026-05-22 06:15:00,23683,,4126447,0,,0,,CORRECT_TOTAL_0_4126447
2976764,61,2026-05-22 06:20:00,23683,,4126447,0,,0,,CORRECT_TOTAL_0_4126447
2976765,61,2026-05-22 06:25:00,23683,,4126447,0,,0,,CORRECT_TOTAL_0_4126447
2976766,61,2026-05-22 06:30:00,23683,,4126447,0,,0,,CORRECT_TOTAL_0_4126447
2976767,61,2026-05-22 06:35:00,23686,,4126450,0,,0,,CORRECT_TOTAL_0_4126450
2976768,61,2026-05-22 06:40:00,23691,,4126455,0,,0,,CORRECT_TOTAL_0_4126455
2976769,61,2026-05-22 06:50:00,23691,,4126455,0,,0,,CORRECT_TOTAL_0_4126455
2976770,61,2026-05-22 06:55:00,23691,,4126455,0,,0,,CORRECT_TOTAL_0_4126455
2976771,61,2026-05-22 07:00:00,23691,,4126455,0,,0,,CORRECT_TOTAL_0_4126455
2976772,61,2026-05-22 07:05:00,23691,,4126455,0,,0,,CORRECT_TOTAL_0_4126455
2976773,61,2026-05-22 07:10:00,23697,,4126461,0,,0,,CORRECT_TOTAL_0_4126461
2976774,61,2026-05-22 07:15:00,23698,,4126462,0,,0,,CORRECT_TOTAL_0_4126462
2976775,61,2026-05-22 07:20:00,23698,,4126462,0,,0,,CORRECT_TOTAL_0_4126462
2976776,61,2026-05-22 07:25:00,23698,,4126462,0,,0,,CORRECT_TOTAL_0_4126462
2976777,61,2026-05-22 07:30:00,23698,,4126462,0,,0,,CORRECT_TOTAL_0_4126462
2976778,61,2026-05-22 07:35:00,23698,,4126462,0,,0,,CORRECT_TOTAL_0_4126462
2976779,61,2026-05-22 07:40:00,23698,,4126462,0,,0,,CORRECT_TOTAL_0_4126462
2976780,61,2026-05-22 07:45:00,23698,,4126462,0,,0,,CORRECT_TOTAL_0_4126462
2976781,61,2026-05-22 07:50:00,23701,,4126465,0,,0,,CORRECT_TOTAL_0_4126465
2976782,61,2026-05-22 07:55:00,23706,,4126470,0,,0,,CORRECT_TOTAL_0_4126470
2976783,61,2026-05-22 08:00:00,23706,,4126470,0,,0,,CORRECT_TOTAL_0_4126470
2976784,61,2026-05-22 08:05:00,23706,,4126470,0,,0,,CORRECT_TOTAL_0_4126470
2976785,61,2026-05-22 08:10:00,23706,,4126470,0,,0,,CORRECT_TOTAL_0_4126470
2976786,61,2026-05-22 08:15:00,23706,,4126470,0,,0,,CORRECT_TOTAL_0_4126470
2976787,61,2026-05-22 08:20:00,23706,,4126470,0,,0,,CORRECT_TOTAL_0_4126470
2976788,61,2026-05-22 08:25:00,23708,,4126472,0,,0,,CORRECT_TOTAL_0_4126472
2976789,61,2026-05-22 08:30:00,23713,,4126477,0,,0,,CORRECT_TOTAL_0_4126477
2976790,61,2026-05-22 08:35:00,23713,,4126477,0,,0,,CORRECT_TOTAL_0_4126477
2976791,61,2026-05-22 08:40:00,23713,,4126477,0,,0,,CORRECT_TOTAL_0_4126477
2976792,61,2026-05-22 08:45:00,23713,,4126477,0,,0,,CORRECT_TOTAL_0_4126477
2976793,61,2026-05-22 08:50:00,23713,,4126477,0,,0,,CORRECT_TOTAL_0_4126477
2976794,61,2026-05-22 08:55:00,23715,,4126479,0,,0,,CORRECT_TOTAL_0_4126479
2976795,61,2026-05-22 09:00:00,23720,,4126484,0,,0,,CORRECT_TOTAL_0_4126484
2976796,61,2026-05-22 09:10:00,23721,,4126485,0,,0,,CORRECT_TOTAL_0_4126485
2976797,61,2026-05-22 09:15:00,23721,,4126485,0,,0,,CORRECT_TOTAL_0_4126485
2976798,61,2026-05-22 09:20:00,23721,,4126485,0,,0,,CORRECT_TOTAL_0_4126485
2976799,61,2026-05-22 09:25:00,23721,,4126485,0,,0,,CORRECT_TOTAL_0_4126485
2976800,61,2026-05-22 09:30:00,23727,,4126491,0,,0,,CORRECT_TOTAL_0_4126491
2976801,61,2026-05-22 09:35:00,23728,,4126492,0,,0,,CORRECT_TOTAL_0_4126492
2976802,61,2026-05-22 09:40:00,23728,,4126492,0,,0,,CORRECT_TOTAL_0_4126492
2976803,61,2026-05-22 09:45:00,23728,,4126492,0,,0,,CORRECT_TOTAL_0_4126492
2976804,61,2026-05-22 09:50:00,23728,,4126492,0,,0,,CORRECT_TOTAL_0_4126492
2976805,61,2026-05-22 09:55:00,23728,,4126492,0,,0,,CORRECT_TOTAL_0_4126492
2976806,61,2026-05-22 10:00:00,23731,,4126495,0,,0,,CORRECT_TOTAL_0_4126495
2976807,61,2026-05-22 10:05:00,23736,,4126500,0,,0,,CORRECT_TOTAL_0_4126500
2976808,61,2026-05-22 10:10:00,23736,,4126500,0,,0,,CORRECT_TOTAL_0_4126500
2976809,61,2026-05-22 10:15:00,23736,,4126500,0,,0,,CORRECT_TOTAL_0_4126500
2976810,61,2026-05-22 10:20:00,23736,,4126500,0,,0,,CORRECT_TOTAL_0_4126500
2976811,61,2026-05-22 10:25:00,23736,,4126500,0,,0,,CORRECT_TOTAL_0_4126500
2976812,61,2026-05-22 10:30:00,23737,,4126501,0,,0,,CORRECT_TOTAL_0_4126501
2976813,61,2026-05-22 10:35:00,23744,,4126508,0,,0,,CORRECT_TOTAL_0_4126508
2976814,61,2026-05-22 10:40:00,23744,,4126508,0,,0,,CORRECT_TOTAL_0_4126508
2976815,61,2026-05-22 10:45:00,23744,,4126508,0,,0,,CORRECT_TOTAL_0_4126508
2976816,61,2026-05-22 10:50:00,23744,,4126508,0,,0,,CORRECT_TOTAL_0_4126508
2976817,61,2026-05-22 11:00:00,23744,,4126508,0,,0,,CORRECT_TOTAL_0_4126508
2976818,61,2026-05-22 11:05:00,23746,,4126510,0,,0,,CORRECT_TOTAL_0_4126510
2976819,61,2026-05-22 11:10:00,23752,,4126516,0,,0,,CORRECT_TOTAL_0_4126516
2976820,61,2026-05-22 11:15:00,23752,,4126516,0,,0,,CORRECT_TOTAL_0_4126516
2976821,61,2026-05-22 11:20:00,23752,,4126516,0,,0,,CORRECT_TOTAL_0_4126516
2976822,61,2026-05-22 11:25:00,23752,,4126516,0,,0,,CORRECT_TOTAL_0_4126516
2976823,61,2026-05-22 11:30:00,23752,,4126516,0,,0,,CORRECT_TOTAL_0_4126516
2976824,61,2026-05-22 11:35:00,23752,,4126516,0,,0,,CORRECT_TOTAL_0_4126516
2976825,61,2026-05-22 11:40:00,23753,,4126517,0,,0,,CORRECT_TOTAL_0_4126517
2976826,61,2026-05-22 11:45:00,23759,,4126523,0,,0,,CORRECT_TOTAL_0_4126523
2976827,61,2026-05-22 11:50:00,23759,,4126523,0,,0,,CORRECT_TOTAL_0_4126523
2976828,61,2026-05-22 11:55:00,23759,,4126523,0,,0,,CORRECT_TOTAL_0_4126523
2976829,61,2026-05-22 12:00:00,23759,,4126523,0,,0,,CORRECT_TOTAL_0_4126523
2970131,61,2026-05-22 15:46:00,23755,23755,4150278,514,,0,,CORRECT_TOTAL_23755_4150278
2970142,61,2026-05-22 15:51:00,23759,23759,4150282,4,,4,,CORRECT_TOTAL_23759_4150282
2970149,61,2026-05-22 15:56:00,23759,23759,4150282,0,,4,,CORRECT_TOTAL_23759_4150282
2966511,160,2026-05-20 00:00:00,217422,57387,57387,0,,0,,KEEP_TOTAL
2966750,160,2026-05-20 01:00:00,217422,57387,57387,0,,0,,KEEP_TOTAL
2966989,160,2026-05-20 02:00:00,217422,57387,57387,0,,0,,KEEP_TOTAL
2967228,160,2026-05-20 03:00:00,217422,57387,57387,0,,0,,KEEP_TOTAL
2967467,160,2026-05-20 04:00:00,217422,57387,57387,0,,0,,KEEP_TOTAL
2967706,160,2026-05-20 05:00:00,217422,57387,57387,0,,0,,KEEP_TOTAL
2967945,160,2026-05-20 06:00:00,217422,57387,57387,0,,0,,KEEP_TOTAL
2968184,160,2026-05-20 07:00:00,217422,57387,57387,0,,0,,KEEP_TOTAL
2968397,160,2026-05-20 08:00:00,217422,57387,57387,0,,0,,KEEP_TOTAL
2968662,160,2026-05-20 09:00:00,217422,57387,57387,0,,0,,KEEP_TOTAL
2968901,160,2026-05-20 10:00:00,217422,57387,57387,0,,0,,KEEP_TOTAL
2969140,160,2026-05-20 11:00:00,217422,57387,57387,0,,0,,KEEP_TOTAL
2969379,160,2026-05-20 12:00:00,217422,57387,57387,0,,0,,KEEP_TOTAL
2969618,160,2026-05-20 13:00:00,217422,57387,57387,0,,0,,KEEP_TOTAL
2969857,160,2026-05-20 14:00:00,217422,57387,57387,0,,0,,KEEP_TOTAL
2970096,160,2026-05-20 15:00:00,217422,57387,57387,0,,0,,KEEP_TOTAL
2978823,160,2026-05-20 20:00:00,217422,,57387,0,,0,,CORRECT_TOTAL_0_57387
2978824,160,2026-05-20 21:00:00,217422,,57387,0,,0,,CORRECT_TOTAL_0_57387
2978825,160,2026-05-20 22:00:00,217422,,57387,0,,0,,CORRECT_TOTAL_0_57387
2978826,160,2026-05-20 23:00:00,217422,,57387,0,,0,,CORRECT_TOTAL_0_57387
2978827,160,2026-05-21 00:00:00,217422,,57387,0,,0,,CORRECT_TOTAL_0_57387
2978828,160,2026-05-21 01:00:00,217422,,57387,0,,0,,CORRECT_TOTAL_0_57387
2978829,160,2026-05-21 02:00:00,217422,,57387,0,,0,,CORRECT_TOTAL_0_57387
2978830,160,2026-05-21 03:00:00,217422,,57387,0,,0,,CORRECT_TOTAL_0_57387
2978831,160,2026-05-21 04:00:00,217422,,57387,0,,0,,CORRECT_TOTAL_0_57387
2978832,160,2026-05-21 05:00:00,217422,,57387,0,,0,,CORRECT_TOTAL_0_57387
2978833,160,2026-05-21 06:00:00,217422,,57387,0,,0,,CORRECT_TOTAL_0_57387
2978834,160,2026-05-21 07:00:00,217422,,57387,0,,0,,CORRECT_TOTAL_0_57387
2978835,160,2026-05-21 08:00:00,217422,,57387,0,,0,,CORRECT_TOTAL_0_57387
2978836,160,2026-05-21 09:00:00,217422,,57387,0,,0,,CORRECT_TOTAL_0_57387
2978837,160,2026-05-21 10:00:00,217422,,57387,0,,0,,CORRECT_TOTAL_0_57387
2978838,160,2026-05-21 11:00:00,217422,,57387,0,,0,,CORRECT_TOTAL_0_57387
2978839,160,2026-05-21 12:00:00,217422,,57387,0,,0,,CORRECT_TOTAL_0_57387
2978840,160,2026-05-21 13:00:00,217422,,57387,0,,0,,CORRECT_TOTAL_0_57387
2978841,160,2026-05-21 14:00:00,217422,,57387,0,,0,,CORRECT_TOTAL_0_57387
2978842,160,2026-05-21 15:00:00,217422,,57387,0,,0,,CORRECT_TOTAL_0_57387
2978843,160,2026-05-21 16:00:00,217422,,57387,0,,0,,CORRECT_TOTAL_0_57387
2978844,160,2026-05-21 17:00:00,217422,,57387,0,,0,,CORRECT_TOTAL_0_57387
2978845,160,2026-05-21 18:00:00,217422,,57387,0,,0,,CORRECT_TOTAL_0_57387
2978846,160,2026-05-21 19:00:00,217422,,57387,0,,0,,CORRECT_TOTAL_0_57387
2978847,160,2026-05-21 20:00:00,217422,,57387,0,,0,,CORRECT_TOTAL_0_57387
2978848,160,2026-05-21 21:00:00,217422,,57387,0,,0,,CORRECT_TOTAL_0_57387
2978849,160,2026-05-21 22:00:00,217422,,57387,0,,0,,CORRECT_TOTAL_0_57387
2978850,160,2026-05-21 23:00:00,217422,,57387,0,,0,,CORRECT_TOTAL_0_57387
2978851,160,2026-05-22 00:00:00,217422,,57387,0,,0,,CORRECT_TOTAL_0_57387
2978852,160,2026-05-22 01:00:00,217422,,57387,0,,0,,CORRECT_TOTAL_0_57387
2978853,160,2026-05-22 02:00:00,217422,,57387,0,,0,,CORRECT_TOTAL_0_57387
2978854,160,2026-05-22 03:00:00,217422,,57387,0,,0,,CORRECT_TOTAL_0_57387
2978855,160,2026-05-22 04:00:00,217422,,57387,0,,0,,CORRECT_TOTAL_0_57387
2978856,160,2026-05-22 05:00:00,217422,,57387,0,,0,,CORRECT_TOTAL_0_57387
2978857,160,2026-05-22 06:00:00,217422,,57387,0,,0,,CORRECT_TOTAL_0_57387
2978858,160,2026-05-22 07:00:00,217422,,57387,0,,0,,CORRECT_TOTAL_0_57387
2978859,160,2026-05-22 08:00:00,217422,,57387,0,,0,,CORRECT_TOTAL_0_57387
2978860,160,2026-05-22 09:00:00,217422,,57387,0,,0,,CORRECT_TOTAL_0_57387
2978861,160,2026-05-22 10:00:00,217422,,57387,0,,0,,CORRECT_TOTAL_0_57387
2978862,160,2026-05-22 11:00:00,217422,,57387,0,,0,,CORRECT_TOTAL_0_57387
2978863,160,2026-05-22 12:00:00,217422,,57387,0,,0,,CORRECT_TOTAL_0_57387
2966433,77,2026-05-20 00:00:00,45532,45532,45532,129,,1305,,KEEP_TOTAL
2966672,77,2026-05-20 01:00:00,45532,45532,45532,0,,1305,,KEEP_TOTAL
2966911,77,2026-05-20 02:00:00,45663,45663,45663,131,,1436,,KEEP_TOTAL
2967150,77,2026-05-20 03:00:00,45663,45663,45663,0,,1436,,KEEP_TOTAL
2967389,77,2026-05-20 04:00:00,45789,45789,45789,126,,0,,KEEP_TOTAL
2967647,77,2026-05-20 05:00:00,45789,45789,45789,0,,0,,KEEP_TOTAL
2967867,77,2026-05-20 06:00:00,45910,45910,45910,121,,121,,KEEP_TOTAL
2968107,77,2026-05-20 07:00:00,45910,45910,45910,0,,121,,KEEP_TOTAL
2968451,77,2026-05-20 08:00:00,46036,46036,46036,126,,247,,KEEP_TOTAL
2968584,77,2026-05-20 09:00:00,46036,46036,46036,0,,247,,KEEP_TOTAL
2968824,77,2026-05-20 10:00:00,46200,46200,46200,164,,411,,KEEP_TOTAL
2969062,77,2026-05-20 11:00:00,46200,46200,46200,0,,411,,KEEP_TOTAL
2969318,77,2026-05-20 12:00:00,46305,46305,46305,105,,516,,KEEP_TOTAL
2969541,77,2026-05-20 13:00:00,46305,46305,46305,0,,516,,KEEP_TOTAL
2969779,77,2026-05-20 14:00:00,46502,46502,46502,197,,713,,KEEP_TOTAL
2970094,77,2026-05-20 15:00:00,46502,46502,46502,0,,713,,KEEP_TOTAL
2966512,172,2026-05-20 00:00:00,60978,60978,60978,14,,239,,KEEP_TOTAL
2966751,172,2026-05-20 01:00:00,60988,60988,60988,10,,249,,KEEP_TOTAL
2966990,172,2026-05-20 02:00:00,61001,61001,61001,13,,262,,KEEP_TOTAL
2967229,172,2026-05-20 03:00:00,61009,61009,61009,8,,270,,KEEP_TOTAL
2967468,172,2026-05-20 04:00:00,61021,61021,61021,12,,0,,KEEP_TOTAL
2967707,172,2026-05-20 05:00:00,61029,61029,61029,8,,8,,KEEP_TOTAL
2967946,172,2026-05-20 06:00:00,61041,61041,61041,12,,20,,KEEP_TOTAL
2968185,172,2026-05-20 07:00:00,61052,61052,61052,11,,31,,KEEP_TOTAL
2968398,172,2026-05-20 08:00:00,61061,61061,61061,9,,40,,KEEP_TOTAL
2968663,172,2026-05-20 09:00:00,61069,61069,61069,8,,48,,KEEP_TOTAL
2968902,172,2026-05-20 10:00:00,61076,61076,61076,7,,55,,KEEP_TOTAL
2969141,172,2026-05-20 11:00:00,61087,61087,61087,11,,66,,KEEP_TOTAL
2969380,172,2026-05-20 12:00:00,61094,61094,61094,7,,73,,KEEP_TOTAL
2969619,172,2026-05-20 13:00:00,61106,61106,61106,12,,85,,KEEP_TOTAL
2969858,172,2026-05-20 14:00:00,61116,61116,61116,10,,95,,KEEP_TOTAL
2970097,172,2026-05-20 15:00:00,61134,61134,61134,18,,113,,KEEP_TOTAL
2966474,30,2026-05-20 00:00:00,761247,761247,761247,0,,0,,KEEP_TOTAL
2966713,30,2026-05-20 01:00:00,761247,761247,761247,0,,0,,KEEP_TOTAL
2966952,30,2026-05-20 02:00:00,761247,761247,761247,0,,0,,KEEP_TOTAL
2967191,30,2026-05-20 03:00:00,761247,761247,761247,0,,0,,KEEP_TOTAL
2967430,30,2026-05-20 04:00:00,761247,761247,761247,0,,0,,KEEP_TOTAL
2967669,30,2026-05-20 05:00:00,761247,761247,761247,0,,0,,KEEP_TOTAL
2967908,30,2026-05-20 06:00:00,761247,761247,761247,0,,0,,KEEP_TOTAL
2968147,30,2026-05-20 07:00:00,761247,761247,761247,0,,0,,KEEP_TOTAL
2968359,30,2026-05-20 08:00:00,761247,761247,761247,0,,0,,KEEP_TOTAL
2968625,30,2026-05-20 09:00:00,761247,761247,761247,0,,0,,KEEP_TOTAL
2968864,30,2026-05-20 10:00:00,761247,761247,761247,0,,0,,KEEP_TOTAL
2969103,30,2026-05-20 11:00:00,761247,761247,761247,0,,0,,KEEP_TOTAL
2969342,30,2026-05-20 12:00:00,761247,761247,761247,0,,0,,KEEP_TOTAL
2969581,30,2026-05-20 13:00:00,761247,761247,761247,0,,0,,KEEP_TOTAL
2969820,30,2026-05-20 14:00:00,761247,761247,761247,0,,0,,KEEP_TOTAL
2970024,30,2026-05-20 15:00:00,761247,761247,761247,0,,0,,KEEP_TOTAL
2966473,21,2026-05-20 00:00:00,143352,143352,143352,13,,242,,KEEP_TOTAL
2966712,21,2026-05-20 01:00:00,143365,143365,143365,13,,255,,KEEP_TOTAL
2966951,21,2026-05-20 02:00:00,143380,143380,143380,15,,270,,KEEP_TOTAL
2967190,21,2026-05-20 03:00:00,143405,143405,143405,25,,295,,KEEP_TOTAL
2967429,21,2026-05-20 04:00:00,143419,143419,143419,14,,0,,KEEP_TOTAL
2967668,21,2026-05-20 05:00:00,143431,143431,143431,12,,12,,KEEP_TOTAL
2967907,21,2026-05-20 06:00:00,143445,143445,143445,14,,26,,KEEP_TOTAL
2968145,21,2026-05-20 07:00:00,143458,143458,143458,13,,39,,KEEP_TOTAL
2968358,21,2026-05-20 08:00:00,143471,143471,143471,13,,52,,KEEP_TOTAL
2968624,21,2026-05-20 09:00:00,143481,143481,143481,10,,62,,KEEP_TOTAL
2968863,21,2026-05-20 10:00:00,143492,143492,143492,11,,73,,KEEP_TOTAL
2969102,21,2026-05-20 11:00:00,143502,143502,143502,10,,83,,KEEP_TOTAL
2969341,21,2026-05-20 12:00:00,143516,143516,143516,14,,97,,KEEP_TOTAL
2969580,21,2026-05-20 13:00:00,143526,143526,143526,10,,107,,KEEP_TOTAL
2969819,21,2026-05-20 14:00:00,143539,143539,143539,13,,120,,KEEP_TOTAL
2970022,21,2026-05-20 15:00:00,143557,143557,143557,18,,138,,KEEP_TOTAL
2966398,131,2026-05-20 00:00:00,0,0,4357,0,,0,,CORRECT_TOTAL_0_4357
2966637,131,2026-05-20 01:00:00,0,0,4357,0,,0,,CORRECT_TOTAL_0_4357
2966876,131,2026-05-20 02:00:00,0,0,4357,0,,0,,CORRECT_TOTAL_0_4357
2967115,131,2026-05-20 03:00:00,0,0,4357,0,,0,,CORRECT_TOTAL_0_4357
2967354,131,2026-05-20 04:00:00,0,0,4357,0,,0,,CORRECT_TOTAL_0_4357
2967593,131,2026-05-20 05:00:00,0,0,4357,0,,0,,CORRECT_TOTAL_0_4357
2967832,131,2026-05-20 06:00:00,0,0,4357,0,,0,,CORRECT_TOTAL_0_4357
2968071,131,2026-05-20 07:00:00,0,0,4357,0,,0,,CORRECT_TOTAL_0_4357
2968310,131,2026-05-20 08:00:00,0,0,4357,0,,0,,CORRECT_TOTAL_0_4357
2968549,131,2026-05-20 09:00:00,0,0,4357,0,,0,,CORRECT_TOTAL_0_4357
2968788,131,2026-05-20 10:00:00,0,0,4357,0,,0,,CORRECT_TOTAL_0_4357
2969027,131,2026-05-20 11:00:00,0,0,4357,0,,0,,CORRECT_TOTAL_0_4357
2969280,131,2026-05-20 12:00:00,0,0,4357,0,,0,,CORRECT_TOTAL_0_4357
2969505,131,2026-05-20 13:00:00,0,0,4357,0,,0,,CORRECT_TOTAL_0_4357
2969744,131,2026-05-20 14:00:00,0,0,4357,0,,0,,CORRECT_TOTAL_0_4357
2970023,131,2026-05-20 15:00:00,0,0,4357,0,,0,,CORRECT_TOTAL_0_4357
2966448,3,2026-05-20 00:00:00,1566300,1566300,1566300,160,,2490,,KEEP_TOTAL
2966687,3,2026-05-20 01:00:00,1566470,1566470,1566470,170,,2660,,KEEP_TOTAL
2966926,3,2026-05-20 02:00:00,1566640,1566640,1566640,170,,2830,,KEEP_TOTAL
2967165,3,2026-05-20 03:00:00,1566800,1566800,1566800,160,,2990,,KEEP_TOTAL
2967404,3,2026-05-20 04:00:00,1566820,1566820,1566820,20,,0,,KEEP_TOTAL
2967627,3,2026-05-20 05:00:00,1566840,1566840,1566840,20,,20,,KEEP_TOTAL
2967882,3,2026-05-20 06:00:00,1566880,1566880,1566880,40,,60,,KEEP_TOTAL
2968121,3,2026-05-20 07:00:00,1566880,1566880,1566880,0,,60,,KEEP_TOTAL
2968331,3,2026-05-20 08:00:00,1566960,1566960,1566960,80,,140,,KEEP_TOTAL
2968599,3,2026-05-20 09:00:00,1566980,1566980,1566980,20,,160,,KEEP_TOTAL
2968838,3,2026-05-20 10:00:00,1567110,1567110,1567110,130,,290,,KEEP_TOTAL
2969077,3,2026-05-20 11:00:00,1567240,1567240,1567240,130,,420,,KEEP_TOTAL
2969284,3,2026-05-20 12:00:00,1567370,1567370,1567370,130,,550,,KEEP_TOTAL
2969555,3,2026-05-20 13:00:00,1567460,1567460,1567460,90,,640,,KEEP_TOTAL
2969794,3,2026-05-20 14:00:00,1567590,1567590,1567590,130,,770,,KEEP_TOTAL
2969992,3,2026-05-20 15:00:00,1567720,1567720,1567720,130,,900,,KEEP_TOTAL
2966469,17,2026-05-20 00:00:00,558198,558198,558198,71,,1396,,KEEP_TOTAL
2966708,17,2026-05-20 01:00:00,558269,558269,558269,71,,1467,,KEEP_TOTAL
2966947,17,2026-05-20 02:00:00,558340,558340,558340,71,,1538,,KEEP_TOTAL
2967186,17,2026-05-20 03:00:00,558469,558469,558469,129,,1667,,KEEP_TOTAL
2967425,17,2026-05-20 04:00:00,558542,558542,558542,73,,0,,KEEP_TOTAL
2967664,17,2026-05-20 05:00:00,558616,558616,558616,74,,74,,KEEP_TOTAL
2967903,17,2026-05-20 06:00:00,558689,558689,558689,73,,147,,KEEP_TOTAL
2968141,17,2026-05-20 07:00:00,558762,558762,558762,73,,220,,KEEP_TOTAL
2968354,17,2026-05-20 08:00:00,558835,558835,558835,73,,293,,KEEP_TOTAL
2968620,17,2026-05-20 09:00:00,558907,558907,558907,72,,365,,KEEP_TOTAL
2968859,17,2026-05-20 10:00:00,558980,558980,558980,73,,438,,KEEP_TOTAL
2969098,17,2026-05-20 11:00:00,559052,559052,559052,72,,510,,KEEP_TOTAL
2969337,17,2026-05-20 12:00:00,559124,559124,559124,72,,582,,KEEP_TOTAL
2969576,17,2026-05-20 13:00:00,559177,559177,559177,53,,635,,KEEP_TOTAL
2969815,17,2026-05-20 14:00:00,559250,559250,559250,73,,708,,KEEP_TOTAL
2970017,17,2026-05-20 15:00:00,559322,559322,559322,72,,780,,KEEP_TOTAL
2966439,28,2026-05-20 00:00:00,47610,47610,47610,0,,0,,KEEP_TOTAL
2966678,28,2026-05-20 01:00:00,47610,47610,47610,0,,0,,KEEP_TOTAL
2966917,28,2026-05-20 02:00:00,47610,47610,47610,0,,0,,KEEP_TOTAL
2967156,28,2026-05-20 03:00:00,47610,47610,47610,0,,0,,KEEP_TOTAL
2967395,28,2026-05-20 04:00:00,47610,47610,47610,0,,0,,KEEP_TOTAL
2967614,28,2026-05-20 05:00:00,47610,47610,47610,0,,0,,KEEP_TOTAL
2967873,28,2026-05-20 06:00:00,47610,47610,47610,0,,0,,KEEP_TOTAL
2968112,28,2026-05-20 07:00:00,47610,47610,47610,0,,0,,KEEP_TOTAL
2968322,28,2026-05-20 08:00:00,47610,47610,47610,0,,0,,KEEP_TOTAL
2968590,28,2026-05-20 09:00:00,47610,47610,47610,0,,0,,KEEP_TOTAL
2968829,28,2026-05-20 10:00:00,47610,47610,47610,0,,0,,KEEP_TOTAL
2969068,28,2026-05-20 11:00:00,47610,47610,47610,0,,0,,KEEP_TOTAL
2969267,28,2026-05-20 12:00:00,47610,47610,47610,0,,0,,KEEP_TOTAL
2969546,28,2026-05-20 13:00:00,47610,47610,47610,0,,0,,KEEP_TOTAL
2969785,28,2026-05-20 14:00:00,47611,47611,47611,1,,1,,KEEP_TOTAL
2969982,28,2026-05-20 15:00:00,47611,47611,47611,0,,1,,KEEP_TOTAL
2966525,204,2026-05-20 00:00:00,12975,12975,12975,0,,0,,KEEP_TOTAL
2966764,204,2026-05-20 01:00:00,12975,12975,12975,0,,0,,KEEP_TOTAL
2967003,204,2026-05-20 02:00:00,12975,12975,12975,0,,0,,KEEP_TOTAL
2967242,204,2026-05-20 03:00:00,12975,12975,12975,0,,0,,KEEP_TOTAL
2967481,204,2026-05-20 04:00:00,12975,12975,12975,0,,0,,KEEP_TOTAL
2967720,204,2026-05-20 05:00:00,12975,12975,12975,0,,0,,KEEP_TOTAL
2967959,204,2026-05-20 06:00:00,12975,12975,12975,0,,0,,KEEP_TOTAL
2968198,204,2026-05-20 07:00:00,12975,12975,12975,0,,0,,KEEP_TOTAL
2968411,204,2026-05-20 08:00:00,12975,12975,12975,0,,0,,KEEP_TOTAL
2968676,204,2026-05-20 09:00:00,12975,12975,12975,0,,0,,KEEP_TOTAL
2968915,204,2026-05-20 10:00:00,12975,12975,12975,0,,0,,KEEP_TOTAL
2969154,204,2026-05-20 11:00:00,12975,12975,12975,0,,0,,KEEP_TOTAL
2969393,204,2026-05-20 12:00:00,12975,12975,12975,0,,0,,KEEP_TOTAL
2969632,204,2026-05-20 13:00:00,12975,12975,12975,0,,0,,KEEP_TOTAL
2969871,204,2026-05-20 14:00:00,12975,12975,12975,0,,0,,KEEP_TOTAL
2970110,204,2026-05-20 15:00:00,12975,12975,12975,0,,0,,KEEP_TOTAL
2978904,204,2026-05-20 20:00:00,12975,,12975,0,,0,,CORRECT_TOTAL_0_12975
2978905,204,2026-05-20 21:00:00,12975,,12975,0,,0,,CORRECT_TOTAL_0_12975
2978906,204,2026-05-20 22:00:00,12975,,12975,0,,0,,CORRECT_TOTAL_0_12975
2978907,204,2026-05-20 23:00:00,12975,,12975,0,,0,,CORRECT_TOTAL_0_12975
2978908,204,2026-05-21 00:00:00,12975,,12975,0,,0,,CORRECT_TOTAL_0_12975
2978909,204,2026-05-21 01:00:00,12975,,12975,0,,0,,CORRECT_TOTAL_0_12975
2978910,204,2026-05-21 02:00:00,12975,,12975,0,,0,,CORRECT_TOTAL_0_12975
2978911,204,2026-05-21 03:00:00,12975,,12975,0,,0,,CORRECT_TOTAL_0_12975
2978912,204,2026-05-21 04:00:00,12975,,12975,0,,0,,CORRECT_TOTAL_0_12975
2978913,204,2026-05-21 05:00:00,12975,,12975,0,,0,,CORRECT_TOTAL_0_12975
2978914,204,2026-05-21 06:00:00,12975,,12975,0,,0,,CORRECT_TOTAL_0_12975
2978915,204,2026-05-21 07:00:00,12975,,12975,0,,0,,CORRECT_TOTAL_0_12975
2978916,204,2026-05-21 08:00:00,12975,,12975,0,,0,,CORRECT_TOTAL_0_12975
2978917,204,2026-05-21 09:00:00,12975,,12975,0,,0,,CORRECT_TOTAL_0_12975
2978918,204,2026-05-21 10:00:00,12975,,12975,0,,0,,CORRECT_TOTAL_0_12975
2978919,204,2026-05-21 11:00:00,12975,,12975,0,,0,,CORRECT_TOTAL_0_12975
2978920,204,2026-05-21 12:00:00,12975,,12975,0,,0,,CORRECT_TOTAL_0_12975
2978921,204,2026-05-21 13:00:00,12975,,12975,0,,0,,CORRECT_TOTAL_0_12975
2978922,204,2026-05-21 14:00:00,12975,,12975,0,,0,,CORRECT_TOTAL_0_12975
2978923,204,2026-05-21 15:00:00,12975,,12975,0,,0,,CORRECT_TOTAL_0_12975
2978924,204,2026-05-21 16:00:00,12975,,12975,0,,0,,CORRECT_TOTAL_0_12975
2978925,204,2026-05-21 17:00:00,12975,,12975,0,,0,,CORRECT_TOTAL_0_12975
2978926,204,2026-05-21 18:00:00,12975,,12975,0,,0,,CORRECT_TOTAL_0_12975
2978927,204,2026-05-21 19:00:00,12975,,12975,0,,0,,CORRECT_TOTAL_0_12975
2978928,204,2026-05-21 20:00:00,12975,,12975,0,,0,,CORRECT_TOTAL_0_12975
2978929,204,2026-05-21 21:00:00,12975,,12975,0,,0,,CORRECT_TOTAL_0_12975
2978930,204,2026-05-21 22:00:00,12975,,12975,0,,0,,CORRECT_TOTAL_0_12975
2978931,204,2026-05-21 23:00:00,12975,,12975,0,,0,,CORRECT_TOTAL_0_12975
2978932,204,2026-05-22 00:00:00,12975,,12975,0,,0,,CORRECT_TOTAL_0_12975
2978933,204,2026-05-22 01:00:00,12975,,12975,0,,0,,CORRECT_TOTAL_0_12975
2978934,204,2026-05-22 02:00:00,12975,,12975,0,,0,,CORRECT_TOTAL_0_12975
2978935,204,2026-05-22 03:00:00,12975,,12975,0,,0,,CORRECT_TOTAL_0_12975
2978936,204,2026-05-22 04:00:00,12975,,12975,0,,0,,CORRECT_TOTAL_0_12975
2978937,204,2026-05-22 05:00:00,12975,,12975,0,,0,,CORRECT_TOTAL_0_12975
2978938,204,2026-05-22 06:00:00,12975,,12975,0,,0,,CORRECT_TOTAL_0_12975
2978939,204,2026-05-22 07:00:00,12975,,12975,0,,0,,CORRECT_TOTAL_0_12975
2978940,204,2026-05-22 08:00:00,12975,,12975,0,,0,,CORRECT_TOTAL_0_12975
2978941,204,2026-05-22 09:00:00,12975,,12975,0,,0,,CORRECT_TOTAL_0_12975
2978942,204,2026-05-22 10:00:00,12975,,12975,0,,0,,CORRECT_TOTAL_0_12975
2978943,204,2026-05-22 11:00:00,12975,,12975,0,,0,,CORRECT_TOTAL_0_12975
2966477,5,2026-05-20 00:00:00,11337227,113090,113372,74,,979,,CORRECT_TOTAL_113090_113372
2966716,5,2026-05-20 01:00:00,11344639,113164,113446,74,,1053,,CORRECT_TOTAL_113164_113446
2966955,5,2026-05-20 02:00:00,11352051,113238,113520,74,,1127,,CORRECT_TOTAL_113238_113520
2967195,5,2026-05-20 03:00:00,11359461,113311,113594,73,,1200,,CORRECT_TOTAL_113311_113594
2967433,5,2026-05-20 04:00:00,11333300,113333,226927,22,,0,,CORRECT_TOTAL_113333_226927
2967673,5,2026-05-20 05:00:00,11337967,113380,226974,47,,47,,CORRECT_TOTAL_113380_226974
2967911,5,2026-05-20 06:00:00,11345381,113454,227048,74,,121,,CORRECT_TOTAL_113454_227048
2968150,5,2026-05-20 07:00:00,11352792,113528,227122,74,,195,,CORRECT_TOTAL_113528_227122
2968362,5,2026-05-20 08:00:00,11360202,113602,227196,74,,269,,CORRECT_TOTAL_113602_227196
2968628,5,2026-05-20 09:00:00,11367156,113672,227266,70,,339,,CORRECT_TOTAL_113672_227266
2968867,5,2026-05-20 10:00:00,11370231,113702,227297,30,,369,,CORRECT_TOTAL_113702_227297
2969106,5,2026-05-20 11:00:00,11375900,113759,227353,57,,426,,CORRECT_TOTAL_113759_227353
2969345,5,2026-05-20 12:00:00,11383305,113833,227427,74,,500,,CORRECT_TOTAL_113833_227427
2969584,5,2026-05-20 13:00:00,11390695,113907,227501,74,,574,,CORRECT_TOTAL_113907_227501
2969823,5,2026-05-20 14:00:00,11398091,113981,227575,74,,648,,CORRECT_TOTAL_113981_227575
2970035,5,2026-05-20 15:00:00,11405072,114051,227645,70,,718,,CORRECT_TOTAL_114051_227645
2977963,5,2026-05-20 20:00:00,11469767,,228292,0,,0,,CORRECT_TOTAL_0_228292
2977964,5,2026-05-20 21:00:00,11477165,,228366,0,,0,,CORRECT_TOTAL_0_228366
2977965,5,2026-05-20 22:00:00,11481762,,228412,0,,0,,CORRECT_TOTAL_0_228412
2977966,5,2026-05-20 23:00:00,11485526,,228450,0,,0,,CORRECT_TOTAL_0_228450
2977967,5,2026-05-21 00:00:00,11492192,,228516,0,,0,,CORRECT_TOTAL_0_228516
2977968,5,2026-05-21 01:00:00,11499596,,228590,0,,0,,CORRECT_TOTAL_0_228590
2977969,5,2026-05-21 02:00:00,11507005,,228664,0,,0,,CORRECT_TOTAL_0_228664
2977970,5,2026-05-21 03:00:00,11511917,,228713,0,,0,,CORRECT_TOTAL_0_228713
2977971,5,2026-05-21 04:00:00,11515195,,228746,0,,0,,CORRECT_TOTAL_0_228746
2977972,5,2026-05-21 05:00:00,11518697,,228781,0,,0,,CORRECT_TOTAL_0_228781
2977973,5,2026-05-21 06:00:00,11523373,,228828,0,,0,,CORRECT_TOTAL_0_228828
2977974,5,2026-05-21 07:00:00,11530792,,228902,0,,0,,CORRECT_TOTAL_0_228902
2977975,5,2026-05-21 08:00:00,11538188,,228976,0,,0,,CORRECT_TOTAL_0_228976
2977976,5,2026-05-21 09:00:00,11545570,,229050,0,,0,,CORRECT_TOTAL_0_229050
2977977,5,2026-05-21 10:00:00,11552961,,229124,0,,0,,CORRECT_TOTAL_0_229124
2977978,5,2026-05-21 11:00:00,11560354,,229198,0,,0,,CORRECT_TOTAL_0_229198
2977979,5,2026-05-21 12:00:00,11566681,,229261,0,,0,,CORRECT_TOTAL_0_229261
2977980,5,2026-05-21 13:00:00,11572203,,229316,0,,0,,CORRECT_TOTAL_0_229316
2977981,5,2026-05-21 14:00:00,11576309,,229357,0,,0,,CORRECT_TOTAL_0_229357
2977982,5,2026-05-21 15:00:00,11581746,,229412,0,,0,,CORRECT_TOTAL_0_229412
2977983,5,2026-05-21 16:00:00,11587556,,229470,0,,0,,CORRECT_TOTAL_0_229470
2977984,5,2026-05-21 17:00:00,11594941,,229544,0,,0,,CORRECT_TOTAL_0_229544
2977985,5,2026-05-21 18:00:00,11602322,,229617,0,,0,,CORRECT_TOTAL_0_229617
2977986,5,2026-05-21 19:00:00,11609576,,229690,0,,0,,CORRECT_TOTAL_0_229690
2977987,5,2026-05-21 20:00:00,11616727,,229762,0,,0,,CORRECT_TOTAL_0_229762
2977988,5,2026-05-21 21:00:00,11623799,,229832,0,,0,,CORRECT_TOTAL_0_229832
2977989,5,2026-05-21 22:00:00,11630846,,229903,0,,0,,CORRECT_TOTAL_0_229903
2977990,5,2026-05-21 23:00:00,11638095,,229975,0,,0,,CORRECT_TOTAL_0_229975
2977991,5,2026-05-22 00:00:00,11645487,,230049,0,,0,,CORRECT_TOTAL_0_230049
2977992,5,2026-05-22 01:00:00,11652884,,230123,0,,0,,CORRECT_TOTAL_0_230123
2977993,5,2026-05-22 02:00:00,11660278,,230197,0,,0,,CORRECT_TOTAL_0_230197
2977994,5,2026-05-22 03:00:00,11667669,,230271,0,,0,,CORRECT_TOTAL_0_230271
2977995,5,2026-05-22 04:00:00,11675053,,230345,0,,0,,CORRECT_TOTAL_0_230345
2977996,5,2026-05-22 05:00:00,11682446,,230419,0,,0,,CORRECT_TOTAL_0_230419
2977997,5,2026-05-22 06:00:00,11689841,,230493,0,,0,,CORRECT_TOTAL_0_230493
2977998,5,2026-05-22 07:00:00,11697091,,230565,0,,0,,CORRECT_TOTAL_0_230565
2977999,5,2026-05-22 08:00:00,11701916,,230613,0,,0,,CORRECT_TOTAL_0_230613
2978000,5,2026-05-22 09:00:00,11705203,,230646,0,,0,,CORRECT_TOTAL_0_230646
2978001,5,2026-05-22 10:00:00,11711554,,230710,0,,0,,CORRECT_TOTAL_0_230710
2978002,5,2026-05-22 11:00:00,11718939,,230784,0,,0,,CORRECT_TOTAL_0_230784
2978003,5,2026-05-22 12:00:00,11719677,,230791,0,,0,,CORRECT_TOTAL_0_230791
2966401,104,2026-05-20 00:00:00,6694,6694,6694,0,,0,,KEEP_TOTAL
2966640,104,2026-05-20 01:00:00,6694,6694,6694,0,,0,,KEEP_TOTAL
2966879,104,2026-05-20 02:00:00,6694,6694,6694,0,,0,,KEEP_TOTAL
2967118,104,2026-05-20 03:00:00,6694,6694,6694,0,,0,,KEEP_TOTAL
2967357,104,2026-05-20 04:00:00,6694,6694,6694,0,,0,,KEEP_TOTAL
2967597,104,2026-05-20 05:00:00,6694,6694,6694,0,,0,,KEEP_TOTAL
2967835,104,2026-05-20 06:00:00,6694,6694,6694,0,,0,,KEEP_TOTAL
2968074,104,2026-05-20 07:00:00,6694,6694,6694,0,,0,,KEEP_TOTAL
2968313,104,2026-05-20 08:00:00,6694,6694,6694,0,,0,,KEEP_TOTAL
2968552,104,2026-05-20 09:00:00,6694,6694,6694,0,,0,,KEEP_TOTAL
2968791,104,2026-05-20 10:00:00,6694,6694,6694,0,,0,,KEEP_TOTAL
2969030,104,2026-05-20 11:00:00,6694,6694,6694,0,,0,,KEEP_TOTAL
2969283,104,2026-05-20 12:00:00,6694,6694,6694,0,,0,,KEEP_TOTAL
2969508,104,2026-05-20 13:00:00,6694,6694,6694,0,,0,,KEEP_TOTAL
2969747,104,2026-05-20 14:00:00,6694,6694,6694,0,,0,,KEEP_TOTAL
2970028,104,2026-05-20 15:00:00,6694,6694,6694,0,,0,,KEEP_TOTAL
2966505,165,2026-05-20 00:00:00,5,52,52,0,,0,,KEEP_TOTAL
2966744,165,2026-05-20 01:00:00,5,52,52,0,,0,,KEEP_TOTAL
2966983,165,2026-05-20 02:00:00,5,52,52,0,,0,,KEEP_TOTAL
2967222,165,2026-05-20 03:00:00,5,52,52,0,,0,,KEEP_TOTAL
2967461,165,2026-05-20 04:00:00,5,52,52,0,,0,,KEEP_TOTAL
2967700,165,2026-05-20 05:00:00,5,52,52,0,,0,,KEEP_TOTAL
2967939,165,2026-05-20 06:00:00,5,52,52,0,,0,,KEEP_TOTAL
2968178,165,2026-05-20 07:00:00,5,52,52,0,,0,,KEEP_TOTAL
2968391,165,2026-05-20 08:00:00,5,52,52,0,,0,,KEEP_TOTAL
2968656,165,2026-05-20 09:00:00,5,52,52,0,,0,,KEEP_TOTAL
2968895,165,2026-05-20 10:00:00,5,52,52,0,,0,,KEEP_TOTAL
2969134,165,2026-05-20 11:00:00,5,52,52,0,,0,,KEEP_TOTAL
2969373,165,2026-05-20 12:00:00,5,52,52,0,,0,,KEEP_TOTAL
2969612,165,2026-05-20 13:00:00,5,52,52,0,,0,,KEEP_TOTAL
2969851,165,2026-05-20 14:00:00,5,52,52,0,,0,,KEEP_TOTAL
2970081,165,2026-05-20 15:00:00,5,52,52,0,,0,,KEEP_TOTAL
2966405,56,2026-05-20 00:00:00,4800,4800,4800,0,,0,,KEEP_TOTAL
2966644,56,2026-05-20 01:00:00,4800,4800,4800,0,,0,,KEEP_TOTAL
2966883,56,2026-05-20 02:00:00,4800,4800,4800,0,,0,,KEEP_TOTAL
2967122,56,2026-05-20 03:00:00,4800,4800,4800,0,,0,,KEEP_TOTAL
2967361,56,2026-05-20 04:00:00,4800,4800,4800,0,,0,,KEEP_TOTAL
2967601,56,2026-05-20 05:00:00,4800,4800,4800,0,,0,,KEEP_TOTAL
2967839,56,2026-05-20 06:00:00,4800,4800,4800,0,,0,,KEEP_TOTAL
2968078,56,2026-05-20 07:00:00,4800,4800,4800,0,,0,,KEEP_TOTAL
2968333,56,2026-05-20 08:00:00,0,4800,4800,0,,0,,KEEP_TOTAL
2968557,56,2026-05-20 09:00:00,4800,4800,4800,0,,0,,KEEP_TOTAL
2968796,56,2026-05-20 10:00:00,4800,4800,4800,0,,0,,KEEP_TOTAL
2969035,56,2026-05-20 11:00:00,4800,4800,4800,0,,0,,KEEP_TOTAL
2969289,56,2026-05-20 12:00:00,4800,4800,4800,0,,0,,KEEP_TOTAL
2969513,56,2026-05-20 13:00:00,4800,4800,4800,0,,0,,KEEP_TOTAL
2969752,56,2026-05-20 14:00:00,4800,4800,4800,0,,0,,KEEP_TOTAL
2970037,56,2026-05-20 15:00:00,4800,4800,4800,0,,0,,KEEP_TOTAL
2966492,151,2026-05-20 00:00:00,210822,210822,210822,0,,0,,KEEP_TOTAL
2966731,151,2026-05-20 01:00:00,210822,210822,210822,0,,0,,KEEP_TOTAL
2966970,151,2026-05-20 02:00:00,210822,210822,210822,0,,0,,KEEP_TOTAL
2967209,151,2026-05-20 03:00:00,210822,210822,210822,0,,0,,KEEP_TOTAL
2967448,151,2026-05-20 04:00:00,210822,210822,210822,0,,0,,KEEP_TOTAL
2967687,151,2026-05-20 05:00:00,210822,210822,210822,0,,0,,KEEP_TOTAL
2967926,151,2026-05-20 06:00:00,210822,210822,210822,0,,0,,KEEP_TOTAL
2968165,151,2026-05-20 07:00:00,210822,210822,210822,0,,0,,KEEP_TOTAL
2968378,151,2026-05-20 08:00:00,210822,210822,210822,0,,0,,KEEP_TOTAL
2968643,151,2026-05-20 09:00:00,210822,210822,210822,0,,0,,KEEP_TOTAL
2968882,151,2026-05-20 10:00:00,210822,210822,210822,0,,0,,KEEP_TOTAL
2969121,151,2026-05-20 11:00:00,210822,210822,210822,0,,0,,KEEP_TOTAL
2969360,151,2026-05-20 12:00:00,210822,210822,210822,0,,0,,KEEP_TOTAL
2969599,151,2026-05-20 13:00:00,210822,210822,210822,0,,0,,KEEP_TOTAL
2969838,151,2026-05-20 14:00:00,210822,210822,210822,0,,0,,KEEP_TOTAL
2970055,151,2026-05-20 15:00:00,210822,210822,210822,0,,0,,KEEP_TOTAL
2978373,151,2026-05-20 20:00:00,210822,,210822,0,,0,,CORRECT_TOTAL_0_210822
2978374,151,2026-05-20 21:00:00,210822,,210822,0,,0,,CORRECT_TOTAL_0_210822
2978375,151,2026-05-20 22:00:00,210822,,210822,0,,0,,CORRECT_TOTAL_0_210822
2978376,151,2026-05-20 23:00:00,210822,,210822,0,,0,,CORRECT_TOTAL_0_210822
2978377,151,2026-05-21 00:00:00,210822,,210822,0,,0,,CORRECT_TOTAL_0_210822
2978378,151,2026-05-21 01:00:00,210822,,210822,0,,0,,CORRECT_TOTAL_0_210822
2978379,151,2026-05-21 02:00:00,210822,,210822,0,,0,,CORRECT_TOTAL_0_210822
2978380,151,2026-05-21 03:00:00,210822,,210822,0,,0,,CORRECT_TOTAL_0_210822
2978381,151,2026-05-21 04:00:00,210822,,210822,0,,0,,CORRECT_TOTAL_0_210822
2978382,151,2026-05-21 05:00:00,210822,,210822,0,,0,,CORRECT_TOTAL_0_210822
2978383,151,2026-05-21 06:00:00,210822,,210822,0,,0,,CORRECT_TOTAL_0_210822
2978384,151,2026-05-21 07:00:00,210822,,210822,0,,0,,CORRECT_TOTAL_0_210822
2978385,151,2026-05-21 08:00:00,210822,,210822,0,,0,,CORRECT_TOTAL_0_210822
2978386,151,2026-05-21 09:00:00,210822,,210822,0,,0,,CORRECT_TOTAL_0_210822
2978387,151,2026-05-21 10:00:00,210822,,210822,0,,0,,CORRECT_TOTAL_0_210822
2978388,151,2026-05-21 11:00:00,210822,,210822,0,,0,,CORRECT_TOTAL_0_210822
2978389,151,2026-05-21 12:00:00,210822,,210822,0,,0,,CORRECT_TOTAL_0_210822
2978390,151,2026-05-21 13:00:00,210822,,210822,0,,0,,CORRECT_TOTAL_0_210822
2978391,151,2026-05-21 14:00:00,210822,,210822,0,,0,,CORRECT_TOTAL_0_210822
2978392,151,2026-05-21 15:00:00,210822,,210822,0,,0,,CORRECT_TOTAL_0_210822
2978393,151,2026-05-21 16:00:00,210822,,210822,0,,0,,CORRECT_TOTAL_0_210822
2978394,151,2026-05-21 17:00:00,210822,,210822,0,,0,,CORRECT_TOTAL_0_210822
2978395,151,2026-05-21 18:00:00,210822,,210822,0,,0,,CORRECT_TOTAL_0_210822
2978396,151,2026-05-21 19:00:00,210822,,210822,0,,0,,CORRECT_TOTAL_0_210822
2978397,151,2026-05-21 20:00:00,210822,,210822,0,,0,,CORRECT_TOTAL_0_210822
2978398,151,2026-05-21 21:00:00,210822,,210822,0,,0,,CORRECT_TOTAL_0_210822
2978399,151,2026-05-21 22:00:00,210822,,210822,0,,0,,CORRECT_TOTAL_0_210822
2978400,151,2026-05-21 23:00:00,210822,,210822,0,,0,,CORRECT_TOTAL_0_210822
2978401,151,2026-05-22 00:00:00,210822,,210822,0,,0,,CORRECT_TOTAL_0_210822
2978402,151,2026-05-22 01:00:00,210822,,210822,0,,0,,CORRECT_TOTAL_0_210822
2978403,151,2026-05-22 02:00:00,210822,,210822,0,,0,,CORRECT_TOTAL_0_210822
2978404,151,2026-05-22 03:00:00,210822,,210822,0,,0,,CORRECT_TOTAL_0_210822
2978405,151,2026-05-22 04:00:00,210822,,210822,0,,0,,CORRECT_TOTAL_0_210822
2978406,151,2026-05-22 05:00:00,210822,,210822,0,,0,,CORRECT_TOTAL_0_210822
2978407,151,2026-05-22 06:00:00,210822,,210822,0,,0,,CORRECT_TOTAL_0_210822
2978408,151,2026-05-22 07:00:00,210822,,210822,0,,0,,CORRECT_TOTAL_0_210822
2978409,151,2026-05-22 08:00:00,210822,,210822,0,,0,,CORRECT_TOTAL_0_210822
2978410,151,2026-05-22 09:00:00,210822,,210822,0,,0,,CORRECT_TOTAL_0_210822
2978411,151,2026-05-22 10:00:00,210822,,210822,0,,0,,CORRECT_TOTAL_0_210822
2978412,151,2026-05-22 11:00:00,210822,,210822,0,,0,,CORRECT_TOTAL_0_210822
2978413,151,2026-05-22 12:00:00,210822,,210822,0,,0,,CORRECT_TOTAL_0_210822
2966520,209,2026-05-20 00:00:00,42983,42685,42983,55,,1314,,CORRECT_TOTAL_42685_42983
2966759,209,2026-05-20 01:00:00,43049,42736,43049,51,,1365,,CORRECT_TOTAL_42736_43049
2966998,209,2026-05-20 02:00:00,43101,42806,43101,70,,1435,,CORRECT_TOTAL_42806_43101
2967237,209,2026-05-20 03:00:00,43172,42882,43172,76,,1511,,CORRECT_TOTAL_42882_43172
2967476,209,2026-05-20 04:00:00,42941,42941,86113,59,,0,,CORRECT_TOTAL_42941_86113
2967715,209,2026-05-20 05:00:00,42986,42986,86158,45,,45,,CORRECT_TOTAL_42986_86158
2967954,209,2026-05-20 06:00:00,43056,43056,86228,70,,115,,CORRECT_TOTAL_43056_86228
2968193,209,2026-05-20 07:00:00,43109,43109,86281,53,,168,,CORRECT_TOTAL_43109_86281
2968406,209,2026-05-20 08:00:00,43178,43178,86350,69,,237,,CORRECT_TOTAL_43178_86350
2968671,209,2026-05-20 09:00:00,43228,43228,86400,50,,287,,CORRECT_TOTAL_43228_86400
2968910,209,2026-05-20 10:00:00,43289,43289,86461,61,,348,,CORRECT_TOTAL_43289_86461
2969149,209,2026-05-20 11:00:00,43321,43321,86493,32,,380,,CORRECT_TOTAL_43321_86493
2969388,209,2026-05-20 12:00:00,43362,43362,86534,41,,421,,CORRECT_TOTAL_43362_86534
2969627,209,2026-05-20 13:00:00,43381,43381,86553,19,,440,,CORRECT_TOTAL_43381_86553
2969866,209,2026-05-20 14:00:00,43416,43416,86588,35,,475,,CORRECT_TOTAL_43416_86588
2970105,209,2026-05-20 15:00:00,43437,43437,86609,21,,496,,CORRECT_TOTAL_43437_86609
2978496,209,2026-05-20 20:00:00,44116,,87288,0,,0,,CORRECT_TOTAL_0_87288
2978497,209,2026-05-20 21:00:00,44180,,87352,0,,0,,CORRECT_TOTAL_0_87352
2978498,209,2026-05-20 22:00:00,44253,,87425,0,,0,,CORRECT_TOTAL_0_87425
2978499,209,2026-05-20 23:00:00,44308,,87480,0,,0,,CORRECT_TOTAL_0_87480
2978500,209,2026-05-21 00:00:00,44367,,87539,0,,0,,CORRECT_TOTAL_0_87539
2978501,209,2026-05-21 01:00:00,44426,,87598,0,,0,,CORRECT_TOTAL_0_87598
2978502,209,2026-05-21 02:00:00,44477,,87649,0,,0,,CORRECT_TOTAL_0_87649
2978503,209,2026-05-21 03:00:00,44544,,87716,0,,0,,CORRECT_TOTAL_0_87716
2978504,209,2026-05-21 04:00:00,44595,,87767,0,,0,,CORRECT_TOTAL_0_87767
2978505,209,2026-05-21 05:00:00,44668,,87840,0,,0,,CORRECT_TOTAL_0_87840
2978506,209,2026-05-21 06:00:00,44712,,87884,0,,0,,CORRECT_TOTAL_0_87884
2978507,209,2026-05-21 07:00:00,44784,,87956,0,,0,,CORRECT_TOTAL_0_87956
2978508,209,2026-05-21 08:00:00,44836,,88008,0,,0,,CORRECT_TOTAL_0_88008
2978509,209,2026-05-21 09:00:00,44915,,88087,0,,0,,CORRECT_TOTAL_0_88087
2978510,209,2026-05-21 10:00:00,44985,,88157,0,,0,,CORRECT_TOTAL_0_88157
2978511,209,2026-05-21 11:00:00,45063,,88235,0,,0,,CORRECT_TOTAL_0_88235
2978512,209,2026-05-21 12:00:00,45121,,88293,0,,0,,CORRECT_TOTAL_0_88293
2978513,209,2026-05-21 13:00:00,45199,,88371,0,,0,,CORRECT_TOTAL_0_88371
2978514,209,2026-05-21 14:00:00,45277,,88449,0,,0,,CORRECT_TOTAL_0_88449
2978515,209,2026-05-21 15:00:00,45355,,88527,0,,0,,CORRECT_TOTAL_0_88527
2978516,209,2026-05-21 16:00:00,45434,,88606,0,,0,,CORRECT_TOTAL_0_88606
2978517,209,2026-05-21 17:00:00,45512,,88684,0,,0,,CORRECT_TOTAL_0_88684
2978518,209,2026-05-21 18:00:00,45584,,88756,0,,0,,CORRECT_TOTAL_0_88756
2978519,209,2026-05-21 19:00:00,45662,,88834,0,,0,,CORRECT_TOTAL_0_88834
2978520,209,2026-05-21 20:00:00,45741,,88913,0,,0,,CORRECT_TOTAL_0_88913
2978521,209,2026-05-21 21:00:00,45808,,88980,0,,0,,CORRECT_TOTAL_0_88980
2978522,209,2026-05-21 22:00:00,45875,,89047,0,,0,,CORRECT_TOTAL_0_89047
2978523,209,2026-05-21 23:00:00,45942,,89114,0,,0,,CORRECT_TOTAL_0_89114
2978524,209,2026-05-22 00:00:00,46000,,89172,0,,0,,CORRECT_TOTAL_0_89172
2978525,209,2026-05-22 01:00:00,46060,,89232,0,,0,,CORRECT_TOTAL_0_89232
2978526,209,2026-05-22 02:00:00,46098,,89270,0,,0,,CORRECT_TOTAL_0_89270
2978527,209,2026-05-22 03:00:00,46151,,89323,0,,0,,CORRECT_TOTAL_0_89323
2978528,209,2026-05-22 04:00:00,46184,,89356,0,,0,,CORRECT_TOTAL_0_89356
2978529,209,2026-05-22 05:00:00,46237,,89409,0,,0,,CORRECT_TOTAL_0_89409
2978530,209,2026-05-22 06:00:00,46279,,89451,0,,0,,CORRECT_TOTAL_0_89451
2978531,209,2026-05-22 07:00:00,46321,,89493,0,,0,,CORRECT_TOTAL_0_89493
2978532,209,2026-05-22 08:00:00,46390,,89562,0,,0,,CORRECT_TOTAL_0_89562
2978533,209,2026-05-22 09:00:00,46469,,89641,0,,0,,CORRECT_TOTAL_0_89641
2978534,209,2026-05-22 10:00:00,46549,,89721,0,,0,,CORRECT_TOTAL_0_89721
2978535,209,2026-05-22 11:00:00,46628,,89800,0,,0,,CORRECT_TOTAL_0_89800
2978536,209,2026-05-22 12:00:00,46635,,89807,0,,0,,CORRECT_TOTAL_0_89807
2966445,74,2026-05-20 00:00:00,113396,113396,113396,0,,0,,KEEP_TOTAL
2966684,74,2026-05-20 01:00:00,113396,113396,113396,0,,0,,KEEP_TOTAL
2966923,74,2026-05-20 02:00:00,113396,113396,113396,0,,0,,KEEP_TOTAL
2967162,74,2026-05-20 03:00:00,113396,113396,113396,0,,0,,KEEP_TOTAL
2967401,74,2026-05-20 04:00:00,113396,113396,113396,0,,0,,KEEP_TOTAL
2967624,74,2026-05-20 05:00:00,113396,113396,113396,0,,0,,KEEP_TOTAL
2967879,74,2026-05-20 06:00:00,113396,113396,113396,0,,0,,KEEP_TOTAL
2968118,74,2026-05-20 07:00:00,113396,113396,113396,0,,0,,KEEP_TOTAL
2968328,74,2026-05-20 08:00:00,113396,113396,113396,0,,0,,KEEP_TOTAL
2968596,74,2026-05-20 09:00:00,113396,113396,113396,0,,0,,KEEP_TOTAL
2968835,74,2026-05-20 10:00:00,113396,113396,113396,0,,0,,KEEP_TOTAL
2969074,74,2026-05-20 11:00:00,113396,113396,113396,0,,0,,KEEP_TOTAL
2969276,74,2026-05-20 12:00:00,113396,113396,113396,0,,0,,KEEP_TOTAL
2969552,74,2026-05-20 13:00:00,113396,113396,113396,0,,0,,KEEP_TOTAL
2969791,74,2026-05-20 14:00:00,113396,113396,113396,0,,0,,KEEP_TOTAL
2969989,74,2026-05-20 15:00:00,113396,113396,113396,0,,0,,KEEP_TOTAL
2966506,179,2026-05-20 00:00:00,955740,9557,9557,0,,0,,KEEP_TOTAL
2966745,179,2026-05-20 01:00:00,955740,9557,9557,0,,0,,KEEP_TOTAL
2966984,179,2026-05-20 02:00:00,955740,9557,9557,0,,0,,KEEP_TOTAL
2967223,179,2026-05-20 03:00:00,955740,9557,9557,0,,0,,KEEP_TOTAL
2967462,179,2026-05-20 04:00:00,955740,9557,9557,0,,0,,KEEP_TOTAL
2967701,179,2026-05-20 05:00:00,955740,9557,9557,0,,0,,KEEP_TOTAL
2967940,179,2026-05-20 06:00:00,955740,9557,9557,0,,0,,KEEP_TOTAL
2968179,179,2026-05-20 07:00:00,955740,9557,9557,0,,0,,KEEP_TOTAL
2968392,179,2026-05-20 08:00:00,955740,9557,9557,0,,0,,KEEP_TOTAL
2968657,179,2026-05-20 09:00:00,955740,9557,9557,0,,0,,KEEP_TOTAL
2968896,179,2026-05-20 10:00:00,955740,9557,9557,0,,0,,KEEP_TOTAL
2969135,179,2026-05-20 11:00:00,955740,9557,9557,0,,0,,KEEP_TOTAL
2969374,179,2026-05-20 12:00:00,955740,9557,9557,0,,0,,KEEP_TOTAL
2969613,179,2026-05-20 13:00:00,955740,9557,9557,0,,0,,KEEP_TOTAL
2969852,179,2026-05-20 14:00:00,955740,9557,9557,0,,0,,KEEP_TOTAL
2970084,179,2026-05-20 15:00:00,955740,9557,9557,0,,0,,KEEP_TOTAL
2966391,54,2026-05-20 00:00:00,22,22,22,0,,0,,KEEP_TOTAL
2966630,54,2026-05-20 01:00:00,22,22,22,0,,0,,KEEP_TOTAL
2966869,54,2026-05-20 02:00:00,22,22,22,0,,0,,KEEP_TOTAL
2967108,54,2026-05-20 03:00:00,22,22,22,0,,0,,KEEP_TOTAL
2967347,54,2026-05-20 04:00:00,22,22,22,0,,0,,KEEP_TOTAL
2967586,54,2026-05-20 05:00:00,22,22,22,0,,0,,KEEP_TOTAL
2967825,54,2026-05-20 06:00:00,22,22,22,0,,0,,KEEP_TOTAL
2968064,54,2026-05-20 07:00:00,22,22,22,0,,0,,KEEP_TOTAL
2968303,54,2026-05-20 08:00:00,22,22,22,0,,0,,KEEP_TOTAL
2968542,54,2026-05-20 09:00:00,22,22,22,0,,0,,KEEP_TOTAL
2968781,54,2026-05-20 10:00:00,22,22,22,0,,0,,KEEP_TOTAL
2969020,54,2026-05-20 11:00:00,22,22,22,0,,0,,KEEP_TOTAL
2969260,54,2026-05-20 12:00:00,0,22,22,0,,0,,KEEP_TOTAL
2969498,54,2026-05-20 13:00:00,22,22,22,0,,0,,KEEP_TOTAL
2969737,54,2026-05-20 14:00:00,22,22,22,0,,0,,KEEP_TOTAL
2969977,54,2026-05-20 15:00:00,0,22,22,0,,0,,KEEP_TOTAL
2966490,4,2026-05-20 00:00:00,82298837,822710,822988,71,,986,,CORRECT_TOTAL_822710_822988
2966729,4,2026-05-20 01:00:00,82305911,822780,823059,70,,1056,,CORRECT_TOTAL_822780_823059
2966968,4,2026-05-20 02:00:00,82312989,822851,823130,71,,1127,,CORRECT_TOTAL_822851_823130
2967207,4,2026-05-20 03:00:00,82320067,822921,823200,70,,1197,,CORRECT_TOTAL_822921_823200
2967446,4,2026-05-20 04:00:00,82294754,822948,1646148,27,,0,,CORRECT_TOTAL_822948_1646148
2967685,4,2026-05-20 05:00:00,82299543,822995,1646196,47,,47,,CORRECT_TOTAL_822995_1646196
2967924,4,2026-05-20 06:00:00,82306620,823066,1646267,71,,118,,CORRECT_TOTAL_823066_1646267
2968163,4,2026-05-20 07:00:00,82313698,823137,1646337,71,,189,,CORRECT_TOTAL_823137_1646337
2968375,4,2026-05-20 08:00:00,82320774,823208,1646408,71,,260,,CORRECT_TOTAL_823208_1646408
2968641,4,2026-05-20 09:00:00,82327442,823274,1646475,66,,326,,CORRECT_TOTAL_823274_1646475
2968880,4,2026-05-20 10:00:00,82330901,823309,1646509,35,,361,,CORRECT_TOTAL_823309_1646509
2969119,4,2026-05-20 11:00:00,82336539,823365,1646566,56,,417,,CORRECT_TOTAL_823365_1646566
2969358,4,2026-05-20 12:00:00,82343610,823436,1646636,71,,488,,CORRECT_TOTAL_823436_1646636
2969597,4,2026-05-20 13:00:00,82350670,823507,1646707,71,,559,,CORRECT_TOTAL_823507_1646707
2969836,4,2026-05-20 14:00:00,82357731,823577,1646778,70,,629,,CORRECT_TOTAL_823577_1646778
2970052,4,2026-05-20 15:00:00,82364423,823644,1646845,67,,696,,CORRECT_TOTAL_823644_1646845
2977758,4,2026-05-20 20:00:00,82426858,,1647469,0,,0,,CORRECT_TOTAL_0_1647469
2977759,4,2026-05-20 21:00:00,82433924,,1647540,0,,0,,CORRECT_TOTAL_0_1647540
2977760,4,2026-05-20 22:00:00,82438629,,1647587,0,,0,,CORRECT_TOTAL_0_1647587
2977761,4,2026-05-20 23:00:00,82442564,,1647626,0,,0,,CORRECT_TOTAL_0_1647626
2977762,4,2026-05-21 00:00:00,82448943,,1647690,0,,0,,CORRECT_TOTAL_0_1647690
2977763,4,2026-05-21 01:00:00,82456019,,1647761,0,,0,,CORRECT_TOTAL_0_1647761
2977764,4,2026-05-21 02:00:00,82463100,,1647831,0,,0,,CORRECT_TOTAL_0_1647831
2977765,4,2026-05-21 03:00:00,82468115,,1647881,0,,0,,CORRECT_TOTAL_0_1647881
2977766,4,2026-05-21 04:00:00,82471585,,1647916,0,,0,,CORRECT_TOTAL_0_1647916
2977767,4,2026-05-21 05:00:00,82475268,,1647953,0,,0,,CORRECT_TOTAL_0_1647953
2977768,4,2026-05-21 06:00:00,82480001,,1648000,0,,0,,CORRECT_TOTAL_0_1648000
2977769,4,2026-05-21 07:00:00,82487095,,1648071,0,,0,,CORRECT_TOTAL_0_1648071
2977770,4,2026-05-21 08:00:00,82494174,,1648142,0,,0,,CORRECT_TOTAL_0_1648142
2977771,4,2026-05-21 09:00:00,82501239,,1648213,0,,0,,CORRECT_TOTAL_0_1648213
2977772,4,2026-05-21 10:00:00,82508308,,1648283,0,,0,,CORRECT_TOTAL_0_1648283
2977773,4,2026-05-21 11:00:00,82515380,,1648354,0,,0,,CORRECT_TOTAL_0_1648354
2977774,4,2026-05-21 12:00:00,82521575,,1648416,0,,0,,CORRECT_TOTAL_0_1648416
2977775,4,2026-05-21 13:00:00,82527098,,1648471,0,,0,,CORRECT_TOTAL_0_1648471
2977776,4,2026-05-21 14:00:00,82531254,,1648513,0,,0,,CORRECT_TOTAL_0_1648513
2977777,4,2026-05-21 15:00:00,82536665,,1648567,0,,0,,CORRECT_TOTAL_0_1648567
2977778,4,2026-05-21 16:00:00,82542408,,1648624,0,,0,,CORRECT_TOTAL_0_1648624
2977779,4,2026-05-21 17:00:00,82549472,,1648695,0,,0,,CORRECT_TOTAL_0_1648695
2977780,4,2026-05-21 18:00:00,82556536,,1648766,0,,0,,CORRECT_TOTAL_0_1648766
2977781,4,2026-05-21 19:00:00,82563597,,1648836,0,,0,,CORRECT_TOTAL_0_1648836
2977782,4,2026-05-21 20:00:00,82570468,,1648905,0,,0,,CORRECT_TOTAL_0_1648905
2977783,4,2026-05-21 21:00:00,82577279,,1648973,0,,0,,CORRECT_TOTAL_0_1648973
2977784,4,2026-05-21 22:00:00,82584068,,1649041,0,,0,,CORRECT_TOTAL_0_1649041
2977785,4,2026-05-21 23:00:00,82591023,,1649111,0,,0,,CORRECT_TOTAL_0_1649111
2977786,4,2026-05-22 00:00:00,82598097,,1649181,0,,0,,CORRECT_TOTAL_0_1649181
2977787,4,2026-05-22 01:00:00,82605177,,1649252,0,,0,,CORRECT_TOTAL_0_1649252
2977788,4,2026-05-22 02:00:00,82612253,,1649323,0,,0,,CORRECT_TOTAL_0_1649323
2977789,4,2026-05-22 03:00:00,82619331,,1649394,0,,0,,CORRECT_TOTAL_0_1649394
2977790,4,2026-05-22 04:00:00,82626399,,1649464,0,,0,,CORRECT_TOTAL_0_1649464
2977791,4,2026-05-22 05:00:00,82633476,,1649535,0,,0,,CORRECT_TOTAL_0_1649535
2977792,4,2026-05-22 06:00:00,82640555,,1649606,0,,0,,CORRECT_TOTAL_0_1649606
2977793,4,2026-05-22 07:00:00,82647510,,1649675,0,,0,,CORRECT_TOTAL_0_1649675
2977794,4,2026-05-22 08:00:00,82652387,,1649724,0,,0,,CORRECT_TOTAL_0_1649724
2977795,4,2026-05-22 09:00:00,82655977,,1649760,0,,0,,CORRECT_TOTAL_0_1649760
2977796,4,2026-05-22 10:00:00,82662173,,1649822,0,,0,,CORRECT_TOTAL_0_1649822
2977797,4,2026-05-22 11:00:00,82669240,,1649893,0,,0,,CORRECT_TOTAL_0_1649893
2977798,4,2026-05-22 12:00:00,82669946,,1649900,0,,0,,CORRECT_TOTAL_0_1649900
2966437,34,2026-05-20 00:00:00,2981,2981,2981,1,,2,,KEEP_TOTAL
2966676,34,2026-05-20 01:00:00,2982,2982,2982,1,,3,,KEEP_TOTAL
2966915,34,2026-05-20 02:00:00,2982,2982,2982,0,,3,,KEEP_TOTAL
2967154,34,2026-05-20 03:00:00,2982,2982,2982,0,,3,,KEEP_TOTAL
2967393,34,2026-05-20 04:00:00,2982,2982,2982,0,,0,,KEEP_TOTAL
2967612,34,2026-05-20 05:00:00,2983,2983,2983,1,,1,,KEEP_TOTAL
2967871,34,2026-05-20 06:00:00,2984,2984,2984,1,,2,,KEEP_TOTAL
2968110,34,2026-05-20 07:00:00,2984,2984,2984,0,,2,,KEEP_TOTAL
2968320,34,2026-05-20 08:00:00,2984,2984,2984,0,,2,,KEEP_TOTAL
2968588,34,2026-05-20 09:00:00,2984,2984,2984,0,,2,,KEEP_TOTAL
2968827,34,2026-05-20 10:00:00,2984,2984,2984,0,,2,,KEEP_TOTAL
2969066,34,2026-05-20 11:00:00,2984,2984,2984,0,,2,,KEEP_TOTAL
2969263,34,2026-05-20 12:00:00,2984,2984,2984,0,,2,,KEEP_TOTAL
2969544,34,2026-05-20 13:00:00,2984,2984,2984,0,,2,,KEEP_TOTAL
2969783,34,2026-05-20 14:00:00,2984,2984,2984,0,,2,,KEEP_TOTAL
2969980,34,2026-05-20 15:00:00,2984,2984,2984,0,,2,,KEEP_TOTAL
2966409,138,2026-05-20 00:00:00,35791330,3579133,3579133,73,,435,,KEEP_TOTAL
2966648,138,2026-05-20 01:00:00,35792110,3579211,3579211,78,,513,,KEEP_TOTAL
2966887,138,2026-05-20 02:00:00,35792800,3579280,3579280,69,,582,,KEEP_TOTAL
2967126,138,2026-05-20 03:00:00,35793540,3579354,3579354,74,,656,,KEEP_TOTAL
2967365,138,2026-05-20 04:00:00,35794270,3579427,3579427,73,,0,,KEEP_TOTAL
2967605,138,2026-05-20 05:00:00,35795010,3579501,3579501,74,,74,,KEEP_TOTAL
2967843,138,2026-05-20 06:00:00,35795860,3579586,3579586,85,,159,,KEEP_TOTAL
2968082,138,2026-05-20 07:00:00,35796660,3579666,3579666,80,,239,,KEEP_TOTAL
2968416,138,2026-05-20 08:00:00,0,3579666,3579666,0,,239,,KEEP_TOTAL
2968561,138,2026-05-20 09:00:00,35798330,3579833,3579833,167,,406,,KEEP_TOTAL
2968800,138,2026-05-20 10:00:00,35799090,3579909,3579909,76,,482,,KEEP_TOTAL
2969039,138,2026-05-20 11:00:00,35799170,3579917,3579917,8,,490,,KEEP_TOTAL
2969293,138,2026-05-20 12:00:00,35799170,3579917,3579917,0,,490,,KEEP_TOTAL
2969517,138,2026-05-20 13:00:00,35799170,3579917,3579917,0,,490,,KEEP_TOTAL
2969756,138,2026-05-20 14:00:00,35799170,3579917,3579917,0,,490,,KEEP_TOTAL
2970051,138,2026-05-20 15:00:00,35799170,3579917,3579917,0,,490,,KEEP_TOTAL
2966526,205,2026-05-20 00:00:00,519,14370,14370,0,,0,,KEEP_TOTAL
2966765,205,2026-05-20 01:00:00,519,14370,14370,0,,0,,KEEP_TOTAL
2967004,205,2026-05-20 02:00:00,519,14370,14370,0,,0,,KEEP_TOTAL
2967243,205,2026-05-20 03:00:00,519,14370,14370,0,,0,,KEEP_TOTAL
2967482,205,2026-05-20 04:00:00,519,14370,14370,0,,0,,KEEP_TOTAL
2967721,205,2026-05-20 05:00:00,519,14370,14370,0,,0,,KEEP_TOTAL
2967960,205,2026-05-20 06:00:00,519,14370,14370,0,,0,,KEEP_TOTAL
2968199,205,2026-05-20 07:00:00,519,14370,14370,0,,0,,KEEP_TOTAL
2968412,205,2026-05-20 08:00:00,519,14370,14370,0,,0,,KEEP_TOTAL
2968677,205,2026-05-20 09:00:00,519,14370,14370,0,,0,,KEEP_TOTAL
2968916,205,2026-05-20 10:00:00,519,14370,14370,0,,0,,KEEP_TOTAL
2969155,205,2026-05-20 11:00:00,519,14370,14370,0,,0,,KEEP_TOTAL
2969394,205,2026-05-20 12:00:00,519,14370,14370,0,,0,,KEEP_TOTAL
2969633,205,2026-05-20 13:00:00,519,14370,14370,0,,0,,KEEP_TOTAL
2969872,205,2026-05-20 14:00:00,519,14370,14370,0,,0,,KEEP_TOTAL
2970111,205,2026-05-20 15:00:00,519,14370,14370,0,,0,,KEEP_TOTAL
2966457,67,2026-05-20 00:00:00,179066,179066,179066,0,,10,,KEEP_TOTAL
2966696,67,2026-05-20 01:00:00,179066,179066,179066,0,,10,,KEEP_TOTAL
2966935,67,2026-05-20 02:00:00,179066,179066,179066,0,,10,,KEEP_TOTAL
2967174,67,2026-05-20 03:00:00,179066,179066,179066,0,,10,,KEEP_TOTAL
2967413,67,2026-05-20 04:00:00,179071,179071,179071,5,,0,,KEEP_TOTAL
2967652,67,2026-05-20 05:00:00,179071,179071,179071,0,,0,,KEEP_TOTAL
2967891,67,2026-05-20 06:00:00,179071,179071,179071,0,,0,,KEEP_TOTAL
2968130,67,2026-05-20 07:00:00,179071,179071,179071,0,,0,,KEEP_TOTAL
2968341,67,2026-05-20 08:00:00,179071,179071,179071,0,,0,,KEEP_TOTAL
2968608,67,2026-05-20 09:00:00,179071,179071,179071,0,,0,,KEEP_TOTAL
2968847,67,2026-05-20 10:00:00,179071,179071,179071,0,,0,,KEEP_TOTAL
2969087,67,2026-05-20 11:00:00,179071,179071,179071,0,,0,,KEEP_TOTAL
2969325,67,2026-05-20 12:00:00,179071,179071,179071,0,,0,,KEEP_TOTAL
2969564,67,2026-05-20 13:00:00,179071,179071,179071,0,,0,,KEEP_TOTAL
2969803,67,2026-05-20 14:00:00,179071,179071,179071,0,,0,,KEEP_TOTAL
2970004,67,2026-05-20 15:00:00,179071,179071,179071,0,,0,,KEEP_TOTAL
2974700,63,2026-05-20 00:00:00,16158,,16158,0,,0,,CORRECT_TOTAL_0_16158
2966388,63,2026-05-20 00:01:00,16158,16158,16158,0,,0,,KEEP_TOTAL
2974701,63,2026-05-20 00:05:00,16158,,16158,0,,0,,CORRECT_TOTAL_0_16158
2966484,63,2026-05-20 00:06:00,16158,16158,16158,0,,0,,KEEP_TOTAL
2974702,63,2026-05-20 00:10:00,16158,,16158,0,,0,,CORRECT_TOTAL_0_16158
2966537,63,2026-05-20 00:11:00,16158,16158,16158,0,,0,,KEEP_TOTAL
2974703,63,2026-05-20 00:15:00,16158,,16158,0,,0,,CORRECT_TOTAL_0_16158
2966544,63,2026-05-20 00:16:00,16158,16158,16158,0,,0,,KEEP_TOTAL
2974704,63,2026-05-20 00:20:00,16158,,16158,0,,0,,CORRECT_TOTAL_0_16158
2966555,63,2026-05-20 00:21:00,16158,16158,16158,0,,0,,KEEP_TOTAL
2974705,63,2026-05-20 00:25:00,16158,,16158,0,,0,,CORRECT_TOTAL_0_16158
2966562,63,2026-05-20 00:26:00,16158,16158,16158,0,,0,,KEEP_TOTAL
2974706,63,2026-05-20 00:30:00,16158,,16158,0,,0,,CORRECT_TOTAL_0_16158
2966573,63,2026-05-20 00:31:00,16158,16158,16158,0,,0,,KEEP_TOTAL
2974707,63,2026-05-20 00:35:00,16158,,16158,0,,0,,CORRECT_TOTAL_0_16158
2966580,63,2026-05-20 00:36:00,16158,16158,16158,0,,0,,KEEP_TOTAL
2974708,63,2026-05-20 00:40:00,16158,,16158,0,,0,,CORRECT_TOTAL_0_16158
2966591,63,2026-05-20 00:41:00,16158,16158,16158,0,,0,,KEEP_TOTAL
2974709,63,2026-05-20 00:45:00,16158,,16158,0,,0,,CORRECT_TOTAL_0_16158
2966598,63,2026-05-20 00:46:00,16158,16158,16158,0,,0,,KEEP_TOTAL
2974710,63,2026-05-20 00:50:00,16158,,16158,0,,0,,CORRECT_TOTAL_0_16158
2966609,63,2026-05-20 00:51:00,16158,16158,16158,0,,0,,KEEP_TOTAL
2974711,63,2026-05-20 00:55:00,16158,,16158,0,,0,,CORRECT_TOTAL_0_16158
2966616,63,2026-05-20 00:56:00,16158,16158,16158,0,,0,,KEEP_TOTAL
2974712,63,2026-05-20 01:00:00,16158,,16158,0,,0,,CORRECT_TOTAL_0_16158
2966627,63,2026-05-20 01:01:00,16158,16158,16158,0,,0,,KEEP_TOTAL
2974713,63,2026-05-20 01:05:00,16158,,16158,0,,0,,CORRECT_TOTAL_0_16158
2966722,63,2026-05-20 01:06:00,16158,16158,16158,0,,0,,KEEP_TOTAL
2974714,63,2026-05-20 01:10:00,16158,,16158,0,,0,,CORRECT_TOTAL_0_16158
2966776,63,2026-05-20 01:11:00,16158,16158,16158,0,,0,,KEEP_TOTAL
2974715,63,2026-05-20 01:15:00,16158,,16158,0,,0,,CORRECT_TOTAL_0_16158
2966783,63,2026-05-20 01:16:00,16158,16158,16158,0,,0,,KEEP_TOTAL
2974716,63,2026-05-20 01:20:00,16158,,16158,0,,0,,CORRECT_TOTAL_0_16158
2966794,63,2026-05-20 01:21:00,16158,16158,16158,0,,0,,KEEP_TOTAL
2974717,63,2026-05-20 01:25:00,16158,,16158,0,,0,,CORRECT_TOTAL_0_16158
2966801,63,2026-05-20 01:26:00,16158,16158,16158,0,,0,,KEEP_TOTAL
2974718,63,2026-05-20 01:30:00,16158,,16158,0,,0,,CORRECT_TOTAL_0_16158
2966812,63,2026-05-20 01:31:00,16158,16158,16158,0,,0,,KEEP_TOTAL
2974719,63,2026-05-20 01:35:00,16158,,16158,0,,0,,CORRECT_TOTAL_0_16158
2966819,63,2026-05-20 01:36:00,16158,16158,16158,0,,0,,KEEP_TOTAL
2974720,63,2026-05-20 01:40:00,16158,,16158,0,,0,,CORRECT_TOTAL_0_16158
2966830,63,2026-05-20 01:41:00,16158,16158,16158,0,,0,,KEEP_TOTAL
2974721,63,2026-05-20 01:45:00,16158,,16158,0,,0,,CORRECT_TOTAL_0_16158
2966837,63,2026-05-20 01:46:00,16158,16158,16158,0,,0,,KEEP_TOTAL
2974722,63,2026-05-20 01:50:00,16158,,16158,0,,0,,CORRECT_TOTAL_0_16158
2966848,63,2026-05-20 01:51:00,16158,16158,16158,0,,0,,KEEP_TOTAL
2974723,63,2026-05-20 01:55:00,16158,,16158,0,,0,,CORRECT_TOTAL_0_16158
2966855,63,2026-05-20 01:56:00,16158,16158,16158,0,,0,,KEEP_TOTAL
2974724,63,2026-05-20 02:00:00,16158,,16158,0,,0,,CORRECT_TOTAL_0_16158
2966866,63,2026-05-20 02:01:00,16158,16158,16158,0,,0,,KEEP_TOTAL
2974725,63,2026-05-20 02:05:00,16158,,16158,0,,0,,CORRECT_TOTAL_0_16158
2966962,63,2026-05-20 02:06:00,16158,16158,16158,0,,0,,KEEP_TOTAL
2974726,63,2026-05-20 02:10:00,16158,,16158,0,,0,,CORRECT_TOTAL_0_16158
2967015,63,2026-05-20 02:11:00,16158,16158,16158,0,,0,,KEEP_TOTAL
2974727,63,2026-05-20 02:15:00,16158,,16158,0,,0,,CORRECT_TOTAL_0_16158
2967022,63,2026-05-20 02:16:00,16158,16158,16158,0,,0,,KEEP_TOTAL
2974728,63,2026-05-20 02:20:00,16158,,16158,0,,0,,CORRECT_TOTAL_0_16158
2967033,63,2026-05-20 02:21:00,16158,16158,16158,0,,0,,KEEP_TOTAL
2974729,63,2026-05-20 02:25:00,16158,,16158,0,,0,,CORRECT_TOTAL_0_16158
2967040,63,2026-05-20 02:26:00,16158,16158,16158,0,,0,,KEEP_TOTAL
2974730,63,2026-05-20 02:30:00,16158,,16158,0,,0,,CORRECT_TOTAL_0_16158
2967051,63,2026-05-20 02:31:00,16158,16158,16158,0,,0,,KEEP_TOTAL
2974731,63,2026-05-20 02:35:00,16158,,16158,0,,0,,CORRECT_TOTAL_0_16158
2967058,63,2026-05-20 02:36:00,16158,16158,16158,0,,0,,KEEP_TOTAL
2974732,63,2026-05-20 02:40:00,16158,,16158,0,,0,,CORRECT_TOTAL_0_16158
2967069,63,2026-05-20 02:41:00,16158,16158,16158,0,,0,,KEEP_TOTAL
2974733,63,2026-05-20 02:45:00,16158,,16158,0,,0,,CORRECT_TOTAL_0_16158
2967076,63,2026-05-20 02:46:00,16158,16158,16158,0,,0,,KEEP_TOTAL
2974734,63,2026-05-20 02:50:00,16158,,16158,0,,0,,CORRECT_TOTAL_0_16158
2967087,63,2026-05-20 02:51:00,16158,16158,16158,0,,0,,KEEP_TOTAL
2974735,63,2026-05-20 02:55:00,16158,,16158,0,,0,,CORRECT_TOTAL_0_16158
2967094,63,2026-05-20 02:56:00,16158,16158,16158,0,,0,,KEEP_TOTAL
2974736,63,2026-05-20 03:00:00,16158,,16158,0,,0,,CORRECT_TOTAL_0_16158
2967105,63,2026-05-20 03:01:00,16158,16158,16158,0,,0,,KEEP_TOTAL
2974737,63,2026-05-20 03:05:00,16158,,16158,0,,0,,CORRECT_TOTAL_0_16158
2967199,63,2026-05-20 03:06:00,16158,16158,16158,0,,0,,KEEP_TOTAL
2974738,63,2026-05-20 03:10:00,16158,,16158,0,,0,,CORRECT_TOTAL_0_16158
2967254,63,2026-05-20 03:11:00,16158,16158,16158,0,,0,,KEEP_TOTAL
2974739,63,2026-05-20 03:15:00,16158,,16158,0,,0,,CORRECT_TOTAL_0_16158
2967261,63,2026-05-20 03:16:00,16158,16158,16158,0,,0,,KEEP_TOTAL
2974740,63,2026-05-20 03:20:00,16158,,16158,0,,0,,CORRECT_TOTAL_0_16158
2967272,63,2026-05-20 03:21:00,16158,16158,16158,0,,0,,KEEP_TOTAL
2974741,63,2026-05-20 03:25:00,16158,,16158,0,,0,,CORRECT_TOTAL_0_16158
2967279,63,2026-05-20 03:26:00,16158,16158,16158,0,,0,,KEEP_TOTAL
2974742,63,2026-05-20 03:30:00,16158,,16158,0,,0,,CORRECT_TOTAL_0_16158
2967290,63,2026-05-20 03:31:00,16158,16158,16158,0,,0,,KEEP_TOTAL
2974743,63,2026-05-20 03:35:00,16158,,16158,0,,0,,CORRECT_TOTAL_0_16158
2967297,63,2026-05-20 03:36:00,16158,16158,16158,0,,0,,KEEP_TOTAL
2974744,63,2026-05-20 03:40:00,16158,,16158,0,,0,,CORRECT_TOTAL_0_16158
2967308,63,2026-05-20 03:41:00,16158,16158,16158,0,,0,,KEEP_TOTAL
2974745,63,2026-05-20 03:45:00,16158,,16158,0,,0,,CORRECT_TOTAL_0_16158
2967315,63,2026-05-20 03:46:00,16158,16158,16158,0,,0,,KEEP_TOTAL
2974746,63,2026-05-20 03:50:00,16158,,16158,0,,0,,CORRECT_TOTAL_0_16158
2967326,63,2026-05-20 03:51:00,16158,16158,16158,0,,0,,KEEP_TOTAL
2974747,63,2026-05-20 03:55:00,16158,,16158,0,,0,,CORRECT_TOTAL_0_16158
2967333,63,2026-05-20 03:56:00,16158,16158,16158,0,,0,,KEEP_TOTAL
2974748,63,2026-05-20 04:00:00,16158,,16158,0,,0,,CORRECT_TOTAL_0_16158
2967344,63,2026-05-20 04:01:00,16158,16158,16158,0,,0,,KEEP_TOTAL
2974749,63,2026-05-20 04:05:00,16158,,16158,0,,0,,CORRECT_TOTAL_0_16158
2967439,63,2026-05-20 04:06:00,16158,16158,16158,0,,0,,KEEP_TOTAL
2974750,63,2026-05-20 04:10:00,16158,,16158,0,,0,,CORRECT_TOTAL_0_16158
2967493,63,2026-05-20 04:11:00,16158,16158,16158,0,,0,,KEEP_TOTAL
2974751,63,2026-05-20 04:15:00,16158,,16158,0,,0,,CORRECT_TOTAL_0_16158
2967500,63,2026-05-20 04:16:00,16158,16158,16158,0,,0,,KEEP_TOTAL
2974752,63,2026-05-20 04:20:00,16158,,16158,0,,0,,CORRECT_TOTAL_0_16158
2967511,63,2026-05-20 04:21:00,16158,16158,16158,0,,0,,KEEP_TOTAL
2974753,63,2026-05-20 04:25:00,16158,,16158,0,,0,,CORRECT_TOTAL_0_16158
2967518,63,2026-05-20 04:26:00,16158,16158,16158,0,,0,,KEEP_TOTAL
2974754,63,2026-05-20 04:30:00,16158,,16158,0,,0,,CORRECT_TOTAL_0_16158
2967529,63,2026-05-20 04:31:00,16158,16158,16158,0,,0,,KEEP_TOTAL
2974755,63,2026-05-20 04:35:00,16158,,16158,0,,0,,CORRECT_TOTAL_0_16158
2967536,63,2026-05-20 04:36:00,16158,16158,16158,0,,0,,KEEP_TOTAL
2974756,63,2026-05-20 04:40:00,16158,,16158,0,,0,,CORRECT_TOTAL_0_16158
2967547,63,2026-05-20 04:41:00,16158,16158,16158,0,,0,,KEEP_TOTAL
2967554,63,2026-05-20 04:46:00,16158,16158,16158,0,,0,,KEEP_TOTAL
2974757,63,2026-05-20 04:50:00,16158,,16158,0,,0,,CORRECT_TOTAL_0_16158
2967565,63,2026-05-20 04:51:00,16158,16158,16158,0,,0,,KEEP_TOTAL
2974758,63,2026-05-20 04:55:00,16158,,16158,0,,0,,CORRECT_TOTAL_0_16158
2967572,63,2026-05-20 04:56:00,16158,16158,16158,0,,0,,KEEP_TOTAL
2974759,63,2026-05-20 05:00:00,16158,,16158,0,,0,,CORRECT_TOTAL_0_16158
2967583,63,2026-05-20 05:01:00,16158,16158,16158,0,,0,,KEEP_TOTAL
2974760,63,2026-05-20 05:05:00,16158,,16158,0,,0,,CORRECT_TOTAL_0_16158
2967678,63,2026-05-20 05:06:00,16158,16158,16158,0,,0,,KEEP_TOTAL
2974761,63,2026-05-20 05:10:00,16158,,16158,0,,0,,CORRECT_TOTAL_0_16158
2967732,63,2026-05-20 05:11:00,16158,16158,16158,0,,0,,KEEP_TOTAL
2974762,63,2026-05-20 05:15:00,16158,,16158,0,,0,,CORRECT_TOTAL_0_16158
2967739,63,2026-05-20 05:16:00,16158,16158,16158,0,,0,,KEEP_TOTAL
2974763,63,2026-05-20 05:20:00,16158,,16158,0,,0,,CORRECT_TOTAL_0_16158
2967750,63,2026-05-20 05:21:00,16158,16158,16158,0,,0,,KEEP_TOTAL
2974764,63,2026-05-20 05:25:00,16158,,16158,0,,0,,CORRECT_TOTAL_0_16158
2967757,63,2026-05-20 05:26:00,16158,16158,16158,0,,0,,KEEP_TOTAL
2974765,63,2026-05-20 05:30:00,16158,,16158,0,,0,,CORRECT_TOTAL_0_16158
2967768,63,2026-05-20 05:31:00,16158,16158,16158,0,,0,,KEEP_TOTAL
2974766,63,2026-05-20 05:35:00,16158,,16158,0,,0,,CORRECT_TOTAL_0_16158
2967775,63,2026-05-20 05:36:00,16158,16158,16158,0,,0,,KEEP_TOTAL
2974767,63,2026-05-20 05:40:00,16158,,16158,0,,0,,CORRECT_TOTAL_0_16158
2967786,63,2026-05-20 05:41:00,16158,16158,16158,0,,0,,KEEP_TOTAL
2974768,63,2026-05-20 05:45:00,16158,,16158,0,,0,,CORRECT_TOTAL_0_16158
2967793,63,2026-05-20 05:46:00,16158,16158,16158,0,,0,,KEEP_TOTAL
2974769,63,2026-05-20 05:50:00,16158,,16158,0,,0,,CORRECT_TOTAL_0_16158
2967804,63,2026-05-20 05:51:00,16158,16158,16158,0,,0,,KEEP_TOTAL
2974770,63,2026-05-20 05:55:00,16158,,16158,0,,0,,CORRECT_TOTAL_0_16158
2967811,63,2026-05-20 05:56:00,16158,16158,16158,0,,0,,KEEP_TOTAL
2974771,63,2026-05-20 06:00:00,16158,,16158,0,,0,,CORRECT_TOTAL_0_16158
2967822,63,2026-05-20 06:01:00,16158,16158,16158,0,,0,,KEEP_TOTAL
2974772,63,2026-05-20 06:05:00,16158,,16158,0,,0,,CORRECT_TOTAL_0_16158
2967917,63,2026-05-20 06:06:00,16158,16158,16158,0,,0,,KEEP_TOTAL
2974773,63,2026-05-20 06:10:00,16158,,16158,0,,0,,CORRECT_TOTAL_0_16158
2967971,63,2026-05-20 06:11:00,16158,16158,16158,0,,0,,KEEP_TOTAL
2974774,63,2026-05-20 06:15:00,16158,,16158,0,,0,,CORRECT_TOTAL_0_16158
2967978,63,2026-05-20 06:16:00,16158,16158,16158,0,,0,,KEEP_TOTAL
2974775,63,2026-05-20 06:20:00,16158,,16158,0,,0,,CORRECT_TOTAL_0_16158
2967989,63,2026-05-20 06:21:00,16158,16158,16158,0,,0,,KEEP_TOTAL
2974776,63,2026-05-20 06:25:00,16158,,16158,0,,0,,CORRECT_TOTAL_0_16158
2967996,63,2026-05-20 06:26:00,16158,16158,16158,0,,0,,KEEP_TOTAL
2974777,63,2026-05-20 06:30:00,16158,,16158,0,,0,,CORRECT_TOTAL_0_16158
2968007,63,2026-05-20 06:31:00,16158,16158,16158,0,,0,,KEEP_TOTAL
2974778,63,2026-05-20 06:35:00,16158,,16158,0,,0,,CORRECT_TOTAL_0_16158
2968014,63,2026-05-20 06:36:00,16158,16158,16158,0,,0,,KEEP_TOTAL
2974779,63,2026-05-20 06:40:00,16158,,16158,0,,0,,CORRECT_TOTAL_0_16158
2968025,63,2026-05-20 06:41:00,16158,16158,16158,0,,0,,KEEP_TOTAL
2974780,63,2026-05-20 06:45:00,16158,,16158,0,,0,,CORRECT_TOTAL_0_16158
2968032,63,2026-05-20 06:46:00,16158,16158,16158,0,,0,,KEEP_TOTAL
2974781,63,2026-05-20 06:50:00,16158,,16158,0,,0,,CORRECT_TOTAL_0_16158
2968043,63,2026-05-20 06:51:00,16158,16158,16158,0,,0,,KEEP_TOTAL
2974782,63,2026-05-20 06:55:00,16158,,16158,0,,0,,CORRECT_TOTAL_0_16158
2968050,63,2026-05-20 06:56:00,16158,16158,16158,0,,0,,KEEP_TOTAL
2974783,63,2026-05-20 07:00:00,16158,,16158,0,,0,,CORRECT_TOTAL_0_16158
2968061,63,2026-05-20 07:01:00,16158,16158,16158,0,,0,,KEEP_TOTAL
2974784,63,2026-05-20 07:05:00,16158,,16158,0,,0,,CORRECT_TOTAL_0_16158
2968156,63,2026-05-20 07:06:00,16158,16158,16158,0,,0,,KEEP_TOTAL
2974785,63,2026-05-20 07:10:00,16158,,16158,0,,0,,CORRECT_TOTAL_0_16158
2968210,63,2026-05-20 07:11:00,16158,16158,16158,0,,0,,KEEP_TOTAL
2974786,63,2026-05-20 07:15:00,16158,,16158,0,,0,,CORRECT_TOTAL_0_16158
2968217,63,2026-05-20 07:16:00,16158,16158,16158,0,,0,,KEEP_TOTAL
2974787,63,2026-05-20 07:20:00,16158,,16158,0,,0,,CORRECT_TOTAL_0_16158
2968228,63,2026-05-20 07:21:00,16158,16158,16158,0,,0,,KEEP_TOTAL
2974788,63,2026-05-20 07:25:00,16158,,16158,0,,0,,CORRECT_TOTAL_0_16158
2968235,63,2026-05-20 07:26:00,16158,16158,16158,0,,0,,KEEP_TOTAL
2974789,63,2026-05-20 07:30:00,16158,,16158,0,,0,,CORRECT_TOTAL_0_16158
2968246,63,2026-05-20 07:31:00,16158,16158,16158,0,,0,,KEEP_TOTAL
2974790,63,2026-05-20 07:35:00,16158,,16158,0,,0,,CORRECT_TOTAL_0_16158
2968253,63,2026-05-20 07:36:00,16158,16158,16158,0,,0,,KEEP_TOTAL
2974791,63,2026-05-20 07:40:00,16158,,16158,0,,0,,CORRECT_TOTAL_0_16158
2968264,63,2026-05-20 07:41:00,16158,16158,16158,0,,0,,KEEP_TOTAL
2974792,63,2026-05-20 07:45:00,16158,,16158,0,,0,,CORRECT_TOTAL_0_16158
2968271,63,2026-05-20 07:46:00,16158,16158,16158,0,,0,,KEEP_TOTAL
2974793,63,2026-05-20 07:50:00,16158,,16158,0,,0,,CORRECT_TOTAL_0_16158
2968282,63,2026-05-20 07:51:00,16158,16158,16158,0,,0,,KEEP_TOTAL
2974794,63,2026-05-20 07:55:00,16158,,16158,0,,0,,CORRECT_TOTAL_0_16158
2968289,63,2026-05-20 07:56:00,16158,16158,16158,0,,0,,KEEP_TOTAL
2974795,63,2026-05-20 08:00:00,16158,,16158,0,,0,,CORRECT_TOTAL_0_16158
2968300,63,2026-05-20 08:01:00,16158,16158,16158,0,,0,,KEEP_TOTAL
2974796,63,2026-05-20 08:05:00,16158,,16158,0,,0,,CORRECT_TOTAL_0_16158
2968368,63,2026-05-20 08:06:00,16158,16158,16158,0,,0,,KEEP_TOTAL
2974797,63,2026-05-20 08:10:00,16158,,16158,0,,0,,CORRECT_TOTAL_0_16158
2968429,63,2026-05-20 08:11:00,16158,16158,16158,0,,0,,KEEP_TOTAL
2974798,63,2026-05-20 08:15:00,16158,,16158,0,,0,,CORRECT_TOTAL_0_16158
2968456,63,2026-05-20 08:16:00,16158,16158,16158,0,,0,,KEEP_TOTAL
2974799,63,2026-05-20 08:20:00,16158,,16158,0,,0,,CORRECT_TOTAL_0_16158
2968467,63,2026-05-20 08:21:00,16158,16158,16158,0,,0,,KEEP_TOTAL
2974800,63,2026-05-20 08:25:00,16158,,16158,0,,0,,CORRECT_TOTAL_0_16158
2968474,63,2026-05-20 08:26:00,16158,16158,16158,0,,0,,KEEP_TOTAL
2974801,63,2026-05-20 08:30:00,16158,,16158,0,,0,,CORRECT_TOTAL_0_16158
2968485,63,2026-05-20 08:31:00,16158,16158,16158,0,,0,,KEEP_TOTAL
2974802,63,2026-05-20 08:35:00,16158,,16158,0,,0,,CORRECT_TOTAL_0_16158
2968492,63,2026-05-20 08:36:00,16158,16158,16158,0,,0,,KEEP_TOTAL
2974803,63,2026-05-20 08:40:00,16158,,16158,0,,0,,CORRECT_TOTAL_0_16158
2968503,63,2026-05-20 08:41:00,16158,16158,16158,0,,0,,KEEP_TOTAL
2974804,63,2026-05-20 08:45:00,16158,,16158,0,,0,,CORRECT_TOTAL_0_16158
2968510,63,2026-05-20 08:46:00,16158,16158,16158,0,,0,,KEEP_TOTAL
2974805,63,2026-05-20 08:50:00,16158,,16158,0,,0,,CORRECT_TOTAL_0_16158
2968521,63,2026-05-20 08:51:00,16158,16158,16158,0,,0,,KEEP_TOTAL
2974806,63,2026-05-20 08:55:00,16158,,16158,0,,0,,CORRECT_TOTAL_0_16158
2968528,63,2026-05-20 08:56:00,16158,16158,16158,0,,0,,KEEP_TOTAL
2974807,63,2026-05-20 09:00:00,16158,,16158,0,,0,,CORRECT_TOTAL_0_16158
2968539,63,2026-05-20 09:01:00,16158,16158,16158,0,,0,,KEEP_TOTAL
2974808,63,2026-05-20 09:05:00,16158,,16158,0,,0,,CORRECT_TOTAL_0_16158
2968635,63,2026-05-20 09:06:00,16158,16158,16158,0,,0,,KEEP_TOTAL
2974809,63,2026-05-20 09:10:00,16158,,16158,0,,0,,CORRECT_TOTAL_0_16158
2968688,63,2026-05-20 09:11:00,16158,16158,16158,0,,0,,KEEP_TOTAL
2974810,63,2026-05-20 09:15:00,16158,,16158,0,,0,,CORRECT_TOTAL_0_16158
2968695,63,2026-05-20 09:16:00,16158,16158,16158,0,,0,,KEEP_TOTAL
2974811,63,2026-05-20 09:20:00,16158,,16158,0,,0,,CORRECT_TOTAL_0_16158
2968706,63,2026-05-20 09:21:00,16158,16158,16158,0,,0,,KEEP_TOTAL
2974812,63,2026-05-20 09:25:00,16158,,16158,0,,0,,CORRECT_TOTAL_0_16158
2968713,63,2026-05-20 09:26:00,16158,16158,16158,0,,0,,KEEP_TOTAL
2974813,63,2026-05-20 09:30:00,16158,,16158,0,,0,,CORRECT_TOTAL_0_16158
2968724,63,2026-05-20 09:31:00,16158,16158,16158,0,,0,,KEEP_TOTAL
2974814,63,2026-05-20 09:35:00,16158,,16158,0,,0,,CORRECT_TOTAL_0_16158
2968731,63,2026-05-20 09:36:00,16158,16158,16158,0,,0,,KEEP_TOTAL
2974815,63,2026-05-20 09:40:00,16158,,16158,0,,0,,CORRECT_TOTAL_0_16158
2968742,63,2026-05-20 09:41:00,16158,16158,16158,0,,0,,KEEP_TOTAL
2974816,63,2026-05-20 09:45:00,16158,,16158,0,,0,,CORRECT_TOTAL_0_16158
2968749,63,2026-05-20 09:46:00,16158,16158,16158,0,,0,,KEEP_TOTAL
2974817,63,2026-05-20 09:50:00,16158,,16158,0,,0,,CORRECT_TOTAL_0_16158
2968760,63,2026-05-20 09:51:00,16158,16158,16158,0,,0,,KEEP_TOTAL
2974818,63,2026-05-20 09:55:00,16158,,16158,0,,0,,CORRECT_TOTAL_0_16158
2968767,63,2026-05-20 09:56:00,16158,16158,16158,0,,0,,KEEP_TOTAL
2974819,63,2026-05-20 10:00:00,16158,,16158,0,,0,,CORRECT_TOTAL_0_16158
2968778,63,2026-05-20 10:01:00,16158,16158,16158,0,,0,,KEEP_TOTAL
2974820,63,2026-05-20 10:05:00,16158,,16158,0,,0,,CORRECT_TOTAL_0_16158
2968873,63,2026-05-20 10:06:00,16158,16158,16158,0,,0,,KEEP_TOTAL
2974821,63,2026-05-20 10:10:00,16158,,16158,0,,0,,CORRECT_TOTAL_0_16158
2968927,63,2026-05-20 10:11:00,16158,16158,16158,0,,0,,KEEP_TOTAL
2974822,63,2026-05-20 10:15:00,16158,,16158,0,,0,,CORRECT_TOTAL_0_16158
2968934,63,2026-05-20 10:16:00,16158,16158,16158,0,,0,,KEEP_TOTAL
2974823,63,2026-05-20 10:20:00,16158,,16158,0,,0,,CORRECT_TOTAL_0_16158
2968945,63,2026-05-20 10:21:00,16158,16158,16158,0,,0,,KEEP_TOTAL
2974824,63,2026-05-20 10:25:00,16158,,16158,0,,0,,CORRECT_TOTAL_0_16158
2968952,63,2026-05-20 10:26:00,16158,16158,16158,0,,0,,KEEP_TOTAL
2974825,63,2026-05-20 10:30:00,16158,,16158,0,,0,,CORRECT_TOTAL_0_16158
2968963,63,2026-05-20 10:31:00,16158,16158,16158,0,,0,,KEEP_TOTAL
2974826,63,2026-05-20 10:35:00,16158,,16158,0,,0,,CORRECT_TOTAL_0_16158
2968970,63,2026-05-20 10:36:00,16158,16158,16158,0,,0,,KEEP_TOTAL
2974827,63,2026-05-20 10:40:00,16158,,16158,0,,0,,CORRECT_TOTAL_0_16158
2968981,63,2026-05-20 10:41:00,16158,16158,16158,0,,0,,KEEP_TOTAL
2974828,63,2026-05-20 10:45:00,16158,,16158,0,,0,,CORRECT_TOTAL_0_16158
2968988,63,2026-05-20 10:46:00,16158,16158,16158,0,,0,,KEEP_TOTAL
2974829,63,2026-05-20 10:50:00,16158,,16158,0,,0,,CORRECT_TOTAL_0_16158
2968999,63,2026-05-20 10:51:00,16158,16158,16158,0,,0,,KEEP_TOTAL
2974830,63,2026-05-20 10:55:00,16158,,16158,0,,0,,CORRECT_TOTAL_0_16158
2969006,63,2026-05-20 10:56:00,16158,16158,16158,0,,0,,KEEP_TOTAL
2974831,63,2026-05-20 11:00:00,16158,,16158,0,,0,,CORRECT_TOTAL_0_16158
2969017,63,2026-05-20 11:01:00,16158,16158,16158,0,,0,,KEEP_TOTAL
2974832,63,2026-05-20 11:05:00,16158,,16158,0,,0,,CORRECT_TOTAL_0_16158
2969112,63,2026-05-20 11:06:00,16158,16158,16158,0,,0,,KEEP_TOTAL
2974833,63,2026-05-20 11:10:00,16158,,16158,0,,0,,CORRECT_TOTAL_0_16158
2969166,63,2026-05-20 11:11:00,16158,16158,16158,0,,0,,KEEP_TOTAL
2974834,63,2026-05-20 11:15:00,16158,,16158,0,,0,,CORRECT_TOTAL_0_16158
2969173,63,2026-05-20 11:16:00,16158,16158,16158,0,,0,,KEEP_TOTAL
2969184,63,2026-05-20 11:21:00,16158,16158,16158,0,,0,,KEEP_TOTAL
2974835,63,2026-05-20 11:25:00,16158,,16158,0,,0,,CORRECT_TOTAL_0_16158
2969191,63,2026-05-20 11:26:00,16158,16158,16158,0,,0,,KEEP_TOTAL
2974836,63,2026-05-20 11:30:00,16158,,16158,0,,0,,CORRECT_TOTAL_0_16158
2969202,63,2026-05-20 11:31:00,16158,16158,16158,0,,0,,KEEP_TOTAL
2974837,63,2026-05-20 11:35:00,16158,,16158,0,,0,,CORRECT_TOTAL_0_16158
2969209,63,2026-05-20 11:36:00,16158,16158,16158,0,,0,,KEEP_TOTAL
2974838,63,2026-05-20 11:40:00,16158,,16158,0,,0,,CORRECT_TOTAL_0_16158
2969220,63,2026-05-20 11:41:00,16158,16158,16158,0,,0,,KEEP_TOTAL
2974839,63,2026-05-20 11:45:00,16158,,16158,0,,0,,CORRECT_TOTAL_0_16158
2969227,63,2026-05-20 11:46:00,16158,16158,16158,0,,0,,KEEP_TOTAL
2974840,63,2026-05-20 11:50:00,16158,,16158,0,,0,,CORRECT_TOTAL_0_16158
2969238,63,2026-05-20 11:51:00,16158,16158,16158,0,,0,,KEEP_TOTAL
2974841,63,2026-05-20 11:55:00,16158,,16158,0,,0,,CORRECT_TOTAL_0_16158
2969245,63,2026-05-20 11:56:00,16158,16158,16158,0,,0,,KEEP_TOTAL
2974842,63,2026-05-20 12:00:00,16158,,16158,0,,0,,CORRECT_TOTAL_0_16158
2969256,63,2026-05-20 12:01:00,16158,16158,16158,0,,0,,KEEP_TOTAL
2974843,63,2026-05-20 12:05:00,16158,,16158,0,,0,,CORRECT_TOTAL_0_16158
2969351,63,2026-05-20 12:06:00,16158,16158,16158,0,,0,,KEEP_TOTAL
2974844,63,2026-05-20 12:10:00,16158,,16158,0,,0,,CORRECT_TOTAL_0_16158
2969405,63,2026-05-20 12:11:00,16158,16158,16158,0,,0,,KEEP_TOTAL
2974845,63,2026-05-20 12:15:00,16158,,16158,0,,0,,CORRECT_TOTAL_0_16158
2969412,63,2026-05-20 12:16:00,16158,16158,16158,0,,0,,KEEP_TOTAL
2974846,63,2026-05-20 12:20:00,16158,,16158,0,,0,,CORRECT_TOTAL_0_16158
2969423,63,2026-05-20 12:21:00,16158,16158,16158,0,,0,,KEEP_TOTAL
2974847,63,2026-05-20 12:25:00,16158,,16158,0,,0,,CORRECT_TOTAL_0_16158
2969430,63,2026-05-20 12:26:00,16158,16158,16158,0,,0,,KEEP_TOTAL
2974848,63,2026-05-20 12:30:00,16158,,16158,0,,0,,CORRECT_TOTAL_0_16158
2969441,63,2026-05-20 12:31:00,16158,16158,16158,0,,0,,KEEP_TOTAL
2974849,63,2026-05-20 12:35:00,16158,,16158,0,,0,,CORRECT_TOTAL_0_16158
2969448,63,2026-05-20 12:36:00,16158,16158,16158,0,,0,,KEEP_TOTAL
2974850,63,2026-05-20 12:40:00,16158,,16158,0,,0,,CORRECT_TOTAL_0_16158
2969459,63,2026-05-20 12:41:00,16158,16158,16158,0,,0,,KEEP_TOTAL
2974851,63,2026-05-20 12:45:00,16158,,16158,0,,0,,CORRECT_TOTAL_0_16158
2969466,63,2026-05-20 12:46:00,16158,16158,16158,0,,0,,KEEP_TOTAL
2974852,63,2026-05-20 12:50:00,16158,,16158,0,,0,,CORRECT_TOTAL_0_16158
2969477,63,2026-05-20 12:51:00,16158,16158,16158,0,,0,,KEEP_TOTAL
2974853,63,2026-05-20 12:55:00,16158,,16158,0,,0,,CORRECT_TOTAL_0_16158
2969484,63,2026-05-20 12:56:00,16158,16158,16158,0,,0,,KEEP_TOTAL
2974854,63,2026-05-20 13:00:00,16158,,16158,0,,0,,CORRECT_TOTAL_0_16158
2969495,63,2026-05-20 13:01:00,16158,16158,16158,0,,0,,KEEP_TOTAL
2974855,63,2026-05-20 13:05:00,16158,,16158,0,,0,,CORRECT_TOTAL_0_16158
2969591,63,2026-05-20 13:06:00,16158,16158,16158,0,,0,,KEEP_TOTAL
2974856,63,2026-05-20 13:10:00,16158,,16158,0,,0,,CORRECT_TOTAL_0_16158
2969644,63,2026-05-20 13:11:00,16158,16158,16158,0,,0,,KEEP_TOTAL
2974857,63,2026-05-20 13:15:00,16158,,16158,0,,0,,CORRECT_TOTAL_0_16158
2969651,63,2026-05-20 13:16:00,16158,16158,16158,0,,0,,KEEP_TOTAL
2974858,63,2026-05-20 13:20:00,16158,,16158,0,,0,,CORRECT_TOTAL_0_16158
2969662,63,2026-05-20 13:21:00,16158,16158,16158,0,,0,,KEEP_TOTAL
2974859,63,2026-05-20 13:25:00,16158,,16158,0,,0,,CORRECT_TOTAL_0_16158
2969669,63,2026-05-20 13:26:00,16158,16158,16158,0,,0,,KEEP_TOTAL
2974860,63,2026-05-20 13:30:00,16158,,16158,0,,0,,CORRECT_TOTAL_0_16158
2969680,63,2026-05-20 13:31:00,16158,16158,16158,0,,0,,KEEP_TOTAL
2974861,63,2026-05-20 13:35:00,16158,,16158,0,,0,,CORRECT_TOTAL_0_16158
2969687,63,2026-05-20 13:36:00,16158,16158,16158,0,,0,,KEEP_TOTAL
2974862,63,2026-05-20 13:40:00,16158,,16158,0,,0,,CORRECT_TOTAL_0_16158
2969698,63,2026-05-20 13:41:00,16158,16158,16158,0,,0,,KEEP_TOTAL
2974863,63,2026-05-20 13:45:00,16158,,16158,0,,0,,CORRECT_TOTAL_0_16158
2969705,63,2026-05-20 13:46:00,16158,16158,16158,0,,0,,KEEP_TOTAL
2974864,63,2026-05-20 13:50:00,16158,,16158,0,,0,,CORRECT_TOTAL_0_16158
2969716,63,2026-05-20 13:51:00,16158,16158,16158,0,,0,,KEEP_TOTAL
2974865,63,2026-05-20 13:55:00,16158,,16158,0,,0,,CORRECT_TOTAL_0_16158
2969723,63,2026-05-20 13:56:00,16158,16158,16158,0,,0,,KEEP_TOTAL
2974866,63,2026-05-20 14:00:00,16158,,16158,0,,0,,CORRECT_TOTAL_0_16158
2969734,63,2026-05-20 14:01:00,16158,16158,16158,0,,0,,KEEP_TOTAL
2974867,63,2026-05-20 14:05:00,16158,,16158,0,,0,,CORRECT_TOTAL_0_16158
2969829,63,2026-05-20 14:06:00,16158,16158,16158,0,,0,,KEEP_TOTAL
2974868,63,2026-05-20 14:10:00,16158,,16158,0,,0,,CORRECT_TOTAL_0_16158
2969883,63,2026-05-20 14:11:00,16158,16158,16158,0,,0,,KEEP_TOTAL
2969890,63,2026-05-20 14:16:00,16158,16158,16158,0,,0,,KEEP_TOTAL
2974869,63,2026-05-20 14:20:00,16158,,16158,0,,0,,CORRECT_TOTAL_0_16158
2969901,63,2026-05-20 14:21:00,16158,16158,16158,0,,0,,KEEP_TOTAL
2974870,63,2026-05-20 14:25:00,16158,,16158,0,,0,,CORRECT_TOTAL_0_16158
2969908,63,2026-05-20 14:26:00,16158,16158,16158,0,,0,,KEEP_TOTAL
2974871,63,2026-05-20 14:30:00,16158,,16158,0,,0,,CORRECT_TOTAL_0_16158
2969919,63,2026-05-20 14:31:00,16158,16158,16158,0,,0,,KEEP_TOTAL
2974872,63,2026-05-20 14:35:00,16158,,16158,0,,0,,CORRECT_TOTAL_0_16158
2969926,63,2026-05-20 14:36:00,16158,16158,16158,0,,0,,KEEP_TOTAL
2974873,63,2026-05-20 14:40:00,16158,,16158,0,,0,,CORRECT_TOTAL_0_16158
2969937,63,2026-05-20 14:41:00,16158,16158,16158,0,,0,,KEEP_TOTAL
2974874,63,2026-05-20 14:45:00,16158,,16158,0,,0,,CORRECT_TOTAL_0_16158
2969944,63,2026-05-20 14:46:00,16158,16158,16158,0,,0,,KEEP_TOTAL
2974875,63,2026-05-20 14:50:00,16158,,16158,0,,0,,CORRECT_TOTAL_0_16158
2969955,63,2026-05-20 14:51:00,16158,16158,16158,0,,0,,KEEP_TOTAL
2974876,63,2026-05-20 14:55:00,16158,,16158,0,,0,,CORRECT_TOTAL_0_16158
2969962,63,2026-05-20 14:56:00,16158,16158,16158,0,,0,,KEEP_TOTAL
2974877,63,2026-05-20 15:00:00,16158,,16158,0,,0,,CORRECT_TOTAL_0_16158
2969973,63,2026-05-20 15:01:00,16158,16158,16158,0,,0,,KEEP_TOTAL
2974878,63,2026-05-20 15:05:00,16158,,16158,0,,0,,CORRECT_TOTAL_0_16158
2970041,63,2026-05-20 15:06:00,16158,16158,16158,0,,0,,KEEP_TOTAL
2974879,63,2026-05-20 15:10:00,16158,,16158,0,,0,,CORRECT_TOTAL_0_16158
2970122,63,2026-05-20 15:11:00,16158,16158,16158,0,,0,,KEEP_TOTAL
2974880,63,2026-05-20 15:15:00,16158,,16158,0,,0,,CORRECT_TOTAL_0_16158
2974881,63,2026-05-20 15:20:00,16158,,16158,0,,0,,CORRECT_TOTAL_0_16158
2974882,63,2026-05-20 15:25:00,16158,,16158,0,,0,,CORRECT_TOTAL_0_16158
2974883,63,2026-05-20 15:30:00,16158,,16158,0,,0,,CORRECT_TOTAL_0_16158
2974884,63,2026-05-20 15:40:00,16158,,16158,0,,0,,CORRECT_TOTAL_0_16158
2974885,63,2026-05-20 15:45:00,16158,,16158,0,,0,,CORRECT_TOTAL_0_16158
2974886,63,2026-05-20 15:50:00,16158,,16158,0,,0,,CORRECT_TOTAL_0_16158
2974887,63,2026-05-20 15:55:00,16158,,16158,0,,0,,CORRECT_TOTAL_0_16158
2974888,63,2026-05-20 16:00:00,16158,,16158,0,,0,,CORRECT_TOTAL_0_16158
2974889,63,2026-05-20 16:05:00,16158,,16158,0,,0,,CORRECT_TOTAL_0_16158
2974890,63,2026-05-20 16:10:00,16158,,16158,0,,0,,CORRECT_TOTAL_0_16158
2974891,63,2026-05-20 16:15:00,16158,,16158,0,,0,,CORRECT_TOTAL_0_16158
2974892,63,2026-05-20 16:20:00,16158,,16158,0,,0,,CORRECT_TOTAL_0_16158
2974893,63,2026-05-20 16:25:00,16158,,16158,0,,0,,CORRECT_TOTAL_0_16158
2974894,63,2026-05-20 16:30:00,16158,,16158,0,,0,,CORRECT_TOTAL_0_16158
2974895,63,2026-05-20 16:35:00,16158,,16158,0,,0,,CORRECT_TOTAL_0_16158
2974896,63,2026-05-20 16:40:00,16158,,16158,0,,0,,CORRECT_TOTAL_0_16158
2974897,63,2026-05-20 16:45:00,16158,,16158,0,,0,,CORRECT_TOTAL_0_16158
2974898,63,2026-05-20 16:50:00,16158,,16158,0,,0,,CORRECT_TOTAL_0_16158
2974899,63,2026-05-20 16:55:00,16158,,16158,0,,0,,CORRECT_TOTAL_0_16158
2974900,63,2026-05-20 17:00:00,16158,,16158,0,,0,,CORRECT_TOTAL_0_16158
2974901,63,2026-05-20 17:05:00,16158,,16158,0,,0,,CORRECT_TOTAL_0_16158
2974902,63,2026-05-20 17:10:00,16158,,16158,0,,0,,CORRECT_TOTAL_0_16158
2974903,63,2026-05-20 17:15:00,16158,,16158,0,,0,,CORRECT_TOTAL_0_16158
2974904,63,2026-05-20 17:20:00,16158,,16158,0,,0,,CORRECT_TOTAL_0_16158
2974905,63,2026-05-20 17:25:00,16158,,16158,0,,0,,CORRECT_TOTAL_0_16158
2974906,63,2026-05-20 17:30:00,16158,,16158,0,,0,,CORRECT_TOTAL_0_16158
2974907,63,2026-05-20 17:35:00,16158,,16158,0,,0,,CORRECT_TOTAL_0_16158
2974908,63,2026-05-20 17:40:00,16158,,16158,0,,0,,CORRECT_TOTAL_0_16158
2974909,63,2026-05-20 17:45:00,16158,,16158,0,,0,,CORRECT_TOTAL_0_16158
2974910,63,2026-05-20 17:50:00,16158,,16158,0,,0,,CORRECT_TOTAL_0_16158
2974911,63,2026-05-20 17:55:00,16158,,16158,0,,0,,CORRECT_TOTAL_0_16158
2974912,63,2026-05-20 18:00:00,16158,,16158,0,,0,,CORRECT_TOTAL_0_16158
2974913,63,2026-05-20 18:05:00,16158,,16158,0,,0,,CORRECT_TOTAL_0_16158
2974914,63,2026-05-20 18:10:00,16158,,16158,0,,0,,CORRECT_TOTAL_0_16158
2974915,63,2026-05-20 18:15:00,16158,,16158,0,,0,,CORRECT_TOTAL_0_16158
2974916,63,2026-05-20 18:20:00,16158,,16158,0,,0,,CORRECT_TOTAL_0_16158
2974917,63,2026-05-20 18:25:00,16158,,16158,0,,0,,CORRECT_TOTAL_0_16158
2974918,63,2026-05-20 18:30:00,16158,,16158,0,,0,,CORRECT_TOTAL_0_16158
2974919,63,2026-05-20 18:35:00,16158,,16158,0,,0,,CORRECT_TOTAL_0_16158
2974920,63,2026-05-20 18:40:00,16158,,16158,0,,0,,CORRECT_TOTAL_0_16158
2974921,63,2026-05-20 18:45:00,16158,,16158,0,,0,,CORRECT_TOTAL_0_16158
2974922,63,2026-05-20 18:50:00,16158,,16158,0,,0,,CORRECT_TOTAL_0_16158
2974923,63,2026-05-20 18:55:00,16158,,16158,0,,0,,CORRECT_TOTAL_0_16158
2974924,63,2026-05-20 19:00:00,16158,,16158,0,,0,,CORRECT_TOTAL_0_16158
2974925,63,2026-05-20 19:05:00,16158,,16158,0,,0,,CORRECT_TOTAL_0_16158
2974926,63,2026-05-20 19:15:00,16158,,16158,0,,0,,CORRECT_TOTAL_0_16158
2974927,63,2026-05-20 19:20:00,16158,,16158,0,,0,,CORRECT_TOTAL_0_16158
2974928,63,2026-05-20 19:25:00,16158,,16158,0,,0,,CORRECT_TOTAL_0_16158
2974929,63,2026-05-20 19:30:00,16158,,16158,0,,0,,CORRECT_TOTAL_0_16158
2974930,63,2026-05-20 19:35:00,16158,,16158,0,,0,,CORRECT_TOTAL_0_16158
2974931,63,2026-05-20 19:40:00,16158,,16158,0,,0,,CORRECT_TOTAL_0_16158
2974932,63,2026-05-20 19:45:00,16158,,16158,0,,0,,CORRECT_TOTAL_0_16158
2974933,63,2026-05-20 19:50:00,16158,,16158,0,,0,,CORRECT_TOTAL_0_16158
2974934,63,2026-05-20 19:55:00,16158,,16158,0,,0,,CORRECT_TOTAL_0_16158
2974935,63,2026-05-20 20:00:00,16158,,16158,0,,0,,CORRECT_TOTAL_0_16158
2974936,63,2026-05-20 20:05:00,16158,,16158,0,,0,,CORRECT_TOTAL_0_16158
2974937,63,2026-05-20 20:10:00,16158,,16158,0,,0,,CORRECT_TOTAL_0_16158
2974938,63,2026-05-20 20:20:00,16158,,16158,0,,0,,CORRECT_TOTAL_0_16158
2974939,63,2026-05-20 20:25:00,16158,,16158,0,,0,,CORRECT_TOTAL_0_16158
2974940,63,2026-05-20 20:30:00,16158,,16158,0,,0,,CORRECT_TOTAL_0_16158
2974941,63,2026-05-20 20:35:00,16158,,16158,0,,0,,CORRECT_TOTAL_0_16158
2974942,63,2026-05-20 20:40:00,16158,,16158,0,,0,,CORRECT_TOTAL_0_16158
2974943,63,2026-05-20 20:45:00,16158,,16158,0,,0,,CORRECT_TOTAL_0_16158
2974944,63,2026-05-20 20:50:00,16158,,16158,0,,0,,CORRECT_TOTAL_0_16158
2974945,63,2026-05-20 20:55:00,16158,,16158,0,,0,,CORRECT_TOTAL_0_16158
2974946,63,2026-05-20 21:00:00,16158,,16158,0,,0,,CORRECT_TOTAL_0_16158
2974947,63,2026-05-20 21:05:00,16158,,16158,0,,0,,CORRECT_TOTAL_0_16158
2974948,63,2026-05-20 21:10:00,16158,,16158,0,,0,,CORRECT_TOTAL_0_16158
2974949,63,2026-05-20 21:15:00,16158,,16158,0,,0,,CORRECT_TOTAL_0_16158
2974950,63,2026-05-20 21:20:00,16158,,16158,0,,0,,CORRECT_TOTAL_0_16158
2974951,63,2026-05-20 21:25:00,16158,,16158,0,,0,,CORRECT_TOTAL_0_16158
2974952,63,2026-05-20 21:30:00,16158,,16158,0,,0,,CORRECT_TOTAL_0_16158
2974953,63,2026-05-20 21:35:00,16158,,16158,0,,0,,CORRECT_TOTAL_0_16158
2974954,63,2026-05-20 21:40:00,16158,,16158,0,,0,,CORRECT_TOTAL_0_16158
2974955,63,2026-05-20 21:45:00,16158,,16158,0,,0,,CORRECT_TOTAL_0_16158
2974956,63,2026-05-20 21:50:00,16158,,16158,0,,0,,CORRECT_TOTAL_0_16158
2974957,63,2026-05-20 21:55:00,16158,,16158,0,,0,,CORRECT_TOTAL_0_16158
2974958,63,2026-05-20 22:00:00,16158,,16158,0,,0,,CORRECT_TOTAL_0_16158
2974959,63,2026-05-20 22:05:00,16158,,16158,0,,0,,CORRECT_TOTAL_0_16158
2974960,63,2026-05-20 22:10:00,16158,,16158,0,,0,,CORRECT_TOTAL_0_16158
2974961,63,2026-05-20 22:15:00,16158,,16158,0,,0,,CORRECT_TOTAL_0_16158
2974962,63,2026-05-20 22:20:00,16158,,16158,0,,0,,CORRECT_TOTAL_0_16158
2974963,63,2026-05-20 22:25:00,16158,,16158,0,,0,,CORRECT_TOTAL_0_16158
2974964,63,2026-05-20 22:30:00,16158,,16158,0,,0,,CORRECT_TOTAL_0_16158
2974965,63,2026-05-20 22:35:00,16158,,16158,0,,0,,CORRECT_TOTAL_0_16158
2974966,63,2026-05-20 22:40:00,16158,,16158,0,,0,,CORRECT_TOTAL_0_16158
2974967,63,2026-05-20 22:45:00,16158,,16158,0,,0,,CORRECT_TOTAL_0_16158
2974968,63,2026-05-20 22:50:00,16158,,16158,0,,0,,CORRECT_TOTAL_0_16158
2974969,63,2026-05-20 22:55:00,16158,,16158,0,,0,,CORRECT_TOTAL_0_16158
2974970,63,2026-05-20 23:00:00,16158,,16158,0,,0,,CORRECT_TOTAL_0_16158
2974971,63,2026-05-20 23:05:00,16158,,16158,0,,0,,CORRECT_TOTAL_0_16158
2974972,63,2026-05-20 23:10:00,16158,,16158,0,,0,,CORRECT_TOTAL_0_16158
2974973,63,2026-05-20 23:15:00,16158,,16158,0,,0,,CORRECT_TOTAL_0_16158
2974974,63,2026-05-20 23:20:00,16158,,16158,0,,0,,CORRECT_TOTAL_0_16158
2974975,63,2026-05-20 23:25:00,16158,,16158,0,,0,,CORRECT_TOTAL_0_16158
2974976,63,2026-05-20 23:30:00,16158,,16158,0,,0,,CORRECT_TOTAL_0_16158
2974977,63,2026-05-20 23:35:00,16158,,16158,0,,0,,CORRECT_TOTAL_0_16158
2974978,63,2026-05-20 23:40:00,16158,,16158,0,,0,,CORRECT_TOTAL_0_16158
2974979,63,2026-05-20 23:45:00,16158,,16158,0,,0,,CORRECT_TOTAL_0_16158
2974980,63,2026-05-20 23:50:00,16158,,16158,0,,0,,CORRECT_TOTAL_0_16158
2974981,63,2026-05-20 23:55:00,16158,,16158,0,,0,,CORRECT_TOTAL_0_16158
2974982,63,2026-05-21 00:00:00,16158,,16158,0,,0,,CORRECT_TOTAL_0_16158
2974983,63,2026-05-21 00:05:00,16158,,16158,0,,0,,CORRECT_TOTAL_0_16158
2974984,63,2026-05-21 00:10:00,16158,,16158,0,,0,,CORRECT_TOTAL_0_16158
2974985,63,2026-05-21 00:15:00,16158,,16158,0,,0,,CORRECT_TOTAL_0_16158
2974986,63,2026-05-21 00:20:00,16158,,16158,0,,0,,CORRECT_TOTAL_0_16158
2974987,63,2026-05-21 00:25:00,16158,,16158,0,,0,,CORRECT_TOTAL_0_16158
2974988,63,2026-05-21 00:30:00,16158,,16158,0,,0,,CORRECT_TOTAL_0_16158
2974989,63,2026-05-21 00:35:00,16158,,16158,0,,0,,CORRECT_TOTAL_0_16158
2974990,63,2026-05-21 00:40:00,16158,,16158,0,,0,,CORRECT_TOTAL_0_16158
2974991,63,2026-05-21 00:45:00,16158,,16158,0,,0,,CORRECT_TOTAL_0_16158
2974992,63,2026-05-21 00:50:00,16158,,16158,0,,0,,CORRECT_TOTAL_0_16158
2974993,63,2026-05-21 00:55:00,16158,,16158,0,,0,,CORRECT_TOTAL_0_16158
2974994,63,2026-05-21 01:00:00,16158,,16158,0,,0,,CORRECT_TOTAL_0_16158
2974995,63,2026-05-21 01:05:00,16158,,16158,0,,0,,CORRECT_TOTAL_0_16158
2974996,63,2026-05-21 01:10:00,16158,,16158,0,,0,,CORRECT_TOTAL_0_16158
2974997,63,2026-05-21 01:15:00,16158,,16158,0,,0,,CORRECT_TOTAL_0_16158
2974998,63,2026-05-21 01:20:00,16158,,16158,0,,0,,CORRECT_TOTAL_0_16158
2974999,63,2026-05-21 01:25:00,16158,,16158,0,,0,,CORRECT_TOTAL_0_16158
2975000,63,2026-05-21 01:30:00,16158,,16158,0,,0,,CORRECT_TOTAL_0_16158
2975001,63,2026-05-21 01:35:00,16158,,16158,0,,0,,CORRECT_TOTAL_0_16158
2975002,63,2026-05-21 01:40:00,16158,,16158,0,,0,,CORRECT_TOTAL_0_16158
2975003,63,2026-05-21 01:45:00,16158,,16158,0,,0,,CORRECT_TOTAL_0_16158
2975004,63,2026-05-21 01:50:00,16158,,16158,0,,0,,CORRECT_TOTAL_0_16158
2975005,63,2026-05-21 01:55:00,16158,,16158,0,,0,,CORRECT_TOTAL_0_16158
2975006,63,2026-05-21 02:00:00,16158,,16158,0,,0,,CORRECT_TOTAL_0_16158
2975007,63,2026-05-21 02:05:00,16158,,16158,0,,0,,CORRECT_TOTAL_0_16158
2975008,63,2026-05-21 02:10:00,16158,,16158,0,,0,,CORRECT_TOTAL_0_16158
2975009,63,2026-05-21 02:15:00,16158,,16158,0,,0,,CORRECT_TOTAL_0_16158
2975010,63,2026-05-21 02:20:00,16158,,16158,0,,0,,CORRECT_TOTAL_0_16158
2975011,63,2026-05-21 02:25:00,16158,,16158,0,,0,,CORRECT_TOTAL_0_16158
2975012,63,2026-05-21 02:30:00,16158,,16158,0,,0,,CORRECT_TOTAL_0_16158
2975013,63,2026-05-21 02:35:00,16158,,16158,0,,0,,CORRECT_TOTAL_0_16158
2975014,63,2026-05-21 02:40:00,16158,,16158,0,,0,,CORRECT_TOTAL_0_16158
2975015,63,2026-05-21 02:45:00,16158,,16158,0,,0,,CORRECT_TOTAL_0_16158
2975016,63,2026-05-21 02:50:00,16158,,16158,0,,0,,CORRECT_TOTAL_0_16158
2975017,63,2026-05-21 02:55:00,16158,,16158,0,,0,,CORRECT_TOTAL_0_16158
2975018,63,2026-05-21 03:00:00,16158,,16158,0,,0,,CORRECT_TOTAL_0_16158
2975019,63,2026-05-21 03:05:00,16158,,16158,0,,0,,CORRECT_TOTAL_0_16158
2975020,63,2026-05-21 03:10:00,16158,,16158,0,,0,,CORRECT_TOTAL_0_16158
2975021,63,2026-05-21 03:15:00,16158,,16158,0,,0,,CORRECT_TOTAL_0_16158
2975022,63,2026-05-21 03:20:00,16158,,16158,0,,0,,CORRECT_TOTAL_0_16158
2975023,63,2026-05-21 03:25:00,16158,,16158,0,,0,,CORRECT_TOTAL_0_16158
2975024,63,2026-05-21 03:30:00,16158,,16158,0,,0,,CORRECT_TOTAL_0_16158
2975025,63,2026-05-21 03:35:00,16158,,16158,0,,0,,CORRECT_TOTAL_0_16158
2975026,63,2026-05-21 03:40:00,16158,,16158,0,,0,,CORRECT_TOTAL_0_16158
2975027,63,2026-05-21 03:45:00,16158,,16158,0,,0,,CORRECT_TOTAL_0_16158
2975028,63,2026-05-21 03:50:00,16158,,16158,0,,0,,CORRECT_TOTAL_0_16158
2975029,63,2026-05-21 03:55:00,16158,,16158,0,,0,,CORRECT_TOTAL_0_16158
2975030,63,2026-05-21 04:00:00,16158,,16158,0,,0,,CORRECT_TOTAL_0_16158
2975031,63,2026-05-21 04:05:00,16158,,16158,0,,0,,CORRECT_TOTAL_0_16158
2975032,63,2026-05-21 04:10:00,16158,,16158,0,,0,,CORRECT_TOTAL_0_16158
2975033,63,2026-05-21 04:15:00,16158,,16158,0,,0,,CORRECT_TOTAL_0_16158
2975034,63,2026-05-21 04:20:00,16158,,16158,0,,0,,CORRECT_TOTAL_0_16158
2975035,63,2026-05-21 04:25:00,16158,,16158,0,,0,,CORRECT_TOTAL_0_16158
2975036,63,2026-05-21 04:30:00,16158,,16158,0,,0,,CORRECT_TOTAL_0_16158
2975037,63,2026-05-21 04:35:00,16158,,16158,0,,0,,CORRECT_TOTAL_0_16158
2975038,63,2026-05-21 04:40:00,16158,,16158,0,,0,,CORRECT_TOTAL_0_16158
2975039,63,2026-05-21 04:45:00,16158,,16158,0,,0,,CORRECT_TOTAL_0_16158
2975040,63,2026-05-21 04:50:00,16158,,16158,0,,0,,CORRECT_TOTAL_0_16158
2975041,63,2026-05-21 05:00:00,16158,,16158,0,,0,,CORRECT_TOTAL_0_16158
2975042,63,2026-05-21 05:05:00,16158,,16158,0,,0,,CORRECT_TOTAL_0_16158
2975043,63,2026-05-21 05:10:00,16158,,16158,0,,0,,CORRECT_TOTAL_0_16158
2975044,63,2026-05-21 05:15:00,16158,,16158,0,,0,,CORRECT_TOTAL_0_16158
2975045,63,2026-05-21 05:20:00,16158,,16158,0,,0,,CORRECT_TOTAL_0_16158
2975046,63,2026-05-21 05:25:00,16158,,16158,0,,0,,CORRECT_TOTAL_0_16158
2975047,63,2026-05-21 05:35:00,16158,,16158,0,,0,,CORRECT_TOTAL_0_16158
2975048,63,2026-05-21 05:40:00,16158,,16158,0,,0,,CORRECT_TOTAL_0_16158
2975049,63,2026-05-21 05:45:00,16158,,16158,0,,0,,CORRECT_TOTAL_0_16158
2975050,63,2026-05-21 05:50:00,16158,,16158,0,,0,,CORRECT_TOTAL_0_16158
2975051,63,2026-05-21 05:55:00,16158,,16158,0,,0,,CORRECT_TOTAL_0_16158
2975052,63,2026-05-21 06:00:00,16158,,16158,0,,0,,CORRECT_TOTAL_0_16158
2975053,63,2026-05-21 06:05:00,16158,,16158,0,,0,,CORRECT_TOTAL_0_16158
2975054,63,2026-05-21 06:10:00,16158,,16158,0,,0,,CORRECT_TOTAL_0_16158
2975055,63,2026-05-21 06:15:00,16158,,16158,0,,0,,CORRECT_TOTAL_0_16158
2975056,63,2026-05-21 06:20:00,16158,,16158,0,,0,,CORRECT_TOTAL_0_16158
2975057,63,2026-05-21 06:25:00,16158,,16158,0,,0,,CORRECT_TOTAL_0_16158
2975058,63,2026-05-21 06:30:00,16158,,16158,0,,0,,CORRECT_TOTAL_0_16158
2975059,63,2026-05-21 06:35:00,16158,,16158,0,,0,,CORRECT_TOTAL_0_16158
2975060,63,2026-05-21 06:40:00,16158,,16158,0,,0,,CORRECT_TOTAL_0_16158
2975061,63,2026-05-21 06:45:00,16158,,16158,0,,0,,CORRECT_TOTAL_0_16158
2975062,63,2026-05-21 06:50:00,16158,,16158,0,,0,,CORRECT_TOTAL_0_16158
2975063,63,2026-05-21 06:55:00,16158,,16158,0,,0,,CORRECT_TOTAL_0_16158
2975064,63,2026-05-21 07:00:00,16158,,16158,0,,0,,CORRECT_TOTAL_0_16158
2975065,63,2026-05-21 07:05:00,16158,,16158,0,,0,,CORRECT_TOTAL_0_16158
2975066,63,2026-05-21 07:10:00,16158,,16158,0,,0,,CORRECT_TOTAL_0_16158
2975067,63,2026-05-21 07:15:00,16158,,16158,0,,0,,CORRECT_TOTAL_0_16158
2975068,63,2026-05-21 07:20:00,16158,,16158,0,,0,,CORRECT_TOTAL_0_16158
2975069,63,2026-05-21 07:25:00,16158,,16158,0,,0,,CORRECT_TOTAL_0_16158
2975070,63,2026-05-21 07:30:00,16158,,16158,0,,0,,CORRECT_TOTAL_0_16158
2975071,63,2026-05-21 07:35:00,16158,,16158,0,,0,,CORRECT_TOTAL_0_16158
2975072,63,2026-05-21 07:40:00,16158,,16158,0,,0,,CORRECT_TOTAL_0_16158
2975073,63,2026-05-21 07:45:00,16158,,16158,0,,0,,CORRECT_TOTAL_0_16158
2975074,63,2026-05-21 07:50:00,16158,,16158,0,,0,,CORRECT_TOTAL_0_16158
2975075,63,2026-05-21 07:55:00,16158,,16158,0,,0,,CORRECT_TOTAL_0_16158
2975076,63,2026-05-21 08:00:00,16158,,16158,0,,0,,CORRECT_TOTAL_0_16158
2975077,63,2026-05-21 08:05:00,16158,,16158,0,,0,,CORRECT_TOTAL_0_16158
2975078,63,2026-05-21 08:10:00,16158,,16158,0,,0,,CORRECT_TOTAL_0_16158
2975079,63,2026-05-21 08:15:00,16158,,16158,0,,0,,CORRECT_TOTAL_0_16158
2975080,63,2026-05-21 08:20:00,16158,,16158,0,,0,,CORRECT_TOTAL_0_16158
2975081,63,2026-05-21 08:25:00,16158,,16158,0,,0,,CORRECT_TOTAL_0_16158
2975082,63,2026-05-21 08:30:00,16158,,16158,0,,0,,CORRECT_TOTAL_0_16158
2975083,63,2026-05-21 08:35:00,16158,,16158,0,,0,,CORRECT_TOTAL_0_16158
2975084,63,2026-05-21 08:40:00,16158,,16158,0,,0,,CORRECT_TOTAL_0_16158
2975085,63,2026-05-21 08:45:00,16158,,16158,0,,0,,CORRECT_TOTAL_0_16158
2975086,63,2026-05-21 08:50:00,16158,,16158,0,,0,,CORRECT_TOTAL_0_16158
2975087,63,2026-05-21 08:55:00,16158,,16158,0,,0,,CORRECT_TOTAL_0_16158
2975088,63,2026-05-21 09:00:00,16158,,16158,0,,0,,CORRECT_TOTAL_0_16158
2975089,63,2026-05-21 09:05:00,16158,,16158,0,,0,,CORRECT_TOTAL_0_16158
2975090,63,2026-05-21 09:10:00,16158,,16158,0,,0,,CORRECT_TOTAL_0_16158
2975091,63,2026-05-21 09:15:00,16158,,16158,0,,0,,CORRECT_TOTAL_0_16158
2975092,63,2026-05-21 09:20:00,16158,,16158,0,,0,,CORRECT_TOTAL_0_16158
2975093,63,2026-05-21 09:25:00,16158,,16158,0,,0,,CORRECT_TOTAL_0_16158
2975094,63,2026-05-21 09:30:00,16158,,16158,0,,0,,CORRECT_TOTAL_0_16158
2975095,63,2026-05-21 09:35:00,16158,,16158,0,,0,,CORRECT_TOTAL_0_16158
2975096,63,2026-05-21 09:40:00,16158,,16158,0,,0,,CORRECT_TOTAL_0_16158
2975097,63,2026-05-21 09:45:00,16158,,16158,0,,0,,CORRECT_TOTAL_0_16158
2975098,63,2026-05-21 09:50:00,16158,,16158,0,,0,,CORRECT_TOTAL_0_16158
2975099,63,2026-05-21 09:55:00,16158,,16158,0,,0,,CORRECT_TOTAL_0_16158
2975100,63,2026-05-21 10:00:00,16158,,16158,0,,0,,CORRECT_TOTAL_0_16158
2975101,63,2026-05-21 10:05:00,16158,,16158,0,,0,,CORRECT_TOTAL_0_16158
2975102,63,2026-05-21 10:10:00,16158,,16158,0,,0,,CORRECT_TOTAL_0_16158
2975103,63,2026-05-21 10:15:00,16158,,16158,0,,0,,CORRECT_TOTAL_0_16158
2975104,63,2026-05-21 10:20:00,16158,,16158,0,,0,,CORRECT_TOTAL_0_16158
2975105,63,2026-05-21 10:25:00,16158,,16158,0,,0,,CORRECT_TOTAL_0_16158
2975106,63,2026-05-21 10:30:00,16158,,16158,0,,0,,CORRECT_TOTAL_0_16158
2975107,63,2026-05-21 10:35:00,16158,,16158,0,,0,,CORRECT_TOTAL_0_16158
2975108,63,2026-05-21 10:40:00,16158,,16158,0,,0,,CORRECT_TOTAL_0_16158
2975109,63,2026-05-21 10:50:00,16158,,16158,0,,0,,CORRECT_TOTAL_0_16158
2975110,63,2026-05-21 10:55:00,16158,,16158,0,,0,,CORRECT_TOTAL_0_16158
2975111,63,2026-05-21 11:00:00,16158,,16158,0,,0,,CORRECT_TOTAL_0_16158
2975112,63,2026-05-21 11:05:00,16158,,16158,0,,0,,CORRECT_TOTAL_0_16158
2975113,63,2026-05-21 11:10:00,16158,,16158,0,,0,,CORRECT_TOTAL_0_16158
2975114,63,2026-05-21 11:15:00,16158,,16158,0,,0,,CORRECT_TOTAL_0_16158
2975115,63,2026-05-21 11:20:00,16158,,16158,0,,0,,CORRECT_TOTAL_0_16158
2975116,63,2026-05-21 11:25:00,16158,,16158,0,,0,,CORRECT_TOTAL_0_16158
2975117,63,2026-05-21 11:35:00,16158,,16158,0,,0,,CORRECT_TOTAL_0_16158
2975118,63,2026-05-21 11:40:00,16158,,16158,0,,0,,CORRECT_TOTAL_0_16158
2975119,63,2026-05-21 11:45:00,16158,,16158,0,,0,,CORRECT_TOTAL_0_16158
2975120,63,2026-05-21 11:50:00,16158,,16158,0,,0,,CORRECT_TOTAL_0_16158
2975121,63,2026-05-21 11:55:00,16158,,16158,0,,0,,CORRECT_TOTAL_0_16158
2975122,63,2026-05-21 12:00:00,16158,,16158,0,,0,,CORRECT_TOTAL_0_16158
2975124,63,2026-05-21 12:05:00,16158,,16158,0,,0,,CORRECT_TOTAL_0_16158
2975125,63,2026-05-21 12:10:00,16158,,16158,0,,0,,CORRECT_TOTAL_0_16158
2975126,63,2026-05-21 12:15:00,16158,,16158,0,,0,,CORRECT_TOTAL_0_16158
2975127,63,2026-05-21 12:20:00,16158,,16158,0,,0,,CORRECT_TOTAL_0_16158
2975128,63,2026-05-21 12:25:00,16158,,16158,0,,0,,CORRECT_TOTAL_0_16158
2975129,63,2026-05-21 12:30:00,16158,,16158,0,,0,,CORRECT_TOTAL_0_16158
2975130,63,2026-05-21 12:35:00,16158,,16158,0,,0,,CORRECT_TOTAL_0_16158
2975131,63,2026-05-21 12:40:00,16158,,16158,0,,0,,CORRECT_TOTAL_0_16158
2975132,63,2026-05-21 12:45:00,16158,,16158,0,,0,,CORRECT_TOTAL_0_16158
2975133,63,2026-05-21 12:50:00,16158,,16158,0,,0,,CORRECT_TOTAL_0_16158
2975134,63,2026-05-21 12:55:00,16158,,16158,0,,0,,CORRECT_TOTAL_0_16158
2975135,63,2026-05-21 13:00:00,16158,,16158,0,,0,,CORRECT_TOTAL_0_16158
2975136,63,2026-05-21 13:05:00,16158,,16158,0,,0,,CORRECT_TOTAL_0_16158
2975137,63,2026-05-21 13:10:00,16158,,16158,0,,0,,CORRECT_TOTAL_0_16158
2975138,63,2026-05-21 13:15:00,16158,,16158,0,,0,,CORRECT_TOTAL_0_16158
2975139,63,2026-05-21 13:20:00,16158,,16158,0,,0,,CORRECT_TOTAL_0_16158
2975140,63,2026-05-21 13:25:00,16158,,16158,0,,0,,CORRECT_TOTAL_0_16158
2975141,63,2026-05-21 13:35:00,16158,,16158,0,,0,,CORRECT_TOTAL_0_16158
2975142,63,2026-05-21 13:40:00,16158,,16158,0,,0,,CORRECT_TOTAL_0_16158
2975143,63,2026-05-21 13:45:00,16158,,16158,0,,0,,CORRECT_TOTAL_0_16158
2975144,63,2026-05-21 13:50:00,16158,,16158,0,,0,,CORRECT_TOTAL_0_16158
2975145,63,2026-05-21 13:55:00,16158,,16158,0,,0,,CORRECT_TOTAL_0_16158
2975146,63,2026-05-21 14:00:00,16158,,16158,0,,0,,CORRECT_TOTAL_0_16158
2975147,63,2026-05-21 14:05:00,16158,,16158,0,,0,,CORRECT_TOTAL_0_16158
2975148,63,2026-05-21 14:10:00,16158,,16158,0,,0,,CORRECT_TOTAL_0_16158
2975149,63,2026-05-21 14:15:00,16158,,16158,0,,0,,CORRECT_TOTAL_0_16158
2975150,63,2026-05-21 14:20:00,16158,,16158,0,,0,,CORRECT_TOTAL_0_16158
2975151,63,2026-05-21 14:25:00,16158,,16158,0,,0,,CORRECT_TOTAL_0_16158
2975152,63,2026-05-21 14:30:00,16158,,16158,0,,0,,CORRECT_TOTAL_0_16158
2975153,63,2026-05-21 14:35:00,16158,,16158,0,,0,,CORRECT_TOTAL_0_16158
2975154,63,2026-05-21 14:40:00,16158,,16158,0,,0,,CORRECT_TOTAL_0_16158
2975155,63,2026-05-21 14:45:00,16158,,16158,0,,0,,CORRECT_TOTAL_0_16158
2975156,63,2026-05-21 14:50:00,16158,,16158,0,,0,,CORRECT_TOTAL_0_16158
2975157,63,2026-05-21 14:55:00,16158,,16158,0,,0,,CORRECT_TOTAL_0_16158
2975158,63,2026-05-21 15:00:00,16158,,16158,0,,0,,CORRECT_TOTAL_0_16158
2975159,63,2026-05-21 15:05:00,16158,,16158,0,,0,,CORRECT_TOTAL_0_16158
2975160,63,2026-05-21 15:10:00,16158,,16158,0,,0,,CORRECT_TOTAL_0_16158
2975161,63,2026-05-21 15:15:00,16158,,16158,0,,0,,CORRECT_TOTAL_0_16158
2975162,63,2026-05-21 15:20:00,16158,,16158,0,,0,,CORRECT_TOTAL_0_16158
2975163,63,2026-05-21 15:25:00,16158,,16158,0,,0,,CORRECT_TOTAL_0_16158
2975164,63,2026-05-21 15:30:00,16158,,16158,0,,0,,CORRECT_TOTAL_0_16158
2975165,63,2026-05-21 15:35:00,16158,,16158,0,,0,,CORRECT_TOTAL_0_16158
2975166,63,2026-05-21 15:40:00,16158,,16158,0,,0,,CORRECT_TOTAL_0_16158
2975167,63,2026-05-21 15:45:00,16158,,16158,0,,0,,CORRECT_TOTAL_0_16158
2975168,63,2026-05-21 15:50:00,16158,,16158,0,,0,,CORRECT_TOTAL_0_16158
2975169,63,2026-05-21 15:55:00,16158,,16158,0,,0,,CORRECT_TOTAL_0_16158
2975170,63,2026-05-21 16:00:00,16158,,16158,0,,0,,CORRECT_TOTAL_0_16158
2975171,63,2026-05-21 16:05:00,16158,,16158,0,,0,,CORRECT_TOTAL_0_16158
2975172,63,2026-05-21 16:10:00,16158,,16158,0,,0,,CORRECT_TOTAL_0_16158
2975173,63,2026-05-21 16:15:00,16158,,16158,0,,0,,CORRECT_TOTAL_0_16158
2975174,63,2026-05-21 16:20:00,16158,,16158,0,,0,,CORRECT_TOTAL_0_16158
2975175,63,2026-05-21 16:25:00,16158,,16158,0,,0,,CORRECT_TOTAL_0_16158
2975176,63,2026-05-21 16:30:00,16158,,16158,0,,0,,CORRECT_TOTAL_0_16158
2975177,63,2026-05-21 16:35:00,16158,,16158,0,,0,,CORRECT_TOTAL_0_16158
2975178,63,2026-05-21 16:40:00,16158,,16158,0,,0,,CORRECT_TOTAL_0_16158
2975179,63,2026-05-21 16:45:00,16158,,16158,0,,0,,CORRECT_TOTAL_0_16158
2975180,63,2026-05-21 16:50:00,16158,,16158,0,,0,,CORRECT_TOTAL_0_16158
2975181,63,2026-05-21 16:55:00,16158,,16158,0,,0,,CORRECT_TOTAL_0_16158
2975182,63,2026-05-21 17:00:00,16158,,16158,0,,0,,CORRECT_TOTAL_0_16158
2975183,63,2026-05-21 17:05:00,16158,,16158,0,,0,,CORRECT_TOTAL_0_16158
2975184,63,2026-05-21 17:10:00,16158,,16158,0,,0,,CORRECT_TOTAL_0_16158
2975185,63,2026-05-21 17:15:00,16158,,16158,0,,0,,CORRECT_TOTAL_0_16158
2975186,63,2026-05-21 17:20:00,16158,,16158,0,,0,,CORRECT_TOTAL_0_16158
2975187,63,2026-05-21 17:25:00,16158,,16158,0,,0,,CORRECT_TOTAL_0_16158
2975188,63,2026-05-21 17:30:00,16158,,16158,0,,0,,CORRECT_TOTAL_0_16158
2975189,63,2026-05-21 17:40:00,16158,,16158,0,,0,,CORRECT_TOTAL_0_16158
2975190,63,2026-05-21 17:45:00,16158,,16158,0,,0,,CORRECT_TOTAL_0_16158
2975191,63,2026-05-21 17:50:00,16158,,16158,0,,0,,CORRECT_TOTAL_0_16158
2975192,63,2026-05-21 17:55:00,16158,,16158,0,,0,,CORRECT_TOTAL_0_16158
2975193,63,2026-05-21 18:00:00,16158,,16158,0,,0,,CORRECT_TOTAL_0_16158
2975194,63,2026-05-21 18:05:00,16158,,16158,0,,0,,CORRECT_TOTAL_0_16158
2975195,63,2026-05-21 18:10:00,16158,,16158,0,,0,,CORRECT_TOTAL_0_16158
2975196,63,2026-05-21 18:15:00,16158,,16158,0,,0,,CORRECT_TOTAL_0_16158
2975197,63,2026-05-21 18:20:00,16158,,16158,0,,0,,CORRECT_TOTAL_0_16158
2975198,63,2026-05-21 18:30:00,16158,,16158,0,,0,,CORRECT_TOTAL_0_16158
2975199,63,2026-05-21 18:35:00,16158,,16158,0,,0,,CORRECT_TOTAL_0_16158
2975200,63,2026-05-21 18:40:00,16158,,16158,0,,0,,CORRECT_TOTAL_0_16158
2975201,63,2026-05-21 18:45:00,16158,,16158,0,,0,,CORRECT_TOTAL_0_16158
2975202,63,2026-05-21 18:50:00,16158,,16158,0,,0,,CORRECT_TOTAL_0_16158
2975203,63,2026-05-21 18:55:00,16158,,16158,0,,0,,CORRECT_TOTAL_0_16158
2975204,63,2026-05-21 19:00:00,16158,,16158,0,,0,,CORRECT_TOTAL_0_16158
2975205,63,2026-05-21 19:05:00,16158,,16158,0,,0,,CORRECT_TOTAL_0_16158
2975206,63,2026-05-21 19:10:00,16158,,16158,0,,0,,CORRECT_TOTAL_0_16158
2975207,63,2026-05-21 19:15:00,16158,,16158,0,,0,,CORRECT_TOTAL_0_16158
2975208,63,2026-05-21 19:20:00,16158,,16158,0,,0,,CORRECT_TOTAL_0_16158
2975209,63,2026-05-21 19:25:00,16158,,16158,0,,0,,CORRECT_TOTAL_0_16158
2975210,63,2026-05-21 19:30:00,16158,,16158,0,,0,,CORRECT_TOTAL_0_16158
2975211,63,2026-05-21 19:35:00,16158,,16158,0,,0,,CORRECT_TOTAL_0_16158
2975212,63,2026-05-21 19:40:00,16158,,16158,0,,0,,CORRECT_TOTAL_0_16158
2975213,63,2026-05-21 19:45:00,16158,,16158,0,,0,,CORRECT_TOTAL_0_16158
2975214,63,2026-05-21 19:50:00,16158,,16158,0,,0,,CORRECT_TOTAL_0_16158
2975215,63,2026-05-21 19:55:00,16158,,16158,0,,0,,CORRECT_TOTAL_0_16158
2975216,63,2026-05-21 20:00:00,16158,,16158,0,,0,,CORRECT_TOTAL_0_16158
2975217,63,2026-05-21 20:05:00,16158,,16158,0,,0,,CORRECT_TOTAL_0_16158
2975218,63,2026-05-21 20:10:00,16158,,16158,0,,0,,CORRECT_TOTAL_0_16158
2975219,63,2026-05-21 20:15:00,16158,,16158,0,,0,,CORRECT_TOTAL_0_16158
2975220,63,2026-05-21 20:20:00,16158,,16158,0,,0,,CORRECT_TOTAL_0_16158
2975221,63,2026-05-21 20:25:00,16158,,16158,0,,0,,CORRECT_TOTAL_0_16158
2975222,63,2026-05-21 20:30:00,16158,,16158,0,,0,,CORRECT_TOTAL_0_16158
2975223,63,2026-05-21 20:35:00,16158,,16158,0,,0,,CORRECT_TOTAL_0_16158
2975224,63,2026-05-21 20:40:00,16158,,16158,0,,0,,CORRECT_TOTAL_0_16158
2975225,63,2026-05-21 20:45:00,16158,,16158,0,,0,,CORRECT_TOTAL_0_16158
2975226,63,2026-05-21 20:50:00,16158,,16158,0,,0,,CORRECT_TOTAL_0_16158
2975227,63,2026-05-21 20:55:00,16158,,16158,0,,0,,CORRECT_TOTAL_0_16158
2975228,63,2026-05-21 21:00:00,16158,,16158,0,,0,,CORRECT_TOTAL_0_16158
2975229,63,2026-05-21 21:05:00,16158,,16158,0,,0,,CORRECT_TOTAL_0_16158
2975230,63,2026-05-21 21:10:00,16158,,16158,0,,0,,CORRECT_TOTAL_0_16158
2975231,63,2026-05-21 21:15:00,16158,,16158,0,,0,,CORRECT_TOTAL_0_16158
2975232,63,2026-05-21 21:20:00,16158,,16158,0,,0,,CORRECT_TOTAL_0_16158
2975233,63,2026-05-21 21:25:00,16158,,16158,0,,0,,CORRECT_TOTAL_0_16158
2975234,63,2026-05-21 21:30:00,16158,,16158,0,,0,,CORRECT_TOTAL_0_16158
2975235,63,2026-05-21 21:35:00,16158,,16158,0,,0,,CORRECT_TOTAL_0_16158
2975236,63,2026-05-21 21:40:00,16158,,16158,0,,0,,CORRECT_TOTAL_0_16158
2975237,63,2026-05-21 21:45:00,16158,,16158,0,,0,,CORRECT_TOTAL_0_16158
2975238,63,2026-05-21 21:50:00,16158,,16158,0,,0,,CORRECT_TOTAL_0_16158
2975239,63,2026-05-21 21:55:00,16158,,16158,0,,0,,CORRECT_TOTAL_0_16158
2975240,63,2026-05-21 22:00:00,16158,,16158,0,,0,,CORRECT_TOTAL_0_16158
2975241,63,2026-05-21 22:05:00,16158,,16158,0,,0,,CORRECT_TOTAL_0_16158
2975242,63,2026-05-21 22:10:00,16158,,16158,0,,0,,CORRECT_TOTAL_0_16158
2975243,63,2026-05-21 22:15:00,16158,,16158,0,,0,,CORRECT_TOTAL_0_16158
2975244,63,2026-05-21 22:20:00,16158,,16158,0,,0,,CORRECT_TOTAL_0_16158
2975245,63,2026-05-21 22:25:00,16158,,16158,0,,0,,CORRECT_TOTAL_0_16158
2975246,63,2026-05-21 22:30:00,16158,,16158,0,,0,,CORRECT_TOTAL_0_16158
2975247,63,2026-05-21 22:35:00,16158,,16158,0,,0,,CORRECT_TOTAL_0_16158
2975248,63,2026-05-21 22:40:00,16158,,16158,0,,0,,CORRECT_TOTAL_0_16158
2975249,63,2026-05-21 22:45:00,16158,,16158,0,,0,,CORRECT_TOTAL_0_16158
2975250,63,2026-05-21 22:50:00,16158,,16158,0,,0,,CORRECT_TOTAL_0_16158
2975251,63,2026-05-21 23:00:00,16158,,16158,0,,0,,CORRECT_TOTAL_0_16158
2975252,63,2026-05-21 23:05:00,16158,,16158,0,,0,,CORRECT_TOTAL_0_16158
2975253,63,2026-05-21 23:10:00,16158,,16158,0,,0,,CORRECT_TOTAL_0_16158
2975254,63,2026-05-21 23:15:00,16158,,16158,0,,0,,CORRECT_TOTAL_0_16158
2975255,63,2026-05-21 23:20:00,16158,,16158,0,,0,,CORRECT_TOTAL_0_16158
2975256,63,2026-05-21 23:25:00,16158,,16158,0,,0,,CORRECT_TOTAL_0_16158
2975257,63,2026-05-21 23:30:00,16158,,16158,0,,0,,CORRECT_TOTAL_0_16158
2975258,63,2026-05-21 23:35:00,16158,,16158,0,,0,,CORRECT_TOTAL_0_16158
2975259,63,2026-05-21 23:40:00,16158,,16158,0,,0,,CORRECT_TOTAL_0_16158
2975260,63,2026-05-21 23:45:00,16158,,16158,0,,0,,CORRECT_TOTAL_0_16158
2975261,63,2026-05-21 23:50:00,16158,,16158,0,,0,,CORRECT_TOTAL_0_16158
2975262,63,2026-05-21 23:55:00,16158,,16158,0,,0,,CORRECT_TOTAL_0_16158
2975263,63,2026-05-22 00:00:00,16158,,16158,0,,0,,CORRECT_TOTAL_0_16158
2975264,63,2026-05-22 00:05:00,16158,,16158,0,,0,,CORRECT_TOTAL_0_16158
2975265,63,2026-05-22 00:10:00,16158,,16158,0,,0,,CORRECT_TOTAL_0_16158
2975266,63,2026-05-22 00:15:00,16158,,16158,0,,0,,CORRECT_TOTAL_0_16158
2975267,63,2026-05-22 00:20:00,16158,,16158,0,,0,,CORRECT_TOTAL_0_16158
2975268,63,2026-05-22 00:25:00,16158,,16158,0,,0,,CORRECT_TOTAL_0_16158
2975269,63,2026-05-22 00:30:00,16158,,16158,0,,0,,CORRECT_TOTAL_0_16158
2975270,63,2026-05-22 00:35:00,16158,,16158,0,,0,,CORRECT_TOTAL_0_16158
2975271,63,2026-05-22 00:40:00,16158,,16158,0,,0,,CORRECT_TOTAL_0_16158
2975272,63,2026-05-22 00:45:00,16158,,16158,0,,0,,CORRECT_TOTAL_0_16158
2975273,63,2026-05-22 00:50:00,16158,,16158,0,,0,,CORRECT_TOTAL_0_16158
2975274,63,2026-05-22 00:55:00,16158,,16158,0,,0,,CORRECT_TOTAL_0_16158
2975275,63,2026-05-22 01:00:00,16158,,16158,0,,0,,CORRECT_TOTAL_0_16158
2975276,63,2026-05-22 01:05:00,16158,,16158,0,,0,,CORRECT_TOTAL_0_16158
2975277,63,2026-05-22 01:10:00,16158,,16158,0,,0,,CORRECT_TOTAL_0_16158
2975278,63,2026-05-22 01:15:00,16158,,16158,0,,0,,CORRECT_TOTAL_0_16158
2975279,63,2026-05-22 01:20:00,16158,,16158,0,,0,,CORRECT_TOTAL_0_16158
2975280,63,2026-05-22 01:25:00,16158,,16158,0,,0,,CORRECT_TOTAL_0_16158
2975281,63,2026-05-22 01:30:00,16158,,16158,0,,0,,CORRECT_TOTAL_0_16158
2975282,63,2026-05-22 01:35:00,16158,,16158,0,,0,,CORRECT_TOTAL_0_16158
2975283,63,2026-05-22 01:40:00,16158,,16158,0,,0,,CORRECT_TOTAL_0_16158
2975284,63,2026-05-22 01:45:00,16158,,16158,0,,0,,CORRECT_TOTAL_0_16158
2975285,63,2026-05-22 01:50:00,16158,,16158,0,,0,,CORRECT_TOTAL_0_16158
2975286,63,2026-05-22 01:55:00,16158,,16158,0,,0,,CORRECT_TOTAL_0_16158
2975287,63,2026-05-22 02:00:00,16158,,16158,0,,0,,CORRECT_TOTAL_0_16158
2975288,63,2026-05-22 02:05:00,16158,,16158,0,,0,,CORRECT_TOTAL_0_16158
2975289,63,2026-05-22 02:10:00,16158,,16158,0,,0,,CORRECT_TOTAL_0_16158
2975290,63,2026-05-22 02:15:00,16158,,16158,0,,0,,CORRECT_TOTAL_0_16158
2975291,63,2026-05-22 02:20:00,16158,,16158,0,,0,,CORRECT_TOTAL_0_16158
2975292,63,2026-05-22 02:25:00,16158,,16158,0,,0,,CORRECT_TOTAL_0_16158
2975293,63,2026-05-22 02:30:00,16158,,16158,0,,0,,CORRECT_TOTAL_0_16158
2975294,63,2026-05-22 02:35:00,16158,,16158,0,,0,,CORRECT_TOTAL_0_16158
2975295,63,2026-05-22 02:40:00,16158,,16158,0,,0,,CORRECT_TOTAL_0_16158
2975296,63,2026-05-22 02:45:00,16158,,16158,0,,0,,CORRECT_TOTAL_0_16158
2975297,63,2026-05-22 02:50:00,16158,,16158,0,,0,,CORRECT_TOTAL_0_16158
2975298,63,2026-05-22 02:55:00,16158,,16158,0,,0,,CORRECT_TOTAL_0_16158
2975299,63,2026-05-22 03:00:00,16158,,16158,0,,0,,CORRECT_TOTAL_0_16158
2975300,63,2026-05-22 03:05:00,16158,,16158,0,,0,,CORRECT_TOTAL_0_16158
2975301,63,2026-05-22 03:10:00,16158,,16158,0,,0,,CORRECT_TOTAL_0_16158
2975302,63,2026-05-22 03:15:00,16158,,16158,0,,0,,CORRECT_TOTAL_0_16158
2975303,63,2026-05-22 03:20:00,16158,,16158,0,,0,,CORRECT_TOTAL_0_16158
2975304,63,2026-05-22 03:25:00,16158,,16158,0,,0,,CORRECT_TOTAL_0_16158
2975305,63,2026-05-22 03:30:00,16158,,16158,0,,0,,CORRECT_TOTAL_0_16158
2975306,63,2026-05-22 03:35:00,16158,,16158,0,,0,,CORRECT_TOTAL_0_16158
2975307,63,2026-05-22 03:40:00,16158,,16158,0,,0,,CORRECT_TOTAL_0_16158
2975308,63,2026-05-22 03:45:00,16158,,16158,0,,0,,CORRECT_TOTAL_0_16158
2975309,63,2026-05-22 03:50:00,16158,,16158,0,,0,,CORRECT_TOTAL_0_16158
2975310,63,2026-05-22 03:55:00,16158,,16158,0,,0,,CORRECT_TOTAL_0_16158
2975311,63,2026-05-22 04:00:00,16158,,16158,0,,0,,CORRECT_TOTAL_0_16158
2975312,63,2026-05-22 04:05:00,16158,,16158,0,,0,,CORRECT_TOTAL_0_16158
2975313,63,2026-05-22 04:10:00,16158,,16158,0,,0,,CORRECT_TOTAL_0_16158
2975314,63,2026-05-22 04:15:00,16158,,16158,0,,0,,CORRECT_TOTAL_0_16158
2975315,63,2026-05-22 04:20:00,16158,,16158,0,,0,,CORRECT_TOTAL_0_16158
2975316,63,2026-05-22 04:25:00,16158,,16158,0,,0,,CORRECT_TOTAL_0_16158
2975317,63,2026-05-22 04:30:00,16158,,16158,0,,0,,CORRECT_TOTAL_0_16158
2975318,63,2026-05-22 04:35:00,16158,,16158,0,,0,,CORRECT_TOTAL_0_16158
2975319,63,2026-05-22 04:40:00,16158,,16158,0,,0,,CORRECT_TOTAL_0_16158
2975320,63,2026-05-22 04:45:00,16158,,16158,0,,0,,CORRECT_TOTAL_0_16158
2975321,63,2026-05-22 04:50:00,16158,,16158,0,,0,,CORRECT_TOTAL_0_16158
2975322,63,2026-05-22 04:55:00,16158,,16158,0,,0,,CORRECT_TOTAL_0_16158
2975323,63,2026-05-22 05:00:00,16158,,16158,0,,0,,CORRECT_TOTAL_0_16158
2975324,63,2026-05-22 05:05:00,16158,,16158,0,,0,,CORRECT_TOTAL_0_16158
2975325,63,2026-05-22 05:10:00,16158,,16158,0,,0,,CORRECT_TOTAL_0_16158
2975326,63,2026-05-22 05:15:00,16158,,16158,0,,0,,CORRECT_TOTAL_0_16158
2975327,63,2026-05-22 05:20:00,16158,,16158,0,,0,,CORRECT_TOTAL_0_16158
2975328,63,2026-05-22 05:25:00,16158,,16158,0,,0,,CORRECT_TOTAL_0_16158
2975329,63,2026-05-22 05:30:00,16158,,16158,0,,0,,CORRECT_TOTAL_0_16158
2975330,63,2026-05-22 05:35:00,16158,,16158,0,,0,,CORRECT_TOTAL_0_16158
2975331,63,2026-05-22 05:40:00,16158,,16158,0,,0,,CORRECT_TOTAL_0_16158
2975332,63,2026-05-22 05:45:00,16158,,16158,0,,0,,CORRECT_TOTAL_0_16158
2975333,63,2026-05-22 05:50:00,16158,,16158,0,,0,,CORRECT_TOTAL_0_16158
2975334,63,2026-05-22 05:55:00,16158,,16158,0,,0,,CORRECT_TOTAL_0_16158
2975335,63,2026-05-22 06:00:00,16158,,16158,0,,0,,CORRECT_TOTAL_0_16158
2975336,63,2026-05-22 06:05:00,16158,,16158,0,,0,,CORRECT_TOTAL_0_16158
2975337,63,2026-05-22 06:10:00,16158,,16158,0,,0,,CORRECT_TOTAL_0_16158
2975338,63,2026-05-22 06:15:00,16158,,16158,0,,0,,CORRECT_TOTAL_0_16158
2975339,63,2026-05-22 06:20:00,16158,,16158,0,,0,,CORRECT_TOTAL_0_16158
2975340,63,2026-05-22 06:25:00,16158,,16158,0,,0,,CORRECT_TOTAL_0_16158
2975341,63,2026-05-22 06:30:00,16158,,16158,0,,0,,CORRECT_TOTAL_0_16158
2975342,63,2026-05-22 06:35:00,16158,,16158,0,,0,,CORRECT_TOTAL_0_16158
2975343,63,2026-05-22 06:40:00,16158,,16158,0,,0,,CORRECT_TOTAL_0_16158
2975344,63,2026-05-22 06:45:00,16158,,16158,0,,0,,CORRECT_TOTAL_0_16158
2975345,63,2026-05-22 06:50:00,16158,,16158,0,,0,,CORRECT_TOTAL_0_16158
2975346,63,2026-05-22 06:55:00,16158,,16158,0,,0,,CORRECT_TOTAL_0_16158
2975347,63,2026-05-22 07:00:00,16158,,16158,0,,0,,CORRECT_TOTAL_0_16158
2975348,63,2026-05-22 07:05:00,16158,,16158,0,,0,,CORRECT_TOTAL_0_16158
2975349,63,2026-05-22 07:10:00,16158,,16158,0,,0,,CORRECT_TOTAL_0_16158
2975350,63,2026-05-22 07:15:00,16158,,16158,0,,0,,CORRECT_TOTAL_0_16158
2975351,63,2026-05-22 07:25:00,16158,,16158,0,,0,,CORRECT_TOTAL_0_16158
2975352,63,2026-05-22 07:30:00,16158,,16158,0,,0,,CORRECT_TOTAL_0_16158
2975353,63,2026-05-22 07:35:00,16158,,16158,0,,0,,CORRECT_TOTAL_0_16158
2975354,63,2026-05-22 07:40:00,16158,,16158,0,,0,,CORRECT_TOTAL_0_16158
2975355,63,2026-05-22 07:45:00,16158,,16158,0,,0,,CORRECT_TOTAL_0_16158
2975356,63,2026-05-22 07:50:00,16158,,16158,0,,0,,CORRECT_TOTAL_0_16158
2975357,63,2026-05-22 07:55:00,16158,,16158,0,,0,,CORRECT_TOTAL_0_16158
2975358,63,2026-05-22 08:00:00,16158,,16158,0,,0,,CORRECT_TOTAL_0_16158
2975359,63,2026-05-22 08:05:00,16158,,16158,0,,0,,CORRECT_TOTAL_0_16158
2975360,63,2026-05-22 08:10:00,16158,,16158,0,,0,,CORRECT_TOTAL_0_16158
2975361,63,2026-05-22 08:15:00,16158,,16158,0,,0,,CORRECT_TOTAL_0_16158
2975362,63,2026-05-22 08:20:00,16158,,16158,0,,0,,CORRECT_TOTAL_0_16158
2975363,63,2026-05-22 08:25:00,16158,,16158,0,,0,,CORRECT_TOTAL_0_16158
2975364,63,2026-05-22 08:30:00,16158,,16158,0,,0,,CORRECT_TOTAL_0_16158
2975365,63,2026-05-22 08:35:00,16158,,16158,0,,0,,CORRECT_TOTAL_0_16158
2975366,63,2026-05-22 08:40:00,16158,,16158,0,,0,,CORRECT_TOTAL_0_16158
2975367,63,2026-05-22 08:45:00,16158,,16158,0,,0,,CORRECT_TOTAL_0_16158
2975368,63,2026-05-22 08:50:00,16158,,16158,0,,0,,CORRECT_TOTAL_0_16158
2975369,63,2026-05-22 08:55:00,16158,,16158,0,,0,,CORRECT_TOTAL_0_16158
2975370,63,2026-05-22 09:00:00,16158,,16158,0,,0,,CORRECT_TOTAL_0_16158
2975371,63,2026-05-22 09:05:00,16158,,16158,0,,0,,CORRECT_TOTAL_0_16158
2975372,63,2026-05-22 09:10:00,16158,,16158,0,,0,,CORRECT_TOTAL_0_16158
2975373,63,2026-05-22 09:15:00,16158,,16158,0,,0,,CORRECT_TOTAL_0_16158
2975374,63,2026-05-22 09:20:00,16158,,16158,0,,0,,CORRECT_TOTAL_0_16158
2975375,63,2026-05-22 09:25:00,16158,,16158,0,,0,,CORRECT_TOTAL_0_16158
2975376,63,2026-05-22 09:30:00,16158,,16158,0,,0,,CORRECT_TOTAL_0_16158
2975377,63,2026-05-22 09:35:00,16158,,16158,0,,0,,CORRECT_TOTAL_0_16158
2975378,63,2026-05-22 09:40:00,16158,,16158,0,,0,,CORRECT_TOTAL_0_16158
2975379,63,2026-05-22 09:45:00,16158,,16158,0,,0,,CORRECT_TOTAL_0_16158
2975380,63,2026-05-22 09:50:00,16158,,16158,0,,0,,CORRECT_TOTAL_0_16158
2975381,63,2026-05-22 09:55:00,16158,,16158,0,,0,,CORRECT_TOTAL_0_16158
2975382,63,2026-05-22 10:00:00,16158,,16158,0,,0,,CORRECT_TOTAL_0_16158
2975383,63,2026-05-22 10:05:00,16158,,16158,0,,0,,CORRECT_TOTAL_0_16158
2975384,63,2026-05-22 10:10:00,16158,,16158,0,,0,,CORRECT_TOTAL_0_16158
2975385,63,2026-05-22 10:15:00,16158,,16158,0,,0,,CORRECT_TOTAL_0_16158
2975386,63,2026-05-22 10:20:00,16158,,16158,0,,0,,CORRECT_TOTAL_0_16158
2975387,63,2026-05-22 10:25:00,16158,,16158,0,,0,,CORRECT_TOTAL_0_16158
2975388,63,2026-05-22 10:30:00,16158,,16158,0,,0,,CORRECT_TOTAL_0_16158
2975389,63,2026-05-22 10:35:00,16158,,16158,0,,0,,CORRECT_TOTAL_0_16158
2975390,63,2026-05-22 10:40:00,16158,,16158,0,,0,,CORRECT_TOTAL_0_16158
2975391,63,2026-05-22 10:45:00,16158,,16158,0,,0,,CORRECT_TOTAL_0_16158
2975392,63,2026-05-22 10:50:00,16158,,16158,0,,0,,CORRECT_TOTAL_0_16158
2975393,63,2026-05-22 10:55:00,16158,,16158,0,,0,,CORRECT_TOTAL_0_16158
2975394,63,2026-05-22 11:00:00,16158,,16158,0,,0,,CORRECT_TOTAL_0_16158
2975395,63,2026-05-22 11:05:00,16158,,16158,0,,0,,CORRECT_TOTAL_0_16158
2975396,63,2026-05-22 11:10:00,16158,,16158,0,,0,,CORRECT_TOTAL_0_16158
2975397,63,2026-05-22 11:15:00,16158,,16158,0,,0,,CORRECT_TOTAL_0_16158
2975398,63,2026-05-22 11:20:00,16158,,16158,0,,0,,CORRECT_TOTAL_0_16158
2975399,63,2026-05-22 11:25:00,16158,,16158,0,,0,,CORRECT_TOTAL_0_16158
2975400,63,2026-05-22 11:30:00,16158,,16158,0,,0,,CORRECT_TOTAL_0_16158
2975401,63,2026-05-22 11:35:00,16158,,16158,0,,0,,CORRECT_TOTAL_0_16158
2975402,63,2026-05-22 11:40:00,16158,,16158,0,,0,,CORRECT_TOTAL_0_16158
2975403,63,2026-05-22 11:45:00,16158,,16158,0,,0,,CORRECT_TOTAL_0_16158
2975404,63,2026-05-22 11:50:00,16158,,16158,0,,0,,CORRECT_TOTAL_0_16158
2975405,63,2026-05-22 11:55:00,16158,,16158,0,,0,,CORRECT_TOTAL_0_16158
2975406,63,2026-05-22 12:00:00,16158,,16158,0,,0,,CORRECT_TOTAL_0_16158
2970130,63,2026-05-22 15:46:00,16158,16158,16158,0,,0,,KEEP_TOTAL
2970141,63,2026-05-22 15:51:00,16158,16158,16158,0,,0,,KEEP_TOTAL
2970148,63,2026-05-22 15:56:00,16158,16158,16158,0,,0,,KEEP_TOTAL
2966454,174,2026-05-20 00:00:00,73431,7343,7343,0,,0,,KEEP_TOTAL
2966693,174,2026-05-20 01:00:00,73431,7343,7343,0,,0,,KEEP_TOTAL
2966932,174,2026-05-20 02:00:00,73431,7343,7343,0,,0,,KEEP_TOTAL
2967171,174,2026-05-20 03:00:00,73431,7343,7343,0,,0,,KEEP_TOTAL
2967410,174,2026-05-20 04:00:00,73431,7343,7343,0,,0,,KEEP_TOTAL
2967649,174,2026-05-20 05:00:00,73431,7343,7343,0,,0,,KEEP_TOTAL
2967888,174,2026-05-20 06:00:00,73431,7343,7343,0,,0,,KEEP_TOTAL
2968127,174,2026-05-20 07:00:00,73431,7343,7343,0,,0,,KEEP_TOTAL
2968338,174,2026-05-20 08:00:00,73431,7343,7343,0,,0,,KEEP_TOTAL
2968605,174,2026-05-20 09:00:00,73431,7343,7343,0,,0,,KEEP_TOTAL
2968844,174,2026-05-20 10:00:00,73431,7343,7343,0,,0,,KEEP_TOTAL
2969084,174,2026-05-20 11:00:00,73431,7343,7343,0,,0,,KEEP_TOTAL
2969322,174,2026-05-20 12:00:00,73431,7343,7343,0,,0,,KEEP_TOTAL
2969561,174,2026-05-20 13:00:00,73431,7343,7343,0,,0,,KEEP_TOTAL
2969800,174,2026-05-20 14:00:00,73431,7343,7343,0,,0,,KEEP_TOTAL
2969999,174,2026-05-20 15:00:00,73431,7343,7343,0,,0,,KEEP_TOTAL
2966442,45,2026-05-20 00:00:00,75,75,75,0,,0,,KEEP_TOTAL
2966681,45,2026-05-20 01:00:00,75,75,75,0,,0,,KEEP_TOTAL
2966920,45,2026-05-20 02:00:00,75,75,75,0,,0,,KEEP_TOTAL
2967159,45,2026-05-20 03:00:00,75,75,75,0,,0,,KEEP_TOTAL
2967398,45,2026-05-20 04:00:00,75,75,75,0,,0,,KEEP_TOTAL
2967621,45,2026-05-20 05:00:00,75,75,75,0,,0,,KEEP_TOTAL
2967876,45,2026-05-20 06:00:00,75,75,75,0,,0,,KEEP_TOTAL
2968115,45,2026-05-20 07:00:00,75,75,75,0,,0,,KEEP_TOTAL
2968325,45,2026-05-20 08:00:00,75,75,75,0,,0,,KEEP_TOTAL
2968593,45,2026-05-20 09:00:00,75,75,75,0,,0,,KEEP_TOTAL
2968832,45,2026-05-20 10:00:00,75,75,75,0,,0,,KEEP_TOTAL
2969071,45,2026-05-20 11:00:00,75,75,75,0,,0,,KEEP_TOTAL
2969272,45,2026-05-20 12:00:00,75,75,75,0,,0,,KEEP_TOTAL
2969549,45,2026-05-20 13:00:00,75,75,75,0,,0,,KEEP_TOTAL
2969788,45,2026-05-20 14:00:00,75,75,75,0,,0,,KEEP_TOTAL
2969985,45,2026-05-20 15:00:00,75,75,75,0,,0,,KEEP_TOTAL
2966491,6,2026-05-20 00:00:00,119816285,1197729,1198163,88,,1607,,CORRECT_TOTAL_1197729_1198163
2966730,6,2026-05-20 01:00:00,119825150,1197818,1198252,89,,1696,,CORRECT_TOTAL_1197818_1198252
2966969,6,2026-05-20 02:00:00,119834022,1197906,1198341,88,,1784,,CORRECT_TOTAL_1197906_1198341
2967208,6,2026-05-20 03:00:00,119842886,1197994,1198429,88,,1872,,CORRECT_TOTAL_1197994_1198429
2967447,6,2026-05-20 04:00:00,119808300,1198083,2396512,89,,0,,CORRECT_TOTAL_1198083_2396512
2967686,6,2026-05-20 05:00:00,119817171,1198172,2396601,89,,89,,CORRECT_TOTAL_1198172_2396601
2967925,6,2026-05-20 06:00:00,119826037,1198260,2396690,88,,177,,CORRECT_TOTAL_1198260_2396690
2968164,6,2026-05-20 07:00:00,119834908,1198349,2396778,89,,266,,CORRECT_TOTAL_1198349_2396778
2968377,6,2026-05-20 08:00:00,119843773,1198438,2396867,89,,355,,CORRECT_TOTAL_1198438_2396867
2968642,6,2026-05-20 09:00:00,119852640,1198526,2396956,88,,443,,CORRECT_TOTAL_1198526_2396956
2968881,6,2026-05-20 10:00:00,119861509,1198615,2397044,89,,532,,CORRECT_TOTAL_1198615_2397044
2969120,6,2026-05-20 11:00:00,119870360,1198704,2397133,89,,621,,CORRECT_TOTAL_1198704_2397133
2969359,6,2026-05-20 12:00:00,119879214,1198792,2397221,88,,709,,CORRECT_TOTAL_1198792_2397221
2969598,6,2026-05-20 13:00:00,119888059,1198881,2397310,89,,798,,CORRECT_TOTAL_1198881_2397310
2969837,6,2026-05-20 14:00:00,119896902,1198969,2397398,88,,886,,CORRECT_TOTAL_1198969_2397398
2970053,6,2026-05-20 15:00:00,119905737,1199057,2397487,88,,974,,CORRECT_TOTAL_1199057_2397487
2978086,6,2026-05-20 20:00:00,119984237,,2398272,0,,0,,CORRECT_TOTAL_0_2398272
2978087,6,2026-05-20 21:00:00,119993102,,2398360,0,,0,,CORRECT_TOTAL_0_2398360
2978088,6,2026-05-20 22:00:00,120001960,,2398449,0,,0,,CORRECT_TOTAL_0_2398449
2978089,6,2026-05-20 23:00:00,120010828,,2398537,0,,0,,CORRECT_TOTAL_0_2398537
2978090,6,2026-05-21 00:00:00,120019690,,2398626,0,,0,,CORRECT_TOTAL_0_2398626
2978091,6,2026-05-21 01:00:00,120028555,,2398715,0,,0,,CORRECT_TOTAL_0_2398715
2978092,6,2026-05-21 02:00:00,120037427,,2398803,0,,0,,CORRECT_TOTAL_0_2398803
2978093,6,2026-05-21 03:00:00,120042443,,2398854,0,,0,,CORRECT_TOTAL_0_2398854
2978094,6,2026-05-21 04:00:00,120051170,,2398941,0,,0,,CORRECT_TOTAL_0_2398941
2978095,6,2026-05-21 05:00:00,120060198,,2399031,0,,0,,CORRECT_TOTAL_0_2399031
2978096,6,2026-05-21 06:00:00,120068923,,2399118,0,,0,,CORRECT_TOTAL_0_2399118
2978097,6,2026-05-21 07:00:00,120077805,,2399207,0,,0,,CORRECT_TOTAL_0_2399207
2978098,6,2026-05-21 08:00:00,120086678,,2399296,0,,0,,CORRECT_TOTAL_0_2399296
2978099,6,2026-05-21 09:00:00,120095527,,2399384,0,,0,,CORRECT_TOTAL_0_2399384
2978100,6,2026-05-21 10:00:00,120104382,,2399473,0,,0,,CORRECT_TOTAL_0_2399473
2978101,6,2026-05-21 11:00:00,120113236,,2399562,0,,0,,CORRECT_TOTAL_0_2399562
2978102,6,2026-05-21 12:00:00,120122080,,2399650,0,,0,,CORRECT_TOTAL_0_2399650
2978103,6,2026-05-21 13:00:00,120130916,,2399738,0,,0,,CORRECT_TOTAL_0_2399738
2978104,6,2026-05-21 14:00:00,120139761,,2399827,0,,0,,CORRECT_TOTAL_0_2399827
2978105,6,2026-05-21 15:00:00,120148599,,2399915,0,,0,,CORRECT_TOTAL_0_2399915
2978106,6,2026-05-21 16:00:00,120157427,,2400003,0,,0,,CORRECT_TOTAL_0_2400003
2978107,6,2026-05-21 17:00:00,120166264,,2400092,0,,0,,CORRECT_TOTAL_0_2400092
2978108,6,2026-05-21 18:00:00,120175098,,2400180,0,,0,,CORRECT_TOTAL_0_2400180
2978109,6,2026-05-21 19:00:00,120183930,,2400268,0,,0,,CORRECT_TOTAL_0_2400268
2978110,6,2026-05-21 20:00:00,120192769,,2400357,0,,0,,CORRECT_TOTAL_0_2400357
2978111,6,2026-05-21 21:00:00,120201624,,2400445,0,,0,,CORRECT_TOTAL_0_2400445
2978112,6,2026-05-21 22:00:00,120210467,,2400534,0,,0,,CORRECT_TOTAL_0_2400534
2978113,6,2026-05-21 23:00:00,120219314,,2400622,0,,0,,CORRECT_TOTAL_0_2400622
2978114,6,2026-05-22 00:00:00,120228163,,2400711,0,,0,,CORRECT_TOTAL_0_2400711
2978115,6,2026-05-22 01:00:00,120237020,,2400799,0,,0,,CORRECT_TOTAL_0_2400799
2978116,6,2026-05-22 02:00:00,120245872,,2400888,0,,0,,CORRECT_TOTAL_0_2400888
2978117,6,2026-05-22 03:00:00,120254719,,2400976,0,,0,,CORRECT_TOTAL_0_2400976
2978118,6,2026-05-22 04:00:00,120263560,,2401065,0,,0,,CORRECT_TOTAL_0_2401065
2978119,6,2026-05-22 05:00:00,120272407,,2401153,0,,0,,CORRECT_TOTAL_0_2401153
2978120,6,2026-05-22 06:00:00,120281256,,2401242,0,,0,,CORRECT_TOTAL_0_2401242
2978121,6,2026-05-22 07:00:00,120290097,,2401330,0,,0,,CORRECT_TOTAL_0_2401330
2978122,6,2026-05-22 08:00:00,120298922,,2401418,0,,0,,CORRECT_TOTAL_0_2401418
2978123,6,2026-05-22 09:00:00,120307736,,2401507,0,,0,,CORRECT_TOTAL_0_2401507
2978124,6,2026-05-22 10:00:00,120316554,,2401595,0,,0,,CORRECT_TOTAL_0_2401595
2978125,6,2026-05-22 11:00:00,120325383,,2401683,0,,0,,CORRECT_TOTAL_0_2401683
2978126,6,2026-05-22 12:00:00,120326265,,2401692,0,,0,,CORRECT_TOTAL_0_2401692
2966430,134,2026-05-20 00:00:00,157102,157102,157102,0,,460,,KEEP_TOTAL
2966669,134,2026-05-20 01:00:00,157102,157102,157102,0,,460,,KEEP_TOTAL
2966908,134,2026-05-20 02:00:00,157102,157102,157102,0,,460,,KEEP_TOTAL
2967147,134,2026-05-20 03:00:00,157104,157104,157104,2,,462,,KEEP_TOTAL
2967386,134,2026-05-20 04:00:00,157129,157129,157129,25,,0,,KEEP_TOTAL
2967643,134,2026-05-20 05:00:00,157154,157154,157154,25,,25,,KEEP_TOTAL
2967864,134,2026-05-20 06:00:00,157178,157178,157178,24,,49,,KEEP_TOTAL
2968104,134,2026-05-20 07:00:00,157207,157207,157207,29,,78,,KEEP_TOTAL
2968448,134,2026-05-20 08:00:00,157231,157231,157231,24,,102,,KEEP_TOTAL
2968581,134,2026-05-20 09:00:00,157244,157244,157244,13,,115,,KEEP_TOTAL
2968820,134,2026-05-20 10:00:00,157258,157258,157258,14,,129,,KEEP_TOTAL
2969059,134,2026-05-20 11:00:00,157284,157284,157284,26,,155,,KEEP_TOTAL
2969315,134,2026-05-20 12:00:00,157314,157314,157314,30,,185,,KEEP_TOTAL
2969538,134,2026-05-20 13:00:00,157348,157348,157348,34,,219,,KEEP_TOTAL
2969776,134,2026-05-20 14:00:00,157377,157377,157377,29,,248,,KEEP_TOTAL
2970090,134,2026-05-20 15:00:00,157406,157406,157406,29,,277,,KEEP_TOTAL
2966421,86,2026-05-20 00:00:00,782752,78275,78275,0,,0,,KEEP_TOTAL
2966660,86,2026-05-20 01:00:00,782752,78275,78275,0,,0,,KEEP_TOTAL
2966899,86,2026-05-20 02:00:00,782752,78275,78275,0,,0,,KEEP_TOTAL
2967138,86,2026-05-20 03:00:00,924347,92435,92435,14160,,14160,,KEEP_TOTAL
2967377,86,2026-05-20 04:00:00,924347,92435,92435,0,,0,,KEEP_TOTAL
2967633,86,2026-05-20 05:00:00,924486,92449,92448,14,,14,,CORRECT_TOTAL_92449_92448
2967855,86,2026-05-20 06:00:00,924486,92449,92448,0,,14,,CORRECT_TOTAL_92449_92448
2968094,86,2026-05-20 07:00:00,924486,92449,92448,0,,14,,CORRECT_TOTAL_92449_92448
2968439,86,2026-05-20 08:00:00,924486,92449,92448,0,,14,,CORRECT_TOTAL_92449_92448
2968572,86,2026-05-20 09:00:00,924486,92449,92448,0,,14,,CORRECT_TOTAL_92449_92448
2968811,86,2026-05-20 10:00:00,924486,92449,92448,0,,14,,CORRECT_TOTAL_92449_92448
2969050,86,2026-05-20 11:00:00,924486,92449,92448,0,,14,,CORRECT_TOTAL_92449_92448
2969305,86,2026-05-20 12:00:00,924486,92449,92448,0,,14,,CORRECT_TOTAL_92449_92448
2969529,86,2026-05-20 13:00:00,924649,92465,92465,16,,30,,KEEP_TOTAL
2969767,86,2026-05-20 14:00:00,924803,92480,92480,15,,45,,KEEP_TOTAL
2970075,86,2026-05-20 15:00:00,924803,92480,92480,0,,45,,KEEP_TOTAL
2966502,163,2026-05-20 00:00:00,91118,91118,91118,0,,20,,KEEP_TOTAL
2966741,163,2026-05-20 01:00:00,91118,91118,91118,0,,20,,KEEP_TOTAL
2966980,163,2026-05-20 02:00:00,91118,91118,91118,0,,20,,KEEP_TOTAL
2967219,163,2026-05-20 03:00:00,91118,91118,91118,0,,20,,KEEP_TOTAL
2967458,163,2026-05-20 04:00:00,91118,91118,91118,0,,0,,KEEP_TOTAL
2967697,163,2026-05-20 05:00:00,91118,91118,91118,0,,0,,KEEP_TOTAL
2967936,163,2026-05-20 06:00:00,91118,91118,91118,0,,0,,KEEP_TOTAL
2968175,163,2026-05-20 07:00:00,91118,91118,91118,0,,0,,KEEP_TOTAL
2968388,163,2026-05-20 08:00:00,91118,91118,91118,0,,0,,KEEP_TOTAL
2968653,163,2026-05-20 09:00:00,91118,91118,91118,0,,0,,KEEP_TOTAL
2968892,163,2026-05-20 10:00:00,91118,91118,91118,0,,0,,KEEP_TOTAL
2969131,163,2026-05-20 11:00:00,91118,91118,91118,0,,0,,KEEP_TOTAL
2969370,163,2026-05-20 12:00:00,91118,91118,91118,0,,0,,KEEP_TOTAL
2969609,163,2026-05-20 13:00:00,91118,91118,91118,0,,0,,KEEP_TOTAL
2969848,163,2026-05-20 14:00:00,91118,91118,91118,0,,0,,KEEP_TOTAL
2970073,163,2026-05-20 15:00:00,91118,91118,91118,0,,0,,KEEP_TOTAL
2978332,163,2026-05-20 20:00:00,91118,,91118,0,,0,,CORRECT_TOTAL_0_91118
2978333,163,2026-05-20 21:00:00,91118,,91118,0,,0,,CORRECT_TOTAL_0_91118
2978334,163,2026-05-20 22:00:00,91118,,91118,0,,0,,CORRECT_TOTAL_0_91118
2978335,163,2026-05-20 23:00:00,91118,,91118,0,,0,,CORRECT_TOTAL_0_91118
2978336,163,2026-05-21 00:00:00,91118,,91118,0,,0,,CORRECT_TOTAL_0_91118
2978337,163,2026-05-21 01:00:00,91118,,91118,0,,0,,CORRECT_TOTAL_0_91118
2978338,163,2026-05-21 02:00:00,91118,,91118,0,,0,,CORRECT_TOTAL_0_91118
2978339,163,2026-05-21 03:00:00,91118,,91118,0,,0,,CORRECT_TOTAL_0_91118
2978340,163,2026-05-21 04:00:00,91118,,91118,0,,0,,CORRECT_TOTAL_0_91118
2978341,163,2026-05-21 05:00:00,91118,,91118,0,,0,,CORRECT_TOTAL_0_91118
2978342,163,2026-05-21 06:00:00,91118,,91118,0,,0,,CORRECT_TOTAL_0_91118
2978343,163,2026-05-21 07:00:00,91118,,91118,0,,0,,CORRECT_TOTAL_0_91118
2978344,163,2026-05-21 08:00:00,91118,,91118,0,,0,,CORRECT_TOTAL_0_91118
2978345,163,2026-05-21 09:00:00,91118,,91118,0,,0,,CORRECT_TOTAL_0_91118
2978346,163,2026-05-21 10:00:00,91118,,91118,0,,0,,CORRECT_TOTAL_0_91118
2978347,163,2026-05-21 11:00:00,91118,,91118,0,,0,,CORRECT_TOTAL_0_91118
2978348,163,2026-05-21 12:00:00,91118,,91118,0,,0,,CORRECT_TOTAL_0_91118
2978349,163,2026-05-21 13:00:00,91118,,91118,0,,0,,CORRECT_TOTAL_0_91118
2978350,163,2026-05-21 14:00:00,91118,,91118,0,,0,,CORRECT_TOTAL_0_91118
2978351,163,2026-05-21 15:00:00,91118,,91118,0,,0,,CORRECT_TOTAL_0_91118
2978352,163,2026-05-21 16:00:00,91118,,91118,0,,0,,CORRECT_TOTAL_0_91118
2978353,163,2026-05-21 17:00:00,91118,,91118,0,,0,,CORRECT_TOTAL_0_91118
2978354,163,2026-05-21 18:00:00,91118,,91118,0,,0,,CORRECT_TOTAL_0_91118
2978355,163,2026-05-21 19:00:00,91118,,91118,0,,0,,CORRECT_TOTAL_0_91118
2978356,163,2026-05-21 20:00:00,91118,,91118,0,,0,,CORRECT_TOTAL_0_91118
2978357,163,2026-05-21 21:00:00,91118,,91118,0,,0,,CORRECT_TOTAL_0_91118
2978358,163,2026-05-21 22:00:00,91118,,91118,0,,0,,CORRECT_TOTAL_0_91118
2978359,163,2026-05-21 23:00:00,91118,,91118,0,,0,,CORRECT_TOTAL_0_91118
2978360,163,2026-05-22 00:00:00,91118,,91118,0,,0,,CORRECT_TOTAL_0_91118
2978361,163,2026-05-22 01:00:00,91118,,91118,0,,0,,CORRECT_TOTAL_0_91118
2978362,163,2026-05-22 02:00:00,91118,,91118,0,,0,,CORRECT_TOTAL_0_91118
2978363,163,2026-05-22 03:00:00,91118,,91118,0,,0,,CORRECT_TOTAL_0_91118
2978364,163,2026-05-22 04:00:00,91118,,91118,0,,0,,CORRECT_TOTAL_0_91118
2978365,163,2026-05-22 05:00:00,91118,,91118,0,,0,,CORRECT_TOTAL_0_91118
2978366,163,2026-05-22 06:00:00,91118,,91118,0,,0,,CORRECT_TOTAL_0_91118
2978367,163,2026-05-22 07:00:00,91118,,91118,0,,0,,CORRECT_TOTAL_0_91118
2978368,163,2026-05-22 08:00:00,91118,,91118,0,,0,,CORRECT_TOTAL_0_91118
2978369,163,2026-05-22 09:00:00,91118,,91118,0,,0,,CORRECT_TOTAL_0_91118
2978370,163,2026-05-22 10:00:00,91118,,91118,0,,0,,CORRECT_TOTAL_0_91118
2978371,163,2026-05-22 11:00:00,91118,,91118,0,,0,,CORRECT_TOTAL_0_91118
2978372,163,2026-05-22 12:00:00,91118,,91118,0,,0,,CORRECT_TOTAL_0_91118
2966420,93,2026-05-20 00:00:00,463574,463574,463574,0,,0,,KEEP_TOTAL
2966659,93,2026-05-20 01:00:00,463574,463574,463574,0,,0,,KEEP_TOTAL
2966898,93,2026-05-20 02:00:00,463574,463574,463574,0,,0,,KEEP_TOTAL
2967137,93,2026-05-20 03:00:00,463574,463574,463574,0,,0,,KEEP_TOTAL
2967376,93,2026-05-20 04:00:00,463574,463574,463574,0,,0,,KEEP_TOTAL
2967632,93,2026-05-20 05:00:00,463574,463574,463574,0,,0,,KEEP_TOTAL
2967854,93,2026-05-20 06:00:00,463574,463574,463574,0,,0,,KEEP_TOTAL
2968093,93,2026-05-20 07:00:00,463574,463574,463574,0,,0,,KEEP_TOTAL
2968438,93,2026-05-20 08:00:00,463574,463574,463574,0,,0,,KEEP_TOTAL
2968571,93,2026-05-20 09:00:00,463574,463574,463574,0,,0,,KEEP_TOTAL
2968810,93,2026-05-20 10:00:00,463574,463574,463574,0,,0,,KEEP_TOTAL
2969049,93,2026-05-20 11:00:00,463574,463574,463574,0,,0,,KEEP_TOTAL
2969304,93,2026-05-20 12:00:00,463574,463574,463574,0,,0,,KEEP_TOTAL
2969528,93,2026-05-20 13:00:00,463574,463574,463574,0,,0,,KEEP_TOTAL
2969766,93,2026-05-20 14:00:00,463574,463574,463574,0,,0,,KEEP_TOTAL
2970074,93,2026-05-20 15:00:00,463574,463574,463574,0,,0,,KEEP_TOTAL
2966504,175,2026-05-20 00:00:00,170398,170398,170398,0,,0,,KEEP_TOTAL
2966743,175,2026-05-20 01:00:00,170398,170398,170398,0,,0,,KEEP_TOTAL
2966982,175,2026-05-20 02:00:00,170398,170398,170398,0,,0,,KEEP_TOTAL
2967221,175,2026-05-20 03:00:00,170398,170398,170398,0,,0,,KEEP_TOTAL
2967460,175,2026-05-20 04:00:00,170398,170398,170398,0,,0,,KEEP_TOTAL
2967699,175,2026-05-20 05:00:00,170398,170398,170398,0,,0,,KEEP_TOTAL
2967938,175,2026-05-20 06:00:00,170398,170398,170398,0,,0,,KEEP_TOTAL
2968177,175,2026-05-20 07:00:00,170398,170398,170398,0,,0,,KEEP_TOTAL
2968390,175,2026-05-20 08:00:00,170398,170398,170398,0,,0,,KEEP_TOTAL
2968655,175,2026-05-20 09:00:00,170398,170398,170398,0,,0,,KEEP_TOTAL
2968894,175,2026-05-20 10:00:00,170398,170398,170398,0,,0,,KEEP_TOTAL
2969133,175,2026-05-20 11:00:00,170398,170398,170398,0,,0,,KEEP_TOTAL
2969372,175,2026-05-20 12:00:00,170398,170398,170398,0,,0,,KEEP_TOTAL
2969611,175,2026-05-20 13:00:00,170398,170398,170398,0,,0,,KEEP_TOTAL
2969850,175,2026-05-20 14:00:00,170398,170398,170398,0,,0,,KEEP_TOTAL
2970078,175,2026-05-20 15:00:00,170398,170398,170398,0,,0,,KEEP_TOTAL
2978864,175,2026-05-20 20:00:00,170398,,170398,0,,0,,CORRECT_TOTAL_0_170398
2978865,175,2026-05-20 21:00:00,170398,,170398,0,,0,,CORRECT_TOTAL_0_170398
2978866,175,2026-05-20 22:00:00,170398,,170398,0,,0,,CORRECT_TOTAL_0_170398
2978867,175,2026-05-20 23:00:00,170398,,170398,0,,0,,CORRECT_TOTAL_0_170398
2978868,175,2026-05-21 00:00:00,170398,,170398,0,,0,,CORRECT_TOTAL_0_170398
2978869,175,2026-05-21 01:00:00,170398,,170398,0,,0,,CORRECT_TOTAL_0_170398
2978870,175,2026-05-21 02:00:00,170398,,170398,0,,0,,CORRECT_TOTAL_0_170398
2978871,175,2026-05-21 03:00:00,170398,,170398,0,,0,,CORRECT_TOTAL_0_170398
2978872,175,2026-05-21 04:00:00,170398,,170398,0,,0,,CORRECT_TOTAL_0_170398
2978873,175,2026-05-21 05:00:00,170398,,170398,0,,0,,CORRECT_TOTAL_0_170398
2978874,175,2026-05-21 06:00:00,170398,,170398,0,,0,,CORRECT_TOTAL_0_170398
2978875,175,2026-05-21 07:00:00,170398,,170398,0,,0,,CORRECT_TOTAL_0_170398
2978876,175,2026-05-21 08:00:00,170398,,170398,0,,0,,CORRECT_TOTAL_0_170398
2978877,175,2026-05-21 09:00:00,170398,,170398,0,,0,,CORRECT_TOTAL_0_170398
2978878,175,2026-05-21 10:00:00,170398,,170398,0,,0,,CORRECT_TOTAL_0_170398
2978879,175,2026-05-21 11:00:00,170398,,170398,0,,0,,CORRECT_TOTAL_0_170398
2978880,175,2026-05-21 12:00:00,170398,,170398,0,,0,,CORRECT_TOTAL_0_170398
2978881,175,2026-05-21 13:00:00,170398,,170398,0,,0,,CORRECT_TOTAL_0_170398
2978882,175,2026-05-21 14:00:00,170398,,170398,0,,0,,CORRECT_TOTAL_0_170398
2978883,175,2026-05-21 15:00:00,170398,,170398,0,,0,,CORRECT_TOTAL_0_170398
2978884,175,2026-05-21 16:00:00,170398,,170398,0,,0,,CORRECT_TOTAL_0_170398
2978885,175,2026-05-21 17:00:00,170398,,170398,0,,0,,CORRECT_TOTAL_0_170398
2978886,175,2026-05-21 18:00:00,170398,,170398,0,,0,,CORRECT_TOTAL_0_170398
2978887,175,2026-05-21 19:00:00,170398,,170398,0,,0,,CORRECT_TOTAL_0_170398
2978888,175,2026-05-21 20:00:00,170398,,170398,0,,0,,CORRECT_TOTAL_0_170398
2978889,175,2026-05-21 21:00:00,170398,,170398,0,,0,,CORRECT_TOTAL_0_170398
2978890,175,2026-05-21 22:00:00,170398,,170398,0,,0,,CORRECT_TOTAL_0_170398
2978891,175,2026-05-21 23:00:00,170398,,170398,0,,0,,CORRECT_TOTAL_0_170398
2978892,175,2026-05-22 00:00:00,170398,,170398,0,,0,,CORRECT_TOTAL_0_170398
2978893,175,2026-05-22 01:00:00,170398,,170398,0,,0,,CORRECT_TOTAL_0_170398
2978894,175,2026-05-22 02:00:00,170398,,170398,0,,0,,CORRECT_TOTAL_0_170398
2978895,175,2026-05-22 03:00:00,170398,,170398,0,,0,,CORRECT_TOTAL_0_170398
2978896,175,2026-05-22 04:00:00,170398,,170398,0,,0,,CORRECT_TOTAL_0_170398
2978897,175,2026-05-22 05:00:00,170398,,170398,0,,0,,CORRECT_TOTAL_0_170398
2978898,175,2026-05-22 06:00:00,170398,,170398,0,,0,,CORRECT_TOTAL_0_170398
2978899,175,2026-05-22 07:00:00,170398,,170398,0,,0,,CORRECT_TOTAL_0_170398
2978900,175,2026-05-22 08:00:00,170398,,170398,0,,0,,CORRECT_TOTAL_0_170398
2978901,175,2026-05-22 09:00:00,170398,,170398,0,,0,,CORRECT_TOTAL_0_170398
2978902,175,2026-05-22 10:00:00,170398,,170398,0,,0,,CORRECT_TOTAL_0_170398
2978903,175,2026-05-22 11:00:00,170398,,170398,0,,0,,CORRECT_TOTAL_0_170398
2966396,102,2026-05-20 00:00:00,0,0,6524497,0,,0,,CORRECT_TOTAL_0_6524497
2966635,102,2026-05-20 01:00:00,0,0,6524497,0,,0,,CORRECT_TOTAL_0_6524497
2966874,102,2026-05-20 02:00:00,0,0,6524497,0,,0,,CORRECT_TOTAL_0_6524497
2967113,102,2026-05-20 03:00:00,0,0,6524497,0,,0,,CORRECT_TOTAL_0_6524497
2967352,102,2026-05-20 04:00:00,0,0,6524497,0,,0,,CORRECT_TOTAL_0_6524497
2967591,102,2026-05-20 05:00:00,0,0,6524497,0,,0,,CORRECT_TOTAL_0_6524497
2967830,102,2026-05-20 06:00:00,0,0,6524497,0,,0,,CORRECT_TOTAL_0_6524497
2968069,102,2026-05-20 07:00:00,0,0,6524497,0,,0,,CORRECT_TOTAL_0_6524497
2968308,102,2026-05-20 08:00:00,0,0,6524497,0,,0,,CORRECT_TOTAL_0_6524497
2968547,102,2026-05-20 09:00:00,0,0,6524497,0,,0,,CORRECT_TOTAL_0_6524497
2968786,102,2026-05-20 10:00:00,0,0,6524497,0,,0,,CORRECT_TOTAL_0_6524497
2969025,102,2026-05-20 11:00:00,0,0,6524497,0,,0,,CORRECT_TOTAL_0_6524497
2969273,102,2026-05-20 12:00:00,0,0,6524497,0,,0,,CORRECT_TOTAL_0_6524497
2969503,102,2026-05-20 13:00:00,0,0,6524497,0,,0,,CORRECT_TOTAL_0_6524497
2969742,102,2026-05-20 14:00:00,0,0,6524497,0,,0,,CORRECT_TOTAL_0_6524497
2970013,102,2026-05-20 15:00:00,0,0,6524497,0,,0,,CORRECT_TOTAL_0_6524497
2966498,167,2026-05-20 00:00:00,60296,60296,60296,0,,0,,KEEP_TOTAL
2966737,167,2026-05-20 01:00:00,60296,60296,60296,0,,0,,KEEP_TOTAL
2966976,167,2026-05-20 02:00:00,60296,60296,60296,0,,0,,KEEP_TOTAL
2967215,167,2026-05-20 03:00:00,60296,60296,60296,0,,0,,KEEP_TOTAL
2967454,167,2026-05-20 04:00:00,60296,60296,60296,0,,0,,KEEP_TOTAL
2967693,167,2026-05-20 05:00:00,60296,60296,60296,0,,0,,KEEP_TOTAL
2967932,167,2026-05-20 06:00:00,60296,60296,60296,0,,0,,KEEP_TOTAL
2968171,167,2026-05-20 07:00:00,60296,60296,60296,0,,0,,KEEP_TOTAL
2968384,167,2026-05-20 08:00:00,60296,60296,60296,0,,0,,KEEP_TOTAL
2968649,167,2026-05-20 09:00:00,60296,60296,60296,0,,0,,KEEP_TOTAL
2968888,167,2026-05-20 10:00:00,60296,60296,60296,0,,0,,KEEP_TOTAL
2969127,167,2026-05-20 11:00:00,60296,60296,60296,0,,0,,KEEP_TOTAL
2969366,167,2026-05-20 12:00:00,60296,60296,60296,0,,0,,KEEP_TOTAL
2969605,167,2026-05-20 13:00:00,60296,60296,60296,0,,0,,KEEP_TOTAL
2969844,167,2026-05-20 14:00:00,60296,60296,60296,0,,0,,KEEP_TOTAL
2970064,167,2026-05-20 15:00:00,60296,60296,60296,0,,0,,KEEP_TOTAL
2978414,167,2026-05-20 20:00:00,60296,,60296,0,,0,,CORRECT_TOTAL_0_60296
2978415,167,2026-05-20 21:00:00,60296,,60296,0,,0,,CORRECT_TOTAL_0_60296
2978416,167,2026-05-20 22:00:00,60296,,60296,0,,0,,CORRECT_TOTAL_0_60296
2978417,167,2026-05-20 23:00:00,60296,,60296,0,,0,,CORRECT_TOTAL_0_60296
2978418,167,2026-05-21 00:00:00,60296,,60296,0,,0,,CORRECT_TOTAL_0_60296
2978419,167,2026-05-21 01:00:00,60296,,60296,0,,0,,CORRECT_TOTAL_0_60296
2978420,167,2026-05-21 02:00:00,60296,,60296,0,,0,,CORRECT_TOTAL_0_60296
2978421,167,2026-05-21 03:00:00,60296,,60296,0,,0,,CORRECT_TOTAL_0_60296
2978422,167,2026-05-21 04:00:00,60296,,60296,0,,0,,CORRECT_TOTAL_0_60296
2978423,167,2026-05-21 05:00:00,60296,,60296,0,,0,,CORRECT_TOTAL_0_60296
2978424,167,2026-05-21 06:00:00,60296,,60296,0,,0,,CORRECT_TOTAL_0_60296
2978425,167,2026-05-21 07:00:00,60296,,60296,0,,0,,CORRECT_TOTAL_0_60296
2978426,167,2026-05-21 08:00:00,60296,,60296,0,,0,,CORRECT_TOTAL_0_60296
2978427,167,2026-05-21 09:00:00,60296,,60296,0,,0,,CORRECT_TOTAL_0_60296
2978428,167,2026-05-21 10:00:00,60296,,60296,0,,0,,CORRECT_TOTAL_0_60296
2978429,167,2026-05-21 11:00:00,60296,,60296,0,,0,,CORRECT_TOTAL_0_60296
2978430,167,2026-05-21 12:00:00,60296,,60296,0,,0,,CORRECT_TOTAL_0_60296
2978431,167,2026-05-21 13:00:00,60296,,60296,0,,0,,CORRECT_TOTAL_0_60296
2978432,167,2026-05-21 14:00:00,60296,,60296,0,,0,,CORRECT_TOTAL_0_60296
2978433,167,2026-05-21 15:00:00,60296,,60296,0,,0,,CORRECT_TOTAL_0_60296
2978434,167,2026-05-21 16:00:00,60296,,60296,0,,0,,CORRECT_TOTAL_0_60296
2978435,167,2026-05-21 17:00:00,60296,,60296,0,,0,,CORRECT_TOTAL_0_60296
2978436,167,2026-05-21 18:00:00,60296,,60296,0,,0,,CORRECT_TOTAL_0_60296
2978437,167,2026-05-21 19:00:00,60296,,60296,0,,0,,CORRECT_TOTAL_0_60296
2978438,167,2026-05-21 20:00:00,60296,,60296,0,,0,,CORRECT_TOTAL_0_60296
2978439,167,2026-05-21 21:00:00,60296,,60296,0,,0,,CORRECT_TOTAL_0_60296
2978440,167,2026-05-21 22:00:00,60296,,60296,0,,0,,CORRECT_TOTAL_0_60296
2978441,167,2026-05-21 23:00:00,60296,,60296,0,,0,,CORRECT_TOTAL_0_60296
2978442,167,2026-05-22 00:00:00,60296,,60296,0,,0,,CORRECT_TOTAL_0_60296
2978443,167,2026-05-22 01:00:00,60296,,60296,0,,0,,CORRECT_TOTAL_0_60296
2978444,167,2026-05-22 02:00:00,60296,,60296,0,,0,,CORRECT_TOTAL_0_60296
2978445,167,2026-05-22 03:00:00,60296,,60296,0,,0,,CORRECT_TOTAL_0_60296
2978446,167,2026-05-22 04:00:00,60296,,60296,0,,0,,CORRECT_TOTAL_0_60296
2978447,167,2026-05-22 05:00:00,60296,,60296,0,,0,,CORRECT_TOTAL_0_60296
2978448,167,2026-05-22 06:00:00,60296,,60296,0,,0,,CORRECT_TOTAL_0_60296
2978449,167,2026-05-22 07:00:00,60296,,60296,0,,0,,CORRECT_TOTAL_0_60296
2978450,167,2026-05-22 08:00:00,60296,,60296,0,,0,,CORRECT_TOTAL_0_60296
2978451,167,2026-05-22 09:00:00,60296,,60296,0,,0,,CORRECT_TOTAL_0_60296
2978452,167,2026-05-22 10:00:00,60296,,60296,0,,0,,CORRECT_TOTAL_0_60296
2978453,167,2026-05-22 11:00:00,60296,,60296,0,,0,,CORRECT_TOTAL_0_60296
2978454,167,2026-05-22 12:00:00,60296,,60296,0,,0,,CORRECT_TOTAL_0_60296
2966443,14,2026-05-20 00:00:00,1447280,1447280,1447280,0,,0,,KEEP_TOTAL
2966682,14,2026-05-20 01:00:00,1447280,1447280,1447280,0,,0,,KEEP_TOTAL
2966921,14,2026-05-20 02:00:00,1447280,1447280,1447280,0,,0,,KEEP_TOTAL
2967160,14,2026-05-20 03:00:00,1447280,1447280,1447280,0,,0,,KEEP_TOTAL
2967399,14,2026-05-20 04:00:00,1447280,1447280,1447280,0,,0,,KEEP_TOTAL
2967622,14,2026-05-20 05:00:00,1447280,1447280,1447280,0,,0,,KEEP_TOTAL
2967877,14,2026-05-20 06:00:00,1447280,1447280,1447280,0,,0,,KEEP_TOTAL
2968116,14,2026-05-20 07:00:00,1447280,1447280,1447280,0,,0,,KEEP_TOTAL
2968326,14,2026-05-20 08:00:00,1447280,1447280,1447280,0,,0,,KEEP_TOTAL
2968594,14,2026-05-20 09:00:00,1447280,1447280,1447280,0,,0,,KEEP_TOTAL
2968833,14,2026-05-20 10:00:00,1447280,1447280,1447280,0,,0,,KEEP_TOTAL
2969072,14,2026-05-20 11:00:00,1447280,1447280,1447280,0,,0,,KEEP_TOTAL
2969274,14,2026-05-20 12:00:00,1447280,1447280,1447280,0,,0,,KEEP_TOTAL
2969550,14,2026-05-20 13:00:00,1447280,1447280,1447280,0,,0,,KEEP_TOTAL
2969789,14,2026-05-20 14:00:00,1447280,1447280,1447280,0,,0,,KEEP_TOTAL
2969986,14,2026-05-20 15:00:00,1447280,1447280,1447280,0,,0,,KEEP_TOTAL
2966453,66,2026-05-20 00:00:00,12908,12908,12908,0,,1,,KEEP_TOTAL
2966692,66,2026-05-20 01:00:00,12908,12908,12908,0,,1,,KEEP_TOTAL
2966931,66,2026-05-20 02:00:00,12908,12908,12908,0,,1,,KEEP_TOTAL
2967170,66,2026-05-20 03:00:00,12908,12908,12908,0,,1,,KEEP_TOTAL
2967409,66,2026-05-20 04:00:00,12908,12908,12908,0,,0,,KEEP_TOTAL
2967648,66,2026-05-20 05:00:00,12908,12908,12908,0,,0,,KEEP_TOTAL
2967887,66,2026-05-20 06:00:00,12908,12908,12908,0,,0,,KEEP_TOTAL
2968126,66,2026-05-20 07:00:00,12908,12908,12908,0,,0,,KEEP_TOTAL
2968337,66,2026-05-20 08:00:00,12908,12908,12908,0,,0,,KEEP_TOTAL
2968604,66,2026-05-20 09:00:00,12908,12908,12908,0,,0,,KEEP_TOTAL
2968843,66,2026-05-20 10:00:00,12908,12908,12908,0,,0,,KEEP_TOTAL
2969083,66,2026-05-20 11:00:00,12908,12908,12908,0,,0,,KEEP_TOTAL
2969321,66,2026-05-20 12:00:00,12908,12908,12908,0,,0,,KEEP_TOTAL
2969560,66,2026-05-20 13:00:00,12908,12908,12908,0,,0,,KEEP_TOTAL
2969799,66,2026-05-20 14:00:00,12908,12908,12908,0,,0,,KEEP_TOTAL
2969998,66,2026-05-20 15:00:00,12908,12908,12908,0,,0,,KEEP_TOTAL
2966418,109,2026-05-20 00:00:00,245194,245194,245194,0,,0,,KEEP_TOTAL
2966657,109,2026-05-20 01:00:00,245194,245194,245194,0,,0,,KEEP_TOTAL
2966896,109,2026-05-20 02:00:00,245194,245194,245194,0,,0,,KEEP_TOTAL
2967135,109,2026-05-20 03:00:00,245194,245194,245194,0,,0,,KEEP_TOTAL
2967374,109,2026-05-20 04:00:00,245194,245194,245194,0,,0,,KEEP_TOTAL
2967628,109,2026-05-20 05:00:00,245194,245194,245194,0,,0,,KEEP_TOTAL
2967852,109,2026-05-20 06:00:00,245194,245194,245194,0,,0,,KEEP_TOTAL
2968091,109,2026-05-20 07:00:00,245194,245194,245194,0,,0,,KEEP_TOTAL
2968436,109,2026-05-20 08:00:00,0,245194,245194,0,,0,,KEEP_TOTAL
2968569,109,2026-05-20 09:00:00,245194,245194,245194,0,,0,,KEEP_TOTAL
2968808,109,2026-05-20 10:00:00,245194,245194,245194,0,,0,,KEEP_TOTAL
2969047,109,2026-05-20 11:00:00,245194,245194,245194,0,,0,,KEEP_TOTAL
2969302,109,2026-05-20 12:00:00,245194,245194,245194,0,,0,,KEEP_TOTAL
2969526,109,2026-05-20 13:00:00,245194,245194,245194,0,,0,,KEEP_TOTAL
2969764,109,2026-05-20 14:00:00,245194,245194,245194,0,,0,,KEEP_TOTAL
2970070,109,2026-05-20 15:00:00,245194,245194,245194,0,,0,,KEEP_TOTAL
2966402,111,2026-05-20 00:00:00,194972,194972,194972,63,,1624,,KEEP_TOTAL
2966641,111,2026-05-20 01:00:00,195090,195090,195090,118,,1742,,KEEP_TOTAL
2966880,111,2026-05-20 02:00:00,195209,195209,195209,119,,1861,,KEEP_TOTAL
2967119,111,2026-05-20 03:00:00,195305,195305,195305,96,,1957,,KEEP_TOTAL
2967358,111,2026-05-20 04:00:00,195461,195461,195461,156,,0,,KEEP_TOTAL
2967598,111,2026-05-20 05:00:00,195564,195564,195564,103,,103,,KEEP_TOTAL
2967836,111,2026-05-20 06:00:00,195732,195732,195732,168,,271,,KEEP_TOTAL
2968075,111,2026-05-20 07:00:00,195880,195880,195880,148,,419,,KEEP_TOTAL
2968315,111,2026-05-20 08:00:00,195975,195975,195975,95,,514,,KEEP_TOTAL
2968553,111,2026-05-20 09:00:00,196039,196039,196039,64,,578,,KEEP_TOTAL
2968792,111,2026-05-20 10:00:00,196147,196147,196147,108,,686,,KEEP_TOTAL
2969031,111,2026-05-20 11:00:00,196269,196269,196269,122,,808,,KEEP_TOTAL
2969285,111,2026-05-20 12:00:00,196393,196393,196393,124,,932,,KEEP_TOTAL
2969509,111,2026-05-20 13:00:00,196437,196437,196437,44,,976,,KEEP_TOTAL
2969748,111,2026-05-20 14:00:00,196617,196617,196617,180,,1156,,KEEP_TOTAL
2970029,111,2026-05-20 15:00:00,196757,196757,196757,140,,1296,,KEEP_TOTAL
2966515,2,2026-05-20 00:00:00,476575,476098,476575,125,,2251,,CORRECT_TOTAL_476098_476575
2966754,2,2026-05-20 01:00:00,476652,476195,476652,97,,2348,,CORRECT_TOTAL_476195_476652
2966993,2,2026-05-20 02:00:00,476747,476294,476747,99,,2447,,CORRECT_TOTAL_476294_476747
2967232,2,2026-05-20 03:00:00,476848,476389,476848,95,,2542,,CORRECT_TOTAL_476389_476848
2967471,2,2026-05-20 04:00:00,476489,476489,953337,100,,0,,CORRECT_TOTAL_476489_953337
2967710,2,2026-05-20 05:00:00,476582,476582,953430,93,,93,,CORRECT_TOTAL_476582_953430
2967949,2,2026-05-20 06:00:00,476667,476667,953515,85,,178,,CORRECT_TOTAL_476667_953515
2968188,2,2026-05-20 07:00:00,476762,476762,953610,95,,273,,CORRECT_TOTAL_476762_953610
2968401,2,2026-05-20 08:00:00,476865,476865,953713,103,,376,,CORRECT_TOTAL_476865_953713
2968666,2,2026-05-20 09:00:00,476963,476963,953811,98,,474,,CORRECT_TOTAL_476963_953811
2968905,2,2026-05-20 10:00:00,477047,477047,953895,84,,558,,CORRECT_TOTAL_477047_953895
2969144,2,2026-05-20 11:00:00,477143,477143,953991,96,,654,,CORRECT_TOTAL_477143_953991
2969383,2,2026-05-20 12:00:00,477246,477246,954094,103,,757,,CORRECT_TOTAL_477246_954094
2969622,2,2026-05-20 13:00:00,477371,477371,954219,125,,882,,CORRECT_TOTAL_477371_954219
2969861,2,2026-05-20 14:00:00,477461,477461,954309,90,,972,,CORRECT_TOTAL_477461_954309
2970100,2,2026-05-20 15:00:00,477604,477604,954452,143,,1115,,CORRECT_TOTAL_477604_954452
2978168,2,2026-05-20 20:00:00,478619,,955467,0,,0,,CORRECT_TOTAL_0_955467
2978169,2,2026-05-20 21:00:00,478709,,955557,0,,0,,CORRECT_TOTAL_0_955557
2978170,2,2026-05-20 22:00:00,478808,,955656,0,,0,,CORRECT_TOTAL_0_955656
2978171,2,2026-05-20 23:00:00,478890,,955738,0,,0,,CORRECT_TOTAL_0_955738
2978172,2,2026-05-21 00:00:00,478994,,955842,0,,0,,CORRECT_TOTAL_0_955842
2978173,2,2026-05-21 01:00:00,479094,,955942,0,,0,,CORRECT_TOTAL_0_955942
2978174,2,2026-05-21 02:00:00,479171,,956019,0,,0,,CORRECT_TOTAL_0_956019
2978175,2,2026-05-21 03:00:00,479280,,956128,0,,0,,CORRECT_TOTAL_0_956128
2978176,2,2026-05-21 04:00:00,479379,,956227,0,,0,,CORRECT_TOTAL_0_956227
2978177,2,2026-05-21 05:00:00,479453,,956301,0,,0,,CORRECT_TOTAL_0_956301
2978178,2,2026-05-21 06:00:00,479541,,956389,0,,0,,CORRECT_TOTAL_0_956389
2978179,2,2026-05-21 07:00:00,479636,,956484,0,,0,,CORRECT_TOTAL_0_956484
2978180,2,2026-05-21 08:00:00,479752,,956600,0,,0,,CORRECT_TOTAL_0_956600
2978181,2,2026-05-21 09:00:00,479861,,956709,0,,0,,CORRECT_TOTAL_0_956709
2978182,2,2026-05-21 10:00:00,479952,,956800,0,,0,,CORRECT_TOTAL_0_956800
2978183,2,2026-05-21 11:00:00,480051,,956899,0,,0,,CORRECT_TOTAL_0_956899
2978184,2,2026-05-21 12:00:00,480147,,956995,0,,0,,CORRECT_TOTAL_0_956995
2978185,2,2026-05-21 13:00:00,480233,,957081,0,,0,,CORRECT_TOTAL_0_957081
2978186,2,2026-05-21 14:00:00,480338,,957186,0,,0,,CORRECT_TOTAL_0_957186
2978187,2,2026-05-21 15:00:00,480441,,957289,0,,0,,CORRECT_TOTAL_0_957289
2978188,2,2026-05-21 16:00:00,480526,,957374,0,,0,,CORRECT_TOTAL_0_957374
2978189,2,2026-05-21 17:00:00,480611,,957459,0,,0,,CORRECT_TOTAL_0_957459
2978190,2,2026-05-21 18:00:00,480709,,957557,0,,0,,CORRECT_TOTAL_0_957557
2978191,2,2026-05-21 19:00:00,480799,,957647,0,,0,,CORRECT_TOTAL_0_957647
2978192,2,2026-05-21 20:00:00,480880,,957728,0,,0,,CORRECT_TOTAL_0_957728
2978193,2,2026-05-21 21:00:00,480968,,957816,0,,0,,CORRECT_TOTAL_0_957816
2978194,2,2026-05-21 22:00:00,481052,,957900,0,,0,,CORRECT_TOTAL_0_957900
2978195,2,2026-05-21 23:00:00,481138,,957986,0,,0,,CORRECT_TOTAL_0_957986
2978196,2,2026-05-22 00:00:00,481223,,958071,0,,0,,CORRECT_TOTAL_0_958071
2978197,2,2026-05-22 01:00:00,481331,,958179,0,,0,,CORRECT_TOTAL_0_958179
2978198,2,2026-05-22 02:00:00,481424,,958272,0,,0,,CORRECT_TOTAL_0_958272
2978199,2,2026-05-22 03:00:00,481518,,958366,0,,0,,CORRECT_TOTAL_0_958366
2978200,2,2026-05-22 04:00:00,481616,,958464,0,,0,,CORRECT_TOTAL_0_958464
2978201,2,2026-05-22 05:00:00,481734,,958582,0,,0,,CORRECT_TOTAL_0_958582
2978202,2,2026-05-22 06:00:00,481837,,958685,0,,0,,CORRECT_TOTAL_0_958685
2978203,2,2026-05-22 07:00:00,481943,,958791,0,,0,,CORRECT_TOTAL_0_958791
2978204,2,2026-05-22 08:00:00,482047,,958895,0,,0,,CORRECT_TOTAL_0_958895
2978205,2,2026-05-22 09:00:00,482150,,958998,0,,0,,CORRECT_TOTAL_0_958998
2978206,2,2026-05-22 10:00:00,482242,,959090,0,,0,,CORRECT_TOTAL_0_959090
2978207,2,2026-05-22 11:00:00,482373,,959221,0,,0,,CORRECT_TOTAL_0_959221
2978208,2,2026-05-22 12:00:00,482389,,959237,0,,0,,CORRECT_TOTAL_0_959237
2966468,16,2026-05-20 00:00:00,104434,104434,104434,0,,0,,KEEP_TOTAL
2966707,16,2026-05-20 01:00:00,104434,104434,104434,0,,0,,KEEP_TOTAL
2966946,16,2026-05-20 02:00:00,104434,104434,104434,0,,0,,KEEP_TOTAL
2967185,16,2026-05-20 03:00:00,104434,104434,104434,0,,0,,KEEP_TOTAL
2967424,16,2026-05-20 04:00:00,104434,104434,104434,0,,0,,KEEP_TOTAL
2967663,16,2026-05-20 05:00:00,104434,104434,104434,0,,0,,KEEP_TOTAL
2967902,16,2026-05-20 06:00:00,104434,104434,104434,0,,0,,KEEP_TOTAL
2968140,16,2026-05-20 07:00:00,104434,104434,104434,0,,0,,KEEP_TOTAL
2968353,16,2026-05-20 08:00:00,104434,104434,104434,0,,0,,KEEP_TOTAL
2968619,16,2026-05-20 09:00:00,104434,104434,104434,0,,0,,KEEP_TOTAL
2968858,16,2026-05-20 10:00:00,104434,104434,104434,0,,0,,KEEP_TOTAL
2969097,16,2026-05-20 11:00:00,104434,104434,104434,0,,0,,KEEP_TOTAL
2969336,16,2026-05-20 12:00:00,104434,104434,104434,0,,0,,KEEP_TOTAL
2969575,16,2026-05-20 13:00:00,104434,104434,104434,0,,0,,KEEP_TOTAL
2969814,16,2026-05-20 14:00:00,104434,104434,104434,0,,0,,KEEP_TOTAL
2970016,16,2026-05-20 15:00:00,104434,104434,104434,0,,0,,KEEP_TOTAL
2966432,207,2026-05-20 00:00:00,3910,391,391,0,,7,,KEEP_TOTAL
2966671,207,2026-05-20 01:00:00,3910,391,391,0,,7,,KEEP_TOTAL
2966910,207,2026-05-20 02:00:00,3910,391,391,0,,7,,KEEP_TOTAL
2967149,207,2026-05-20 03:00:00,3910,391,391,0,,7,,KEEP_TOTAL
2967388,207,2026-05-20 04:00:00,3910,391,391,0,,0,,KEEP_TOTAL
2967645,207,2026-05-20 05:00:00,3910,391,391,0,,0,,KEEP_TOTAL
2967866,207,2026-05-20 06:00:00,3910,391,391,0,,0,,KEEP_TOTAL
2968106,207,2026-05-20 07:00:00,3910,391,391,0,,0,,KEEP_TOTAL
2968450,207,2026-05-20 08:00:00,3910,391,391,0,,0,,KEEP_TOTAL
2968583,207,2026-05-20 09:00:00,3910,391,391,0,,0,,KEEP_TOTAL
2968823,207,2026-05-20 10:00:00,3910,391,391,0,,0,,KEEP_TOTAL
2969061,207,2026-05-20 11:00:00,3910,391,391,0,,0,,KEEP_TOTAL
2969317,207,2026-05-20 12:00:00,3910,391,391,0,,0,,KEEP_TOTAL
2969540,207,2026-05-20 13:00:00,3910,391,391,0,,0,,KEEP_TOTAL
2969778,207,2026-05-20 14:00:00,3910,391,391,0,,0,,KEEP_TOTAL
2970093,207,2026-05-20 15:00:00,3943,394,394,3,,3,,KEEP_TOTAL
2976831,62,2026-05-20 00:00:00,113529,,113529,0,,0,,CORRECT_TOTAL_0_113529
2966386,62,2026-05-20 00:01:00,113468,113468,226997,0,,408,,CORRECT_TOTAL_113468_226997
2976832,62,2026-05-20 00:05:00,113530,,227059,0,,0,,CORRECT_TOTAL_0_227059
2966479,62,2026-05-20 00:06:00,113472,113472,340531,4,,412,,CORRECT_TOTAL_113472_340531
2976833,62,2026-05-20 00:10:00,113530,,340589,0,,0,,CORRECT_TOTAL_0_340589
2966535,62,2026-05-20 00:11:00,113476,113476,454065,4,,416,,CORRECT_TOTAL_113476_454065
2976834,62,2026-05-20 00:15:00,113530,,454119,0,,0,,CORRECT_TOTAL_0_454119
2966542,62,2026-05-20 00:16:00,113477,113477,567596,1,,417,,CORRECT_TOTAL_113477_567596
2976835,62,2026-05-20 00:20:00,113530,,567649,0,,0,,CORRECT_TOTAL_0_567649
2966553,62,2026-05-20 00:21:00,113477,113477,681126,0,,417,,CORRECT_TOTAL_113477_681126
2976836,62,2026-05-20 00:25:00,113534,,681183,0,,0,,CORRECT_TOTAL_0_681183
2966560,62,2026-05-20 00:26:00,113477,113477,794660,0,,417,,CORRECT_TOTAL_113477_794660
2976837,62,2026-05-20 00:30:00,113538,,794721,0,,0,,CORRECT_TOTAL_0_794721
2966571,62,2026-05-20 00:31:00,113477,113477,908198,0,,417,,CORRECT_TOTAL_113477_908198
2976838,62,2026-05-20 00:35:00,113542,,908263,0,,0,,CORRECT_TOTAL_0_908263
2966578,62,2026-05-20 00:36:00,113477,113477,1021740,0,,417,,CORRECT_TOTAL_113477_1021740
2976839,62,2026-05-20 00:40:00,113545,,1021808,0,,0,,CORRECT_TOTAL_0_1021808
2966589,62,2026-05-20 00:41:00,113480,113480,1135288,3,,420,,CORRECT_TOTAL_113480_1135288
2976840,62,2026-05-20 00:45:00,113545,,1135353,0,,0,,CORRECT_TOTAL_0_1135353
2966596,62,2026-05-20 00:46:00,113484,113484,1248837,4,,424,,CORRECT_TOTAL_113484_1248837
2976841,62,2026-05-20 00:50:00,113545,,1248898,0,,0,,CORRECT_TOTAL_0_1248898
2966607,62,2026-05-20 00:51:00,113485,113485,1362383,1,,425,,CORRECT_TOTAL_113485_1362383
2976842,62,2026-05-20 00:55:00,113546,,1362444,0,,0,,CORRECT_TOTAL_0_1362444
2966614,62,2026-05-20 00:56:00,113485,113485,1475929,0,,425,,CORRECT_TOTAL_113485_1475929
2976843,62,2026-05-20 01:00:00,113550,,1475994,0,,0,,CORRECT_TOTAL_0_1475994
2966625,62,2026-05-20 01:01:00,113485,113485,1589479,0,,425,,CORRECT_TOTAL_113485_1589479
2976844,62,2026-05-20 01:05:00,113553,,1589547,0,,0,,CORRECT_TOTAL_0_1589547
2966717,62,2026-05-20 01:06:00,113485,113485,1703032,0,,425,,CORRECT_TOTAL_113485_1703032
2976845,62,2026-05-20 01:10:00,113558,,1703105,0,,0,,CORRECT_TOTAL_0_1703105
2966774,62,2026-05-20 01:11:00,113485,113485,1816590,0,,425,,CORRECT_TOTAL_113485_1816590
2976846,62,2026-05-20 01:15:00,113560,,1816665,0,,0,,CORRECT_TOTAL_0_1816665
2966781,62,2026-05-20 01:16:00,113485,113485,1930150,0,,425,,CORRECT_TOTAL_113485_1930150
2976847,62,2026-05-20 01:20:00,113560,,1930225,0,,0,,CORRECT_TOTAL_0_1930225
2966792,62,2026-05-20 01:21:00,113489,113489,2043714,4,,429,,CORRECT_TOTAL_113489_2043714
2976848,62,2026-05-20 01:25:00,113560,,2043785,0,,0,,CORRECT_TOTAL_0_2043785
2966799,62,2026-05-20 01:26:00,113493,113493,2157278,4,,433,,CORRECT_TOTAL_113493_2157278
2976849,62,2026-05-20 01:30:00,113564,,2157349,0,,0,,CORRECT_TOTAL_0_2157349
2966810,62,2026-05-20 01:31:00,113494,113494,2270843,1,,434,,CORRECT_TOTAL_113494_2270843
2976850,62,2026-05-20 01:35:00,113568,,2270917,0,,0,,CORRECT_TOTAL_0_2270917
2966817,62,2026-05-20 01:36:00,113494,113494,2384411,0,,434,,CORRECT_TOTAL_113494_2384411
2976851,62,2026-05-20 01:40:00,113572,,2384489,0,,0,,CORRECT_TOTAL_0_2384489
2966828,62,2026-05-20 01:41:00,113494,113494,2497983,0,,434,,CORRECT_TOTAL_113494_2497983
2976852,62,2026-05-20 01:45:00,113573,,2498062,0,,0,,CORRECT_TOTAL_0_2498062
2966835,62,2026-05-20 01:46:00,113494,113494,2611556,0,,434,,CORRECT_TOTAL_113494_2611556
2976853,62,2026-05-20 01:50:00,113573,,2611635,0,,0,,CORRECT_TOTAL_0_2611635
2966846,62,2026-05-20 01:51:00,113496,113496,2725131,2,,436,,CORRECT_TOTAL_113496_2725131
2976854,62,2026-05-20 01:55:00,113573,,2725208,0,,0,,CORRECT_TOTAL_0_2725208
2966853,62,2026-05-20 01:56:00,113500,113500,2838708,4,,440,,CORRECT_TOTAL_113500_2838708
2976855,62,2026-05-20 02:00:00,113577,,2838785,0,,0,,CORRECT_TOTAL_0_2838785
2966864,62,2026-05-20 02:01:00,113503,113503,2952288,3,,443,,CORRECT_TOTAL_113503_2952288
2976856,62,2026-05-20 02:05:00,113581,,2952366,0,,0,,CORRECT_TOTAL_0_2952366
2966957,62,2026-05-20 02:06:00,113503,113503,3065869,0,,443,,CORRECT_TOTAL_113503_3065869
2976857,62,2026-05-20 02:10:00,113585,,3065951,0,,0,,CORRECT_TOTAL_0_3065951
2967013,62,2026-05-20 02:11:00,113503,113503,3179454,0,,443,,CORRECT_TOTAL_113503_3179454
2976858,62,2026-05-20 02:15:00,113589,,3179540,0,,0,,CORRECT_TOTAL_0_3179540
2967020,62,2026-05-20 02:16:00,113503,113503,3293043,0,,443,,CORRECT_TOTAL_113503_3293043
2976859,62,2026-05-20 02:20:00,113590,,3293130,0,,0,,CORRECT_TOTAL_0_3293130
2967031,62,2026-05-20 02:21:00,113503,113503,3406633,0,,443,,CORRECT_TOTAL_113503_3406633
2976860,62,2026-05-20 02:25:00,113590,,3406720,0,,0,,CORRECT_TOTAL_0_3406720
2967038,62,2026-05-20 02:26:00,113503,113503,3520223,0,,443,,CORRECT_TOTAL_113503_3520223
2976861,62,2026-05-20 02:30:00,113590,,3520310,0,,0,,CORRECT_TOTAL_0_3520310
2967049,62,2026-05-20 02:31:00,113503,113503,3633813,0,,443,,CORRECT_TOTAL_113503_3633813
2976862,62,2026-05-20 02:35:00,113593,,3633903,0,,0,,CORRECT_TOTAL_0_3633903
2967056,62,2026-05-20 02:36:00,113505,113505,3747408,2,,445,,CORRECT_TOTAL_113505_3747408
2976863,62,2026-05-20 02:40:00,113597,,3747500,0,,0,,CORRECT_TOTAL_0_3747500
2967067,62,2026-05-20 02:41:00,113510,113510,3861010,5,,450,,CORRECT_TOTAL_113510_3861010
2976864,62,2026-05-20 02:45:00,113601,,3861101,0,,0,,CORRECT_TOTAL_0_3861101
2967074,62,2026-05-20 02:46:00,113510,113510,3974611,0,,450,,CORRECT_TOTAL_113510_3974611
2976865,62,2026-05-20 02:50:00,113601,,3974702,0,,0,,CORRECT_TOTAL_0_3974702
2967085,62,2026-05-20 02:51:00,113510,113510,4088212,0,,450,,CORRECT_TOTAL_113510_4088212
2976866,62,2026-05-20 02:55:00,113601,,4088303,0,,0,,CORRECT_TOTAL_0_4088303
2967092,62,2026-05-20 02:56:00,113510,113510,4201813,0,,450,,CORRECT_TOTAL_113510_4201813
2976867,62,2026-05-20 03:00:00,113602,,4201905,0,,0,,CORRECT_TOTAL_0_4201905
2967103,62,2026-05-20 03:01:00,113511,113511,4315416,1,,451,,CORRECT_TOTAL_113511_4315416
2976868,62,2026-05-20 03:05:00,113606,,4315511,0,,0,,CORRECT_TOTAL_0_4315511
2967194,62,2026-05-20 03:06:00,113515,113515,4429026,4,,455,,CORRECT_TOTAL_113515_4429026
2976869,62,2026-05-20 03:10:00,113609,,4429120,0,,0,,CORRECT_TOTAL_0_4429120
2967252,62,2026-05-20 03:11:00,113519,113519,4542639,4,,459,,CORRECT_TOTAL_113519_4542639
2976870,62,2026-05-20 03:15:00,113613,,4542733,0,,0,,CORRECT_TOTAL_0_4542733
2967259,62,2026-05-20 03:16:00,113522,113522,4656255,3,,462,,CORRECT_TOTAL_113522_4656255
2976871,62,2026-05-20 03:20:00,113617,,4656350,0,,0,,CORRECT_TOTAL_0_4656350
2967270,62,2026-05-20 03:21:00,113522,113522,4769872,0,,462,,CORRECT_TOTAL_113522_4769872
2976872,62,2026-05-20 03:25:00,113621,,4769971,0,,0,,CORRECT_TOTAL_0_4769971
2967277,62,2026-05-20 03:26:00,113522,113522,4883493,0,,462,,CORRECT_TOTAL_113522_4883493
2976873,62,2026-05-20 03:30:00,113621,,4883592,0,,0,,CORRECT_TOTAL_0_4883592
2967288,62,2026-05-20 03:31:00,113522,113522,4997114,0,,462,,CORRECT_TOTAL_113522_4997114
2976874,62,2026-05-20 03:35:00,113621,,4997213,0,,0,,CORRECT_TOTAL_0_4997213
2967295,62,2026-05-20 03:36:00,113522,113522,5110735,0,,462,,CORRECT_TOTAL_113522_5110735
2976875,62,2026-05-20 03:40:00,113622,,5110835,0,,0,,CORRECT_TOTAL_0_5110835
2967305,62,2026-05-20 03:41:00,113522,113522,5224357,0,,462,,CORRECT_TOTAL_113522_5224357
2976876,62,2026-05-20 03:45:00,113626,,5224461,0,,0,,CORRECT_TOTAL_0_5224461
2967313,62,2026-05-20 03:46:00,113522,113522,5337983,0,,462,,CORRECT_TOTAL_113522_5337983
2976877,62,2026-05-20 03:50:00,113630,,5338091,0,,0,,CORRECT_TOTAL_0_5338091
2967324,62,2026-05-20 03:51:00,113522,113522,5451613,0,,462,,CORRECT_TOTAL_113522_5451613
2976878,62,2026-05-20 03:55:00,113633,,5451724,0,,0,,CORRECT_TOTAL_0_5451724
2967331,62,2026-05-20 03:56:00,113522,113522,5565246,0,,462,,CORRECT_TOTAL_113522_5565246
2976879,62,2026-05-20 04:00:00,113634,,5565358,0,,0,,CORRECT_TOTAL_0_5565358
2967342,62,2026-05-20 04:01:00,113526,113526,5678884,4,,0,,CORRECT_TOTAL_113526_5678884
2976880,62,2026-05-20 04:05:00,113634,,5678992,0,,0,,CORRECT_TOTAL_0_5678992
2967434,62,2026-05-20 04:06:00,113530,113530,5792522,4,,4,,CORRECT_TOTAL_113530_5792522
2976881,62,2026-05-20 04:10:00,113634,,5792626,0,,0,,CORRECT_TOTAL_0_5792626
2967491,62,2026-05-20 04:11:00,113530,113530,5906156,0,,4,,CORRECT_TOTAL_113530_5906156
2976882,62,2026-05-20 04:15:00,113634,,5906260,0,,0,,CORRECT_TOTAL_0_5906260
2967498,62,2026-05-20 04:16:00,113530,113530,6019790,0,,4,,CORRECT_TOTAL_113530_6019790
2976883,62,2026-05-20 04:20:00,113637,,6019897,0,,0,,CORRECT_TOTAL_0_6019897
2967509,62,2026-05-20 04:21:00,113530,113530,6133427,0,,4,,CORRECT_TOTAL_113530_6133427
2976884,62,2026-05-20 04:25:00,113641,,6133538,0,,0,,CORRECT_TOTAL_0_6133538
2967516,62,2026-05-20 04:26:00,113531,113531,6247069,1,,5,,CORRECT_TOTAL_113531_6247069
2976885,62,2026-05-20 04:30:00,113644,,6247182,0,,0,,CORRECT_TOTAL_0_6247182
2967527,62,2026-05-20 04:31:00,113535,113535,6360717,4,,9,,CORRECT_TOTAL_113535_6360717
2976886,62,2026-05-20 04:35:00,113644,,6360826,0,,0,,CORRECT_TOTAL_0_6360826
2967534,62,2026-05-20 04:36:00,113539,113539,6474365,4,,13,,CORRECT_TOTAL_113539_6474365
2976887,62,2026-05-20 04:40:00,113644,,6474470,0,,0,,CORRECT_TOTAL_0_6474470
2967545,62,2026-05-20 04:41:00,113543,113543,6588013,4,,17,,CORRECT_TOTAL_113543_6588013
2976888,62,2026-05-20 04:45:00,113646,,6588116,0,,0,,CORRECT_TOTAL_0_6588116
2967552,62,2026-05-20 04:46:00,113545,113545,6701661,2,,19,,CORRECT_TOTAL_113545_6701661
2976889,62,2026-05-20 04:50:00,113649,,6701765,0,,0,,CORRECT_TOTAL_0_6701765
2967563,62,2026-05-20 04:51:00,113545,113545,6815310,0,,19,,CORRECT_TOTAL_113545_6815310
2976890,62,2026-05-20 04:55:00,113653,,6815418,0,,0,,CORRECT_TOTAL_0_6815418
2967570,62,2026-05-20 04:56:00,113545,113545,6928963,0,,19,,CORRECT_TOTAL_113545_6928963
2976891,62,2026-05-20 05:00:00,113655,,6929073,0,,0,,CORRECT_TOTAL_0_6929073
2967581,62,2026-05-20 05:01:00,113547,113547,7042620,2,,21,,CORRECT_TOTAL_113547_7042620
2976892,62,2026-05-20 05:05:00,113655,,7042728,0,,0,,CORRECT_TOTAL_0_7042728
2967672,62,2026-05-20 05:06:00,113551,113551,7156279,4,,25,,CORRECT_TOTAL_113551_7156279
2976893,62,2026-05-20 05:10:00,113655,,7156383,0,,0,,CORRECT_TOTAL_0_7156383
2967730,62,2026-05-20 05:11:00,113555,113555,7269938,4,,29,,CORRECT_TOTAL_113555_7269938
2976894,62,2026-05-20 05:15:00,113658,,7270041,0,,0,,CORRECT_TOTAL_0_7270041
2967737,62,2026-05-20 05:16:00,113559,113559,7383600,4,,33,,CORRECT_TOTAL_113559_7383600
2976895,62,2026-05-20 05:20:00,113662,,7383703,0,,0,,CORRECT_TOTAL_0_7383703
2967748,62,2026-05-20 05:21:00,113560,113560,7497263,1,,34,,CORRECT_TOTAL_113560_7497263
2976896,62,2026-05-20 05:25:00,113666,,7497369,0,,0,,CORRECT_TOTAL_0_7497369
2967755,62,2026-05-20 05:26:00,113560,113560,7610929,0,,34,,CORRECT_TOTAL_113560_7610929
2976897,62,2026-05-20 05:30:00,113667,,7611036,0,,0,,CORRECT_TOTAL_0_7611036
2967766,62,2026-05-20 05:31:00,113561,113561,7724597,1,,35,,CORRECT_TOTAL_113561_7724597
2976898,62,2026-05-20 05:35:00,113667,,7724703,0,,0,,CORRECT_TOTAL_0_7724703
2967773,62,2026-05-20 05:36:00,113565,113565,7838268,4,,39,,CORRECT_TOTAL_113565_7838268
2976899,62,2026-05-20 05:40:00,113667,,7838370,0,,0,,CORRECT_TOTAL_0_7838370
2967784,62,2026-05-20 05:41:00,113569,113569,7951939,4,,43,,CORRECT_TOTAL_113569_7951939
2976900,62,2026-05-20 05:45:00,113671,,7952041,0,,0,,CORRECT_TOTAL_0_7952041
2967791,62,2026-05-20 05:46:00,113573,113573,8065614,4,,47,,CORRECT_TOTAL_113573_8065614
2976901,62,2026-05-20 05:50:00,113675,,8065716,0,,0,,CORRECT_TOTAL_0_8065716
2967802,62,2026-05-20 05:51:00,113573,113573,8179289,0,,47,,CORRECT_TOTAL_113573_8179289
2976902,62,2026-05-20 05:55:00,113679,,8179395,0,,0,,CORRECT_TOTAL_0_8179395
2967809,62,2026-05-20 05:56:00,113573,113573,8292968,0,,47,,CORRECT_TOTAL_113573_8292968
2976903,62,2026-05-20 06:00:00,113679,,8293074,0,,0,,CORRECT_TOTAL_0_8293074
2967820,62,2026-05-20 06:01:00,113574,113574,8406648,1,,48,,CORRECT_TOTAL_113574_8406648
2976904,62,2026-05-20 06:05:00,113679,,8406753,0,,0,,CORRECT_TOTAL_0_8406753
2967913,62,2026-05-20 06:06:00,113578,113578,8520331,4,,52,,CORRECT_TOTAL_113578_8520331
2976905,62,2026-05-20 06:10:00,113679,,8520432,0,,0,,CORRECT_TOTAL_0_8520432
2967969,62,2026-05-20 06:11:00,113582,113582,8634014,4,,56,,CORRECT_TOTAL_113582_8634014
2976906,62,2026-05-20 06:15:00,113679,,8634111,0,,0,,CORRECT_TOTAL_0_8634111
2967976,62,2026-05-20 06:16:00,113585,113585,8747696,3,,59,,CORRECT_TOTAL_113585_8747696
2976907,62,2026-05-20 06:20:00,113683,,8747794,0,,0,,CORRECT_TOTAL_0_8747794
2967987,62,2026-05-20 06:21:00,113589,113589,8861383,4,,63,,CORRECT_TOTAL_113589_8861383
2976908,62,2026-05-20 06:25:00,113687,,8861481,0,,0,,CORRECT_TOTAL_0_8861481
2967994,62,2026-05-20 06:26:00,113590,113590,8975071,1,,64,,CORRECT_TOTAL_113590_8975071
2976909,62,2026-05-20 06:30:00,113687,,8975168,0,,0,,CORRECT_TOTAL_0_8975168
2968005,62,2026-05-20 06:31:00,113590,113590,9088758,0,,64,,CORRECT_TOTAL_113590_9088758
2976910,62,2026-05-20 06:35:00,113687,,9088855,0,,0,,CORRECT_TOTAL_0_9088855
2968012,62,2026-05-20 06:36:00,113590,113590,9202445,0,,64,,CORRECT_TOTAL_113590_9202445
2976911,62,2026-05-20 06:40:00,113687,,9202542,0,,0,,CORRECT_TOTAL_0_9202542
2968023,62,2026-05-20 06:41:00,113594,113594,9316136,4,,68,,CORRECT_TOTAL_113594_9316136
2976912,62,2026-05-20 06:45:00,113687,,9316229,0,,0,,CORRECT_TOTAL_0_9316229
2968030,62,2026-05-20 06:46:00,113598,113598,9429827,4,,72,,CORRECT_TOTAL_113598_9429827
2976913,62,2026-05-20 06:50:00,113687,,9429916,0,,0,,CORRECT_TOTAL_0_9429916
2968041,62,2026-05-20 06:51:00,113601,113601,9543517,3,,75,,CORRECT_TOTAL_113601_9543517
2976914,62,2026-05-20 06:55:00,113687,,9543603,0,,0,,CORRECT_TOTAL_0_9543603
2968048,62,2026-05-20 06:56:00,113601,113601,9657204,0,,75,,CORRECT_TOTAL_113601_9657204
2976915,62,2026-05-20 07:00:00,113690,,9657293,0,,0,,CORRECT_TOTAL_0_9657293
2968059,62,2026-05-20 07:01:00,113601,113601,9770894,0,,75,,CORRECT_TOTAL_113601_9770894
2976916,62,2026-05-20 07:05:00,113694,,9770987,0,,0,,CORRECT_TOTAL_0_9770987
2968152,62,2026-05-20 07:06:00,113602,113602,9884589,1,,76,,CORRECT_TOTAL_113602_9884589
2976917,62,2026-05-20 07:10:00,113698,,9884685,0,,0,,CORRECT_TOTAL_0_9884685
2968208,62,2026-05-20 07:11:00,113606,113606,9998291,4,,80,,CORRECT_TOTAL_113606_9998291
2976918,62,2026-05-20 07:15:00,113702,,9998387,0,,0,,CORRECT_TOTAL_0_9998387
2968215,62,2026-05-20 07:16:00,113610,113610,10111997,4,,84,,CORRECT_TOTAL_113610_10111997
2976919,62,2026-05-20 07:20:00,113703,,10112090,0,,0,,CORRECT_TOTAL_0_10112090
2968226,62,2026-05-20 07:21:00,113614,113614,10225704,4,,88,,CORRECT_TOTAL_113614_10225704
2976920,62,2026-05-20 07:25:00,113703,,10225793,0,,0,,CORRECT_TOTAL_0_10225793
2968233,62,2026-05-20 07:26:00,113618,113618,10339411,4,,92,,CORRECT_TOTAL_113618_10339411
2976921,62,2026-05-20 07:30:00,113703,,10339496,0,,0,,CORRECT_TOTAL_0_10339496
2968244,62,2026-05-20 07:31:00,113621,113621,10453117,3,,95,,CORRECT_TOTAL_113621_10453117
2976922,62,2026-05-20 07:35:00,113703,,10453199,0,,0,,CORRECT_TOTAL_0_10453199
2968251,62,2026-05-20 07:36:00,113621,113621,10566820,0,,95,,CORRECT_TOTAL_113621_10566820
2976923,62,2026-05-20 07:40:00,113706,,10566905,0,,0,,CORRECT_TOTAL_0_10566905
2968262,62,2026-05-20 07:41:00,113621,113621,10680526,0,,95,,CORRECT_TOTAL_113621_10680526
2976924,62,2026-05-20 07:45:00,113710,,10680615,0,,0,,CORRECT_TOTAL_0_10680615
2968269,62,2026-05-20 07:46:00,113623,113623,10794238,2,,97,,CORRECT_TOTAL_113623_10794238
2976925,62,2026-05-20 07:50:00,113711,,10794326,0,,0,,CORRECT_TOTAL_0_10794326
2968280,62,2026-05-20 07:51:00,113626,113626,10907952,3,,100,,CORRECT_TOTAL_113626_10907952
2976926,62,2026-05-20 07:55:00,113711,,10908037,0,,0,,CORRECT_TOTAL_0_10908037
2968287,62,2026-05-20 07:56:00,113630,113630,11021667,4,,104,,CORRECT_TOTAL_113630_11021667
2976927,62,2026-05-20 08:00:00,113711,,11021748,0,,0,,CORRECT_TOTAL_0_11021748
2968298,62,2026-05-20 08:01:00,113634,113634,11135382,4,,108,,CORRECT_TOTAL_113634_11135382
2976928,62,2026-05-20 08:05:00,113711,,11135459,0,,0,,CORRECT_TOTAL_0_11135459
2968363,62,2026-05-20 08:06:00,113634,113634,11249093,0,,108,,CORRECT_TOTAL_113634_11249093
2976929,62,2026-05-20 08:10:00,113712,,11249171,0,,0,,CORRECT_TOTAL_0_11249171
2968427,62,2026-05-20 08:11:00,113634,113634,11362805,0,,108,,CORRECT_TOTAL_113634_11362805
2976930,62,2026-05-20 08:15:00,113717,,11362888,0,,0,,CORRECT_TOTAL_0_11362888
2968454,62,2026-05-20 08:16:00,113634,113634,11476522,0,,108,,CORRECT_TOTAL_113634_11476522
2976931,62,2026-05-20 08:20:00,113720,,11476608,0,,0,,CORRECT_TOTAL_0_11476608
2968465,62,2026-05-20 08:21:00,113634,113634,11590242,0,,108,,CORRECT_TOTAL_113634_11590242
2976932,62,2026-05-20 08:25:00,113720,,11590328,0,,0,,CORRECT_TOTAL_0_11590328
2968472,62,2026-05-20 08:26:00,113637,113637,11703965,3,,111,,CORRECT_TOTAL_113637_11703965
2976933,62,2026-05-20 08:30:00,113720,,11704048,0,,0,,CORRECT_TOTAL_0_11704048
2968483,62,2026-05-20 08:31:00,113641,113641,11817689,4,,115,,CORRECT_TOTAL_113641_11817689
2976934,62,2026-05-20 08:35:00,113720,,11817768,0,,0,,CORRECT_TOTAL_0_11817768
2968490,62,2026-05-20 08:36:00,113644,113644,11931412,3,,118,,CORRECT_TOTAL_113644_11931412
2976935,62,2026-05-20 08:40:00,113720,,11931488,0,,0,,CORRECT_TOTAL_0_11931488
2968501,62,2026-05-20 08:41:00,113644,113644,12045132,0,,118,,CORRECT_TOTAL_113644_12045132
2976936,62,2026-05-20 08:45:00,113723,,12045211,0,,0,,CORRECT_TOTAL_0_12045211
2968508,62,2026-05-20 08:46:00,113644,113644,12158855,0,,118,,CORRECT_TOTAL_113644_12158855
2976937,62,2026-05-20 08:50:00,113727,,12158938,0,,0,,CORRECT_TOTAL_0_12158938
2968519,62,2026-05-20 08:51:00,113646,113646,12272584,2,,120,,CORRECT_TOTAL_113646_12272584
2976938,62,2026-05-20 08:55:00,113730,,12272668,0,,0,,CORRECT_TOTAL_0_12272668
2968526,62,2026-05-20 08:56:00,113650,113650,12386318,4,,124,,CORRECT_TOTAL_113650_12386318
2976939,62,2026-05-20 09:00:00,113730,,12386398,0,,0,,CORRECT_TOTAL_0_12386398
2968537,62,2026-05-20 09:01:00,113654,113654,12500052,4,,128,,CORRECT_TOTAL_113654_12500052
2976940,62,2026-05-20 09:05:00,113730,,12500128,0,,0,,CORRECT_TOTAL_0_12500128
2968630,62,2026-05-20 09:06:00,113655,113655,12613783,1,,129,,CORRECT_TOTAL_113655_12613783
2976941,62,2026-05-20 09:10:00,113730,,12613858,0,,0,,CORRECT_TOTAL_0_12613858
2968686,62,2026-05-20 09:11:00,113655,113655,12727513,0,,129,,CORRECT_TOTAL_113655_12727513
2976942,62,2026-05-20 09:15:00,113730,,12727588,0,,0,,CORRECT_TOTAL_0_12727588
2968693,62,2026-05-20 09:16:00,113655,113655,12841243,0,,129,,CORRECT_TOTAL_113655_12841243
2976943,62,2026-05-20 09:20:00,113730,,12841318,0,,0,,CORRECT_TOTAL_0_12841318
2968704,62,2026-05-20 09:21:00,113659,113659,12954977,4,,133,,CORRECT_TOTAL_113659_12954977
2976944,62,2026-05-20 09:25:00,113732,,12955050,0,,0,,CORRECT_TOTAL_0_12955050
2968711,62,2026-05-20 09:26:00,113663,113663,13068713,4,,137,,CORRECT_TOTAL_113663_13068713
2976945,62,2026-05-20 09:30:00,113736,,13068786,0,,0,,CORRECT_TOTAL_0_13068786
2968722,62,2026-05-20 09:31:00,113667,113667,13182453,4,,141,,CORRECT_TOTAL_113667_13182453
2976946,62,2026-05-20 09:35:00,113739,,13182525,0,,0,,CORRECT_TOTAL_0_13182525
2968729,62,2026-05-20 09:36:00,113667,113667,13296192,0,,141,,CORRECT_TOTAL_113667_13296192
2976947,62,2026-05-20 09:40:00,113739,,13296264,0,,0,,CORRECT_TOTAL_0_13296264
2968740,62,2026-05-20 09:41:00,113667,113667,13409931,0,,141,,CORRECT_TOTAL_113667_13409931
2976948,62,2026-05-20 09:45:00,113739,,13410003,0,,0,,CORRECT_TOTAL_0_13410003
2968747,62,2026-05-20 09:46:00,113668,113668,13523671,1,,142,,CORRECT_TOTAL_113668_13523671
2976949,62,2026-05-20 09:50:00,113739,,13523742,0,,0,,CORRECT_TOTAL_0_13523742
2968758,62,2026-05-20 09:51:00,113672,113672,13637414,4,,146,,CORRECT_TOTAL_113672_13637414
2976950,62,2026-05-20 09:55:00,113739,,13637481,0,,0,,CORRECT_TOTAL_0_13637481
2968765,62,2026-05-20 09:56:00,113676,113676,13751157,4,,150,,CORRECT_TOTAL_113676_13751157
2976951,62,2026-05-20 10:00:00,113741,,13751222,0,,0,,CORRECT_TOTAL_0_13751222
2968776,62,2026-05-20 10:01:00,113679,113679,13864901,3,,153,,CORRECT_TOTAL_113679_13864901
2976952,62,2026-05-20 10:05:00,113745,,13864967,0,,0,,CORRECT_TOTAL_0_13864967
2968869,62,2026-05-20 10:06:00,113679,113679,13978646,0,,153,,CORRECT_TOTAL_113679_13978646
2976953,62,2026-05-20 10:10:00,113748,,13978715,0,,0,,CORRECT_TOTAL_0_13978715
2968925,62,2026-05-20 10:11:00,113679,113679,14092394,0,,153,,CORRECT_TOTAL_113679_14092394
2976954,62,2026-05-20 10:15:00,113748,,14092463,0,,0,,CORRECT_TOTAL_0_14092463
2968932,62,2026-05-20 10:16:00,113679,113679,14206142,0,,153,,CORRECT_TOTAL_113679_14206142
2976955,62,2026-05-20 10:20:00,113748,,14206211,0,,0,,CORRECT_TOTAL_0_14206211
2968943,62,2026-05-20 10:21:00,113680,113680,14319891,1,,154,,CORRECT_TOTAL_113680_14319891
2976956,62,2026-05-20 10:25:00,113748,,14319959,0,,0,,CORRECT_TOTAL_0_14319959
2968950,62,2026-05-20 10:26:00,113684,113684,14433643,4,,158,,CORRECT_TOTAL_113684_14433643
2976957,62,2026-05-20 10:30:00,113748,,14433707,0,,0,,CORRECT_TOTAL_0_14433707
2968961,62,2026-05-20 10:31:00,113687,113687,14547394,3,,161,,CORRECT_TOTAL_113687_14547394
2976958,62,2026-05-20 10:35:00,113748,,14547455,0,,0,,CORRECT_TOTAL_0_14547455
2968968,62,2026-05-20 10:36:00,113687,113687,14661142,0,,161,,CORRECT_TOTAL_113687_14661142
2976959,62,2026-05-20 10:40:00,113752,,14661207,0,,0,,CORRECT_TOTAL_0_14661207
2968979,62,2026-05-20 10:41:00,113687,113687,14774894,0,,161,,CORRECT_TOTAL_113687_14774894
2976960,62,2026-05-20 10:45:00,113755,,14774962,0,,0,,CORRECT_TOTAL_0_14774962
2968986,62,2026-05-20 10:46:00,113687,113687,14888649,0,,161,,CORRECT_TOTAL_113687_14888649
2976961,62,2026-05-20 10:50:00,113758,,14888720,0,,0,,CORRECT_TOTAL_0_14888720
2968997,62,2026-05-20 10:51:00,113687,113687,15002407,0,,161,,CORRECT_TOTAL_113687_15002407
2976962,62,2026-05-20 10:55:00,113762,,15002482,0,,0,,CORRECT_TOTAL_0_15002482
2969004,62,2026-05-20 10:56:00,113687,113687,15116169,0,,161,,CORRECT_TOTAL_113687_15116169
2976963,62,2026-05-20 11:00:00,113765,,15116247,0,,0,,CORRECT_TOTAL_0_15116247
2969015,62,2026-05-20 11:01:00,113687,113687,15229934,0,,161,,CORRECT_TOTAL_113687_15229934
2976964,62,2026-05-20 11:05:00,113768,,15230015,0,,0,,CORRECT_TOTAL_0_15230015
2969107,62,2026-05-20 11:06:00,113691,113691,15343706,4,,165,,CORRECT_TOTAL_113691_15343706
2969164,62,2026-05-20 11:11:00,113695,113695,15343710,4,,169,,CORRECT_TOTAL_113695_15343710
2976965,62,2026-05-20 11:15:00,113775,,15343790,0,,0,,CORRECT_TOTAL_0_15343790
2969171,62,2026-05-20 11:16:00,113699,113699,15457489,4,,173,,CORRECT_TOTAL_113699_15457489
2976966,62,2026-05-20 11:20:00,113778,,15457568,0,,0,,CORRECT_TOTAL_0_15457568
2969182,62,2026-05-20 11:21:00,113702,113702,15571270,3,,176,,CORRECT_TOTAL_113702_15571270
2976967,62,2026-05-20 11:25:00,113781,,15571349,0,,0,,CORRECT_TOTAL_0_15571349
2969189,62,2026-05-20 11:26:00,113703,113703,15685052,1,,177,,CORRECT_TOTAL_113703_15685052
2976968,62,2026-05-20 11:30:00,113783,,15685132,0,,0,,CORRECT_TOTAL_0_15685132
2969200,62,2026-05-20 11:31:00,113703,113703,15798835,0,,177,,CORRECT_TOTAL_113703_15798835
2976969,62,2026-05-20 11:35:00,113786,,15798918,0,,0,,CORRECT_TOTAL_0_15798918
2969207,62,2026-05-20 11:36:00,113703,113703,15912621,0,,177,,CORRECT_TOTAL_113703_15912621
2976970,62,2026-05-20 11:40:00,113789,,15912707,0,,0,,CORRECT_TOTAL_0_15912707
2969218,62,2026-05-20 11:41:00,113703,113703,16026410,0,,177,,CORRECT_TOTAL_113703_16026410
2976971,62,2026-05-20 11:45:00,113792,,16026499,0,,0,,CORRECT_TOTAL_0_16026499
2969225,62,2026-05-20 11:46:00,113707,113707,16140206,4,,181,,CORRECT_TOTAL_113707_16140206
2976972,62,2026-05-20 11:50:00,113795,,16140294,0,,0,,CORRECT_TOTAL_0_16140294
2969236,62,2026-05-20 11:51:00,113711,113711,16254005,4,,185,,CORRECT_TOTAL_113711_16254005
2976973,62,2026-05-20 11:55:00,113798,,16254092,0,,0,,CORRECT_TOTAL_0_16254092
2969243,62,2026-05-20 11:56:00,113711,113711,16367803,0,,185,,CORRECT_TOTAL_113711_16367803
2976974,62,2026-05-20 12:00:00,113801,,16367893,0,,0,,CORRECT_TOTAL_0_16367893
2969254,62,2026-05-20 12:01:00,113711,113711,16481604,0,,185,,CORRECT_TOTAL_113711_16481604
2976975,62,2026-05-20 12:05:00,113804,,16481697,0,,0,,CORRECT_TOTAL_0_16481697
2969346,62,2026-05-20 12:06:00,113711,113711,16595408,0,,185,,CORRECT_TOTAL_113711_16595408
2976976,62,2026-05-20 12:10:00,113807,,16595504,0,,0,,CORRECT_TOTAL_0_16595504
2969403,62,2026-05-20 12:11:00,113711,113711,16709215,0,,185,,CORRECT_TOTAL_113711_16709215
2976977,62,2026-05-20 12:15:00,113810,,16709314,0,,0,,CORRECT_TOTAL_0_16709314
2969410,62,2026-05-20 12:16:00,113714,113714,16823028,3,,188,,CORRECT_TOTAL_113714_16823028
2976978,62,2026-05-20 12:20:00,113813,,16823127,0,,0,,CORRECT_TOTAL_0_16823127
2969421,62,2026-05-20 12:21:00,113718,113718,16936845,4,,192,,CORRECT_TOTAL_113718_16936845
2976979,62,2026-05-20 12:25:00,113817,,16936944,0,,0,,CORRECT_TOTAL_0_16936944
2969428,62,2026-05-20 12:26:00,113720,113720,17050664,2,,194,,CORRECT_TOTAL_113720_17050664
2976980,62,2026-05-20 12:30:00,113821,,17050765,0,,0,,CORRECT_TOTAL_0_17050765
2969439,62,2026-05-20 12:31:00,113720,113720,17164485,0,,194,,CORRECT_TOTAL_113720_17164485
2976981,62,2026-05-20 12:35:00,113824,,17164589,0,,0,,CORRECT_TOTAL_0_17164589
2969446,62,2026-05-20 12:36:00,113720,113720,17278309,0,,194,,CORRECT_TOTAL_113720_17278309
2976982,62,2026-05-20 12:40:00,113824,,17278413,0,,0,,CORRECT_TOTAL_0_17278413
2969457,62,2026-05-20 12:41:00,113720,113720,17392133,0,,194,,CORRECT_TOTAL_113720_17392133
2976983,62,2026-05-20 12:45:00,113824,,17392237,0,,0,,CORRECT_TOTAL_0_17392237
2969464,62,2026-05-20 12:46:00,113720,113720,17505957,0,,194,,CORRECT_TOTAL_113720_17505957
2976984,62,2026-05-20 12:50:00,113824,,17506061,0,,0,,CORRECT_TOTAL_0_17506061
2969475,62,2026-05-20 12:51:00,113724,113724,17619785,4,,198,,CORRECT_TOTAL_113724_17619785
2976985,62,2026-05-20 12:55:00,113824,,17619885,0,,0,,CORRECT_TOTAL_0_17619885
2969482,62,2026-05-20 12:56:00,113728,113728,17733613,4,,202,,CORRECT_TOTAL_113728_17733613
2976986,62,2026-05-20 13:00:00,113824,,17733709,0,,0,,CORRECT_TOTAL_0_17733709
2969493,62,2026-05-20 13:01:00,113730,113730,17847439,2,,204,,CORRECT_TOTAL_113730_17847439
2976987,62,2026-05-20 13:05:00,113824,,17847533,0,,0,,CORRECT_TOTAL_0_17847533
2969586,62,2026-05-20 13:06:00,113730,113730,17961263,0,,204,,CORRECT_TOTAL_113730_17961263
2976988,62,2026-05-20 13:10:00,113828,,17961361,0,,0,,CORRECT_TOTAL_0_17961361
2969642,62,2026-05-20 13:11:00,113730,113730,18075091,0,,204,,CORRECT_TOTAL_113730_18075091
2976989,62,2026-05-20 13:15:00,113832,,18075193,0,,0,,CORRECT_TOTAL_0_18075193
2969649,62,2026-05-20 13:16:00,113730,113730,18188923,0,,204,,CORRECT_TOTAL_113730_18188923
2976990,62,2026-05-20 13:20:00,113832,,18189025,0,,0,,CORRECT_TOTAL_0_18189025
2969660,62,2026-05-20 13:21:00,113730,113730,18302755,0,,204,,CORRECT_TOTAL_113730_18302755
2976991,62,2026-05-20 13:25:00,113832,,18302857,0,,0,,CORRECT_TOTAL_0_18302857
2969667,62,2026-05-20 13:26:00,113730,113730,18416587,0,,204,,CORRECT_TOTAL_113730_18416587
2976992,62,2026-05-20 13:30:00,113832,,18416689,0,,0,,CORRECT_TOTAL_0_18416689
2969678,62,2026-05-20 13:31:00,113733,113733,18530422,3,,207,,CORRECT_TOTAL_113733_18530422
2976993,62,2026-05-20 13:35:00,113832,,18530521,0,,0,,CORRECT_TOTAL_0_18530521
2969685,62,2026-05-20 13:36:00,113737,113737,18644258,4,,211,,CORRECT_TOTAL_113737_18644258
2969696,62,2026-05-20 13:41:00,113739,113739,18644260,2,,213,,CORRECT_TOTAL_113739_18644260
2969703,62,2026-05-20 13:46:00,113739,113739,18644260,0,,213,,CORRECT_TOTAL_113739_18644260
2976994,62,2026-05-20 13:50:00,113841,,18644362,0,,0,,CORRECT_TOTAL_0_18644362
2969714,62,2026-05-20 13:51:00,113739,113739,18758101,0,,213,,CORRECT_TOTAL_113739_18758101
2976995,62,2026-05-20 13:55:00,113841,,18758203,0,,0,,CORRECT_TOTAL_0_18758203
2969721,62,2026-05-20 13:56:00,113739,113739,18871942,0,,213,,CORRECT_TOTAL_113739_18871942
2976996,62,2026-05-20 14:00:00,113841,,18872044,0,,0,,CORRECT_TOTAL_0_18872044
2969732,62,2026-05-20 14:01:00,113739,113739,18985783,0,,213,,CORRECT_TOTAL_113739_18985783
2976997,62,2026-05-20 14:05:00,113841,,18985885,0,,0,,CORRECT_TOTAL_0_18985885
2969824,62,2026-05-20 14:06:00,113741,113741,19099626,2,,215,,CORRECT_TOTAL_113741_19099626
2976998,62,2026-05-20 14:10:00,113841,,19099726,0,,0,,CORRECT_TOTAL_0_19099726
2969881,62,2026-05-20 14:11:00,113746,113746,19213472,5,,220,,CORRECT_TOTAL_113746_19213472
2976999,62,2026-05-20 14:15:00,113842,,19213568,0,,0,,CORRECT_TOTAL_0_19213568
2969888,62,2026-05-20 14:16:00,113748,113748,19327316,2,,222,,CORRECT_TOTAL_113748_19327316
2977000,62,2026-05-20 14:20:00,113846,,19327414,0,,0,,CORRECT_TOTAL_0_19327414
2969899,62,2026-05-20 14:21:00,113748,113748,19441162,0,,222,,CORRECT_TOTAL_113748_19441162
2977001,62,2026-05-20 14:25:00,113850,,19441264,0,,0,,CORRECT_TOTAL_0_19441264
2969906,62,2026-05-20 14:26:00,113748,113748,19555012,0,,222,,CORRECT_TOTAL_113748_19555012
2977002,62,2026-05-20 14:30:00,113851,,19555115,0,,0,,CORRECT_TOTAL_0_19555115
2969917,62,2026-05-20 14:31:00,113748,113748,19668863,0,,222,,CORRECT_TOTAL_113748_19668863
2977003,62,2026-05-20 14:35:00,113851,,19668966,0,,0,,CORRECT_TOTAL_0_19668966
2969924,62,2026-05-20 14:36:00,113748,113748,19782714,0,,222,,CORRECT_TOTAL_113748_19782714
2977004,62,2026-05-20 14:40:00,113851,,19782817,0,,0,,CORRECT_TOTAL_0_19782817
2969935,62,2026-05-20 14:41:00,113748,113748,19896565,0,,222,,CORRECT_TOTAL_113748_19896565
2977005,62,2026-05-20 14:45:00,113851,,19896668,0,,0,,CORRECT_TOTAL_0_19896668
2969942,62,2026-05-20 14:46:00,113752,113752,20010420,4,,226,,CORRECT_TOTAL_113752_20010420
2977006,62,2026-05-20 14:50:00,113851,,20010519,0,,0,,CORRECT_TOTAL_0_20010519
2969953,62,2026-05-20 14:51:00,113756,113756,20124275,4,,230,,CORRECT_TOTAL_113756_20124275
2977007,62,2026-05-20 14:55:00,113851,,20124370,0,,0,,CORRECT_TOTAL_0_20124370
2969960,62,2026-05-20 14:56:00,113759,113759,20238129,3,,233,,CORRECT_TOTAL_113759_20238129
2977008,62,2026-05-20 15:00:00,113854,,20238224,0,,0,,CORRECT_TOTAL_0_20238224
2969970,62,2026-05-20 15:01:00,113762,113762,20351986,3,,236,,CORRECT_TOTAL_113762_20351986
2977009,62,2026-05-20 15:05:00,113857,,20352081,0,,0,,CORRECT_TOTAL_0_20352081
2970034,62,2026-05-20 15:06:00,113766,113766,20465847,4,,240,,CORRECT_TOTAL_113766_20465847
2977010,62,2026-05-20 15:10:00,113861,,20465942,0,,0,,CORRECT_TOTAL_0_20465942
2970120,62,2026-05-20 15:11:00,113768,113768,20579710,2,,242,,CORRECT_TOTAL_113768_20579710
2977011,62,2026-05-20 15:15:00,113861,,20579803,0,,0,,CORRECT_TOTAL_0_20579803
2977012,62,2026-05-20 15:20:00,113861,,20579803,0,,0,,CORRECT_TOTAL_0_20579803
2977013,62,2026-05-20 15:25:00,113861,,20579803,0,,0,,CORRECT_TOTAL_0_20579803
2977014,62,2026-05-20 15:30:00,113861,,20579803,0,,0,,CORRECT_TOTAL_0_20579803
2977015,62,2026-05-20 15:35:00,113864,,20579806,0,,0,,CORRECT_TOTAL_0_20579806
2977016,62,2026-05-20 15:40:00,113868,,20579810,0,,0,,CORRECT_TOTAL_0_20579810
2977017,62,2026-05-20 15:45:00,113869,,20579811,0,,0,,CORRECT_TOTAL_0_20579811
2977018,62,2026-05-20 15:50:00,113869,,20579811,0,,0,,CORRECT_TOTAL_0_20579811
2977019,62,2026-05-20 15:55:00,113869,,20579811,0,,0,,CORRECT_TOTAL_0_20579811
2977020,62,2026-05-20 16:00:00,113869,,20579811,0,,0,,CORRECT_TOTAL_0_20579811
2977021,62,2026-05-20 16:05:00,113869,,20579811,0,,0,,CORRECT_TOTAL_0_20579811
2977022,62,2026-05-20 16:10:00,113870,,20579812,0,,0,,CORRECT_TOTAL_0_20579812
2977023,62,2026-05-20 16:15:00,113874,,20579816,0,,0,,CORRECT_TOTAL_0_20579816
2977024,62,2026-05-20 16:20:00,113878,,20579820,0,,0,,CORRECT_TOTAL_0_20579820
2977025,62,2026-05-20 16:25:00,113879,,20579821,0,,0,,CORRECT_TOTAL_0_20579821
2977026,62,2026-05-20 16:30:00,113879,,20579821,0,,0,,CORRECT_TOTAL_0_20579821
2977027,62,2026-05-20 16:35:00,113879,,20579821,0,,0,,CORRECT_TOTAL_0_20579821
2977028,62,2026-05-20 16:40:00,113879,,20579821,0,,0,,CORRECT_TOTAL_0_20579821
2977029,62,2026-05-20 16:45:00,113879,,20579821,0,,0,,CORRECT_TOTAL_0_20579821
2977030,62,2026-05-20 16:50:00,113883,,20579825,0,,0,,CORRECT_TOTAL_0_20579825
2977031,62,2026-05-20 16:55:00,113887,,20579829,0,,0,,CORRECT_TOTAL_0_20579829
2977032,62,2026-05-20 17:00:00,113891,,20579833,0,,0,,CORRECT_TOTAL_0_20579833
2977033,62,2026-05-20 17:05:00,113891,,20579833,0,,0,,CORRECT_TOTAL_0_20579833
2977034,62,2026-05-20 17:10:00,113891,,20579833,0,,0,,CORRECT_TOTAL_0_20579833
2977035,62,2026-05-20 17:15:00,113891,,20579833,0,,0,,CORRECT_TOTAL_0_20579833
2977036,62,2026-05-20 17:20:00,113891,,20579833,0,,0,,CORRECT_TOTAL_0_20579833
2977037,62,2026-05-20 17:25:00,113891,,20579833,0,,0,,CORRECT_TOTAL_0_20579833
2977038,62,2026-05-20 17:30:00,113893,,20579835,0,,0,,CORRECT_TOTAL_0_20579835
2977039,62,2026-05-20 17:35:00,113897,,20579839,0,,0,,CORRECT_TOTAL_0_20579839
2977040,62,2026-05-20 17:40:00,113898,,20579840,0,,0,,CORRECT_TOTAL_0_20579840
2977041,62,2026-05-20 17:45:00,113898,,20579840,0,,0,,CORRECT_TOTAL_0_20579840
2977042,62,2026-05-20 17:50:00,113898,,20579840,0,,0,,CORRECT_TOTAL_0_20579840
2977043,62,2026-05-20 17:55:00,113898,,20579840,0,,0,,CORRECT_TOTAL_0_20579840
2977044,62,2026-05-20 18:00:00,113898,,20579840,0,,0,,CORRECT_TOTAL_0_20579840
2977045,62,2026-05-20 18:05:00,113898,,20579840,0,,0,,CORRECT_TOTAL_0_20579840
2977046,62,2026-05-20 18:10:00,113901,,20579843,0,,0,,CORRECT_TOTAL_0_20579843
2977047,62,2026-05-20 18:15:00,113905,,20579847,0,,0,,CORRECT_TOTAL_0_20579847
2977048,62,2026-05-20 18:20:00,113909,,20579851,0,,0,,CORRECT_TOTAL_0_20579851
2977049,62,2026-05-20 18:25:00,113910,,20579852,0,,0,,CORRECT_TOTAL_0_20579852
2977050,62,2026-05-20 18:30:00,113910,,20579852,0,,0,,CORRECT_TOTAL_0_20579852
2977051,62,2026-05-20 18:35:00,113910,,20579852,0,,0,,CORRECT_TOTAL_0_20579852
2977052,62,2026-05-20 18:40:00,113910,,20579852,0,,0,,CORRECT_TOTAL_0_20579852
2977053,62,2026-05-20 18:45:00,113913,,20579855,0,,0,,CORRECT_TOTAL_0_20579855
2977054,62,2026-05-20 18:50:00,113917,,20579859,0,,0,,CORRECT_TOTAL_0_20579859
2977055,62,2026-05-20 18:55:00,113918,,20579860,0,,0,,CORRECT_TOTAL_0_20579860
2977056,62,2026-05-20 19:00:00,113918,,20579860,0,,0,,CORRECT_TOTAL_0_20579860
2977057,62,2026-05-20 19:05:00,113918,,20579860,0,,0,,CORRECT_TOTAL_0_20579860
2977058,62,2026-05-20 19:10:00,113918,,20579860,0,,0,,CORRECT_TOTAL_0_20579860
2977059,62,2026-05-20 19:15:00,113918,,20579860,0,,0,,CORRECT_TOTAL_0_20579860
2977060,62,2026-05-20 19:20:00,113919,,20579861,0,,0,,CORRECT_TOTAL_0_20579861
2977061,62,2026-05-20 19:25:00,113923,,20579865,0,,0,,CORRECT_TOTAL_0_20579865
2977062,62,2026-05-20 19:30:00,113927,,20579869,0,,0,,CORRECT_TOTAL_0_20579869
2977063,62,2026-05-20 19:35:00,113929,,20579871,0,,0,,CORRECT_TOTAL_0_20579871
2977064,62,2026-05-20 19:40:00,113929,,20579871,0,,0,,CORRECT_TOTAL_0_20579871
2977065,62,2026-05-20 19:45:00,113929,,20579871,0,,0,,CORRECT_TOTAL_0_20579871
2977066,62,2026-05-20 19:50:00,113929,,20579871,0,,0,,CORRECT_TOTAL_0_20579871
2977067,62,2026-05-20 19:55:00,113931,,20579873,0,,0,,CORRECT_TOTAL_0_20579873
2977068,62,2026-05-20 20:00:00,113935,,20579877,0,,0,,CORRECT_TOTAL_0_20579877
2977069,62,2026-05-20 20:05:00,113938,,20579880,0,,0,,CORRECT_TOTAL_0_20579880
2977070,62,2026-05-20 20:10:00,113939,,20579881,0,,0,,CORRECT_TOTAL_0_20579881
2977071,62,2026-05-20 20:15:00,113939,,20579881,0,,0,,CORRECT_TOTAL_0_20579881
2977072,62,2026-05-20 20:20:00,113939,,20579881,0,,0,,CORRECT_TOTAL_0_20579881
2977073,62,2026-05-20 20:25:00,113939,,20579881,0,,0,,CORRECT_TOTAL_0_20579881
2977074,62,2026-05-20 20:30:00,113939,,20579881,0,,0,,CORRECT_TOTAL_0_20579881
2977075,62,2026-05-20 20:35:00,113941,,20579883,0,,0,,CORRECT_TOTAL_0_20579883
2977076,62,2026-05-20 20:40:00,113945,,20579887,0,,0,,CORRECT_TOTAL_0_20579887
2977077,62,2026-05-20 20:45:00,113949,,20579891,0,,0,,CORRECT_TOTAL_0_20579891
2977078,62,2026-05-20 20:50:00,113951,,20579893,0,,0,,CORRECT_TOTAL_0_20579893
2977079,62,2026-05-20 20:55:00,113951,,20579893,0,,0,,CORRECT_TOTAL_0_20579893
2977080,62,2026-05-20 21:00:00,113951,,20579893,0,,0,,CORRECT_TOTAL_0_20579893
2977081,62,2026-05-20 21:05:00,113954,,20579896,0,,0,,CORRECT_TOTAL_0_20579896
2977082,62,2026-05-20 21:10:00,113958,,20579900,0,,0,,CORRECT_TOTAL_0_20579900
2977083,62,2026-05-20 21:15:00,113962,,20579904,0,,0,,CORRECT_TOTAL_0_20579904
2977084,62,2026-05-20 21:20:00,113964,,20579906,0,,0,,CORRECT_TOTAL_0_20579906
2977085,62,2026-05-20 21:25:00,113964,,20579906,0,,0,,CORRECT_TOTAL_0_20579906
2977086,62,2026-05-20 21:30:00,113965,,20579907,0,,0,,CORRECT_TOTAL_0_20579907
2977087,62,2026-05-20 21:35:00,113969,,20579911,0,,0,,CORRECT_TOTAL_0_20579911
2977088,62,2026-05-20 21:40:00,113972,,20579914,0,,0,,CORRECT_TOTAL_0_20579914
2977089,62,2026-05-20 21:45:00,113977,,20579919,0,,0,,CORRECT_TOTAL_0_20579919
2977090,62,2026-05-20 21:50:00,113978,,20579920,0,,0,,CORRECT_TOTAL_0_20579920
2977091,62,2026-05-20 21:55:00,113978,,20579920,0,,0,,CORRECT_TOTAL_0_20579920
2977092,62,2026-05-20 22:00:00,113979,,20579921,0,,0,,CORRECT_TOTAL_0_20579921
2977093,62,2026-05-20 22:05:00,113983,,20579925,0,,0,,CORRECT_TOTAL_0_20579925
2977094,62,2026-05-20 22:10:00,113987,,20579929,0,,0,,CORRECT_TOTAL_0_20579929
2977095,62,2026-05-20 22:15:00,113991,,20579933,0,,0,,CORRECT_TOTAL_0_20579933
2977096,62,2026-05-20 22:20:00,113992,,20579934,0,,0,,CORRECT_TOTAL_0_20579934
2977097,62,2026-05-20 22:25:00,113992,,20579934,0,,0,,CORRECT_TOTAL_0_20579934
2977098,62,2026-05-20 22:30:00,113994,,20579936,0,,0,,CORRECT_TOTAL_0_20579936
2977099,62,2026-05-20 22:35:00,113998,,20579940,0,,0,,CORRECT_TOTAL_0_20579940
2977100,62,2026-05-20 22:40:00,114002,,20579944,0,,0,,CORRECT_TOTAL_0_20579944
2977101,62,2026-05-20 22:45:00,114006,,20579948,0,,0,,CORRECT_TOTAL_0_20579948
2977102,62,2026-05-20 22:50:00,114009,,20579951,0,,0,,CORRECT_TOTAL_0_20579951
2977103,62,2026-05-20 22:55:00,114009,,20579951,0,,0,,CORRECT_TOTAL_0_20579951
2977104,62,2026-05-20 23:00:00,114010,,20579952,0,,0,,CORRECT_TOTAL_0_20579952
2977105,62,2026-05-20 23:05:00,114014,,20579956,0,,0,,CORRECT_TOTAL_0_20579956
2977106,62,2026-05-20 23:10:00,114018,,20579960,0,,0,,CORRECT_TOTAL_0_20579960
2977107,62,2026-05-20 23:15:00,114019,,20579961,0,,0,,CORRECT_TOTAL_0_20579961
2977108,62,2026-05-20 23:20:00,114019,,20579961,0,,0,,CORRECT_TOTAL_0_20579961
2977109,62,2026-05-20 23:25:00,114019,,20579961,0,,0,,CORRECT_TOTAL_0_20579961
2977110,62,2026-05-20 23:30:00,114019,,20579961,0,,0,,CORRECT_TOTAL_0_20579961
2977111,62,2026-05-20 23:35:00,114019,,20579961,0,,0,,CORRECT_TOTAL_0_20579961
2977112,62,2026-05-20 23:40:00,114020,,20579962,0,,0,,CORRECT_TOTAL_0_20579962
2977113,62,2026-05-20 23:45:00,114024,,20579966,0,,0,,CORRECT_TOTAL_0_20579966
2977114,62,2026-05-20 23:50:00,114027,,20579969,0,,0,,CORRECT_TOTAL_0_20579969
2977115,62,2026-05-20 23:55:00,114027,,20579969,0,,0,,CORRECT_TOTAL_0_20579969
2977116,62,2026-05-21 00:00:00,114027,,20579969,0,,0,,CORRECT_TOTAL_0_20579969
2977117,62,2026-05-21 00:05:00,114027,,20579969,0,,0,,CORRECT_TOTAL_0_20579969
2977118,62,2026-05-21 00:10:00,114027,,20579969,0,,0,,CORRECT_TOTAL_0_20579969
2977119,62,2026-05-21 00:15:00,114031,,20579973,0,,0,,CORRECT_TOTAL_0_20579973
2977120,62,2026-05-21 00:20:00,114035,,20579977,0,,0,,CORRECT_TOTAL_0_20579977
2977121,62,2026-05-21 00:25:00,114037,,20579979,0,,0,,CORRECT_TOTAL_0_20579979
2977122,62,2026-05-21 00:30:00,114037,,20579979,0,,0,,CORRECT_TOTAL_0_20579979
2977123,62,2026-05-21 00:35:00,114037,,20579979,0,,0,,CORRECT_TOTAL_0_20579979
2977124,62,2026-05-21 00:40:00,114037,,20579979,0,,0,,CORRECT_TOTAL_0_20579979
2977125,62,2026-05-21 00:45:00,114037,,20579979,0,,0,,CORRECT_TOTAL_0_20579979
2977126,62,2026-05-21 00:50:00,114041,,20579983,0,,0,,CORRECT_TOTAL_0_20579983
2977127,62,2026-05-21 00:55:00,114045,,20579987,0,,0,,CORRECT_TOTAL_0_20579987
2977128,62,2026-05-21 01:00:00,114047,,20579989,0,,0,,CORRECT_TOTAL_0_20579989
2977129,62,2026-05-21 01:05:00,114047,,20579989,0,,0,,CORRECT_TOTAL_0_20579989
2977130,62,2026-05-21 01:10:00,114047,,20579989,0,,0,,CORRECT_TOTAL_0_20579989
2977131,62,2026-05-21 01:15:00,114047,,20579989,0,,0,,CORRECT_TOTAL_0_20579989
2977132,62,2026-05-21 01:20:00,114048,,20579990,0,,0,,CORRECT_TOTAL_0_20579990
2977133,62,2026-05-21 01:25:00,114053,,20579995,0,,0,,CORRECT_TOTAL_0_20579995
2977134,62,2026-05-21 01:30:00,114055,,20579997,0,,0,,CORRECT_TOTAL_0_20579997
2977135,62,2026-05-21 01:35:00,114055,,20579997,0,,0,,CORRECT_TOTAL_0_20579997
2977136,62,2026-05-21 01:40:00,114055,,20579997,0,,0,,CORRECT_TOTAL_0_20579997
2977137,62,2026-05-21 01:45:00,114055,,20579997,0,,0,,CORRECT_TOTAL_0_20579997
2977138,62,2026-05-21 01:50:00,114055,,20579997,0,,0,,CORRECT_TOTAL_0_20579997
2977139,62,2026-05-21 01:55:00,114055,,20579997,0,,0,,CORRECT_TOTAL_0_20579997
2977140,62,2026-05-21 02:00:00,114055,,20579997,0,,0,,CORRECT_TOTAL_0_20579997
2977141,62,2026-05-21 02:05:00,114055,,20579997,0,,0,,CORRECT_TOTAL_0_20579997
2977142,62,2026-05-21 02:10:00,114055,,20579997,0,,0,,CORRECT_TOTAL_0_20579997
2977143,62,2026-05-21 02:15:00,114055,,20579997,0,,0,,CORRECT_TOTAL_0_20579997
2977144,62,2026-05-21 02:20:00,114055,,20579997,0,,0,,CORRECT_TOTAL_0_20579997
2977145,62,2026-05-21 02:25:00,114056,,20579998,0,,0,,CORRECT_TOTAL_0_20579998
2977146,62,2026-05-21 02:30:00,114060,,20580002,0,,0,,CORRECT_TOTAL_0_20580002
2977147,62,2026-05-21 02:35:00,114061,,20580003,0,,0,,CORRECT_TOTAL_0_20580003
2977148,62,2026-05-21 02:40:00,114061,,20580003,0,,0,,CORRECT_TOTAL_0_20580003
2977149,62,2026-05-21 02:45:00,114061,,20580003,0,,0,,CORRECT_TOTAL_0_20580003
2977150,62,2026-05-21 02:50:00,114061,,20580003,0,,0,,CORRECT_TOTAL_0_20580003
2977151,62,2026-05-21 02:55:00,114061,,20580003,0,,0,,CORRECT_TOTAL_0_20580003
2977152,62,2026-05-21 03:00:00,114061,,20580003,0,,0,,CORRECT_TOTAL_0_20580003
2977153,62,2026-05-21 03:05:00,114061,,20580003,0,,0,,CORRECT_TOTAL_0_20580003
2977154,62,2026-05-21 03:10:00,114061,,20580003,0,,0,,CORRECT_TOTAL_0_20580003
2977155,62,2026-05-21 03:15:00,114061,,20580003,0,,0,,CORRECT_TOTAL_0_20580003
2977156,62,2026-05-21 03:20:00,114061,,20580003,0,,0,,CORRECT_TOTAL_0_20580003
2977157,62,2026-05-21 03:25:00,114061,,20580003,0,,0,,CORRECT_TOTAL_0_20580003
2977158,62,2026-05-21 03:30:00,114061,,20580003,0,,0,,CORRECT_TOTAL_0_20580003
2977159,62,2026-05-21 03:35:00,114061,,20580003,0,,0,,CORRECT_TOTAL_0_20580003
2977160,62,2026-05-21 03:40:00,114061,,20580003,0,,0,,CORRECT_TOTAL_0_20580003
2977161,62,2026-05-21 03:45:00,114061,,20580003,0,,0,,CORRECT_TOTAL_0_20580003
2977162,62,2026-05-21 03:50:00,114061,,20580003,0,,0,,CORRECT_TOTAL_0_20580003
2977163,62,2026-05-21 03:55:00,114061,,20580003,0,,0,,CORRECT_TOTAL_0_20580003
2977164,62,2026-05-21 04:00:00,114061,,20580003,0,,0,,CORRECT_TOTAL_0_20580003
2977165,62,2026-05-21 04:05:00,114061,,20580003,0,,0,,CORRECT_TOTAL_0_20580003
2977166,62,2026-05-21 04:10:00,114065,,20580007,0,,0,,CORRECT_TOTAL_0_20580007
2977167,62,2026-05-21 04:15:00,114068,,20580010,0,,0,,CORRECT_TOTAL_0_20580010
2977168,62,2026-05-21 04:20:00,114068,,20580010,0,,0,,CORRECT_TOTAL_0_20580010
2977169,62,2026-05-21 04:25:00,114068,,20580010,0,,0,,CORRECT_TOTAL_0_20580010
2977170,62,2026-05-21 04:30:00,114068,,20580010,0,,0,,CORRECT_TOTAL_0_20580010
2977171,62,2026-05-21 04:35:00,114068,,20580010,0,,0,,CORRECT_TOTAL_0_20580010
2977172,62,2026-05-21 04:40:00,114068,,20580010,0,,0,,CORRECT_TOTAL_0_20580010
2977173,62,2026-05-21 04:45:00,114068,,20580010,0,,0,,CORRECT_TOTAL_0_20580010
2977174,62,2026-05-21 04:50:00,114068,,20580010,0,,0,,CORRECT_TOTAL_0_20580010
2977175,62,2026-05-21 04:55:00,114068,,20580010,0,,0,,CORRECT_TOTAL_0_20580010
2977176,62,2026-05-21 05:00:00,114068,,20580010,0,,0,,CORRECT_TOTAL_0_20580010
2977177,62,2026-05-21 05:05:00,114068,,20580010,0,,0,,CORRECT_TOTAL_0_20580010
2977178,62,2026-05-21 05:10:00,114068,,20580010,0,,0,,CORRECT_TOTAL_0_20580010
2977179,62,2026-05-21 05:15:00,114068,,20580010,0,,0,,CORRECT_TOTAL_0_20580010
2977180,62,2026-05-21 05:20:00,114068,,20580010,0,,0,,CORRECT_TOTAL_0_20580010
2977181,62,2026-05-21 05:25:00,114068,,20580010,0,,0,,CORRECT_TOTAL_0_20580010
2977182,62,2026-05-21 05:30:00,114068,,20580010,0,,0,,CORRECT_TOTAL_0_20580010
2977183,62,2026-05-21 05:35:00,114068,,20580010,0,,0,,CORRECT_TOTAL_0_20580010
2977184,62,2026-05-21 05:40:00,114068,,20580010,0,,0,,CORRECT_TOTAL_0_20580010
2977185,62,2026-05-21 05:45:00,114068,,20580010,0,,0,,CORRECT_TOTAL_0_20580010
2977186,62,2026-05-21 05:50:00,114072,,20580014,0,,0,,CORRECT_TOTAL_0_20580014
2977187,62,2026-05-21 05:55:00,114074,,20580016,0,,0,,CORRECT_TOTAL_0_20580016
2977188,62,2026-05-21 06:00:00,114074,,20580016,0,,0,,CORRECT_TOTAL_0_20580016
2977189,62,2026-05-21 06:05:00,114074,,20580016,0,,0,,CORRECT_TOTAL_0_20580016
2977190,62,2026-05-21 06:10:00,114074,,20580016,0,,0,,CORRECT_TOTAL_0_20580016
2977191,62,2026-05-21 06:15:00,114074,,20580016,0,,0,,CORRECT_TOTAL_0_20580016
2977192,62,2026-05-21 06:20:00,114074,,20580016,0,,0,,CORRECT_TOTAL_0_20580016
2977193,62,2026-05-21 06:25:00,114074,,20580016,0,,0,,CORRECT_TOTAL_0_20580016
2977195,62,2026-05-21 06:30:00,114074,,20580016,0,,0,,CORRECT_TOTAL_0_20580016
2977196,62,2026-05-21 06:35:00,114074,,20580016,0,,0,,CORRECT_TOTAL_0_20580016
2977197,62,2026-05-21 06:40:00,114074,,20580016,0,,0,,CORRECT_TOTAL_0_20580016
2977198,62,2026-05-21 06:45:00,114074,,20580016,0,,0,,CORRECT_TOTAL_0_20580016
2977199,62,2026-05-21 06:50:00,114074,,20580016,0,,0,,CORRECT_TOTAL_0_20580016
2977200,62,2026-05-21 06:55:00,114074,,20580016,0,,0,,CORRECT_TOTAL_0_20580016
2977201,62,2026-05-21 07:00:00,114074,,20580016,0,,0,,CORRECT_TOTAL_0_20580016
2977202,62,2026-05-21 07:05:00,114074,,20580016,0,,0,,CORRECT_TOTAL_0_20580016
2977203,62,2026-05-21 07:10:00,114074,,20580016,0,,0,,CORRECT_TOTAL_0_20580016
2977204,62,2026-05-21 07:15:00,114074,,20580016,0,,0,,CORRECT_TOTAL_0_20580016
2977205,62,2026-05-21 07:20:00,114074,,20580016,0,,0,,CORRECT_TOTAL_0_20580016
2977206,62,2026-05-21 07:25:00,114074,,20580016,0,,0,,CORRECT_TOTAL_0_20580016
2977207,62,2026-05-21 07:30:00,114076,,20580018,0,,0,,CORRECT_TOTAL_0_20580018
2977208,62,2026-05-21 07:35:00,114081,,20580023,0,,0,,CORRECT_TOTAL_0_20580023
2977209,62,2026-05-21 07:40:00,114081,,20580023,0,,0,,CORRECT_TOTAL_0_20580023
2977210,62,2026-05-21 07:45:00,114081,,20580023,0,,0,,CORRECT_TOTAL_0_20580023
2977211,62,2026-05-21 07:50:00,114081,,20580023,0,,0,,CORRECT_TOTAL_0_20580023
2977212,62,2026-05-21 07:55:00,114081,,20580023,0,,0,,CORRECT_TOTAL_0_20580023
2977213,62,2026-05-21 08:00:00,114081,,20580023,0,,0,,CORRECT_TOTAL_0_20580023
2977214,62,2026-05-21 08:05:00,114081,,20580023,0,,0,,CORRECT_TOTAL_0_20580023
2977215,62,2026-05-21 08:10:00,114081,,20580023,0,,0,,CORRECT_TOTAL_0_20580023
2977216,62,2026-05-21 08:15:00,114081,,20580023,0,,0,,CORRECT_TOTAL_0_20580023
2977217,62,2026-05-21 08:20:00,114081,,20580023,0,,0,,CORRECT_TOTAL_0_20580023
2977218,62,2026-05-21 08:25:00,114081,,20580023,0,,0,,CORRECT_TOTAL_0_20580023
2977219,62,2026-05-21 08:30:00,114081,,20580023,0,,0,,CORRECT_TOTAL_0_20580023
2977220,62,2026-05-21 08:35:00,114081,,20580023,0,,0,,CORRECT_TOTAL_0_20580023
2977221,62,2026-05-21 08:40:00,114081,,20580023,0,,0,,CORRECT_TOTAL_0_20580023
2977222,62,2026-05-21 08:45:00,114082,,20580024,0,,0,,CORRECT_TOTAL_0_20580024
2977223,62,2026-05-21 08:50:00,114086,,20580028,0,,0,,CORRECT_TOTAL_0_20580028
2977224,62,2026-05-21 08:55:00,114088,,20580030,0,,0,,CORRECT_TOTAL_0_20580030
2977225,62,2026-05-21 09:00:00,114088,,20580030,0,,0,,CORRECT_TOTAL_0_20580030
2977226,62,2026-05-21 09:05:00,114088,,20580030,0,,0,,CORRECT_TOTAL_0_20580030
2977227,62,2026-05-21 09:10:00,114088,,20580030,0,,0,,CORRECT_TOTAL_0_20580030
2977228,62,2026-05-21 09:15:00,114088,,20580030,0,,0,,CORRECT_TOTAL_0_20580030
2977229,62,2026-05-21 09:20:00,114088,,20580030,0,,0,,CORRECT_TOTAL_0_20580030
2977230,62,2026-05-21 09:25:00,114088,,20580030,0,,0,,CORRECT_TOTAL_0_20580030
2977231,62,2026-05-21 09:30:00,114088,,20580030,0,,0,,CORRECT_TOTAL_0_20580030
2977232,62,2026-05-21 09:35:00,114088,,20580030,0,,0,,CORRECT_TOTAL_0_20580030
2977233,62,2026-05-21 09:40:00,114088,,20580030,0,,0,,CORRECT_TOTAL_0_20580030
2977234,62,2026-05-21 09:45:00,114088,,20580030,0,,0,,CORRECT_TOTAL_0_20580030
2977235,62,2026-05-21 09:50:00,114088,,20580030,0,,0,,CORRECT_TOTAL_0_20580030
2977236,62,2026-05-21 09:55:00,114089,,20580031,0,,0,,CORRECT_TOTAL_0_20580031
2977237,62,2026-05-21 10:00:00,114093,,20580035,0,,0,,CORRECT_TOTAL_0_20580035
2977238,62,2026-05-21 10:05:00,114095,,20580037,0,,0,,CORRECT_TOTAL_0_20580037
2977239,62,2026-05-21 10:10:00,114095,,20580037,0,,0,,CORRECT_TOTAL_0_20580037
2977240,62,2026-05-21 10:15:00,114095,,20580037,0,,0,,CORRECT_TOTAL_0_20580037
2977241,62,2026-05-21 10:20:00,114095,,20580037,0,,0,,CORRECT_TOTAL_0_20580037
2977242,62,2026-05-21 10:25:00,114095,,20580037,0,,0,,CORRECT_TOTAL_0_20580037
2977243,62,2026-05-21 10:30:00,114095,,20580037,0,,0,,CORRECT_TOTAL_0_20580037
2977244,62,2026-05-21 10:35:00,114095,,20580037,0,,0,,CORRECT_TOTAL_0_20580037
2977245,62,2026-05-21 10:40:00,114095,,20580037,0,,0,,CORRECT_TOTAL_0_20580037
2977246,62,2026-05-21 10:45:00,114095,,20580037,0,,0,,CORRECT_TOTAL_0_20580037
2977247,62,2026-05-21 10:50:00,114095,,20580037,0,,0,,CORRECT_TOTAL_0_20580037
2977248,62,2026-05-21 10:55:00,114095,,20580037,0,,0,,CORRECT_TOTAL_0_20580037
2977249,62,2026-05-21 11:00:00,114095,,20580037,0,,0,,CORRECT_TOTAL_0_20580037
2977250,62,2026-05-21 11:05:00,114095,,20580037,0,,0,,CORRECT_TOTAL_0_20580037
2977251,62,2026-05-21 11:10:00,114095,,20580037,0,,0,,CORRECT_TOTAL_0_20580037
2977252,62,2026-05-21 11:15:00,114095,,20580037,0,,0,,CORRECT_TOTAL_0_20580037
2977253,62,2026-05-21 11:20:00,114095,,20580037,0,,0,,CORRECT_TOTAL_0_20580037
2977254,62,2026-05-21 11:25:00,114095,,20580037,0,,0,,CORRECT_TOTAL_0_20580037
2977255,62,2026-05-21 11:30:00,114095,,20580037,0,,0,,CORRECT_TOTAL_0_20580037
2977256,62,2026-05-21 11:35:00,114095,,20580037,0,,0,,CORRECT_TOTAL_0_20580037
2977257,62,2026-05-21 11:40:00,114097,,20580039,0,,0,,CORRECT_TOTAL_0_20580039
2977258,62,2026-05-21 11:45:00,114101,,20580043,0,,0,,CORRECT_TOTAL_0_20580043
2977259,62,2026-05-21 11:50:00,114101,,20580043,0,,0,,CORRECT_TOTAL_0_20580043
2977260,62,2026-05-21 11:55:00,114101,,20580043,0,,0,,CORRECT_TOTAL_0_20580043
2977261,62,2026-05-21 12:00:00,114101,,20580043,0,,0,,CORRECT_TOTAL_0_20580043
2977262,62,2026-05-21 12:05:00,114101,,20580043,0,,0,,CORRECT_TOTAL_0_20580043
2977263,62,2026-05-21 12:10:00,114101,,20580043,0,,0,,CORRECT_TOTAL_0_20580043
2977264,62,2026-05-21 12:15:00,114101,,20580043,0,,0,,CORRECT_TOTAL_0_20580043
2977265,62,2026-05-21 12:20:00,114101,,20580043,0,,0,,CORRECT_TOTAL_0_20580043
2977266,62,2026-05-21 12:25:00,114101,,20580043,0,,0,,CORRECT_TOTAL_0_20580043
2977267,62,2026-05-21 12:30:00,114101,,20580043,0,,0,,CORRECT_TOTAL_0_20580043
2977268,62,2026-05-21 12:35:00,114101,,20580043,0,,0,,CORRECT_TOTAL_0_20580043
2977269,62,2026-05-21 12:40:00,114101,,20580043,0,,0,,CORRECT_TOTAL_0_20580043
2977270,62,2026-05-21 12:45:00,114101,,20580043,0,,0,,CORRECT_TOTAL_0_20580043
2977271,62,2026-05-21 12:50:00,114101,,20580043,0,,0,,CORRECT_TOTAL_0_20580043
2977272,62,2026-05-21 12:55:00,114101,,20580043,0,,0,,CORRECT_TOTAL_0_20580043
2977273,62,2026-05-21 13:00:00,114101,,20580043,0,,0,,CORRECT_TOTAL_0_20580043
2977274,62,2026-05-21 13:05:00,114101,,20580043,0,,0,,CORRECT_TOTAL_0_20580043
2977275,62,2026-05-21 13:10:00,114101,,20580043,0,,0,,CORRECT_TOTAL_0_20580043
2977276,62,2026-05-21 13:15:00,114101,,20580043,0,,0,,CORRECT_TOTAL_0_20580043
2977277,62,2026-05-21 13:20:00,114102,,20580044,0,,0,,CORRECT_TOTAL_0_20580044
2977278,62,2026-05-21 13:25:00,114106,,20580048,0,,0,,CORRECT_TOTAL_0_20580048
2977279,62,2026-05-21 13:30:00,114108,,20580050,0,,0,,CORRECT_TOTAL_0_20580050
2977280,62,2026-05-21 13:35:00,114108,,20580050,0,,0,,CORRECT_TOTAL_0_20580050
2977281,62,2026-05-21 13:40:00,114108,,20580050,0,,0,,CORRECT_TOTAL_0_20580050
2977282,62,2026-05-21 13:45:00,114108,,20580050,0,,0,,CORRECT_TOTAL_0_20580050
2977283,62,2026-05-21 13:50:00,114108,,20580050,0,,0,,CORRECT_TOTAL_0_20580050
2977284,62,2026-05-21 13:55:00,114108,,20580050,0,,0,,CORRECT_TOTAL_0_20580050
2977285,62,2026-05-21 14:00:00,114108,,20580050,0,,0,,CORRECT_TOTAL_0_20580050
2977286,62,2026-05-21 14:05:00,114108,,20580050,0,,0,,CORRECT_TOTAL_0_20580050
2977287,62,2026-05-21 14:10:00,114108,,20580050,0,,0,,CORRECT_TOTAL_0_20580050
2977288,62,2026-05-21 14:15:00,114108,,20580050,0,,0,,CORRECT_TOTAL_0_20580050
2977289,62,2026-05-21 14:20:00,114108,,20580050,0,,0,,CORRECT_TOTAL_0_20580050
2977290,62,2026-05-21 14:25:00,114108,,20580050,0,,0,,CORRECT_TOTAL_0_20580050
2977291,62,2026-05-21 14:30:00,114108,,20580050,0,,0,,CORRECT_TOTAL_0_20580050
2977292,62,2026-05-21 14:35:00,114108,,20580050,0,,0,,CORRECT_TOTAL_0_20580050
2977293,62,2026-05-21 14:40:00,114108,,20580050,0,,0,,CORRECT_TOTAL_0_20580050
2977294,62,2026-05-21 14:45:00,114108,,20580050,0,,0,,CORRECT_TOTAL_0_20580050
2977295,62,2026-05-21 14:50:00,114108,,20580050,0,,0,,CORRECT_TOTAL_0_20580050
2977296,62,2026-05-21 14:55:00,114108,,20580050,0,,0,,CORRECT_TOTAL_0_20580050
2977297,62,2026-05-21 15:00:00,114108,,20580050,0,,0,,CORRECT_TOTAL_0_20580050
2977298,62,2026-05-21 15:05:00,114110,,20580052,0,,0,,CORRECT_TOTAL_0_20580052
2977299,62,2026-05-21 15:10:00,114114,,20580056,0,,0,,CORRECT_TOTAL_0_20580056
2977300,62,2026-05-21 15:15:00,114114,,20580056,0,,0,,CORRECT_TOTAL_0_20580056
2977301,62,2026-05-21 15:20:00,114114,,20580056,0,,0,,CORRECT_TOTAL_0_20580056
2977302,62,2026-05-21 15:25:00,114114,,20580056,0,,0,,CORRECT_TOTAL_0_20580056
2977303,62,2026-05-21 15:30:00,114114,,20580056,0,,0,,CORRECT_TOTAL_0_20580056
2977304,62,2026-05-21 15:35:00,114114,,20580056,0,,0,,CORRECT_TOTAL_0_20580056
2977305,62,2026-05-21 15:40:00,114114,,20580056,0,,0,,CORRECT_TOTAL_0_20580056
2977306,62,2026-05-21 15:45:00,114114,,20580056,0,,0,,CORRECT_TOTAL_0_20580056
2977307,62,2026-05-21 15:50:00,114114,,20580056,0,,0,,CORRECT_TOTAL_0_20580056
2977308,62,2026-05-21 15:55:00,114114,,20580056,0,,0,,CORRECT_TOTAL_0_20580056
2977309,62,2026-05-21 16:00:00,114114,,20580056,0,,0,,CORRECT_TOTAL_0_20580056
2977310,62,2026-05-21 16:05:00,114114,,20580056,0,,0,,CORRECT_TOTAL_0_20580056
2977311,62,2026-05-21 16:10:00,114114,,20580056,0,,0,,CORRECT_TOTAL_0_20580056
2977312,62,2026-05-21 16:15:00,114114,,20580056,0,,0,,CORRECT_TOTAL_0_20580056
2977313,62,2026-05-21 16:20:00,114114,,20580056,0,,0,,CORRECT_TOTAL_0_20580056
2977314,62,2026-05-21 16:25:00,114114,,20580056,0,,0,,CORRECT_TOTAL_0_20580056
2977315,62,2026-05-21 16:30:00,114114,,20580056,0,,0,,CORRECT_TOTAL_0_20580056
2977316,62,2026-05-21 16:35:00,114114,,20580056,0,,0,,CORRECT_TOTAL_0_20580056
2977317,62,2026-05-21 16:40:00,114114,,20580056,0,,0,,CORRECT_TOTAL_0_20580056
2977318,62,2026-05-21 16:45:00,114114,,20580056,0,,0,,CORRECT_TOTAL_0_20580056
2977319,62,2026-05-21 16:50:00,114118,,20580060,0,,0,,CORRECT_TOTAL_0_20580060
2977320,62,2026-05-21 16:55:00,114121,,20580063,0,,0,,CORRECT_TOTAL_0_20580063
2977321,62,2026-05-21 17:00:00,114121,,20580063,0,,0,,CORRECT_TOTAL_0_20580063
2977322,62,2026-05-21 17:05:00,114121,,20580063,0,,0,,CORRECT_TOTAL_0_20580063
2977323,62,2026-05-21 17:10:00,114121,,20580063,0,,0,,CORRECT_TOTAL_0_20580063
2977324,62,2026-05-21 17:15:00,114121,,20580063,0,,0,,CORRECT_TOTAL_0_20580063
2977325,62,2026-05-21 17:20:00,114121,,20580063,0,,0,,CORRECT_TOTAL_0_20580063
2977326,62,2026-05-21 17:25:00,114121,,20580063,0,,0,,CORRECT_TOTAL_0_20580063
2977327,62,2026-05-21 17:30:00,114121,,20580063,0,,0,,CORRECT_TOTAL_0_20580063
2977328,62,2026-05-21 17:35:00,114121,,20580063,0,,0,,CORRECT_TOTAL_0_20580063
2977329,62,2026-05-21 17:40:00,114121,,20580063,0,,0,,CORRECT_TOTAL_0_20580063
2977330,62,2026-05-21 17:45:00,114121,,20580063,0,,0,,CORRECT_TOTAL_0_20580063
2977331,62,2026-05-21 17:50:00,114121,,20580063,0,,0,,CORRECT_TOTAL_0_20580063
2977332,62,2026-05-21 17:55:00,114121,,20580063,0,,0,,CORRECT_TOTAL_0_20580063
2977333,62,2026-05-21 18:00:00,114121,,20580063,0,,0,,CORRECT_TOTAL_0_20580063
2977334,62,2026-05-21 18:05:00,114121,,20580063,0,,0,,CORRECT_TOTAL_0_20580063
2977335,62,2026-05-21 18:10:00,114121,,20580063,0,,0,,CORRECT_TOTAL_0_20580063
2977336,62,2026-05-21 18:15:00,114121,,20580063,0,,0,,CORRECT_TOTAL_0_20580063
2977337,62,2026-05-21 18:20:00,114121,,20580063,0,,0,,CORRECT_TOTAL_0_20580063
2977338,62,2026-05-21 18:25:00,114121,,20580063,0,,0,,CORRECT_TOTAL_0_20580063
2977339,62,2026-05-21 18:30:00,114123,,20580065,0,,0,,CORRECT_TOTAL_0_20580065
2977340,62,2026-05-21 18:35:00,114127,,20580069,0,,0,,CORRECT_TOTAL_0_20580069
2977341,62,2026-05-21 18:40:00,114127,,20580069,0,,0,,CORRECT_TOTAL_0_20580069
2977342,62,2026-05-21 18:45:00,114127,,20580069,0,,0,,CORRECT_TOTAL_0_20580069
2977343,62,2026-05-21 18:50:00,114127,,20580069,0,,0,,CORRECT_TOTAL_0_20580069
2977344,62,2026-05-21 18:55:00,114127,,20580069,0,,0,,CORRECT_TOTAL_0_20580069
2977345,62,2026-05-21 19:00:00,114127,,20580069,0,,0,,CORRECT_TOTAL_0_20580069
2977346,62,2026-05-21 19:05:00,114127,,20580069,0,,0,,CORRECT_TOTAL_0_20580069
2977347,62,2026-05-21 19:10:00,114127,,20580069,0,,0,,CORRECT_TOTAL_0_20580069
2977348,62,2026-05-21 19:15:00,114127,,20580069,0,,0,,CORRECT_TOTAL_0_20580069
2977349,62,2026-05-21 19:20:00,114127,,20580069,0,,0,,CORRECT_TOTAL_0_20580069
2977350,62,2026-05-21 19:25:00,114127,,20580069,0,,0,,CORRECT_TOTAL_0_20580069
2977351,62,2026-05-21 19:30:00,114127,,20580069,0,,0,,CORRECT_TOTAL_0_20580069
2977352,62,2026-05-21 19:35:00,114127,,20580069,0,,0,,CORRECT_TOTAL_0_20580069
2977353,62,2026-05-21 19:40:00,114127,,20580069,0,,0,,CORRECT_TOTAL_0_20580069
2977354,62,2026-05-21 19:45:00,114127,,20580069,0,,0,,CORRECT_TOTAL_0_20580069
2977355,62,2026-05-21 19:50:00,114127,,20580069,0,,0,,CORRECT_TOTAL_0_20580069
2977356,62,2026-05-21 19:55:00,114127,,20580069,0,,0,,CORRECT_TOTAL_0_20580069
2977357,62,2026-05-21 20:00:00,114127,,20580069,0,,0,,CORRECT_TOTAL_0_20580069
2977358,62,2026-05-21 20:05:00,114127,,20580069,0,,0,,CORRECT_TOTAL_0_20580069
2977359,62,2026-05-21 20:10:00,114127,,20580069,0,,0,,CORRECT_TOTAL_0_20580069
2977360,62,2026-05-21 20:15:00,114130,,20580072,0,,0,,CORRECT_TOTAL_0_20580072
2977361,62,2026-05-21 20:20:00,114134,,20580076,0,,0,,CORRECT_TOTAL_0_20580076
2977362,62,2026-05-21 20:25:00,114134,,20580076,0,,0,,CORRECT_TOTAL_0_20580076
2977363,62,2026-05-21 20:30:00,114134,,20580076,0,,0,,CORRECT_TOTAL_0_20580076
2977364,62,2026-05-21 20:35:00,114134,,20580076,0,,0,,CORRECT_TOTAL_0_20580076
2977365,62,2026-05-21 20:40:00,114134,,20580076,0,,0,,CORRECT_TOTAL_0_20580076
2977366,62,2026-05-21 20:45:00,114134,,20580076,0,,0,,CORRECT_TOTAL_0_20580076
2977367,62,2026-05-21 20:50:00,114134,,20580076,0,,0,,CORRECT_TOTAL_0_20580076
2977368,62,2026-05-21 20:55:00,114134,,20580076,0,,0,,CORRECT_TOTAL_0_20580076
2977369,62,2026-05-21 21:00:00,114134,,20580076,0,,0,,CORRECT_TOTAL_0_20580076
2977370,62,2026-05-21 21:05:00,114134,,20580076,0,,0,,CORRECT_TOTAL_0_20580076
2977371,62,2026-05-21 21:10:00,114134,,20580076,0,,0,,CORRECT_TOTAL_0_20580076
2977372,62,2026-05-21 21:15:00,114134,,20580076,0,,0,,CORRECT_TOTAL_0_20580076
2977373,62,2026-05-21 21:20:00,114134,,20580076,0,,0,,CORRECT_TOTAL_0_20580076
2977374,62,2026-05-21 21:25:00,114134,,20580076,0,,0,,CORRECT_TOTAL_0_20580076
2977375,62,2026-05-21 21:30:00,114134,,20580076,0,,0,,CORRECT_TOTAL_0_20580076
2977376,62,2026-05-21 21:35:00,114134,,20580076,0,,0,,CORRECT_TOTAL_0_20580076
2977377,62,2026-05-21 21:40:00,114134,,20580076,0,,0,,CORRECT_TOTAL_0_20580076
2977378,62,2026-05-21 21:45:00,114134,,20580076,0,,0,,CORRECT_TOTAL_0_20580076
2977379,62,2026-05-21 21:50:00,114134,,20580076,0,,0,,CORRECT_TOTAL_0_20580076
2977380,62,2026-05-21 21:55:00,114137,,20580079,0,,0,,CORRECT_TOTAL_0_20580079
2977381,62,2026-05-21 22:00:00,114140,,20580082,0,,0,,CORRECT_TOTAL_0_20580082
2977382,62,2026-05-21 22:05:00,114140,,20580082,0,,0,,CORRECT_TOTAL_0_20580082
2977383,62,2026-05-21 22:10:00,114140,,20580082,0,,0,,CORRECT_TOTAL_0_20580082
2977384,62,2026-05-21 22:15:00,114140,,20580082,0,,0,,CORRECT_TOTAL_0_20580082
2977385,62,2026-05-21 22:20:00,114140,,20580082,0,,0,,CORRECT_TOTAL_0_20580082
2977386,62,2026-05-21 22:25:00,114140,,20580082,0,,0,,CORRECT_TOTAL_0_20580082
2977387,62,2026-05-21 22:30:00,114140,,20580082,0,,0,,CORRECT_TOTAL_0_20580082
2977388,62,2026-05-21 22:35:00,114140,,20580082,0,,0,,CORRECT_TOTAL_0_20580082
2977389,62,2026-05-21 22:40:00,114140,,20580082,0,,0,,CORRECT_TOTAL_0_20580082
2977390,62,2026-05-21 22:45:00,114140,,20580082,0,,0,,CORRECT_TOTAL_0_20580082
2977391,62,2026-05-21 22:50:00,114140,,20580082,0,,0,,CORRECT_TOTAL_0_20580082
2977392,62,2026-05-21 22:55:00,114140,,20580082,0,,0,,CORRECT_TOTAL_0_20580082
2977393,62,2026-05-21 23:00:00,114140,,20580082,0,,0,,CORRECT_TOTAL_0_20580082
2977394,62,2026-05-21 23:05:00,114141,,20580083,0,,0,,CORRECT_TOTAL_0_20580083
2977395,62,2026-05-21 23:10:00,114145,,20580087,0,,0,,CORRECT_TOTAL_0_20580087
2977396,62,2026-05-21 23:15:00,114148,,20580090,0,,0,,CORRECT_TOTAL_0_20580090
2977397,62,2026-05-21 23:20:00,114148,,20580090,0,,0,,CORRECT_TOTAL_0_20580090
2977398,62,2026-05-21 23:25:00,114148,,20580090,0,,0,,CORRECT_TOTAL_0_20580090
2977399,62,2026-05-21 23:30:00,114148,,20580090,0,,0,,CORRECT_TOTAL_0_20580090
2977400,62,2026-05-21 23:35:00,114148,,20580090,0,,0,,CORRECT_TOTAL_0_20580090
2977401,62,2026-05-21 23:40:00,114148,,20580090,0,,0,,CORRECT_TOTAL_0_20580090
2977402,62,2026-05-21 23:45:00,114151,,20580093,0,,0,,CORRECT_TOTAL_0_20580093
2977403,62,2026-05-21 23:50:00,114155,,20580097,0,,0,,CORRECT_TOTAL_0_20580097
2977404,62,2026-05-21 23:55:00,114157,,20580099,0,,0,,CORRECT_TOTAL_0_20580099
2977405,62,2026-05-22 00:00:00,114157,,20580099,0,,0,,CORRECT_TOTAL_0_20580099
2977406,62,2026-05-22 00:05:00,114157,,20580099,0,,0,,CORRECT_TOTAL_0_20580099
2977407,62,2026-05-22 00:10:00,114157,,20580099,0,,0,,CORRECT_TOTAL_0_20580099
2977408,62,2026-05-22 00:15:00,114157,,20580099,0,,0,,CORRECT_TOTAL_0_20580099
2977409,62,2026-05-22 00:20:00,114159,,20580101,0,,0,,CORRECT_TOTAL_0_20580101
2977410,62,2026-05-22 00:25:00,114163,,20580105,0,,0,,CORRECT_TOTAL_0_20580105
2977411,62,2026-05-22 00:30:00,114165,,20580107,0,,0,,CORRECT_TOTAL_0_20580107
2977412,62,2026-05-22 00:35:00,114165,,20580107,0,,0,,CORRECT_TOTAL_0_20580107
2977413,62,2026-05-22 00:40:00,114165,,20580107,0,,0,,CORRECT_TOTAL_0_20580107
2977414,62,2026-05-22 00:45:00,114165,,20580107,0,,0,,CORRECT_TOTAL_0_20580107
2977415,62,2026-05-22 00:50:00,114165,,20580107,0,,0,,CORRECT_TOTAL_0_20580107
2977416,62,2026-05-22 00:55:00,114165,,20580107,0,,0,,CORRECT_TOTAL_0_20580107
2977417,62,2026-05-22 01:00:00,114165,,20580107,0,,0,,CORRECT_TOTAL_0_20580107
2977418,62,2026-05-22 01:05:00,114165,,20580107,0,,0,,CORRECT_TOTAL_0_20580107
2977419,62,2026-05-22 01:10:00,114165,,20580107,0,,0,,CORRECT_TOTAL_0_20580107
2977420,62,2026-05-22 01:15:00,114165,,20580107,0,,0,,CORRECT_TOTAL_0_20580107
2977421,62,2026-05-22 01:20:00,114165,,20580107,0,,0,,CORRECT_TOTAL_0_20580107
2977422,62,2026-05-22 01:25:00,114166,,20580108,0,,0,,CORRECT_TOTAL_0_20580108
2977423,62,2026-05-22 01:30:00,114170,,20580112,0,,0,,CORRECT_TOTAL_0_20580112
2977424,62,2026-05-22 01:35:00,114173,,20580115,0,,0,,CORRECT_TOTAL_0_20580115
2977425,62,2026-05-22 01:40:00,114173,,20580115,0,,0,,CORRECT_TOTAL_0_20580115
2977426,62,2026-05-22 01:45:00,114173,,20580115,0,,0,,CORRECT_TOTAL_0_20580115
2977427,62,2026-05-22 01:50:00,114173,,20580115,0,,0,,CORRECT_TOTAL_0_20580115
2977428,62,2026-05-22 01:55:00,114173,,20580115,0,,0,,CORRECT_TOTAL_0_20580115
2977429,62,2026-05-22 02:00:00,114173,,20580115,0,,0,,CORRECT_TOTAL_0_20580115
2977430,62,2026-05-22 02:05:00,114173,,20580115,0,,0,,CORRECT_TOTAL_0_20580115
2977431,62,2026-05-22 02:10:00,114173,,20580115,0,,0,,CORRECT_TOTAL_0_20580115
2977432,62,2026-05-22 02:15:00,114173,,20580115,0,,0,,CORRECT_TOTAL_0_20580115
2977433,62,2026-05-22 02:20:00,114173,,20580115,0,,0,,CORRECT_TOTAL_0_20580115
2977434,62,2026-05-22 02:25:00,114173,,20580115,0,,0,,CORRECT_TOTAL_0_20580115
2977435,62,2026-05-22 02:30:00,114173,,20580115,0,,0,,CORRECT_TOTAL_0_20580115
2977436,62,2026-05-22 02:35:00,114173,,20580115,0,,0,,CORRECT_TOTAL_0_20580115
2977437,62,2026-05-22 02:40:00,114173,,20580115,0,,0,,CORRECT_TOTAL_0_20580115
2977438,62,2026-05-22 02:45:00,114173,,20580115,0,,0,,CORRECT_TOTAL_0_20580115
2977439,62,2026-05-22 02:50:00,114176,,20580118,0,,0,,CORRECT_TOTAL_0_20580118
2977440,62,2026-05-22 02:55:00,114180,,20580122,0,,0,,CORRECT_TOTAL_0_20580122
2977441,62,2026-05-22 03:00:00,114180,,20580122,0,,0,,CORRECT_TOTAL_0_20580122
2977442,62,2026-05-22 03:05:00,114180,,20580122,0,,0,,CORRECT_TOTAL_0_20580122
2977443,62,2026-05-22 03:10:00,114180,,20580122,0,,0,,CORRECT_TOTAL_0_20580122
2977444,62,2026-05-22 03:15:00,114180,,20580122,0,,0,,CORRECT_TOTAL_0_20580122
2977445,62,2026-05-22 03:20:00,114180,,20580122,0,,0,,CORRECT_TOTAL_0_20580122
2977446,62,2026-05-22 03:25:00,114180,,20580122,0,,0,,CORRECT_TOTAL_0_20580122
2977447,62,2026-05-22 03:30:00,114180,,20580122,0,,0,,CORRECT_TOTAL_0_20580122
2977448,62,2026-05-22 03:35:00,114180,,20580122,0,,0,,CORRECT_TOTAL_0_20580122
2977449,62,2026-05-22 03:40:00,114181,,20580123,0,,0,,CORRECT_TOTAL_0_20580123
2977450,62,2026-05-22 03:45:00,114185,,20580127,0,,0,,CORRECT_TOTAL_0_20580127
2977451,62,2026-05-22 03:50:00,114187,,20580129,0,,0,,CORRECT_TOTAL_0_20580129
2977452,62,2026-05-22 03:55:00,114187,,20580129,0,,0,,CORRECT_TOTAL_0_20580129
2977453,62,2026-05-22 04:00:00,114187,,20580129,0,,0,,CORRECT_TOTAL_0_20580129
2977454,62,2026-05-22 04:05:00,114187,,20580129,0,,0,,CORRECT_TOTAL_0_20580129
2977455,62,2026-05-22 04:10:00,114187,,20580129,0,,0,,CORRECT_TOTAL_0_20580129
2977456,62,2026-05-22 04:15:00,114187,,20580129,0,,0,,CORRECT_TOTAL_0_20580129
2977457,62,2026-05-22 04:20:00,114187,,20580129,0,,0,,CORRECT_TOTAL_0_20580129
2977458,62,2026-05-22 04:25:00,114187,,20580129,0,,0,,CORRECT_TOTAL_0_20580129
2977459,62,2026-05-22 04:30:00,114187,,20580129,0,,0,,CORRECT_TOTAL_0_20580129
2977460,62,2026-05-22 04:35:00,114187,,20580129,0,,0,,CORRECT_TOTAL_0_20580129
2977461,62,2026-05-22 04:40:00,114188,,20580130,0,,0,,CORRECT_TOTAL_0_20580130
2977462,62,2026-05-22 04:45:00,114192,,20580134,0,,0,,CORRECT_TOTAL_0_20580134
2977463,62,2026-05-22 04:50:00,114195,,20580137,0,,0,,CORRECT_TOTAL_0_20580137
2977464,62,2026-05-22 04:55:00,114195,,20580137,0,,0,,CORRECT_TOTAL_0_20580137
2977465,62,2026-05-22 05:00:00,114195,,20580137,0,,0,,CORRECT_TOTAL_0_20580137
2977466,62,2026-05-22 05:05:00,114195,,20580137,0,,0,,CORRECT_TOTAL_0_20580137
2977467,62,2026-05-22 05:10:00,114195,,20580137,0,,0,,CORRECT_TOTAL_0_20580137
2977468,62,2026-05-22 05:15:00,114195,,20580137,0,,0,,CORRECT_TOTAL_0_20580137
2977469,62,2026-05-22 05:20:00,114195,,20580137,0,,0,,CORRECT_TOTAL_0_20580137
2977470,62,2026-05-22 05:25:00,114195,,20580137,0,,0,,CORRECT_TOTAL_0_20580137
2977472,62,2026-05-22 05:30:00,114195,,20580137,0,,0,,CORRECT_TOTAL_0_20580137
2977473,62,2026-05-22 05:35:00,114199,,20580141,0,,0,,CORRECT_TOTAL_0_20580141
2977474,62,2026-05-22 05:40:00,114202,,20580144,0,,0,,CORRECT_TOTAL_0_20580144
2977475,62,2026-05-22 05:45:00,114202,,20580144,0,,0,,CORRECT_TOTAL_0_20580144
2977476,62,2026-05-22 05:50:00,114202,,20580144,0,,0,,CORRECT_TOTAL_0_20580144
2977477,62,2026-05-22 05:55:00,114202,,20580144,0,,0,,CORRECT_TOTAL_0_20580144
2977478,62,2026-05-22 06:00:00,114202,,20580144,0,,0,,CORRECT_TOTAL_0_20580144
2977479,62,2026-05-22 06:05:00,114202,,20580144,0,,0,,CORRECT_TOTAL_0_20580144
2977480,62,2026-05-22 06:10:00,114202,,20580144,0,,0,,CORRECT_TOTAL_0_20580144
2977481,62,2026-05-22 06:15:00,114202,,20580144,0,,0,,CORRECT_TOTAL_0_20580144
2977482,62,2026-05-22 06:20:00,114203,,20580145,0,,0,,CORRECT_TOTAL_0_20580145
2977483,62,2026-05-22 06:25:00,114207,,20580149,0,,0,,CORRECT_TOTAL_0_20580149
2977484,62,2026-05-22 06:30:00,114210,,20580152,0,,0,,CORRECT_TOTAL_0_20580152
2977485,62,2026-05-22 06:35:00,114210,,20580152,0,,0,,CORRECT_TOTAL_0_20580152
2977486,62,2026-05-22 06:40:00,114210,,20580152,0,,0,,CORRECT_TOTAL_0_20580152
2977487,62,2026-05-22 06:45:00,114214,,20580156,0,,0,,CORRECT_TOTAL_0_20580156
2977488,62,2026-05-22 06:50:00,114218,,20580160,0,,0,,CORRECT_TOTAL_0_20580160
2977489,62,2026-05-22 06:55:00,114221,,20580163,0,,0,,CORRECT_TOTAL_0_20580163
2977490,62,2026-05-22 07:00:00,114221,,20580163,0,,0,,CORRECT_TOTAL_0_20580163
2977491,62,2026-05-22 07:05:00,114221,,20580163,0,,0,,CORRECT_TOTAL_0_20580163
2977492,62,2026-05-22 07:10:00,114221,,20580163,0,,0,,CORRECT_TOTAL_0_20580163
2977493,62,2026-05-22 07:15:00,114221,,20580163,0,,0,,CORRECT_TOTAL_0_20580163
2977494,62,2026-05-22 07:20:00,114221,,20580163,0,,0,,CORRECT_TOTAL_0_20580163
2977495,62,2026-05-22 07:25:00,114225,,20580167,0,,0,,CORRECT_TOTAL_0_20580167
2977496,62,2026-05-22 07:30:00,114228,,20580170,0,,0,,CORRECT_TOTAL_0_20580170
2977497,62,2026-05-22 07:35:00,114230,,20580172,0,,0,,CORRECT_TOTAL_0_20580172
2977498,62,2026-05-22 07:40:00,114230,,20580172,0,,0,,CORRECT_TOTAL_0_20580172
2977499,62,2026-05-22 07:45:00,114230,,20580172,0,,0,,CORRECT_TOTAL_0_20580172
2977500,62,2026-05-22 07:50:00,114230,,20580172,0,,0,,CORRECT_TOTAL_0_20580172
2977501,62,2026-05-22 07:55:00,114230,,20580172,0,,0,,CORRECT_TOTAL_0_20580172
2977502,62,2026-05-22 08:00:00,114232,,20580174,0,,0,,CORRECT_TOTAL_0_20580174
2977503,62,2026-05-22 08:05:00,114236,,20580178,0,,0,,CORRECT_TOTAL_0_20580178
2977504,62,2026-05-22 08:10:00,114238,,20580180,0,,0,,CORRECT_TOTAL_0_20580180
2977505,62,2026-05-22 08:15:00,114238,,20580180,0,,0,,CORRECT_TOTAL_0_20580180
2977506,62,2026-05-22 08:20:00,114238,,20580180,0,,0,,CORRECT_TOTAL_0_20580180
2977507,62,2026-05-22 08:25:00,114238,,20580180,0,,0,,CORRECT_TOTAL_0_20580180
2977508,62,2026-05-22 08:30:00,114238,,20580180,0,,0,,CORRECT_TOTAL_0_20580180
2977509,62,2026-05-22 08:35:00,114238,,20580180,0,,0,,CORRECT_TOTAL_0_20580180
2977510,62,2026-05-22 08:40:00,114238,,20580180,0,,0,,CORRECT_TOTAL_0_20580180
2977511,62,2026-05-22 08:45:00,114242,,20580184,0,,0,,CORRECT_TOTAL_0_20580184
2977512,62,2026-05-22 08:50:00,114246,,20580188,0,,0,,CORRECT_TOTAL_0_20580188
2977513,62,2026-05-22 08:55:00,114246,,20580188,0,,0,,CORRECT_TOTAL_0_20580188
2977514,62,2026-05-22 09:00:00,114246,,20580188,0,,0,,CORRECT_TOTAL_0_20580188
2977515,62,2026-05-22 09:05:00,114246,,20580188,0,,0,,CORRECT_TOTAL_0_20580188
2977516,62,2026-05-22 09:10:00,114246,,20580188,0,,0,,CORRECT_TOTAL_0_20580188
2977517,62,2026-05-22 09:15:00,114246,,20580188,0,,0,,CORRECT_TOTAL_0_20580188
2977518,62,2026-05-22 09:20:00,114247,,20580189,0,,0,,CORRECT_TOTAL_0_20580189
2977519,62,2026-05-22 09:25:00,114251,,20580193,0,,0,,CORRECT_TOTAL_0_20580193
2977520,62,2026-05-22 09:30:00,114255,,20580197,0,,0,,CORRECT_TOTAL_0_20580197
2977521,62,2026-05-22 09:35:00,114256,,20580198,0,,0,,CORRECT_TOTAL_0_20580198
2977522,62,2026-05-22 09:40:00,114256,,20580198,0,,0,,CORRECT_TOTAL_0_20580198
2977523,62,2026-05-22 09:45:00,114256,,20580198,0,,0,,CORRECT_TOTAL_0_20580198
2977524,62,2026-05-22 09:50:00,114256,,20580198,0,,0,,CORRECT_TOTAL_0_20580198
2977525,62,2026-05-22 09:55:00,114256,,20580198,0,,0,,CORRECT_TOTAL_0_20580198
2977526,62,2026-05-22 10:00:00,114256,,20580198,0,,0,,CORRECT_TOTAL_0_20580198
2977527,62,2026-05-22 10:05:00,114260,,20580202,0,,0,,CORRECT_TOTAL_0_20580202
2977528,62,2026-05-22 10:10:00,114264,,20580206,0,,0,,CORRECT_TOTAL_0_20580206
2977529,62,2026-05-22 10:15:00,114264,,20580206,0,,0,,CORRECT_TOTAL_0_20580206
2977530,62,2026-05-22 10:20:00,114264,,20580206,0,,0,,CORRECT_TOTAL_0_20580206
2977531,62,2026-05-22 10:25:00,114264,,20580206,0,,0,,CORRECT_TOTAL_0_20580206
2977532,62,2026-05-22 10:30:00,114264,,20580206,0,,0,,CORRECT_TOTAL_0_20580206
2977533,62,2026-05-22 10:35:00,114264,,20580206,0,,0,,CORRECT_TOTAL_0_20580206
2977534,62,2026-05-22 10:40:00,114264,,20580206,0,,0,,CORRECT_TOTAL_0_20580206
2977535,62,2026-05-22 10:45:00,114265,,20580207,0,,0,,CORRECT_TOTAL_0_20580207
2977536,62,2026-05-22 10:50:00,114269,,20580211,0,,0,,CORRECT_TOTAL_0_20580211
2977537,62,2026-05-22 10:55:00,114273,,20580215,0,,0,,CORRECT_TOTAL_0_20580215
2977538,62,2026-05-22 11:00:00,114273,,20580215,0,,0,,CORRECT_TOTAL_0_20580215
2977539,62,2026-05-22 11:05:00,114273,,20580215,0,,0,,CORRECT_TOTAL_0_20580215
2977540,62,2026-05-22 11:10:00,114273,,20580215,0,,0,,CORRECT_TOTAL_0_20580215
2977541,62,2026-05-22 11:15:00,114273,,20580215,0,,0,,CORRECT_TOTAL_0_20580215
2977542,62,2026-05-22 11:20:00,114273,,20580215,0,,0,,CORRECT_TOTAL_0_20580215
2977543,62,2026-05-22 11:25:00,114277,,20580219,0,,0,,CORRECT_TOTAL_0_20580219
2977544,62,2026-05-22 11:30:00,114280,,20580222,0,,0,,CORRECT_TOTAL_0_20580222
2977545,62,2026-05-22 11:35:00,114280,,20580222,0,,0,,CORRECT_TOTAL_0_20580222
2977546,62,2026-05-22 11:40:00,114280,,20580222,0,,0,,CORRECT_TOTAL_0_20580222
2977547,62,2026-05-22 11:45:00,114280,,20580222,0,,0,,CORRECT_TOTAL_0_20580222
2977548,62,2026-05-22 11:50:00,114280,,20580222,0,,0,,CORRECT_TOTAL_0_20580222
2977549,62,2026-05-22 11:55:00,114281,,20580223,0,,0,,CORRECT_TOTAL_0_20580223
2977550,62,2026-05-22 12:00:00,114285,,20580227,0,,0,,CORRECT_TOTAL_0_20580227
2977551,62,2026-05-22 12:05:00,114286,,20580228,0,,0,,CORRECT_TOTAL_0_20580228
2970128,62,2026-05-22 15:46:00,114280,114280,20694508,512,,0,,CORRECT_TOTAL_114280_20694508
2970139,62,2026-05-22 15:51:00,114280,114280,20694508,0,,0,,CORRECT_TOTAL_114280_20694508
2970146,62,2026-05-22 15:56:00,114280,114280,20694508,0,,0,,CORRECT_TOTAL_114280_20694508
2966475,75,2026-05-20 00:00:00,72130,72130,72130,0,,0,,KEEP_TOTAL
2966714,75,2026-05-20 01:00:00,72130,72130,72130,0,,0,,KEEP_TOTAL
2966953,75,2026-05-20 02:00:00,72130,72130,72130,0,,0,,KEEP_TOTAL
2967192,75,2026-05-20 03:00:00,72130,72130,72130,0,,0,,KEEP_TOTAL
2967431,75,2026-05-20 04:00:00,72130,72130,72130,0,,0,,KEEP_TOTAL
2967670,75,2026-05-20 05:00:00,72130,72130,72130,0,,0,,KEEP_TOTAL
2967909,75,2026-05-20 06:00:00,72130,72130,72130,0,,0,,KEEP_TOTAL
2968148,75,2026-05-20 07:00:00,72130,72130,72130,0,,0,,KEEP_TOTAL
2968360,75,2026-05-20 08:00:00,72130,72130,72130,0,,0,,KEEP_TOTAL
2968626,75,2026-05-20 09:00:00,72130,72130,72130,0,,0,,KEEP_TOTAL
2968865,75,2026-05-20 10:00:00,72130,72130,72130,0,,0,,KEEP_TOTAL
2969104,75,2026-05-20 11:00:00,72130,72130,72130,0,,0,,KEEP_TOTAL
2969343,75,2026-05-20 12:00:00,72130,72130,72130,0,,0,,KEEP_TOTAL
2969582,75,2026-05-20 13:00:00,72130,72130,72130,0,,0,,KEEP_TOTAL
2969821,75,2026-05-20 14:00:00,72130,72130,72130,0,,0,,KEEP_TOTAL
2970026,75,2026-05-20 15:00:00,72130,72130,72130,0,,0,,KEEP_TOTAL
2966451,128,2026-05-20 00:00:00,3626,3626,3626,0,,0,,KEEP_TOTAL
2966690,128,2026-05-20 01:00:00,3626,3626,3626,0,,0,,KEEP_TOTAL
2966929,128,2026-05-20 02:00:00,3626,3626,3626,0,,0,,KEEP_TOTAL
2967168,128,2026-05-20 03:00:00,3626,3626,3626,0,,0,,KEEP_TOTAL
2967407,128,2026-05-20 04:00:00,3626,3626,3626,0,,0,,KEEP_TOTAL
2967636,128,2026-05-20 05:00:00,3626,3626,3626,0,,0,,KEEP_TOTAL
2967885,128,2026-05-20 06:00:00,3626,3626,3626,0,,0,,KEEP_TOTAL
2968124,128,2026-05-20 07:00:00,3626,3626,3626,0,,0,,KEEP_TOTAL
2968335,128,2026-05-20 08:00:00,3626,3626,3626,0,,0,,KEEP_TOTAL
2968602,128,2026-05-20 09:00:00,3626,3626,3626,0,,0,,KEEP_TOTAL
2968841,128,2026-05-20 10:00:00,3626,3626,3626,0,,0,,KEEP_TOTAL
2969081,128,2026-05-20 11:00:00,3626,3626,3626,0,,0,,KEEP_TOTAL
2969319,128,2026-05-20 12:00:00,3626,3626,3626,0,,0,,KEEP_TOTAL
2969558,128,2026-05-20 13:00:00,3626,3626,3626,0,,0,,KEEP_TOTAL
2969797,128,2026-05-20 14:00:00,3626,3626,3626,0,,0,,KEEP_TOTAL
2969996,128,2026-05-20 15:00:00,3632,3632,3632,6,,0,,KEEP_TOTAL
2966496,166,2026-05-20 00:00:00,405,405,405,0,,0,,KEEP_TOTAL
2966735,166,2026-05-20 01:00:00,405,405,405,0,,0,,KEEP_TOTAL
2966974,166,2026-05-20 02:00:00,405,405,405,0,,0,,KEEP_TOTAL
2967213,166,2026-05-20 03:00:00,405,405,405,0,,0,,KEEP_TOTAL
2967452,166,2026-05-20 04:00:00,405,405,405,0,,0,,KEEP_TOTAL
2967691,166,2026-05-20 05:00:00,405,405,405,0,,0,,KEEP_TOTAL
2967930,166,2026-05-20 06:00:00,405,405,405,0,,0,,KEEP_TOTAL
2968169,166,2026-05-20 07:00:00,405,405,405,0,,0,,KEEP_TOTAL
2968382,166,2026-05-20 08:00:00,405,405,405,0,,0,,KEEP_TOTAL
2968647,166,2026-05-20 09:00:00,405,405,405,0,,0,,KEEP_TOTAL
2968886,166,2026-05-20 10:00:00,405,405,405,0,,0,,KEEP_TOTAL
2969125,166,2026-05-20 11:00:00,405,405,405,0,,0,,KEEP_TOTAL
2969364,166,2026-05-20 12:00:00,405,405,405,0,,0,,KEEP_TOTAL
2969603,166,2026-05-20 13:00:00,405,405,405,0,,0,,KEEP_TOTAL
2969842,166,2026-05-20 14:00:00,405,405,405,0,,0,,KEEP_TOTAL
2970060,166,2026-05-20 15:00:00,405,405,405,0,,0,,KEEP_TOTAL
2978004,166,2026-05-20 20:00:00,509,,509,0,,0,,CORRECT_TOTAL_0_509
2978005,166,2026-05-20 21:00:00,509,,509,0,,0,,CORRECT_TOTAL_0_509
2978006,166,2026-05-20 22:00:00,509,,509,0,,0,,CORRECT_TOTAL_0_509
2978007,166,2026-05-20 23:00:00,509,,509,0,,0,,CORRECT_TOTAL_0_509
2978008,166,2026-05-21 00:00:00,509,,509,0,,0,,CORRECT_TOTAL_0_509
2978009,166,2026-05-21 01:00:00,509,,509,0,,0,,CORRECT_TOTAL_0_509
2978010,166,2026-05-21 02:00:00,509,,509,0,,0,,CORRECT_TOTAL_0_509
2978011,166,2026-05-21 03:00:00,509,,509,0,,0,,CORRECT_TOTAL_0_509
2978012,166,2026-05-21 04:00:00,509,,509,0,,0,,CORRECT_TOTAL_0_509
2978013,166,2026-05-21 05:00:00,509,,509,0,,0,,CORRECT_TOTAL_0_509
2978014,166,2026-05-21 06:00:00,509,,509,0,,0,,CORRECT_TOTAL_0_509
2978015,166,2026-05-21 07:00:00,509,,509,0,,0,,CORRECT_TOTAL_0_509
2978016,166,2026-05-21 08:00:00,509,,509,0,,0,,CORRECT_TOTAL_0_509
2978017,166,2026-05-21 09:00:00,509,,509,0,,0,,CORRECT_TOTAL_0_509
2978018,166,2026-05-21 10:00:00,509,,509,0,,0,,CORRECT_TOTAL_0_509
2978019,166,2026-05-21 11:00:00,509,,509,0,,0,,CORRECT_TOTAL_0_509
2978020,166,2026-05-21 12:00:00,509,,509,0,,0,,CORRECT_TOTAL_0_509
2978021,166,2026-05-21 13:00:00,509,,509,0,,0,,CORRECT_TOTAL_0_509
2978022,166,2026-05-21 14:00:00,569,,569,0,,0,,CORRECT_TOTAL_0_569
2978023,166,2026-05-21 15:00:00,641,,641,0,,0,,CORRECT_TOTAL_0_641
2978024,166,2026-05-21 16:00:00,714,,714,0,,0,,CORRECT_TOTAL_0_714
2978025,166,2026-05-21 17:00:00,714,,714,0,,0,,CORRECT_TOTAL_0_714
2978026,166,2026-05-21 18:00:00,714,,714,0,,0,,CORRECT_TOTAL_0_714
2978027,166,2026-05-21 19:00:00,714,,714,0,,0,,CORRECT_TOTAL_0_714
2978028,166,2026-05-21 20:00:00,714,,714,0,,0,,CORRECT_TOTAL_0_714
2978029,166,2026-05-21 21:00:00,714,,714,0,,0,,CORRECT_TOTAL_0_714
2978030,166,2026-05-21 22:00:00,714,,714,0,,0,,CORRECT_TOTAL_0_714
2978031,166,2026-05-21 23:00:00,714,,714,0,,0,,CORRECT_TOTAL_0_714
2978032,166,2026-05-22 00:00:00,714,,714,0,,0,,CORRECT_TOTAL_0_714
2978033,166,2026-05-22 01:00:00,714,,714,0,,0,,CORRECT_TOTAL_0_714
2978034,166,2026-05-22 02:00:00,714,,714,0,,0,,CORRECT_TOTAL_0_714
2978035,166,2026-05-22 03:00:00,714,,714,0,,0,,CORRECT_TOTAL_0_714
2978036,166,2026-05-22 04:00:00,714,,714,0,,0,,CORRECT_TOTAL_0_714
2978037,166,2026-05-22 05:00:00,714,,714,0,,0,,CORRECT_TOTAL_0_714
2978038,166,2026-05-22 06:00:00,714,,714,0,,0,,CORRECT_TOTAL_0_714
2978039,166,2026-05-22 07:00:00,714,,714,0,,0,,CORRECT_TOTAL_0_714
2978040,166,2026-05-22 08:00:00,714,,714,0,,0,,CORRECT_TOTAL_0_714
2978041,166,2026-05-22 09:00:00,714,,714,0,,0,,CORRECT_TOTAL_0_714
2978042,166,2026-05-22 10:00:00,714,,714,0,,0,,CORRECT_TOTAL_0_714
2978043,166,2026-05-22 11:00:00,714,,714,0,,0,,CORRECT_TOTAL_0_714
2978044,166,2026-05-22 12:00:00,714,,714,0,,0,,CORRECT_TOTAL_0_714
2966440,41,2026-05-20 00:00:00,824138,824138,824138,2399,,0,,KEEP_TOTAL
2966679,41,2026-05-20 01:00:00,824159,824159,824159,2420,,0,,KEEP_TOTAL
2966918,41,2026-05-20 02:00:00,824215,824215,824215,2476,,0,,KEEP_TOTAL
2967157,41,2026-05-20 03:00:00,824292,824292,824292,2553,,0,,KEEP_TOTAL
2967396,41,2026-05-20 04:00:00,824324,824324,824324,2585,,0,,KEEP_TOTAL
2967618,41,2026-05-20 05:00:00,824358,824358,824358,2619,,0,,KEEP_TOTAL
2967874,41,2026-05-20 06:00:00,824365,824365,824365,2626,,0,,KEEP_TOTAL
2968113,41,2026-05-20 07:00:00,824421,824421,824421,2682,,0,,KEEP_TOTAL
2968323,41,2026-05-20 08:00:00,824421,824421,824421,2682,,0,,KEEP_TOTAL
2968591,41,2026-05-20 09:00:00,824456,824456,824456,2717,,0,,KEEP_TOTAL
2968830,41,2026-05-20 10:00:00,824473,824473,824473,2734,,0,,KEEP_TOTAL
2969069,41,2026-05-20 11:00:00,824481,824481,824481,2742,,0,,KEEP_TOTAL
2969270,41,2026-05-20 12:00:00,824542,824542,824542,2803,,0,,KEEP_TOTAL
2969547,41,2026-05-20 13:00:00,824542,824542,824542,2803,,0,,KEEP_TOTAL
2969786,41,2026-05-20 14:00:00,824609,824609,824609,2870,,0,,KEEP_TOTAL
2969983,41,2026-05-20 15:00:00,824680,824680,824680,2941,,0,,KEEP_TOTAL
2966431,152,2026-05-20 00:00:00,12468,12468,12468,0,,0,,KEEP_TOTAL
2966670,152,2026-05-20 01:00:00,12468,12468,12468,0,,0,,KEEP_TOTAL
2966909,152,2026-05-20 02:00:00,12468,12468,12468,0,,0,,KEEP_TOTAL
2967148,152,2026-05-20 03:00:00,12468,12468,12468,0,,0,,KEEP_TOTAL
2967387,152,2026-05-20 04:00:00,12468,12468,12468,0,,0,,KEEP_TOTAL
2967644,152,2026-05-20 05:00:00,12468,12468,12468,0,,0,,KEEP_TOTAL
2967865,152,2026-05-20 06:00:00,12468,12468,12468,0,,0,,KEEP_TOTAL
2968105,152,2026-05-20 07:00:00,12468,12468,12468,0,,0,,KEEP_TOTAL
2968449,152,2026-05-20 08:00:00,12468,12468,12468,0,,0,,KEEP_TOTAL
2968582,152,2026-05-20 09:00:00,12468,12468,12468,0,,0,,KEEP_TOTAL
2968821,152,2026-05-20 10:00:00,12468,12468,12468,0,,0,,KEEP_TOTAL
2969060,152,2026-05-20 11:00:00,12468,12468,12468,0,,0,,KEEP_TOTAL
2969316,152,2026-05-20 12:00:00,12468,12468,12468,0,,0,,KEEP_TOTAL
2969539,152,2026-05-20 13:00:00,12468,12468,12468,0,,0,,KEEP_TOTAL
2969777,152,2026-05-20 14:00:00,12468,12468,12468,0,,0,,KEEP_TOTAL
2970091,152,2026-05-20 15:00:00,12513,12513,12513,45,,45,,KEEP_TOTAL
2966527,206,2026-05-20 00:00:00,2,0,0,0,,0,,KEEP_TOTAL
2966766,206,2026-05-20 01:00:00,2,0,0,0,,0,,KEEP_TOTAL
2967005,206,2026-05-20 02:00:00,2,0,0,0,,0,,KEEP_TOTAL
2967244,206,2026-05-20 03:00:00,2,0,0,0,,0,,KEEP_TOTAL
2967483,206,2026-05-20 04:00:00,2,0,0,0,,0,,KEEP_TOTAL
2967722,206,2026-05-20 05:00:00,2,0,0,0,,0,,KEEP_TOTAL
2967961,206,2026-05-20 06:00:00,2,0,0,0,,0,,KEEP_TOTAL
2968200,206,2026-05-20 07:00:00,2,0,0,0,,0,,KEEP_TOTAL
2968413,206,2026-05-20 08:00:00,2,0,0,0,,0,,KEEP_TOTAL
2968678,206,2026-05-20 09:00:00,2,0,0,0,,0,,KEEP_TOTAL
2968917,206,2026-05-20 10:00:00,2,0,0,0,,0,,KEEP_TOTAL
2969156,206,2026-05-20 11:00:00,2,0,0,0,,0,,KEEP_TOTAL
2969395,206,2026-05-20 12:00:00,2,0,0,0,,0,,KEEP_TOTAL
2969634,206,2026-05-20 13:00:00,2,0,0,0,,0,,KEEP_TOTAL
2969873,206,2026-05-20 14:00:00,2,0,0,0,,0,,KEEP_TOTAL
2970112,206,2026-05-20 15:00:00,2,0,0,0,,0,,KEEP_TOTAL
2978455,206,2026-05-20 20:00:00,2,,0,0,,0,,KEEP_TOTAL
2978456,206,2026-05-20 21:00:00,2,,0,0,,0,,KEEP_TOTAL
2978457,206,2026-05-20 22:00:00,2,,0,0,,0,,KEEP_TOTAL
2978458,206,2026-05-20 23:00:00,2,,0,0,,0,,KEEP_TOTAL
2978459,206,2026-05-21 00:00:00,2,,0,0,,0,,KEEP_TOTAL
2978460,206,2026-05-21 01:00:00,2,,0,0,,0,,KEEP_TOTAL
2978461,206,2026-05-21 02:00:00,2,,0,0,,0,,KEEP_TOTAL
2978462,206,2026-05-21 03:00:00,2,,0,0,,0,,KEEP_TOTAL
2978463,206,2026-05-21 04:00:00,2,,0,0,,0,,KEEP_TOTAL
2978464,206,2026-05-21 05:00:00,2,,0,0,,0,,KEEP_TOTAL
2978465,206,2026-05-21 06:00:00,2,,0,0,,0,,KEEP_TOTAL
2978466,206,2026-05-21 07:00:00,2,,0,0,,0,,KEEP_TOTAL
2978467,206,2026-05-21 08:00:00,2,,0,0,,0,,KEEP_TOTAL
2978468,206,2026-05-21 09:00:00,2,,0,0,,0,,KEEP_TOTAL
2978469,206,2026-05-21 10:00:00,2,,0,0,,0,,KEEP_TOTAL
2978470,206,2026-05-21 11:00:00,2,,0,0,,0,,KEEP_TOTAL
2978471,206,2026-05-21 12:00:00,2,,0,0,,0,,KEEP_TOTAL
2978472,206,2026-05-21 13:00:00,2,,0,0,,0,,KEEP_TOTAL
2978473,206,2026-05-21 14:00:00,2,,0,0,,0,,KEEP_TOTAL
2978474,206,2026-05-21 15:00:00,2,,0,0,,0,,KEEP_TOTAL
2978475,206,2026-05-21 16:00:00,2,,0,0,,0,,KEEP_TOTAL
2978476,206,2026-05-21 17:00:00,2,,0,0,,0,,KEEP_TOTAL
2978477,206,2026-05-21 18:00:00,2,,0,0,,0,,KEEP_TOTAL
2978478,206,2026-05-21 19:00:00,2,,0,0,,0,,KEEP_TOTAL
2978479,206,2026-05-21 20:00:00,2,,0,0,,0,,KEEP_TOTAL
2978480,206,2026-05-21 21:00:00,2,,0,0,,0,,KEEP_TOTAL
2978481,206,2026-05-21 22:00:00,2,,0,0,,0,,KEEP_TOTAL
2978482,206,2026-05-21 23:00:00,2,,0,0,,0,,KEEP_TOTAL
2978483,206,2026-05-22 00:00:00,2,,0,0,,0,,KEEP_TOTAL
2978484,206,2026-05-22 01:00:00,2,,0,0,,0,,KEEP_TOTAL
2978485,206,2026-05-22 02:00:00,2,,0,0,,0,,KEEP_TOTAL
2978486,206,2026-05-22 03:00:00,2,,0,0,,0,,KEEP_TOTAL
2978487,206,2026-05-22 04:00:00,2,,0,0,,0,,KEEP_TOTAL
2978488,206,2026-05-22 05:00:00,2,,0,0,,0,,KEEP_TOTAL
2978489,206,2026-05-22 06:00:00,2,,0,0,,0,,KEEP_TOTAL
2978490,206,2026-05-22 07:00:00,2,,0,0,,0,,KEEP_TOTAL
2978491,206,2026-05-22 08:00:00,2,,0,0,,0,,KEEP_TOTAL
2978492,206,2026-05-22 09:00:00,2,,0,0,,0,,KEEP_TOTAL
2978493,206,2026-05-22 10:00:00,2,,0,0,,0,,KEEP_TOTAL
2978494,206,2026-05-22 11:00:00,2,,0,0,,0,,KEEP_TOTAL
2978495,206,2026-05-22 12:00:00,2,,0,0,,0,,KEEP_TOTAL
2966517,157,2026-05-20 00:00:00,85359,85359,85359,0,,0,,KEEP_TOTAL
2966756,157,2026-05-20 01:00:00,85359,85359,85359,0,,0,,KEEP_TOTAL
2966995,157,2026-05-20 02:00:00,85359,85359,85359,0,,0,,KEEP_TOTAL
2967234,157,2026-05-20 03:00:00,85359,85359,85359,0,,0,,KEEP_TOTAL
2967473,157,2026-05-20 04:00:00,85359,85359,85359,0,,0,,KEEP_TOTAL
2967712,157,2026-05-20 05:00:00,85359,85359,85359,0,,0,,KEEP_TOTAL
2967951,157,2026-05-20 06:00:00,85359,85359,85359,0,,0,,KEEP_TOTAL
2968190,157,2026-05-20 07:00:00,85359,85359,85359,0,,0,,KEEP_TOTAL
2968403,157,2026-05-20 08:00:00,85359,85359,85359,0,,0,,KEEP_TOTAL
2968668,157,2026-05-20 09:00:00,85359,85359,85359,0,,0,,KEEP_TOTAL
2968907,157,2026-05-20 10:00:00,85359,85359,85359,0,,0,,KEEP_TOTAL
2969146,157,2026-05-20 11:00:00,85359,85359,85359,0,,0,,KEEP_TOTAL
2969385,157,2026-05-20 12:00:00,85359,85359,85359,0,,0,,KEEP_TOTAL
2969624,157,2026-05-20 13:00:00,85359,85359,85359,0,,0,,KEEP_TOTAL
2969863,157,2026-05-20 14:00:00,85359,85359,85359,0,,0,,KEEP_TOTAL
2970102,157,2026-05-20 15:00:00,85359,85359,85359,0,,0,,KEEP_TOTAL
2978660,157,2026-05-20 20:00:00,85359,,85359,0,,0,,CORRECT_TOTAL_0_85359
2978661,157,2026-05-20 21:00:00,85359,,85359,0,,0,,CORRECT_TOTAL_0_85359
2978662,157,2026-05-20 22:00:00,85359,,85359,0,,0,,CORRECT_TOTAL_0_85359
2978663,157,2026-05-20 23:00:00,85359,,85359,0,,0,,CORRECT_TOTAL_0_85359
2978664,157,2026-05-21 00:00:00,85359,,85359,0,,0,,CORRECT_TOTAL_0_85359
2978665,157,2026-05-21 01:00:00,85359,,85359,0,,0,,CORRECT_TOTAL_0_85359
2978666,157,2026-05-21 02:00:00,85359,,85359,0,,0,,CORRECT_TOTAL_0_85359
2978667,157,2026-05-21 03:00:00,85359,,85359,0,,0,,CORRECT_TOTAL_0_85359
2978668,157,2026-05-21 04:00:00,85359,,85359,0,,0,,CORRECT_TOTAL_0_85359
2978669,157,2026-05-21 05:00:00,85359,,85359,0,,0,,CORRECT_TOTAL_0_85359
2978670,157,2026-05-21 06:00:00,85359,,85359,0,,0,,CORRECT_TOTAL_0_85359
2978671,157,2026-05-21 07:00:00,85359,,85359,0,,0,,CORRECT_TOTAL_0_85359
2978672,157,2026-05-21 08:00:00,85359,,85359,0,,0,,CORRECT_TOTAL_0_85359
2978673,157,2026-05-21 09:00:00,85359,,85359,0,,0,,CORRECT_TOTAL_0_85359
2978674,157,2026-05-21 10:00:00,85359,,85359,0,,0,,CORRECT_TOTAL_0_85359
2978675,157,2026-05-21 11:00:00,85359,,85359,0,,0,,CORRECT_TOTAL_0_85359
2978676,157,2026-05-21 12:00:00,85359,,85359,0,,0,,CORRECT_TOTAL_0_85359
2978677,157,2026-05-21 13:00:00,85359,,85359,0,,0,,CORRECT_TOTAL_0_85359
2978678,157,2026-05-21 14:00:00,85359,,85359,0,,0,,CORRECT_TOTAL_0_85359
2978679,157,2026-05-21 15:00:00,85359,,85359,0,,0,,CORRECT_TOTAL_0_85359
2978680,157,2026-05-21 16:00:00,85359,,85359,0,,0,,CORRECT_TOTAL_0_85359
2978681,157,2026-05-21 17:00:00,85359,,85359,0,,0,,CORRECT_TOTAL_0_85359
2978682,157,2026-05-21 18:00:00,85359,,85359,0,,0,,CORRECT_TOTAL_0_85359
2978683,157,2026-05-21 19:00:00,85359,,85359,0,,0,,CORRECT_TOTAL_0_85359
2978684,157,2026-05-21 20:00:00,85359,,85359,0,,0,,CORRECT_TOTAL_0_85359
2978685,157,2026-05-21 21:00:00,85359,,85359,0,,0,,CORRECT_TOTAL_0_85359
2978686,157,2026-05-21 22:00:00,85359,,85359,0,,0,,CORRECT_TOTAL_0_85359
2978687,157,2026-05-21 23:00:00,85359,,85359,0,,0,,CORRECT_TOTAL_0_85359
2978688,157,2026-05-22 00:00:00,85359,,85359,0,,0,,CORRECT_TOTAL_0_85359
2978689,157,2026-05-22 01:00:00,85359,,85359,0,,0,,CORRECT_TOTAL_0_85359
2978690,157,2026-05-22 02:00:00,85359,,85359,0,,0,,CORRECT_TOTAL_0_85359
2978691,157,2026-05-22 03:00:00,85359,,85359,0,,0,,CORRECT_TOTAL_0_85359
2978692,157,2026-05-22 04:00:00,85359,,85359,0,,0,,CORRECT_TOTAL_0_85359
2978693,157,2026-05-22 05:00:00,85359,,85359,0,,0,,CORRECT_TOTAL_0_85359
2978694,157,2026-05-22 06:00:00,85359,,85359,0,,0,,CORRECT_TOTAL_0_85359
2978695,157,2026-05-22 07:00:00,85359,,85359,0,,0,,CORRECT_TOTAL_0_85359
2978696,157,2026-05-22 08:00:00,85359,,85359,0,,0,,CORRECT_TOTAL_0_85359
2978697,157,2026-05-22 09:00:00,85359,,85359,0,,0,,CORRECT_TOTAL_0_85359
2978698,157,2026-05-22 10:00:00,85359,,85359,0,,0,,CORRECT_TOTAL_0_85359
2978699,157,2026-05-22 11:00:00,85359,,85359,0,,0,,CORRECT_TOTAL_0_85359
2978700,157,2026-05-22 12:00:00,85359,,85359,0,,0,,CORRECT_TOTAL_0_85359
2966392,53,2026-05-20 00:00:00,91,91,91,0,,0,,KEEP_TOTAL
2966631,53,2026-05-20 01:00:00,91,91,91,0,,0,,KEEP_TOTAL
2966870,53,2026-05-20 02:00:00,91,91,91,0,,0,,KEEP_TOTAL
2967109,53,2026-05-20 03:00:00,91,91,91,0,,0,,KEEP_TOTAL
2967348,53,2026-05-20 04:00:00,91,91,91,0,,0,,KEEP_TOTAL
2967587,53,2026-05-20 05:00:00,91,91,91,0,,0,,KEEP_TOTAL
2967826,53,2026-05-20 06:00:00,91,91,91,0,,0,,KEEP_TOTAL
2968065,53,2026-05-20 07:00:00,91,91,91,0,,0,,KEEP_TOTAL
2968304,53,2026-05-20 08:00:00,91,91,91,0,,0,,KEEP_TOTAL
2968543,53,2026-05-20 09:00:00,91,91,91,0,,0,,KEEP_TOTAL
2968782,53,2026-05-20 10:00:00,91,91,91,0,,0,,KEEP_TOTAL
2969021,53,2026-05-20 11:00:00,91,91,91,0,,0,,KEEP_TOTAL
2969265,53,2026-05-20 12:00:00,91,91,91,0,,0,,KEEP_TOTAL
2969499,53,2026-05-20 13:00:00,91,91,91,0,,0,,KEEP_TOTAL
2969738,53,2026-05-20 14:00:00,91,91,91,0,,0,,KEEP_TOTAL
2969988,53,2026-05-20 15:00:00,0,91,91,0,,0,,KEEP_TOTAL
2966478,7,2026-05-20 00:00:00,3079014,30630,30790,33,,626,,CORRECT_TOTAL_30630_30790
2966718,7,2026-05-20 01:00:00,3082257,30662,30822,32,,658,,CORRECT_TOTAL_30662_30822
2966956,7,2026-05-20 02:00:00,3085454,30695,30854,33,,691,,CORRECT_TOTAL_30695_30854
2967196,7,2026-05-20 03:00:00,3088751,30728,30887,33,,724,,CORRECT_TOTAL_30728_30887
2967435,7,2026-05-20 04:00:00,3076100,30761,61648,33,,0,,CORRECT_TOTAL_30761_61648
2967674,7,2026-05-20 05:00:00,3079342,30793,61681,32,,32,,CORRECT_TOTAL_30793_61681
2967912,7,2026-05-20 06:00:00,3082586,30826,61713,33,,65,,CORRECT_TOTAL_30826_61713
2968151,7,2026-05-20 07:00:00,3085837,30858,61746,32,,97,,CORRECT_TOTAL_30858_61746
2968364,7,2026-05-20 08:00:00,3089073,30891,61778,33,,130,,CORRECT_TOTAL_30891_61778
2968629,7,2026-05-20 09:00:00,3092379,30924,61811,33,,163,,CORRECT_TOTAL_30924_61811
2968868,7,2026-05-20 10:00:00,3095611,30956,61843,32,,195,,CORRECT_TOTAL_30956_61843
2969108,7,2026-05-20 11:00:00,3098832,30988,61875,32,,227,,CORRECT_TOTAL_30988_61875
2969347,7,2026-05-20 12:00:00,3102102,31021,61908,33,,260,,CORRECT_TOTAL_31021_61908
2969585,7,2026-05-20 13:00:00,3105322,31053,61940,32,,292,,CORRECT_TOTAL_31053_61940
2969825,7,2026-05-20 14:00:00,3108596,31086,61973,33,,325,,CORRECT_TOTAL_31086_61973
2970036,7,2026-05-20 15:00:00,3111840,31118,62006,32,,357,,CORRECT_TOTAL_31118_62006
2978209,7,2026-05-20 20:00:00,3143928,,62326,0,,0,,CORRECT_TOTAL_0_62326
2978210,7,2026-05-20 21:00:00,3147193,,62359,0,,0,,CORRECT_TOTAL_0_62359
2978211,7,2026-05-20 22:00:00,3150489,,62392,0,,0,,CORRECT_TOTAL_0_62392
2978212,7,2026-05-20 23:00:00,3153739,,62425,0,,0,,CORRECT_TOTAL_0_62425
2978213,7,2026-05-21 00:00:00,3157009,,62457,0,,0,,CORRECT_TOTAL_0_62457
2978214,7,2026-05-21 01:00:00,3160280,,62490,0,,0,,CORRECT_TOTAL_0_62490
2978215,7,2026-05-21 02:00:00,3163508,,62522,0,,0,,CORRECT_TOTAL_0_62522
2978216,7,2026-05-21 03:00:00,3166754,,62555,0,,0,,CORRECT_TOTAL_0_62555
2978217,7,2026-05-21 04:00:00,3170003,,62587,0,,0,,CORRECT_TOTAL_0_62587
2978218,7,2026-05-21 05:00:00,3173267,,62620,0,,0,,CORRECT_TOTAL_0_62620
2978219,7,2026-05-21 06:00:00,3176503,,62652,0,,0,,CORRECT_TOTAL_0_62652
2978220,7,2026-05-21 07:00:00,3179753,,62685,0,,0,,CORRECT_TOTAL_0_62685
2978221,7,2026-05-21 08:00:00,3182974,,62717,0,,0,,CORRECT_TOTAL_0_62717
2978222,7,2026-05-21 09:00:00,3186224,,62749,0,,0,,CORRECT_TOTAL_0_62749
2978223,7,2026-05-21 10:00:00,3189440,,62782,0,,0,,CORRECT_TOTAL_0_62782
2978224,7,2026-05-21 11:00:00,3192666,,62814,0,,0,,CORRECT_TOTAL_0_62814
2978225,7,2026-05-21 12:00:00,3195914,,62846,0,,0,,CORRECT_TOTAL_0_62846
2978226,7,2026-05-21 13:00:00,3199126,,62878,0,,0,,CORRECT_TOTAL_0_62878
2978227,7,2026-05-21 14:00:00,3202362,,62911,0,,0,,CORRECT_TOTAL_0_62911
2978228,7,2026-05-21 15:00:00,3205586,,62943,0,,0,,CORRECT_TOTAL_0_62943
2978229,7,2026-05-21 16:00:00,3208803,,62975,0,,0,,CORRECT_TOTAL_0_62975
2978230,7,2026-05-21 17:00:00,3212037,,63008,0,,0,,CORRECT_TOTAL_0_63008
2978231,7,2026-05-21 18:00:00,3215301,,63040,0,,0,,CORRECT_TOTAL_0_63040
2978232,7,2026-05-21 19:00:00,3218472,,63072,0,,0,,CORRECT_TOTAL_0_63072
2978233,7,2026-05-21 20:00:00,3221708,,63104,0,,0,,CORRECT_TOTAL_0_63104
2978234,7,2026-05-21 21:00:00,3224955,,63137,0,,0,,CORRECT_TOTAL_0_63137
2978235,7,2026-05-21 22:00:00,3228199,,63169,0,,0,,CORRECT_TOTAL_0_63169
2978236,7,2026-05-21 23:00:00,3231364,,63201,0,,0,,CORRECT_TOTAL_0_63201
2978237,7,2026-05-22 00:00:00,3234622,,63233,0,,0,,CORRECT_TOTAL_0_63233
2978238,7,2026-05-22 01:00:00,3237806,,63265,0,,0,,CORRECT_TOTAL_0_63265
2978239,7,2026-05-22 02:00:00,3241075,,63298,0,,0,,CORRECT_TOTAL_0_63298
2978240,7,2026-05-22 03:00:00,3244279,,63330,0,,0,,CORRECT_TOTAL_0_63330
2978241,7,2026-05-22 04:00:00,3247510,,63362,0,,0,,CORRECT_TOTAL_0_63362
2978242,7,2026-05-22 05:00:00,3250707,,63394,0,,0,,CORRECT_TOTAL_0_63394
2978243,7,2026-05-22 06:00:00,3253932,,63426,0,,0,,CORRECT_TOTAL_0_63426
2978244,7,2026-05-22 07:00:00,3257168,,63459,0,,0,,CORRECT_TOTAL_0_63459
2978245,7,2026-05-22 08:00:00,3260396,,63491,0,,0,,CORRECT_TOTAL_0_63491
2978246,7,2026-05-22 09:00:00,3263588,,63523,0,,0,,CORRECT_TOTAL_0_63523
2978247,7,2026-05-22 10:00:00,3266816,,63555,0,,0,,CORRECT_TOTAL_0_63555
2978248,7,2026-05-22 11:00:00,3270072,,63588,0,,0,,CORRECT_TOTAL_0_63588
2978249,7,2026-05-22 12:00:00,3270372,,63591,0,,0,,CORRECT_TOTAL_0_63591
2966503,183,2026-05-20 00:00:00,28830,2882,2883,0,,15,,CORRECT_TOTAL_2882_2883
2966742,183,2026-05-20 01:00:00,28833,2882,2883,0,,15,,CORRECT_TOTAL_2882_2883
2966981,183,2026-05-20 02:00:00,28836,2882,2883,0,,15,,CORRECT_TOTAL_2882_2883
2967220,183,2026-05-20 03:00:00,28851,2883,2885,1,,16,,CORRECT_TOTAL_2883_2885
2967459,183,2026-05-20 04:00:00,28828,2883,5768,0,,0,,CORRECT_TOTAL_2883_5768
2967698,183,2026-05-20 05:00:00,28831,2883,5768,0,,0,,CORRECT_TOTAL_2883_5768
2967937,183,2026-05-20 06:00:00,28833,2883,5768,0,,0,,CORRECT_TOTAL_2883_5768
2968176,183,2026-05-20 07:00:00,28836,2884,5769,1,,1,,CORRECT_TOTAL_2884_5769
2968389,183,2026-05-20 08:00:00,28851,2885,5770,1,,2,,CORRECT_TOTAL_2885_5770
2968654,183,2026-05-20 09:00:00,28856,2886,5771,1,,3,,CORRECT_TOTAL_2886_5771
2968893,183,2026-05-20 10:00:00,28860,2886,5771,0,,3,,CORRECT_TOTAL_2886_5771
2969132,183,2026-05-20 11:00:00,28863,2886,5771,0,,3,,CORRECT_TOTAL_2886_5771
2969371,183,2026-05-20 12:00:00,28867,2887,5772,1,,4,,CORRECT_TOTAL_2887_5772
2969610,183,2026-05-20 13:00:00,28872,2887,5772,0,,4,,CORRECT_TOTAL_2887_5772
2969849,183,2026-05-20 14:00:00,28878,2888,5773,1,,5,,CORRECT_TOTAL_2888_5773
2970076,183,2026-05-20 15:00:00,28900,2890,5775,2,,7,,CORRECT_TOTAL_2890_5775
2977552,183,2026-05-20 20:00:00,28977,,5783,0,,0,,CORRECT_TOTAL_0_5783
2977553,183,2026-05-20 21:00:00,28978,,5783,0,,0,,CORRECT_TOTAL_0_5783
2977554,183,2026-05-20 22:00:00,28992,,5784,0,,0,,CORRECT_TOTAL_0_5784
2977555,183,2026-05-20 23:00:00,28993,,5784,0,,0,,CORRECT_TOTAL_0_5784
2977556,183,2026-05-21 00:00:00,28994,,5784,0,,0,,CORRECT_TOTAL_0_5784
2977557,183,2026-05-21 01:00:00,28996,,5785,0,,0,,CORRECT_TOTAL_0_5785
2977558,183,2026-05-21 02:00:00,28997,,5785,0,,0,,CORRECT_TOTAL_0_5785
2977559,183,2026-05-21 03:00:00,28999,,5785,0,,0,,CORRECT_TOTAL_0_5785
2977560,183,2026-05-21 04:00:00,29000,,5785,0,,0,,CORRECT_TOTAL_0_5785
2977561,183,2026-05-21 05:00:00,29001,,5785,0,,0,,CORRECT_TOTAL_0_5785
2977562,183,2026-05-21 06:00:00,29002,,5785,0,,0,,CORRECT_TOTAL_0_5785
2977563,183,2026-05-21 07:00:00,29003,,5785,0,,0,,CORRECT_TOTAL_0_5785
2977564,183,2026-05-21 08:00:00,29004,,5785,0,,0,,CORRECT_TOTAL_0_5785
2977565,183,2026-05-21 09:00:00,29006,,5786,0,,0,,CORRECT_TOTAL_0_5786
2977566,183,2026-05-21 10:00:00,29007,,5786,0,,0,,CORRECT_TOTAL_0_5786
2977567,183,2026-05-21 11:00:00,29008,,5786,0,,0,,CORRECT_TOTAL_0_5786
2977568,183,2026-05-21 12:00:00,29009,,5786,0,,0,,CORRECT_TOTAL_0_5786
2977569,183,2026-05-21 13:00:00,29010,,5786,0,,0,,CORRECT_TOTAL_0_5786
2977570,183,2026-05-21 14:00:00,29011,,5786,0,,0,,CORRECT_TOTAL_0_5786
2977571,183,2026-05-21 15:00:00,29011,,5786,0,,0,,CORRECT_TOTAL_0_5786
2977572,183,2026-05-21 16:00:00,29012,,5786,0,,0,,CORRECT_TOTAL_0_5786
2977573,183,2026-05-21 17:00:00,29014,,5786,0,,0,,CORRECT_TOTAL_0_5786
2977574,183,2026-05-21 18:00:00,29015,,5786,0,,0,,CORRECT_TOTAL_0_5786
2977575,183,2026-05-21 19:00:00,29016,,5787,0,,0,,CORRECT_TOTAL_0_5787
2977576,183,2026-05-21 20:00:00,29017,,5787,0,,0,,CORRECT_TOTAL_0_5787
2977577,183,2026-05-21 21:00:00,29018,,5787,0,,0,,CORRECT_TOTAL_0_5787
2977578,183,2026-05-21 22:00:00,29019,,5787,0,,0,,CORRECT_TOTAL_0_5787
2977579,183,2026-05-21 23:00:00,29021,,5787,0,,0,,CORRECT_TOTAL_0_5787
2977580,183,2026-05-22 00:00:00,29024,,5787,0,,0,,CORRECT_TOTAL_0_5787
2977581,183,2026-05-22 01:00:00,29027,,5788,0,,0,,CORRECT_TOTAL_0_5788
2977582,183,2026-05-22 02:00:00,29041,,5789,0,,0,,CORRECT_TOTAL_0_5789
2977583,183,2026-05-22 03:00:00,29043,,5789,0,,0,,CORRECT_TOTAL_0_5789
2977584,183,2026-05-22 04:00:00,29045,,5789,0,,0,,CORRECT_TOTAL_0_5789
2977585,183,2026-05-22 05:00:00,29049,,5790,0,,0,,CORRECT_TOTAL_0_5790
2977586,183,2026-05-22 06:00:00,29052,,5790,0,,0,,CORRECT_TOTAL_0_5790
2977587,183,2026-05-22 07:00:00,29057,,5791,0,,0,,CORRECT_TOTAL_0_5791
2977588,183,2026-05-22 08:00:00,29063,,5791,0,,0,,CORRECT_TOTAL_0_5791
2977589,183,2026-05-22 09:00:00,29084,,5793,0,,0,,CORRECT_TOTAL_0_5793
2977590,183,2026-05-22 10:00:00,29092,,5794,0,,0,,CORRECT_TOTAL_0_5794
2977591,183,2026-05-22 11:00:00,29112,,5796,0,,0,,CORRECT_TOTAL_0_5796
2977592,183,2026-05-22 12:00:00,29112,,5796,0,,0,,CORRECT_TOTAL_0_5796
2966408,100,2026-05-20 00:00:00,182390,182390,182390,0,,79,,KEEP_TOTAL
2966647,100,2026-05-20 01:00:00,182398,182398,182398,8,,87,,KEEP_TOTAL
2966886,100,2026-05-20 02:00:00,182398,182398,182398,0,,87,,KEEP_TOTAL
2967125,100,2026-05-20 03:00:00,182398,182398,182398,0,,87,,KEEP_TOTAL
2967364,100,2026-05-20 04:00:00,182406,182406,182406,8,,0,,KEEP_TOTAL
2967604,100,2026-05-20 05:00:00,182406,182406,182406,0,,0,,KEEP_TOTAL
2967842,100,2026-05-20 06:00:00,182406,182406,182406,0,,0,,KEEP_TOTAL
2968081,100,2026-05-20 07:00:00,182414,182414,182414,8,,8,,KEEP_TOTAL
2968415,100,2026-05-20 08:00:00,0,182414,182414,0,,8,,KEEP_TOTAL
2968560,100,2026-05-20 09:00:00,182414,182414,182414,0,,8,,KEEP_TOTAL
2968799,100,2026-05-20 10:00:00,182422,182422,182422,8,,16,,KEEP_TOTAL
2969038,100,2026-05-20 11:00:00,182422,182422,182422,0,,16,,KEEP_TOTAL
2969292,100,2026-05-20 12:00:00,182422,182422,182422,0,,16,,KEEP_TOTAL
2969516,100,2026-05-20 13:00:00,182431,182431,182431,9,,25,,KEEP_TOTAL
2969755,100,2026-05-20 14:00:00,182431,182431,182431,0,,25,,KEEP_TOTAL
2970047,100,2026-05-20 15:00:00,182439,182439,182439,8,,33,,KEEP_TOTAL
2966416,136,2026-05-20 00:00:00,36816,36816,36816,0,,0,,KEEP_TOTAL
2966655,136,2026-05-20 01:00:00,36816,36816,36816,0,,0,,KEEP_TOTAL
2966894,136,2026-05-20 02:00:00,36816,36816,36816,0,,0,,KEEP_TOTAL
2967133,136,2026-05-20 03:00:00,36816,36816,36816,0,,0,,KEEP_TOTAL
2967372,136,2026-05-20 04:00:00,36816,36816,36816,0,,0,,KEEP_TOTAL
2967617,136,2026-05-20 05:00:00,36816,36816,36816,0,,0,,KEEP_TOTAL
2967850,136,2026-05-20 06:00:00,36816,36816,36816,0,,0,,KEEP_TOTAL
2968089,136,2026-05-20 07:00:00,36816,36816,36816,0,,0,,KEEP_TOTAL
2968433,136,2026-05-20 08:00:00,36816,36816,36816,0,,0,,KEEP_TOTAL
2968567,136,2026-05-20 09:00:00,36816,36816,36816,0,,0,,KEEP_TOTAL
2968806,136,2026-05-20 10:00:00,36816,36816,36816,0,,0,,KEEP_TOTAL
2969045,136,2026-05-20 11:00:00,36816,36816,36816,0,,0,,KEEP_TOTAL
2969300,136,2026-05-20 12:00:00,36816,36816,36816,0,,0,,KEEP_TOTAL
2969524,136,2026-05-20 13:00:00,36816,36816,36816,0,,0,,KEEP_TOTAL
2969762,136,2026-05-20 14:00:00,36816,36816,36816,0,,0,,KEEP_TOTAL
2970067,136,2026-05-20 15:00:00,36816,36816,36816,0,,0,,KEEP_TOTAL
2966419,140,2026-05-20 00:00:00,2156371,215637,215638,9,,202,,CORRECT_TOTAL_215637_215638
2966658,140,2026-05-20 01:00:00,2156467,215647,215647,10,,212,,KEEP_TOTAL
2966897,140,2026-05-20 02:00:00,2156563,215656,215657,9,,221,,CORRECT_TOTAL_215656_215657
2967136,140,2026-05-20 03:00:00,2156656,215666,215666,10,,231,,KEEP_TOTAL
2967375,140,2026-05-20 04:00:00,2156749,215675,215675,9,,0,,KEEP_TOTAL
2967631,140,2026-05-20 05:00:00,2156842,215684,215685,9,,9,,CORRECT_TOTAL_215684_215685
2967853,140,2026-05-20 06:00:00,2156937,215694,215694,10,,19,,KEEP_TOTAL
2968092,140,2026-05-20 07:00:00,2157032,215703,215704,9,,28,,CORRECT_TOTAL_215703_215704
2968437,140,2026-05-20 08:00:00,2157130,215713,215713,10,,38,,KEEP_TOTAL
2968570,140,2026-05-20 09:00:00,2157228,215723,215723,10,,48,,KEEP_TOTAL
2968809,140,2026-05-20 10:00:00,2157325,215732,215733,9,,57,,CORRECT_TOTAL_215732_215733
2969048,140,2026-05-20 11:00:00,2157429,215743,215743,11,,68,,KEEP_TOTAL
2969303,140,2026-05-20 12:00:00,2157533,215753,215754,10,,78,,CORRECT_TOTAL_215753_215754
2969527,140,2026-05-20 13:00:00,2157638,215764,215764,11,,89,,KEEP_TOTAL
2969765,140,2026-05-20 14:00:00,2157743,215774,215775,10,,99,,CORRECT_TOTAL_215774_215775
2970072,140,2026-05-20 15:00:00,2157847,215785,215785,11,,110,,KEEP_TOTAL
2966414,139,2026-05-20 00:00:00,2804176,280418,280418,2,,56,,KEEP_TOTAL
2966653,139,2026-05-20 01:00:00,2804178,280418,280418,0,,56,,KEEP_TOTAL
2966892,139,2026-05-20 02:00:00,2804196,280420,280420,2,,58,,KEEP_TOTAL
2967131,139,2026-05-20 03:00:00,2804211,280421,280421,1,,59,,KEEP_TOTAL
2967370,139,2026-05-20 04:00:00,2804226,280423,280423,2,,0,,KEEP_TOTAL
2967615,139,2026-05-20 05:00:00,2804246,280425,280425,2,,2,,KEEP_TOTAL
2967848,139,2026-05-20 06:00:00,2804265,280426,280427,1,,3,,CORRECT_TOTAL_280426_280427
2968087,139,2026-05-20 07:00:00,2804267,280427,280427,1,,4,,KEEP_TOTAL
2968431,139,2026-05-20 08:00:00,0,280427,280427,0,,4,,KEEP_TOTAL
2968565,139,2026-05-20 09:00:00,2804301,280430,280430,3,,7,,KEEP_TOTAL
2968804,139,2026-05-20 10:00:00,2804327,280433,280433,3,,10,,KEEP_TOTAL
2969043,139,2026-05-20 11:00:00,2804339,280434,280434,1,,11,,KEEP_TOTAL
2969298,139,2026-05-20 12:00:00,2804393,280439,280439,5,,16,,KEEP_TOTAL
2969522,139,2026-05-20 13:00:00,2804443,280444,280444,5,,21,,KEEP_TOTAL
2969760,139,2026-05-20 14:00:00,2804454,280445,280446,1,,22,,CORRECT_TOTAL_280445_280446
2970063,139,2026-05-20 15:00:00,2804496,280450,280450,5,,27,,KEEP_TOTAL
2966459,12,2026-05-20 00:00:00,408878,408878,408878,0,,48,,KEEP_TOTAL
2966698,12,2026-05-20 01:00:00,408878,408878,408878,0,,48,,KEEP_TOTAL
2966938,12,2026-05-20 02:00:00,408878,408878,408878,0,,48,,KEEP_TOTAL
2967176,12,2026-05-20 03:00:00,408878,408878,408878,0,,48,,KEEP_TOTAL
2967415,12,2026-05-20 04:00:00,408878,408878,408878,0,,0,,KEEP_TOTAL
2967654,12,2026-05-20 05:00:00,408878,408878,408878,0,,0,,KEEP_TOTAL
2967893,12,2026-05-20 06:00:00,408878,408878,408878,0,,0,,KEEP_TOTAL
2968132,12,2026-05-20 07:00:00,408878,408878,408878,0,,0,,KEEP_TOTAL
2968344,12,2026-05-20 08:00:00,408878,408878,408878,0,,0,,KEEP_TOTAL
2968610,12,2026-05-20 09:00:00,408878,408878,408878,0,,0,,KEEP_TOTAL
2968850,12,2026-05-20 10:00:00,408878,408878,408878,0,,0,,KEEP_TOTAL
2969089,12,2026-05-20 11:00:00,408878,408878,408878,0,,0,,KEEP_TOTAL
2969328,12,2026-05-20 12:00:00,408878,408878,408878,0,,0,,KEEP_TOTAL
2969566,12,2026-05-20 13:00:00,408878,408878,408878,0,,0,,KEEP_TOTAL
2969806,12,2026-05-20 14:00:00,408878,408878,408878,0,,0,,KEEP_TOTAL
2970006,12,2026-05-20 15:00:00,408878,408878,408878,0,,0,,KEEP_TOTAL
2966397,137,2026-05-20 00:00:00,0,0,19484,0,,0,,CORRECT_TOTAL_0_19484
2966636,137,2026-05-20 01:00:00,0,0,19484,0,,0,,CORRECT_TOTAL_0_19484
2966875,137,2026-05-20 02:00:00,0,0,19484,0,,0,,CORRECT_TOTAL_0_19484
2967114,137,2026-05-20 03:00:00,0,0,19484,0,,0,,CORRECT_TOTAL_0_19484
2967353,137,2026-05-20 04:00:00,0,0,19484,0,,0,,CORRECT_TOTAL_0_19484
2967592,137,2026-05-20 05:00:00,0,0,19484,0,,0,,CORRECT_TOTAL_0_19484
2967831,137,2026-05-20 06:00:00,0,0,19484,0,,0,,CORRECT_TOTAL_0_19484
2968070,137,2026-05-20 07:00:00,0,0,19484,0,,0,,CORRECT_TOTAL_0_19484
2968309,137,2026-05-20 08:00:00,0,0,19484,0,,0,,CORRECT_TOTAL_0_19484
2968548,137,2026-05-20 09:00:00,0,0,19484,0,,0,,CORRECT_TOTAL_0_19484
2968787,137,2026-05-20 10:00:00,0,0,19484,0,,0,,CORRECT_TOTAL_0_19484
2969026,137,2026-05-20 11:00:00,0,0,19484,0,,0,,CORRECT_TOTAL_0_19484
2969279,137,2026-05-20 12:00:00,0,0,19484,0,,0,,CORRECT_TOTAL_0_19484
2969504,137,2026-05-20 13:00:00,0,0,19484,0,,0,,CORRECT_TOTAL_0_19484
2969743,137,2026-05-20 14:00:00,0,0,19484,0,,0,,CORRECT_TOTAL_0_19484
2970020,137,2026-05-20 15:00:00,0,0,19484,0,,0,,CORRECT_TOTAL_0_19484
2966427,78,2026-05-20 00:00:00,43469,43469,43469,0,,0,,KEEP_TOTAL
2966666,78,2026-05-20 01:00:00,43469,43469,43469,0,,0,,KEEP_TOTAL
2966905,78,2026-05-20 02:00:00,43469,43469,43469,0,,0,,KEEP_TOTAL
2967144,78,2026-05-20 03:00:00,43469,43469,43469,0,,0,,KEEP_TOTAL
2967383,78,2026-05-20 04:00:00,43469,43469,43469,0,,0,,KEEP_TOTAL
2967640,78,2026-05-20 05:00:00,43469,43469,43469,0,,0,,KEEP_TOTAL
2967861,78,2026-05-20 06:00:00,43469,43469,43469,0,,0,,KEEP_TOTAL
2968101,78,2026-05-20 07:00:00,43469,43469,43469,0,,0,,KEEP_TOTAL
2968445,78,2026-05-20 08:00:00,43469,43469,43469,0,,0,,KEEP_TOTAL
2968578,78,2026-05-20 09:00:00,43469,43469,43469,0,,0,,KEEP_TOTAL
2968817,78,2026-05-20 10:00:00,43469,43469,43469,0,,0,,KEEP_TOTAL
2969056,78,2026-05-20 11:00:00,43469,43469,43469,0,,0,,KEEP_TOTAL
2969312,78,2026-05-20 12:00:00,43469,43469,43469,0,,0,,KEEP_TOTAL
2969535,78,2026-05-20 13:00:00,43469,43469,43469,0,,0,,KEEP_TOTAL
2969773,78,2026-05-20 14:00:00,43469,43469,43469,0,,0,,KEEP_TOTAL
2970085,78,2026-05-20 15:00:00,43469,43469,43469,0,,0,,KEEP_TOTAL
2966444,24,2026-05-20 00:00:00,10814,3499,3499,0,,0,,KEEP_TOTAL
2966683,24,2026-05-20 01:00:00,10814,3499,3499,0,,0,,KEEP_TOTAL
2966922,24,2026-05-20 02:00:00,10814,3499,3499,0,,0,,KEEP_TOTAL
2967161,24,2026-05-20 03:00:00,10814,3499,3499,0,,0,,KEEP_TOTAL
2967400,24,2026-05-20 04:00:00,10814,3499,3499,0,,0,,KEEP_TOTAL
2967623,24,2026-05-20 05:00:00,10814,3499,3499,0,,0,,KEEP_TOTAL
2967878,24,2026-05-20 06:00:00,10814,3499,3499,0,,0,,KEEP_TOTAL
2968117,24,2026-05-20 07:00:00,10814,3499,3499,0,,0,,KEEP_TOTAL
2968327,24,2026-05-20 08:00:00,10814,3499,3499,0,,0,,KEEP_TOTAL
2968595,24,2026-05-20 09:00:00,10814,3499,3499,0,,0,,KEEP_TOTAL
2968834,24,2026-05-20 10:00:00,10814,3499,3499,0,,0,,KEEP_TOTAL
2969073,24,2026-05-20 11:00:00,10814,3499,3499,0,,0,,KEEP_TOTAL
2969275,24,2026-05-20 12:00:00,10814,3499,3499,0,,0,,KEEP_TOTAL
2969551,24,2026-05-20 13:00:00,10814,3499,3499,0,,0,,KEEP_TOTAL
2969790,24,2026-05-20 14:00:00,10814,3499,3499,0,,0,,KEEP_TOTAL
2969987,24,2026-05-20 15:00:00,10814,3499,3499,0,,0,,KEEP_TOTAL
2966509,191,2026-05-20 00:00:00,409040,40904,40904,0,,0,,KEEP_TOTAL
2966748,191,2026-05-20 01:00:00,409040,40904,40904,0,,0,,KEEP_TOTAL
2966987,191,2026-05-20 02:00:00,409040,40904,40904,0,,0,,KEEP_TOTAL
2967226,191,2026-05-20 03:00:00,409040,40904,40904,0,,0,,KEEP_TOTAL
2967465,191,2026-05-20 04:00:00,409040,40904,40904,0,,0,,KEEP_TOTAL
2967704,191,2026-05-20 05:00:00,409040,40904,40904,0,,0,,KEEP_TOTAL
2967943,191,2026-05-20 06:00:00,409040,40904,40904,0,,0,,KEEP_TOTAL
2968182,191,2026-05-20 07:00:00,409040,40904,40904,0,,0,,KEEP_TOTAL
2968395,191,2026-05-20 08:00:00,409040,40904,40904,0,,0,,KEEP_TOTAL
2968660,191,2026-05-20 09:00:00,409040,40904,40904,0,,0,,KEEP_TOTAL
2968899,191,2026-05-20 10:00:00,409040,40904,40904,0,,0,,KEEP_TOTAL
2969138,191,2026-05-20 11:00:00,409040,40904,40904,0,,0,,KEEP_TOTAL
2969377,191,2026-05-20 12:00:00,409040,40904,40904,0,,0,,KEEP_TOTAL
2969616,191,2026-05-20 13:00:00,409040,40904,40904,0,,0,,KEEP_TOTAL
2969855,191,2026-05-20 14:00:00,409040,40904,40904,0,,0,,KEEP_TOTAL
2970092,191,2026-05-20 15:00:00,409040,40904,40904,0,,0,,KEEP_TOTAL
2978045,191,2026-05-20 20:00:00,409040,,40904,0,,0,,CORRECT_TOTAL_0_40904
2978046,191,2026-05-20 21:00:00,409040,,40904,0,,0,,CORRECT_TOTAL_0_40904
2978047,191,2026-05-20 22:00:00,409040,,40904,0,,0,,CORRECT_TOTAL_0_40904
2978048,191,2026-05-20 23:00:00,409040,,40904,0,,0,,CORRECT_TOTAL_0_40904
2978049,191,2026-05-21 00:00:00,409040,,40904,0,,0,,CORRECT_TOTAL_0_40904
2978050,191,2026-05-21 01:00:00,409040,,40904,0,,0,,CORRECT_TOTAL_0_40904
2978051,191,2026-05-21 02:00:00,409040,,40904,0,,0,,CORRECT_TOTAL_0_40904
2978052,191,2026-05-21 03:00:00,409040,,40904,0,,0,,CORRECT_TOTAL_0_40904
2978053,191,2026-05-21 04:00:00,409040,,40904,0,,0,,CORRECT_TOTAL_0_40904
2978054,191,2026-05-21 05:00:00,409040,,40904,0,,0,,CORRECT_TOTAL_0_40904
2978055,191,2026-05-21 06:00:00,409040,,40904,0,,0,,CORRECT_TOTAL_0_40904
2978056,191,2026-05-21 07:00:00,409040,,40904,0,,0,,CORRECT_TOTAL_0_40904
2978057,191,2026-05-21 08:00:00,409040,,40904,0,,0,,CORRECT_TOTAL_0_40904
2978058,191,2026-05-21 09:00:00,409040,,40904,0,,0,,CORRECT_TOTAL_0_40904
2978059,191,2026-05-21 10:00:00,409040,,40904,0,,0,,CORRECT_TOTAL_0_40904
2978060,191,2026-05-21 11:00:00,409040,,40904,0,,0,,CORRECT_TOTAL_0_40904
2978061,191,2026-05-21 12:00:00,409040,,40904,0,,0,,CORRECT_TOTAL_0_40904
2978062,191,2026-05-21 13:00:00,409040,,40904,0,,0,,CORRECT_TOTAL_0_40904
2978063,191,2026-05-21 14:00:00,409040,,40904,0,,0,,CORRECT_TOTAL_0_40904
2978064,191,2026-05-21 15:00:00,409040,,40904,0,,0,,CORRECT_TOTAL_0_40904
2978065,191,2026-05-21 16:00:00,409040,,40904,0,,0,,CORRECT_TOTAL_0_40904
2978066,191,2026-05-21 17:00:00,409040,,40904,0,,0,,CORRECT_TOTAL_0_40904
2978067,191,2026-05-21 18:00:00,409040,,40904,0,,0,,CORRECT_TOTAL_0_40904
2978068,191,2026-05-21 19:00:00,409040,,40904,0,,0,,CORRECT_TOTAL_0_40904
2978069,191,2026-05-21 20:00:00,409040,,40904,0,,0,,CORRECT_TOTAL_0_40904
2978070,191,2026-05-21 21:00:00,409040,,40904,0,,0,,CORRECT_TOTAL_0_40904
2978071,191,2026-05-21 22:00:00,409040,,40904,0,,0,,CORRECT_TOTAL_0_40904
2978072,191,2026-05-21 23:00:00,409040,,40904,0,,0,,CORRECT_TOTAL_0_40904
2978073,191,2026-05-22 00:00:00,409040,,40904,0,,0,,CORRECT_TOTAL_0_40904
2978074,191,2026-05-22 01:00:00,409040,,40904,0,,0,,CORRECT_TOTAL_0_40904
2978075,191,2026-05-22 02:00:00,409040,,40904,0,,0,,CORRECT_TOTAL_0_40904
2978076,191,2026-05-22 03:00:00,409040,,40904,0,,0,,CORRECT_TOTAL_0_40904
2978077,191,2026-05-22 04:00:00,409040,,40904,0,,0,,CORRECT_TOTAL_0_40904
2978078,191,2026-05-22 05:00:00,409040,,40904,0,,0,,CORRECT_TOTAL_0_40904
2978079,191,2026-05-22 06:00:00,409040,,40904,0,,0,,CORRECT_TOTAL_0_40904
2978080,191,2026-05-22 07:00:00,409040,,40904,0,,0,,CORRECT_TOTAL_0_40904
2978081,191,2026-05-22 08:00:00,409040,,40904,0,,0,,CORRECT_TOTAL_0_40904
2978082,191,2026-05-22 09:00:00,409040,,40904,0,,0,,CORRECT_TOTAL_0_40904
2978083,191,2026-05-22 10:00:00,409040,,40904,0,,0,,CORRECT_TOTAL_0_40904
2978084,191,2026-05-22 11:00:00,409040,,40904,0,,0,,CORRECT_TOTAL_0_40904
2978085,191,2026-05-22 12:00:00,409040,,40904,0,,0,,CORRECT_TOTAL_0_40904
2966501,159,2026-05-20 00:00:00,184083,184083,184083,0,,0,,KEEP_TOTAL
2966740,159,2026-05-20 01:00:00,184083,184083,184083,0,,0,,KEEP_TOTAL
2966979,159,2026-05-20 02:00:00,184083,184083,184083,0,,0,,KEEP_TOTAL
2967218,159,2026-05-20 03:00:00,184083,184083,184083,0,,0,,KEEP_TOTAL
2967457,159,2026-05-20 04:00:00,184083,184083,184083,0,,0,,KEEP_TOTAL
2967696,159,2026-05-20 05:00:00,184083,184083,184083,0,,0,,KEEP_TOTAL
2967935,159,2026-05-20 06:00:00,184083,184083,184083,0,,0,,KEEP_TOTAL
2968174,159,2026-05-20 07:00:00,184083,184083,184083,0,,0,,KEEP_TOTAL
2968387,159,2026-05-20 08:00:00,184083,184083,184083,0,,0,,KEEP_TOTAL
2968652,159,2026-05-20 09:00:00,184083,184083,184083,0,,0,,KEEP_TOTAL
2968891,159,2026-05-20 10:00:00,184083,184083,184083,0,,0,,KEEP_TOTAL
2969130,159,2026-05-20 11:00:00,184083,184083,184083,0,,0,,KEEP_TOTAL
2969369,159,2026-05-20 12:00:00,184083,184083,184083,0,,0,,KEEP_TOTAL
2969608,159,2026-05-20 13:00:00,184083,184083,184083,0,,0,,KEEP_TOTAL
2969847,159,2026-05-20 14:00:00,184083,184083,184083,0,,0,,KEEP_TOTAL
2970071,159,2026-05-20 15:00:00,184083,184083,184083,0,,0,,KEEP_TOTAL
2978742,159,2026-05-20 20:00:00,184083,,184083,0,,0,,CORRECT_TOTAL_0_184083
2978743,159,2026-05-20 21:00:00,184083,,184083,0,,0,,CORRECT_TOTAL_0_184083
2978744,159,2026-05-20 22:00:00,184083,,184083,0,,0,,CORRECT_TOTAL_0_184083
2978745,159,2026-05-20 23:00:00,184083,,184083,0,,0,,CORRECT_TOTAL_0_184083
2978746,159,2026-05-21 00:00:00,184083,,184083,0,,0,,CORRECT_TOTAL_0_184083
2978747,159,2026-05-21 01:00:00,184083,,184083,0,,0,,CORRECT_TOTAL_0_184083
2978748,159,2026-05-21 02:00:00,184083,,184083,0,,0,,CORRECT_TOTAL_0_184083
2978749,159,2026-05-21 03:00:00,184083,,184083,0,,0,,CORRECT_TOTAL_0_184083
2978750,159,2026-05-21 04:00:00,184083,,184083,0,,0,,CORRECT_TOTAL_0_184083
2978751,159,2026-05-21 05:00:00,184083,,184083,0,,0,,CORRECT_TOTAL_0_184083
2978752,159,2026-05-21 06:00:00,184083,,184083,0,,0,,CORRECT_TOTAL_0_184083
2978753,159,2026-05-21 07:00:00,184083,,184083,0,,0,,CORRECT_TOTAL_0_184083
2978754,159,2026-05-21 08:00:00,184083,,184083,0,,0,,CORRECT_TOTAL_0_184083
2978755,159,2026-05-21 09:00:00,184083,,184083,0,,0,,CORRECT_TOTAL_0_184083
2978756,159,2026-05-21 10:00:00,184083,,184083,0,,0,,CORRECT_TOTAL_0_184083
2978757,159,2026-05-21 11:00:00,184083,,184083,0,,0,,CORRECT_TOTAL_0_184083
2978758,159,2026-05-21 12:00:00,184083,,184083,0,,0,,CORRECT_TOTAL_0_184083
2978759,159,2026-05-21 13:00:00,184083,,184083,0,,0,,CORRECT_TOTAL_0_184083
2978760,159,2026-05-21 14:00:00,184083,,184083,0,,0,,CORRECT_TOTAL_0_184083
2978761,159,2026-05-21 15:00:00,184083,,184083,0,,0,,CORRECT_TOTAL_0_184083
2978762,159,2026-05-21 16:00:00,184083,,184083,0,,0,,CORRECT_TOTAL_0_184083
2978763,159,2026-05-21 17:00:00,184083,,184083,0,,0,,CORRECT_TOTAL_0_184083
2978764,159,2026-05-21 18:00:00,184083,,184083,0,,0,,CORRECT_TOTAL_0_184083
2978765,159,2026-05-21 19:00:00,184083,,184083,0,,0,,CORRECT_TOTAL_0_184083
2978766,159,2026-05-21 20:00:00,184083,,184083,0,,0,,CORRECT_TOTAL_0_184083
2978767,159,2026-05-21 21:00:00,184083,,184083,0,,0,,CORRECT_TOTAL_0_184083
2978768,159,2026-05-21 22:00:00,184083,,184083,0,,0,,CORRECT_TOTAL_0_184083
2978769,159,2026-05-21 23:00:00,184083,,184083,0,,0,,CORRECT_TOTAL_0_184083
2978770,159,2026-05-22 00:00:00,184083,,184083,0,,0,,CORRECT_TOTAL_0_184083
2978771,159,2026-05-22 01:00:00,184083,,184083,0,,0,,CORRECT_TOTAL_0_184083
2978772,159,2026-05-22 02:00:00,184083,,184083,0,,0,,CORRECT_TOTAL_0_184083
2978773,159,2026-05-22 03:00:00,184083,,184083,0,,0,,CORRECT_TOTAL_0_184083
2978774,159,2026-05-22 04:00:00,184083,,184083,0,,0,,CORRECT_TOTAL_0_184083
2978775,159,2026-05-22 05:00:00,184083,,184083,0,,0,,CORRECT_TOTAL_0_184083
2978776,159,2026-05-22 06:00:00,184083,,184083,0,,0,,CORRECT_TOTAL_0_184083
2978777,159,2026-05-22 07:00:00,184083,,184083,0,,0,,CORRECT_TOTAL_0_184083
2978778,159,2026-05-22 08:00:00,184083,,184083,0,,0,,CORRECT_TOTAL_0_184083
2978779,159,2026-05-22 09:00:00,184083,,184083,0,,0,,CORRECT_TOTAL_0_184083
2978780,159,2026-05-22 10:00:00,184083,,184083,0,,0,,CORRECT_TOTAL_0_184083
2978781,159,2026-05-22 11:00:00,184083,,184083,0,,0,,CORRECT_TOTAL_0_184083
2966461,25,2026-05-20 00:00:00,36533,19213,19213,0,,0,,KEEP_TOTAL
2966701,25,2026-05-20 01:00:00,36533,19213,19213,0,,0,,KEEP_TOTAL
2966940,25,2026-05-20 02:00:00,36533,19213,19213,0,,0,,KEEP_TOTAL
2967178,25,2026-05-20 03:00:00,36533,19213,19213,0,,0,,KEEP_TOTAL
2967417,25,2026-05-20 04:00:00,36533,19213,19213,0,,0,,KEEP_TOTAL
2967657,25,2026-05-20 05:00:00,36533,19213,19213,0,,0,,KEEP_TOTAL
2967895,25,2026-05-20 06:00:00,36533,19213,19213,0,,0,,KEEP_TOTAL
2968134,25,2026-05-20 07:00:00,36533,19213,19213,0,,0,,KEEP_TOTAL
2968346,25,2026-05-20 08:00:00,36533,19213,19213,0,,0,,KEEP_TOTAL
2968612,25,2026-05-20 09:00:00,36533,19213,19213,0,,0,,KEEP_TOTAL
2968852,25,2026-05-20 10:00:00,36533,19213,19213,0,,0,,KEEP_TOTAL
2969091,25,2026-05-20 11:00:00,36533,19213,19213,0,,0,,KEEP_TOTAL
2969330,25,2026-05-20 12:00:00,36533,19213,19213,0,,0,,KEEP_TOTAL
2969568,25,2026-05-20 13:00:00,36533,19213,19213,0,,0,,KEEP_TOTAL
2969808,25,2026-05-20 14:00:00,36533,19213,19213,0,,0,,KEEP_TOTAL
2970009,25,2026-05-20 15:00:00,36533,19213,19213,0,,0,,KEEP_TOTAL
2966428,141,2026-05-20 00:00:00,162699200,16269920,16269920,1480,,25200,,KEEP_TOTAL
2966667,141,2026-05-20 01:00:00,162714200,16271420,16271420,1500,,26700,,KEEP_TOTAL
2966906,141,2026-05-20 02:00:00,162729000,16272900,16272900,1480,,28180,,KEEP_TOTAL
2967145,141,2026-05-20 03:00:00,162744000,16274400,16274400,1500,,29680,,KEEP_TOTAL
2967384,141,2026-05-20 04:00:00,162758700,16275870,16275870,1470,,0,,KEEP_TOTAL
2967641,141,2026-05-20 05:00:00,162773600,16277360,16277360,1490,,1490,,KEEP_TOTAL
2967862,141,2026-05-20 06:00:00,162788500,16278850,16278850,1490,,2980,,KEEP_TOTAL
2968102,141,2026-05-20 07:00:00,162803300,16280330,16280330,1480,,4460,,KEEP_TOTAL
2968446,141,2026-05-20 08:00:00,162833400,16283340,16283340,3010,,7470,,KEEP_TOTAL
2968579,141,2026-05-20 09:00:00,162833400,16283340,16283340,0,,7470,,KEEP_TOTAL
2968818,141,2026-05-20 10:00:00,162848400,16284840,16284840,1500,,8970,,KEEP_TOTAL
2969057,141,2026-05-20 11:00:00,162863500,16286350,16286350,1510,,10480,,KEEP_TOTAL
2969313,141,2026-05-20 12:00:00,162878900,16287890,16287890,1540,,12020,,KEEP_TOTAL
2969536,141,2026-05-20 13:00:00,162894400,16289440,16289440,1550,,13570,,KEEP_TOTAL
2969774,141,2026-05-20 14:00:00,162910000,16291000,16291000,1560,,15130,,KEEP_TOTAL
2970086,141,2026-05-20 15:00:00,162925800,16292580,16292580,1580,,16710,,KEEP_TOTAL
2966425,94,2026-05-20 00:00:00,319090,319090,319090,0,,0,,KEEP_TOTAL
2966664,94,2026-05-20 01:00:00,319090,319090,319090,0,,0,,KEEP_TOTAL
2966903,94,2026-05-20 02:00:00,319090,319090,319090,0,,0,,KEEP_TOTAL
2967142,94,2026-05-20 03:00:00,319090,319090,319090,0,,0,,KEEP_TOTAL
2967381,94,2026-05-20 04:00:00,319090,319090,319090,0,,0,,KEEP_TOTAL
2967638,94,2026-05-20 05:00:00,319090,319090,319090,0,,0,,KEEP_TOTAL
2967859,94,2026-05-20 06:00:00,319090,319090,319090,0,,0,,KEEP_TOTAL
2968099,94,2026-05-20 07:00:00,319090,319090,319090,0,,0,,KEEP_TOTAL
2968443,94,2026-05-20 08:00:00,319090,319090,319090,0,,0,,KEEP_TOTAL
2968576,94,2026-05-20 09:00:00,319090,319090,319090,0,,0,,KEEP_TOTAL
2968815,94,2026-05-20 10:00:00,319090,319090,319090,0,,0,,KEEP_TOTAL
2969054,94,2026-05-20 11:00:00,319090,319090,319090,0,,0,,KEEP_TOTAL
2969310,94,2026-05-20 12:00:00,319090,319090,319090,0,,0,,KEEP_TOTAL
2969533,94,2026-05-20 13:00:00,319090,319090,319090,0,,0,,KEEP_TOTAL
2969771,94,2026-05-20 14:00:00,319090,319090,319090,0,,0,,KEEP_TOTAL
2970082,94,2026-05-20 15:00:00,319090,319090,319090,0,,0,,KEEP_TOTAL
2966519,186,2026-05-20 00:00:00,2241828,250553,250553,0,,0,,KEEP_TOTAL
2966758,186,2026-05-20 01:00:00,2241828,250553,250553,0,,0,,KEEP_TOTAL
2966997,186,2026-05-20 02:00:00,2241828,250553,250553,0,,0,,KEEP_TOTAL
2967236,186,2026-05-20 03:00:00,2241828,250553,250553,0,,0,,KEEP_TOTAL
2967475,186,2026-05-20 04:00:00,2241828,250553,250553,0,,0,,KEEP_TOTAL
2967714,186,2026-05-20 05:00:00,2241828,250553,250553,0,,0,,KEEP_TOTAL
2967953,186,2026-05-20 06:00:00,2241828,250553,250553,0,,0,,KEEP_TOTAL
2968192,186,2026-05-20 07:00:00,2241828,250553,250553,0,,0,,KEEP_TOTAL
2968405,186,2026-05-20 08:00:00,2241828,250553,250553,0,,0,,KEEP_TOTAL
2968670,186,2026-05-20 09:00:00,2241828,250553,250553,0,,0,,KEEP_TOTAL
2968909,186,2026-05-20 10:00:00,2241828,250553,250553,0,,0,,KEEP_TOTAL
2969148,186,2026-05-20 11:00:00,2241828,250553,250553,0,,0,,KEEP_TOTAL
2969387,186,2026-05-20 12:00:00,2241828,250553,250553,0,,0,,KEEP_TOTAL
2969626,186,2026-05-20 13:00:00,2241828,250553,250553,0,,0,,KEEP_TOTAL
2969865,186,2026-05-20 14:00:00,2241828,250553,250553,0,,0,,KEEP_TOTAL
2970104,186,2026-05-20 15:00:00,2241828,250553,250553,0,,0,,KEEP_TOTAL
2977881,186,2026-05-20 20:00:00,2241828,,250553,0,,0,,CORRECT_TOTAL_0_250553
2977882,186,2026-05-20 21:00:00,2241828,,250553,0,,0,,CORRECT_TOTAL_0_250553
2977883,186,2026-05-20 22:00:00,2241828,,250553,0,,0,,CORRECT_TOTAL_0_250553
2977884,186,2026-05-20 23:00:00,2241828,,250553,0,,0,,CORRECT_TOTAL_0_250553
2977885,186,2026-05-21 00:00:00,2241828,,250553,0,,0,,CORRECT_TOTAL_0_250553
2977886,186,2026-05-21 01:00:00,2241828,,250553,0,,0,,CORRECT_TOTAL_0_250553
2977887,186,2026-05-21 02:00:00,2241828,,250553,0,,0,,CORRECT_TOTAL_0_250553
2977888,186,2026-05-21 03:00:00,2241828,,250553,0,,0,,CORRECT_TOTAL_0_250553
2977889,186,2026-05-21 04:00:00,2241828,,250553,0,,0,,CORRECT_TOTAL_0_250553
2977890,186,2026-05-21 05:00:00,2241828,,250553,0,,0,,CORRECT_TOTAL_0_250553
2977891,186,2026-05-21 06:00:00,2241828,,250553,0,,0,,CORRECT_TOTAL_0_250553
2977892,186,2026-05-21 07:00:00,2241828,,250553,0,,0,,CORRECT_TOTAL_0_250553
2977893,186,2026-05-21 08:00:00,2241828,,250553,0,,0,,CORRECT_TOTAL_0_250553
2977894,186,2026-05-21 09:00:00,2241828,,250553,0,,0,,CORRECT_TOTAL_0_250553
2977895,186,2026-05-21 10:00:00,2241828,,250553,0,,0,,CORRECT_TOTAL_0_250553
2977896,186,2026-05-21 11:00:00,2241828,,250553,0,,0,,CORRECT_TOTAL_0_250553
2977897,186,2026-05-21 12:00:00,2241828,,250553,0,,0,,CORRECT_TOTAL_0_250553
2977898,186,2026-05-21 13:00:00,2241828,,250553,0,,0,,CORRECT_TOTAL_0_250553
2977899,186,2026-05-21 14:00:00,2241828,,250553,0,,0,,CORRECT_TOTAL_0_250553
2977900,186,2026-05-21 15:00:00,2241828,,250553,0,,0,,CORRECT_TOTAL_0_250553
2977901,186,2026-05-21 16:00:00,2241828,,250553,0,,0,,CORRECT_TOTAL_0_250553
2977902,186,2026-05-21 17:00:00,2241828,,250553,0,,0,,CORRECT_TOTAL_0_250553
2977903,186,2026-05-21 18:00:00,2241828,,250553,0,,0,,CORRECT_TOTAL_0_250553
2977904,186,2026-05-21 19:00:00,2241828,,250553,0,,0,,CORRECT_TOTAL_0_250553
2977905,186,2026-05-21 20:00:00,2241828,,250553,0,,0,,CORRECT_TOTAL_0_250553
2977906,186,2026-05-21 21:00:00,2241828,,250553,0,,0,,CORRECT_TOTAL_0_250553
2977907,186,2026-05-21 22:00:00,2241828,,250553,0,,0,,CORRECT_TOTAL_0_250553
2977908,186,2026-05-21 23:00:00,2241828,,250553,0,,0,,CORRECT_TOTAL_0_250553
2977909,186,2026-05-22 00:00:00,2241828,,250553,0,,0,,CORRECT_TOTAL_0_250553
2977910,186,2026-05-22 01:00:00,2241828,,250553,0,,0,,CORRECT_TOTAL_0_250553
2977911,186,2026-05-22 02:00:00,2241828,,250553,0,,0,,CORRECT_TOTAL_0_250553
2977912,186,2026-05-22 03:00:00,2241828,,250553,0,,0,,CORRECT_TOTAL_0_250553
2977913,186,2026-05-22 04:00:00,2241828,,250553,0,,0,,CORRECT_TOTAL_0_250553
2977914,186,2026-05-22 05:00:00,2241828,,250553,0,,0,,CORRECT_TOTAL_0_250553
2977915,186,2026-05-22 06:00:00,2241828,,250553,0,,0,,CORRECT_TOTAL_0_250553
2977916,186,2026-05-22 07:00:00,2241828,,250553,0,,0,,CORRECT_TOTAL_0_250553
2977917,186,2026-05-22 08:00:00,2241828,,250553,0,,0,,CORRECT_TOTAL_0_250553
2977918,186,2026-05-22 09:00:00,2241828,,250553,0,,0,,CORRECT_TOTAL_0_250553
2977919,186,2026-05-22 10:00:00,2241828,,250553,0,,0,,CORRECT_TOTAL_0_250553
2977920,186,2026-05-22 11:00:00,2241828,,250553,0,,0,,CORRECT_TOTAL_0_250553
2977921,186,2026-05-22 12:00:00,2241828,,250553,0,,0,,CORRECT_TOTAL_0_250553
2966522,211,2026-05-20 00:00:00,1933704,1933343,1933704,57,,1188,,CORRECT_TOTAL_1933343_1933704
2966761,211,2026-05-20 01:00:00,1933760,1933409,1933760,66,,1254,,CORRECT_TOTAL_1933409_1933760
2967000,211,2026-05-20 02:00:00,1933817,1933496,1933817,87,,1341,,CORRECT_TOTAL_1933496_1933817
2967239,211,2026-05-20 03:00:00,1933874,1933582,1933874,86,,1427,,CORRECT_TOTAL_1933582_1933874
2967478,211,2026-05-20 04:00:00,1933653,1933653,3867527,71,,0,,CORRECT_TOTAL_1933653_3867527
2967717,211,2026-05-20 05:00:00,1933710,1933710,3867584,57,,57,,CORRECT_TOTAL_1933710_3867584
2967956,211,2026-05-20 06:00:00,1933766,1933766,3867640,56,,113,,CORRECT_TOTAL_1933766_3867640
2968195,211,2026-05-20 07:00:00,1933823,1933823,3867697,57,,170,,CORRECT_TOTAL_1933823_3867697
2968408,211,2026-05-20 08:00:00,1933880,1933880,3867754,57,,227,,CORRECT_TOTAL_1933880_3867754
2968673,211,2026-05-20 09:00:00,1933936,1933936,3867810,56,,283,,CORRECT_TOTAL_1933936_3867810
2968912,211,2026-05-20 10:00:00,1934021,1934021,3867895,85,,368,,CORRECT_TOTAL_1934021_3867895
2969151,211,2026-05-20 11:00:00,1934108,1934108,3867982,87,,455,,CORRECT_TOTAL_1934108_3867982
2969390,211,2026-05-20 12:00:00,1934171,1934171,3868045,63,,518,,CORRECT_TOTAL_1934171_3868045
2969629,211,2026-05-20 13:00:00,1934229,1934229,3868103,58,,576,,CORRECT_TOTAL_1934229_3868103
2969868,211,2026-05-20 14:00:00,1934283,1934283,3868157,54,,630,,CORRECT_TOTAL_1934283_3868157
2970107,211,2026-05-20 15:00:00,1934339,1934339,3868213,56,,686,,CORRECT_TOTAL_1934339_3868213
2978578,211,2026-05-20 20:00:00,1935032,,3868906,0,,0,,CORRECT_TOTAL_0_3868906
2978579,211,2026-05-20 21:00:00,1935117,,3868991,0,,0,,CORRECT_TOTAL_0_3868991
2978580,211,2026-05-20 22:00:00,1935204,,3869078,0,,0,,CORRECT_TOTAL_0_3869078
2978581,211,2026-05-20 23:00:00,1935272,,3869146,0,,0,,CORRECT_TOTAL_0_3869146
2978582,211,2026-05-21 00:00:00,1935330,,3869204,0,,0,,CORRECT_TOTAL_0_3869204
2978583,211,2026-05-21 01:00:00,1935386,,3869260,0,,0,,CORRECT_TOTAL_0_3869260
2978584,211,2026-05-21 02:00:00,1935443,,3869317,0,,0,,CORRECT_TOTAL_0_3869317
2978585,211,2026-05-21 03:00:00,1935500,,3869374,0,,0,,CORRECT_TOTAL_0_3869374
2978586,211,2026-05-21 04:00:00,1935558,,3869432,0,,0,,CORRECT_TOTAL_0_3869432
2978587,211,2026-05-21 05:00:00,1935615,,3869489,0,,0,,CORRECT_TOTAL_0_3869489
2978588,211,2026-05-21 06:00:00,1935673,,3869547,0,,0,,CORRECT_TOTAL_0_3869547
2978589,211,2026-05-21 07:00:00,1935746,,3869620,0,,0,,CORRECT_TOTAL_0_3869620
2978590,211,2026-05-21 08:00:00,1935828,,3869702,0,,0,,CORRECT_TOTAL_0_3869702
2978591,211,2026-05-21 09:00:00,1935909,,3869783,0,,0,,CORRECT_TOTAL_0_3869783
2978592,211,2026-05-21 10:00:00,1935987,,3869861,0,,0,,CORRECT_TOTAL_0_3869861
2978593,211,2026-05-21 11:00:00,1936045,,3869919,0,,0,,CORRECT_TOTAL_0_3869919
2978594,211,2026-05-21 12:00:00,1936101,,3869975,0,,0,,CORRECT_TOTAL_0_3869975
2978595,211,2026-05-21 13:00:00,1936158,,3870032,0,,0,,CORRECT_TOTAL_0_3870032
2978596,211,2026-05-21 14:00:00,1936214,,3870088,0,,0,,CORRECT_TOTAL_0_3870088
2978597,211,2026-05-21 15:00:00,1936271,,3870145,0,,0,,CORRECT_TOTAL_0_3870145
2978598,211,2026-05-21 16:00:00,1936329,,3870203,0,,0,,CORRECT_TOTAL_0_3870203
2978599,211,2026-05-21 17:00:00,1936387,,3870261,0,,0,,CORRECT_TOTAL_0_3870261
2978600,211,2026-05-21 18:00:00,1936442,,3870316,0,,0,,CORRECT_TOTAL_0_3870316
2978601,211,2026-05-21 19:00:00,1936498,,3870372,0,,0,,CORRECT_TOTAL_0_3870372
2978602,211,2026-05-21 20:00:00,1936553,,3870427,0,,0,,CORRECT_TOTAL_0_3870427
2978603,211,2026-05-21 21:00:00,1936631,,3870505,0,,0,,CORRECT_TOTAL_0_3870505
2978604,211,2026-05-21 22:00:00,1936710,,3870584,0,,0,,CORRECT_TOTAL_0_3870584
2978605,211,2026-05-21 23:00:00,1936784,,3870658,0,,0,,CORRECT_TOTAL_0_3870658
2978606,211,2026-05-22 00:00:00,1936841,,3870715,0,,0,,CORRECT_TOTAL_0_3870715
2978607,211,2026-05-22 01:00:00,1936897,,3870771,0,,0,,CORRECT_TOTAL_0_3870771
2978608,211,2026-05-22 02:00:00,1936954,,3870828,0,,0,,CORRECT_TOTAL_0_3870828
2978609,211,2026-05-22 03:00:00,1937018,,3870892,0,,0,,CORRECT_TOTAL_0_3870892
2978610,211,2026-05-22 04:00:00,1937089,,3870963,0,,0,,CORRECT_TOTAL_0_3870963
2978611,211,2026-05-22 05:00:00,1937159,,3871033,0,,0,,CORRECT_TOTAL_0_3871033
2978612,211,2026-05-22 06:00:00,1937228,,3871102,0,,0,,CORRECT_TOTAL_0_3871102
2978613,211,2026-05-22 07:00:00,1937281,,3871155,0,,0,,CORRECT_TOTAL_0_3871155
2978614,211,2026-05-22 08:00:00,1937340,,3871214,0,,0,,CORRECT_TOTAL_0_3871214
2978615,211,2026-05-22 09:00:00,1937401,,3871275,0,,0,,CORRECT_TOTAL_0_3871275
2978616,211,2026-05-22 10:00:00,1937460,,3871334,0,,0,,CORRECT_TOTAL_0_3871334
2978617,211,2026-05-22 11:00:00,1937523,,3871397,0,,0,,CORRECT_TOTAL_0_3871397
2978618,211,2026-05-22 12:00:00,1937531,,3871405,0,,0,,CORRECT_TOTAL_0_3871405
2966438,47,2026-05-20 00:00:00,139065,4431445,4431445,0,,0,,KEEP_TOTAL
2966677,47,2026-05-20 01:00:00,139065,4431445,4431445,0,,0,,KEEP_TOTAL
2966916,47,2026-05-20 02:00:00,139065,4431445,4431445,0,,0,,KEEP_TOTAL
2967155,47,2026-05-20 03:00:00,139065,4431445,4431445,0,,0,,KEEP_TOTAL
2967394,47,2026-05-20 04:00:00,139065,4431445,4431445,0,,0,,KEEP_TOTAL
2967613,47,2026-05-20 05:00:00,139065,4431445,4431445,0,,0,,KEEP_TOTAL
2967872,47,2026-05-20 06:00:00,139065,4431445,4431445,0,,0,,KEEP_TOTAL
2968111,47,2026-05-20 07:00:00,139065,4431445,4431445,0,,0,,KEEP_TOTAL
2968321,47,2026-05-20 08:00:00,139065,4431445,4431445,0,,0,,KEEP_TOTAL
2968589,47,2026-05-20 09:00:00,139065,4431445,4431445,0,,0,,KEEP_TOTAL
2968828,47,2026-05-20 10:00:00,139065,4431445,4431445,0,,0,,KEEP_TOTAL
2969067,47,2026-05-20 11:00:00,139065,4431445,4431445,0,,0,,KEEP_TOTAL
2969264,47,2026-05-20 12:00:00,139065,4431445,4431445,0,,0,,KEEP_TOTAL
2969545,47,2026-05-20 13:00:00,139065,4431445,4431445,0,,0,,KEEP_TOTAL
2969784,47,2026-05-20 14:00:00,139065,4431445,4431445,0,,0,,KEEP_TOTAL
2969981,47,2026-05-20 15:00:00,139065,4431445,4431445,0,,0,,KEEP_TOTAL
2966495,177,2026-05-20 00:00:00,985303,985303,985303,0,,0,,KEEP_TOTAL
2966734,177,2026-05-20 01:00:00,985303,985303,985303,0,,0,,KEEP_TOTAL
2966973,177,2026-05-20 02:00:00,985303,985303,985303,0,,0,,KEEP_TOTAL
2967212,177,2026-05-20 03:00:00,985303,985303,985303,0,,0,,KEEP_TOTAL
2967451,177,2026-05-20 04:00:00,985303,985303,985303,0,,0,,KEEP_TOTAL
2967690,177,2026-05-20 05:00:00,985303,985303,985303,0,,0,,KEEP_TOTAL
2967929,177,2026-05-20 06:00:00,985303,985303,985303,0,,0,,KEEP_TOTAL
2968168,177,2026-05-20 07:00:00,985303,985303,985303,0,,0,,KEEP_TOTAL
2968381,177,2026-05-20 08:00:00,985303,985303,985303,0,,0,,KEEP_TOTAL
2968646,177,2026-05-20 09:00:00,985303,985303,985303,0,,0,,KEEP_TOTAL
2968885,177,2026-05-20 10:00:00,985303,985303,985303,0,,0,,KEEP_TOTAL
2969124,177,2026-05-20 11:00:00,985303,985303,985303,0,,0,,KEEP_TOTAL
2969363,177,2026-05-20 12:00:00,985303,985303,985303,0,,0,,KEEP_TOTAL
2969602,177,2026-05-20 13:00:00,985303,985303,985303,0,,0,,KEEP_TOTAL
2969841,177,2026-05-20 14:00:00,985303,985303,985303,0,,0,,KEEP_TOTAL
2970058,177,2026-05-20 15:00:00,985303,985303,985303,0,,0,,KEEP_TOTAL
2978997,177,2026-05-20 20:00:00,985303,,985303,0,,0,,CORRECT_TOTAL_0_985303
2978998,177,2026-05-20 21:00:00,985303,,985303,0,,0,,CORRECT_TOTAL_0_985303
2978999,177,2026-05-20 22:00:00,985303,,985303,0,,0,,CORRECT_TOTAL_0_985303
2979000,177,2026-05-20 23:00:00,985303,,985303,0,,0,,CORRECT_TOTAL_0_985303
2979001,177,2026-05-21 00:00:00,985303,,985303,0,,0,,CORRECT_TOTAL_0_985303
2979002,177,2026-05-21 01:00:00,985303,,985303,0,,0,,CORRECT_TOTAL_0_985303
2979003,177,2026-05-21 02:00:00,985303,,985303,0,,0,,CORRECT_TOTAL_0_985303
2979004,177,2026-05-21 03:00:00,985303,,985303,0,,0,,CORRECT_TOTAL_0_985303
2979005,177,2026-05-21 04:00:00,985303,,985303,0,,0,,CORRECT_TOTAL_0_985303
2979006,177,2026-05-21 05:00:00,985303,,985303,0,,0,,CORRECT_TOTAL_0_985303
2979007,177,2026-05-21 06:00:00,985303,,985303,0,,0,,CORRECT_TOTAL_0_985303
2979008,177,2026-05-21 07:00:00,985303,,985303,0,,0,,CORRECT_TOTAL_0_985303
2979009,177,2026-05-21 08:00:00,985303,,985303,0,,0,,CORRECT_TOTAL_0_985303
2979010,177,2026-05-21 09:00:00,985303,,985303,0,,0,,CORRECT_TOTAL_0_985303
2979011,177,2026-05-21 10:00:00,985303,,985303,0,,0,,CORRECT_TOTAL_0_985303
2979012,177,2026-05-21 11:00:00,985303,,985303,0,,0,,CORRECT_TOTAL_0_985303
2979013,177,2026-05-21 12:00:00,985303,,985303,0,,0,,CORRECT_TOTAL_0_985303
2979014,177,2026-05-21 13:00:00,985303,,985303,0,,0,,CORRECT_TOTAL_0_985303
2979015,177,2026-05-21 14:00:00,985303,,985303,0,,0,,CORRECT_TOTAL_0_985303
2979016,177,2026-05-21 15:00:00,985303,,985303,0,,0,,CORRECT_TOTAL_0_985303
2979017,177,2026-05-21 16:00:00,985303,,985303,0,,0,,CORRECT_TOTAL_0_985303
2979018,177,2026-05-21 17:00:00,985303,,985303,0,,0,,CORRECT_TOTAL_0_985303
2979019,177,2026-05-21 18:00:00,985303,,985303,0,,0,,CORRECT_TOTAL_0_985303
2979020,177,2026-05-21 19:00:00,985303,,985303,0,,0,,CORRECT_TOTAL_0_985303
2979021,177,2026-05-21 20:00:00,985303,,985303,0,,0,,CORRECT_TOTAL_0_985303
2979022,177,2026-05-21 21:00:00,985303,,985303,0,,0,,CORRECT_TOTAL_0_985303
2979023,177,2026-05-21 22:00:00,985303,,985303,0,,0,,CORRECT_TOTAL_0_985303
2979024,177,2026-05-21 23:00:00,985303,,985303,0,,0,,CORRECT_TOTAL_0_985303
2979025,177,2026-05-22 00:00:00,985303,,985303,0,,0,,CORRECT_TOTAL_0_985303
2979026,177,2026-05-22 01:00:00,985303,,985303,0,,0,,CORRECT_TOTAL_0_985303
2979027,177,2026-05-22 02:00:00,985303,,985303,0,,0,,CORRECT_TOTAL_0_985303
2979028,177,2026-05-22 03:00:00,985303,,985303,0,,0,,CORRECT_TOTAL_0_985303
2979029,177,2026-05-22 04:00:00,985303,,985303,0,,0,,CORRECT_TOTAL_0_985303
2979030,177,2026-05-22 05:00:00,985303,,985303,0,,0,,CORRECT_TOTAL_0_985303
2979031,177,2026-05-22 06:00:00,985303,,985303,0,,0,,CORRECT_TOTAL_0_985303
2979032,177,2026-05-22 07:00:00,985303,,985303,0,,0,,CORRECT_TOTAL_0_985303
2979033,177,2026-05-22 08:00:00,985303,,985303,0,,0,,CORRECT_TOTAL_0_985303
2979034,177,2026-05-22 09:00:00,985303,,985303,0,,0,,CORRECT_TOTAL_0_985303
2979035,177,2026-05-22 10:00:00,985303,,985303,0,,0,,CORRECT_TOTAL_0_985303
2979036,177,2026-05-22 11:00:00,985303,,985303,0,,0,,CORRECT_TOTAL_0_985303
2979037,177,2026-05-22 12:00:00,985303,,985303,0,,0,,CORRECT_TOTAL_0_985303
2966462,20,2026-05-20 00:00:00,16657,2938,2938,2,,28,,KEEP_TOTAL
2966702,20,2026-05-20 01:00:00,16675,2940,2940,2,,30,,KEEP_TOTAL
2966941,20,2026-05-20 02:00:00,16690,2941,2941,1,,31,,KEEP_TOTAL
2967179,20,2026-05-20 03:00:00,16712,2943,2943,2,,33,,KEEP_TOTAL
2967419,20,2026-05-20 04:00:00,16737,2946,2946,3,,0,,KEEP_TOTAL
2967658,20,2026-05-20 05:00:00,16751,2947,2947,1,,1,,KEEP_TOTAL
2967896,20,2026-05-20 06:00:00,16764,2948,2949,1,,2,,CORRECT_TOTAL_2948_2949
2968135,20,2026-05-20 07:00:00,16776,2950,2950,2,,4,,KEEP_TOTAL
2968347,20,2026-05-20 08:00:00,16790,2951,2951,1,,5,,KEEP_TOTAL
2968613,20,2026-05-20 09:00:00,16801,2952,2952,1,,6,,KEEP_TOTAL
2968853,20,2026-05-20 10:00:00,16813,2953,2954,1,,7,,CORRECT_TOTAL_2953_2954
2969092,20,2026-05-20 11:00:00,16826,2955,2955,2,,9,,KEEP_TOTAL
2969331,20,2026-05-20 12:00:00,16839,2956,2956,1,,10,,KEEP_TOTAL
2969569,20,2026-05-20 13:00:00,16853,2957,2958,1,,11,,CORRECT_TOTAL_2957_2958
2969809,20,2026-05-20 14:00:00,16864,2958,2959,1,,12,,CORRECT_TOTAL_2958_2959
2970010,20,2026-05-20 15:00:00,16880,2960,2960,2,,14,,KEEP_TOTAL
2966523,182,2026-05-20 00:00:00,18164,18164,18164,0,,0,,KEEP_TOTAL
2966762,182,2026-05-20 01:00:00,18164,18164,18164,0,,0,,KEEP_TOTAL
2967001,182,2026-05-20 02:00:00,18164,18164,18164,0,,0,,KEEP_TOTAL
2967240,182,2026-05-20 03:00:00,18164,18164,18164,0,,0,,KEEP_TOTAL
2967479,182,2026-05-20 04:00:00,18164,18164,18164,0,,0,,KEEP_TOTAL
2967718,182,2026-05-20 05:00:00,18164,18164,18164,0,,0,,KEEP_TOTAL
2967957,182,2026-05-20 06:00:00,18164,18164,18164,0,,0,,KEEP_TOTAL
2968196,182,2026-05-20 07:00:00,18164,18164,18164,0,,0,,KEEP_TOTAL
2968409,182,2026-05-20 08:00:00,18164,18164,18164,0,,0,,KEEP_TOTAL
2968674,182,2026-05-20 09:00:00,18164,18164,18164,0,,0,,KEEP_TOTAL
2968913,182,2026-05-20 10:00:00,18164,18164,18164,0,,0,,KEEP_TOTAL
2969152,182,2026-05-20 11:00:00,18164,18164,18164,0,,0,,KEEP_TOTAL
2969391,182,2026-05-20 12:00:00,18164,18164,18164,0,,0,,KEEP_TOTAL
2969630,182,2026-05-20 13:00:00,18164,18164,18164,0,,0,,KEEP_TOTAL
2969869,182,2026-05-20 14:00:00,18164,18164,18164,0,,0,,KEEP_TOTAL
2970108,182,2026-05-20 15:00:00,18164,18164,18164,0,,0,,KEEP_TOTAL
2978250,182,2026-05-20 20:00:00,18164,,18164,0,,0,,CORRECT_TOTAL_0_18164
2978251,182,2026-05-20 21:00:00,18164,,18164,0,,0,,CORRECT_TOTAL_0_18164
2978252,182,2026-05-20 22:00:00,18164,,18164,0,,0,,CORRECT_TOTAL_0_18164
2978253,182,2026-05-20 23:00:00,18164,,18164,0,,0,,CORRECT_TOTAL_0_18164
2978254,182,2026-05-21 00:00:00,18164,,18164,0,,0,,CORRECT_TOTAL_0_18164
2978255,182,2026-05-21 01:00:00,18164,,18164,0,,0,,CORRECT_TOTAL_0_18164
2978256,182,2026-05-21 02:00:00,18164,,18164,0,,0,,CORRECT_TOTAL_0_18164
2978257,182,2026-05-21 03:00:00,18164,,18164,0,,0,,CORRECT_TOTAL_0_18164
2978258,182,2026-05-21 04:00:00,18164,,18164,0,,0,,CORRECT_TOTAL_0_18164
2978259,182,2026-05-21 05:00:00,18164,,18164,0,,0,,CORRECT_TOTAL_0_18164
2978260,182,2026-05-21 06:00:00,18164,,18164,0,,0,,CORRECT_TOTAL_0_18164
2978261,182,2026-05-21 07:00:00,18164,,18164,0,,0,,CORRECT_TOTAL_0_18164
2978262,182,2026-05-21 08:00:00,18164,,18164,0,,0,,CORRECT_TOTAL_0_18164
2978263,182,2026-05-21 09:00:00,18164,,18164,0,,0,,CORRECT_TOTAL_0_18164
2978264,182,2026-05-21 10:00:00,18164,,18164,0,,0,,CORRECT_TOTAL_0_18164
2978265,182,2026-05-21 11:00:00,18164,,18164,0,,0,,CORRECT_TOTAL_0_18164
2978266,182,2026-05-21 12:00:00,18164,,18164,0,,0,,CORRECT_TOTAL_0_18164
2978267,182,2026-05-21 13:00:00,18164,,18164,0,,0,,CORRECT_TOTAL_0_18164
2978268,182,2026-05-21 14:00:00,18164,,18164,0,,0,,CORRECT_TOTAL_0_18164
2978269,182,2026-05-21 15:00:00,18164,,18164,0,,0,,CORRECT_TOTAL_0_18164
2978270,182,2026-05-21 16:00:00,18164,,18164,0,,0,,CORRECT_TOTAL_0_18164
2978271,182,2026-05-21 17:00:00,18164,,18164,0,,0,,CORRECT_TOTAL_0_18164
2978272,182,2026-05-21 18:00:00,18164,,18164,0,,0,,CORRECT_TOTAL_0_18164
2978273,182,2026-05-21 19:00:00,18164,,18164,0,,0,,CORRECT_TOTAL_0_18164
2978274,182,2026-05-21 20:00:00,18164,,18164,0,,0,,CORRECT_TOTAL_0_18164
2978275,182,2026-05-21 21:00:00,18164,,18164,0,,0,,CORRECT_TOTAL_0_18164
2978276,182,2026-05-21 22:00:00,18164,,18164,0,,0,,CORRECT_TOTAL_0_18164
2978277,182,2026-05-21 23:00:00,18164,,18164,0,,0,,CORRECT_TOTAL_0_18164
2978278,182,2026-05-22 00:00:00,18164,,18164,0,,0,,CORRECT_TOTAL_0_18164
2978279,182,2026-05-22 01:00:00,18164,,18164,0,,0,,CORRECT_TOTAL_0_18164
2978280,182,2026-05-22 02:00:00,18164,,18164,0,,0,,CORRECT_TOTAL_0_18164
2978281,182,2026-05-22 03:00:00,18164,,18164,0,,0,,CORRECT_TOTAL_0_18164
2978282,182,2026-05-22 04:00:00,18164,,18164,0,,0,,CORRECT_TOTAL_0_18164
2978283,182,2026-05-22 05:00:00,18164,,18164,0,,0,,CORRECT_TOTAL_0_18164
2978284,182,2026-05-22 06:00:00,18164,,18164,0,,0,,CORRECT_TOTAL_0_18164
2978285,182,2026-05-22 07:00:00,18164,,18164,0,,0,,CORRECT_TOTAL_0_18164
2978286,182,2026-05-22 08:00:00,18164,,18164,0,,0,,CORRECT_TOTAL_0_18164
2978287,182,2026-05-22 09:00:00,18164,,18164,0,,0,,CORRECT_TOTAL_0_18164
2978288,182,2026-05-22 10:00:00,18164,,18164,0,,0,,CORRECT_TOTAL_0_18164
2978289,182,2026-05-22 11:00:00,18164,,18164,0,,0,,CORRECT_TOTAL_0_18164
2978290,182,2026-05-22 12:00:00,18164,,18164,0,,0,,CORRECT_TOTAL_0_18164
2970222,1,2026-05-20 00:00:00,249874,,718850,0,,0,,CORRECT_TOTAL_0_718850
2966385,1,2026-05-20 00:01:00,249875,718714,718851,1,,581,,CORRECT_TOTAL_718714_718851
2970223,1,2026-05-20 00:02:00,249875,,718851,0,,0,,CORRECT_TOTAL_0_718851
2966434,1,2026-05-20 00:03:00,249876,718716,718852,2,,583,,CORRECT_TOTAL_718716_718852
2970224,1,2026-05-20 00:04:00,249877,,718853,0,,0,,CORRECT_TOTAL_0_718853
2966466,1,2026-05-20 00:05:00,249877,718717,718853,1,,584,,CORRECT_TOTAL_718717_718853
2970225,1,2026-05-20 00:06:00,249878,,718854,0,,0,,CORRECT_TOTAL_0_718854
2966528,1,2026-05-20 00:07:00,249878,718718,718854,1,,585,,CORRECT_TOTAL_718718_718854
2970226,1,2026-05-20 00:08:00,249879,,718855,0,,0,,CORRECT_TOTAL_0_718855
2966529,1,2026-05-20 00:09:00,249880,718719,718856,1,,586,,CORRECT_TOTAL_718719_718856
2970227,1,2026-05-20 00:10:00,249880,,718856,0,,0,,CORRECT_TOTAL_0_718856
2966534,1,2026-05-20 00:11:00,249881,718720,718857,1,,587,,CORRECT_TOTAL_718720_718857
2970228,1,2026-05-20 00:12:00,249881,,718857,0,,0,,CORRECT_TOTAL_0_718857
2966539,1,2026-05-20 00:13:00,249882,718722,718858,2,,589,,CORRECT_TOTAL_718722_718858
2970229,1,2026-05-20 00:14:00,249883,,718859,0,,0,,CORRECT_TOTAL_0_718859
2966540,1,2026-05-20 00:15:00,249883,718723,718859,1,,590,,CORRECT_TOTAL_718723_718859
2970230,1,2026-05-20 00:16:00,249884,,718860,0,,0,,CORRECT_TOTAL_0_718860
2966546,1,2026-05-20 00:17:00,249884,718724,718860,1,,591,,CORRECT_TOTAL_718724_718860
2970231,1,2026-05-20 00:18:00,249885,,718861,0,,0,,CORRECT_TOTAL_0_718861
2966547,1,2026-05-20 00:19:00,249886,718725,718862,1,,592,,CORRECT_TOTAL_718725_718862
2970232,1,2026-05-20 00:20:00,249886,,718862,0,,0,,CORRECT_TOTAL_0_718862
2966552,1,2026-05-20 00:21:00,249887,718726,718863,1,,593,,CORRECT_TOTAL_718726_718863
2970233,1,2026-05-20 00:22:00,249887,,718863,0,,0,,CORRECT_TOTAL_0_718863
2966557,1,2026-05-20 00:23:00,249888,718728,718864,2,,595,,CORRECT_TOTAL_718728_718864
2970234,1,2026-05-20 00:24:00,249889,,718865,0,,0,,CORRECT_TOTAL_0_718865
2966558,1,2026-05-20 00:25:00,249889,718729,718865,1,,596,,CORRECT_TOTAL_718729_718865
2970235,1,2026-05-20 00:26:00,249890,,718866,0,,0,,CORRECT_TOTAL_0_718866
2966564,1,2026-05-20 00:27:00,249890,718730,718866,1,,597,,CORRECT_TOTAL_718730_718866
2970236,1,2026-05-20 00:28:00,249891,,718867,0,,0,,CORRECT_TOTAL_0_718867
2966565,1,2026-05-20 00:29:00,249892,718731,718868,1,,598,,CORRECT_TOTAL_718731_718868
2970237,1,2026-05-20 00:30:00,249892,,718868,0,,0,,CORRECT_TOTAL_0_718868
2966569,1,2026-05-20 00:31:00,249893,718732,718869,1,,599,,CORRECT_TOTAL_718732_718869
2970238,1,2026-05-20 00:32:00,249893,,718869,0,,0,,CORRECT_TOTAL_0_718869
2966575,1,2026-05-20 00:33:00,249894,718734,718870,2,,601,,CORRECT_TOTAL_718734_718870
2970239,1,2026-05-20 00:34:00,249895,,718871,0,,0,,CORRECT_TOTAL_0_718871
2966576,1,2026-05-20 00:35:00,249895,718735,718871,1,,602,,CORRECT_TOTAL_718735_718871
2970240,1,2026-05-20 00:36:00,249896,,718872,0,,0,,CORRECT_TOTAL_0_718872
2966582,1,2026-05-20 00:37:00,249896,718736,718872,1,,603,,CORRECT_TOTAL_718736_718872
2970241,1,2026-05-20 00:38:00,249897,,718873,0,,0,,CORRECT_TOTAL_0_718873
2966583,1,2026-05-20 00:39:00,249898,718737,718874,1,,604,,CORRECT_TOTAL_718737_718874
2970242,1,2026-05-20 00:40:00,249898,,718874,0,,0,,CORRECT_TOTAL_0_718874
2966588,1,2026-05-20 00:41:00,249899,718738,718875,1,,605,,CORRECT_TOTAL_718738_718875
2970243,1,2026-05-20 00:42:00,249899,,718875,0,,0,,CORRECT_TOTAL_0_718875
2966593,1,2026-05-20 00:43:00,249900,718739,718876,1,,606,,CORRECT_TOTAL_718739_718876
2970244,1,2026-05-20 00:44:00,249901,,718877,0,,0,,CORRECT_TOTAL_0_718877
2966594,1,2026-05-20 00:45:00,249901,718741,718877,2,,608,,CORRECT_TOTAL_718741_718877
2970245,1,2026-05-20 00:46:00,249902,,718878,0,,0,,CORRECT_TOTAL_0_718878
2966600,1,2026-05-20 00:47:00,249902,718742,718878,1,,609,,CORRECT_TOTAL_718742_718878
2970246,1,2026-05-20 00:48:00,249903,,718879,0,,0,,CORRECT_TOTAL_0_718879
2966601,1,2026-05-20 00:49:00,249904,718743,718880,1,,610,,CORRECT_TOTAL_718743_718880
2970247,1,2026-05-20 00:50:00,249904,,718880,0,,0,,CORRECT_TOTAL_0_718880
2966606,1,2026-05-20 00:51:00,249905,718744,718881,1,,611,,CORRECT_TOTAL_718744_718881
2970248,1,2026-05-20 00:52:00,249905,,718881,0,,0,,CORRECT_TOTAL_0_718881
2966611,1,2026-05-20 00:53:00,249906,718745,718882,1,,612,,CORRECT_TOTAL_718745_718882
2970249,1,2026-05-20 00:54:00,249907,,718883,0,,0,,CORRECT_TOTAL_0_718883
2966612,1,2026-05-20 00:55:00,249907,718746,718883,1,,613,,CORRECT_TOTAL_718746_718883
2970250,1,2026-05-20 00:56:00,249908,,718884,0,,0,,CORRECT_TOTAL_0_718884
2966618,1,2026-05-20 00:57:00,249908,718747,718884,1,,614,,CORRECT_TOTAL_718747_718884
2970251,1,2026-05-20 00:58:00,249909,,718885,0,,0,,CORRECT_TOTAL_0_718885
2966619,1,2026-05-20 00:59:00,249910,718749,718886,2,,616,,CORRECT_TOTAL_718749_718886
2970252,1,2026-05-20 01:00:00,249910,,718886,0,,0,,CORRECT_TOTAL_0_718886
2966624,1,2026-05-20 01:01:00,249911,718750,718887,1,,617,,CORRECT_TOTAL_718750_718887
2970253,1,2026-05-20 01:02:00,249911,,718887,0,,0,,CORRECT_TOTAL_0_718887
2966673,1,2026-05-20 01:03:00,249912,718751,718888,1,,618,,CORRECT_TOTAL_718751_718888
2970254,1,2026-05-20 01:04:00,249913,,718889,0,,0,,CORRECT_TOTAL_0_718889
2966699,1,2026-05-20 01:05:00,249913,718752,718889,1,,619,,CORRECT_TOTAL_718752_718889
2970255,1,2026-05-20 01:06:00,249914,,718890,0,,0,,CORRECT_TOTAL_0_718890
2966767,1,2026-05-20 01:07:00,249914,718753,718890,1,,620,,CORRECT_TOTAL_718753_718890
2970256,1,2026-05-20 01:08:00,249915,,718891,0,,0,,CORRECT_TOTAL_0_718891
2966768,1,2026-05-20 01:09:00,249916,718754,718892,1,,621,,CORRECT_TOTAL_718754_718892
2970257,1,2026-05-20 01:10:00,249916,,718892,0,,0,,CORRECT_TOTAL_0_718892
2966770,1,2026-05-20 01:11:00,249917,718756,718893,2,,623,,CORRECT_TOTAL_718756_718893
2970258,1,2026-05-20 01:12:00,249917,,718893,0,,0,,CORRECT_TOTAL_0_718893
2966778,1,2026-05-20 01:13:00,249918,718757,718894,1,,624,,CORRECT_TOTAL_718757_718894
2970259,1,2026-05-20 01:14:00,249919,,718895,0,,0,,CORRECT_TOTAL_0_718895
2966779,1,2026-05-20 01:15:00,249919,718758,718895,1,,625,,CORRECT_TOTAL_718758_718895
2970260,1,2026-05-20 01:16:00,249920,,718896,0,,0,,CORRECT_TOTAL_0_718896
2966785,1,2026-05-20 01:17:00,249920,718759,718896,1,,626,,CORRECT_TOTAL_718759_718896
2970261,1,2026-05-20 01:18:00,249921,,718897,0,,0,,CORRECT_TOTAL_0_718897
2966786,1,2026-05-20 01:19:00,249922,718761,718898,2,,628,,CORRECT_TOTAL_718761_718898
2970262,1,2026-05-20 01:20:00,249922,,718898,0,,0,,CORRECT_TOTAL_0_718898
2966790,1,2026-05-20 01:21:00,249923,718762,718899,1,,629,,CORRECT_TOTAL_718762_718899
2970263,1,2026-05-20 01:22:00,249923,,718899,0,,0,,CORRECT_TOTAL_0_718899
2966796,1,2026-05-20 01:23:00,249924,718763,718900,1,,630,,CORRECT_TOTAL_718763_718900
2970264,1,2026-05-20 01:24:00,249925,,718901,0,,0,,CORRECT_TOTAL_0_718901
2966797,1,2026-05-20 01:25:00,249925,718764,718901,1,,631,,CORRECT_TOTAL_718764_718901
2970265,1,2026-05-20 01:26:00,249926,,718902,0,,0,,CORRECT_TOTAL_0_718902
2966803,1,2026-05-20 01:27:00,249926,718765,718902,1,,632,,CORRECT_TOTAL_718765_718902
2970266,1,2026-05-20 01:28:00,249927,,718903,0,,0,,CORRECT_TOTAL_0_718903
2966804,1,2026-05-20 01:29:00,249928,718767,718904,2,,634,,CORRECT_TOTAL_718767_718904
2970267,1,2026-05-20 01:30:00,249928,,718904,0,,0,,CORRECT_TOTAL_0_718904
2966809,1,2026-05-20 01:31:00,249929,718768,718905,1,,635,,CORRECT_TOTAL_718768_718905
2970268,1,2026-05-20 01:32:00,249929,,718905,0,,0,,CORRECT_TOTAL_0_718905
2966814,1,2026-05-20 01:33:00,249930,718769,718906,1,,636,,CORRECT_TOTAL_718769_718906
2970269,1,2026-05-20 01:34:00,249931,,718907,0,,0,,CORRECT_TOTAL_0_718907
2966815,1,2026-05-20 01:35:00,249931,718770,718907,1,,637,,CORRECT_TOTAL_718770_718907
2970270,1,2026-05-20 01:36:00,249932,,718908,0,,0,,CORRECT_TOTAL_0_718908
2966821,1,2026-05-20 01:37:00,249932,718771,718908,1,,638,,CORRECT_TOTAL_718771_718908
2970271,1,2026-05-20 01:38:00,249933,,718909,0,,0,,CORRECT_TOTAL_0_718909
2966822,1,2026-05-20 01:39:00,249934,718773,718910,2,,640,,CORRECT_TOTAL_718773_718910
2970272,1,2026-05-20 01:40:00,249934,,718910,0,,0,,CORRECT_TOTAL_0_718910
2966827,1,2026-05-20 01:41:00,249935,718774,718911,1,,641,,CORRECT_TOTAL_718774_718911
2970273,1,2026-05-20 01:42:00,249935,,718911,0,,0,,CORRECT_TOTAL_0_718911
2966832,1,2026-05-20 01:43:00,249936,718775,718912,1,,642,,CORRECT_TOTAL_718775_718912
2970274,1,2026-05-20 01:44:00,249937,,718913,0,,0,,CORRECT_TOTAL_0_718913
2966833,1,2026-05-20 01:45:00,249937,718776,718913,1,,643,,CORRECT_TOTAL_718776_718913
2970275,1,2026-05-20 01:46:00,249938,,718914,0,,0,,CORRECT_TOTAL_0_718914
2966839,1,2026-05-20 01:47:00,249938,718777,718914,1,,644,,CORRECT_TOTAL_718777_718914
2970276,1,2026-05-20 01:48:00,249939,,718915,0,,0,,CORRECT_TOTAL_0_718915
2966840,1,2026-05-20 01:49:00,249940,718779,718916,2,,646,,CORRECT_TOTAL_718779_718916
2970277,1,2026-05-20 01:50:00,249940,,718916,0,,0,,CORRECT_TOTAL_0_718916
2966844,1,2026-05-20 01:51:00,249941,718780,718917,1,,647,,CORRECT_TOTAL_718780_718917
2970278,1,2026-05-20 01:52:00,249941,,718917,0,,0,,CORRECT_TOTAL_0_718917
2966850,1,2026-05-20 01:53:00,249942,718781,718918,1,,648,,CORRECT_TOTAL_718781_718918
2970279,1,2026-05-20 01:54:00,249943,,718919,0,,0,,CORRECT_TOTAL_0_718919
2966851,1,2026-05-20 01:55:00,249943,718782,718919,1,,649,,CORRECT_TOTAL_718782_718919
2970280,1,2026-05-20 01:56:00,249944,,718920,0,,0,,CORRECT_TOTAL_0_718920
2966857,1,2026-05-20 01:57:00,249944,718783,718920,1,,650,,CORRECT_TOTAL_718783_718920
2970281,1,2026-05-20 01:58:00,249945,,718921,0,,0,,CORRECT_TOTAL_0_718921
2966858,1,2026-05-20 01:59:00,249945,718784,718921,1,,651,,CORRECT_TOTAL_718784_718921
2970282,1,2026-05-20 02:00:00,249946,,718922,0,,0,,CORRECT_TOTAL_0_718922
2966863,1,2026-05-20 02:01:00,249947,718786,718923,2,,653,,CORRECT_TOTAL_718786_718923
2970283,1,2026-05-20 02:02:00,249947,,718923,0,,0,,CORRECT_TOTAL_0_718923
2966912,1,2026-05-20 02:03:00,249948,718787,718924,1,,654,,CORRECT_TOTAL_718787_718924
2970284,1,2026-05-20 02:04:00,249949,,718925,0,,0,,CORRECT_TOTAL_0_718925
2966937,1,2026-05-20 02:05:00,249949,718788,718925,1,,655,,CORRECT_TOTAL_718788_718925
2970285,1,2026-05-20 02:06:00,249949,,718925,0,,0,,CORRECT_TOTAL_0_718925
2967006,1,2026-05-20 02:07:00,249950,718789,718926,1,,656,,CORRECT_TOTAL_718789_718926
2970286,1,2026-05-20 02:08:00,249950,,718926,0,,0,,CORRECT_TOTAL_0_718926
2967007,1,2026-05-20 02:09:00,249951,718790,718927,1,,657,,CORRECT_TOTAL_718790_718927
2970287,1,2026-05-20 02:10:00,249951,,718927,0,,0,,CORRECT_TOTAL_0_718927
2967012,1,2026-05-20 02:11:00,249952,718792,718928,2,,659,,CORRECT_TOTAL_718792_718928
2970288,1,2026-05-20 02:12:00,249953,,718929,0,,0,,CORRECT_TOTAL_0_718929
2967017,1,2026-05-20 02:13:00,249953,718793,718929,1,,660,,CORRECT_TOTAL_718793_718929
2970289,1,2026-05-20 02:14:00,249954,,718930,0,,0,,CORRECT_TOTAL_0_718930
2967018,1,2026-05-20 02:15:00,249954,718794,718930,1,,661,,CORRECT_TOTAL_718794_718930
2970290,1,2026-05-20 02:16:00,249955,,718931,0,,0,,CORRECT_TOTAL_0_718931
2967024,1,2026-05-20 02:17:00,249956,718795,718932,1,,662,,CORRECT_TOTAL_718795_718932
2970291,1,2026-05-20 02:18:00,249956,,718932,0,,0,,CORRECT_TOTAL_0_718932
2967025,1,2026-05-20 02:19:00,249956,718796,718932,1,,663,,CORRECT_TOTAL_718796_718932
2970292,1,2026-05-20 02:20:00,249957,,718933,0,,0,,CORRECT_TOTAL_0_718933
2967030,1,2026-05-20 02:21:00,249957,718798,718933,2,,665,,CORRECT_TOTAL_718798_718933
2970293,1,2026-05-20 02:22:00,249958,,718934,0,,0,,CORRECT_TOTAL_0_718934
2967035,1,2026-05-20 02:23:00,249958,718799,718934,1,,666,,CORRECT_TOTAL_718799_718934
2970294,1,2026-05-20 02:24:00,249959,,718935,0,,0,,CORRECT_TOTAL_0_718935
2967036,1,2026-05-20 02:25:00,249960,718800,718936,1,,667,,CORRECT_TOTAL_718800_718936
2970295,1,2026-05-20 02:26:00,249960,,718936,0,,0,,CORRECT_TOTAL_0_718936
2967042,1,2026-05-20 02:27:00,249961,718801,718937,1,,668,,CORRECT_TOTAL_718801_718937
2970296,1,2026-05-20 02:28:00,249961,,718937,0,,0,,CORRECT_TOTAL_0_718937
2967043,1,2026-05-20 02:29:00,249962,718803,718938,2,,670,,CORRECT_TOTAL_718803_718938
2970297,1,2026-05-20 02:30:00,249963,,718939,0,,0,,CORRECT_TOTAL_0_718939
2967048,1,2026-05-20 02:31:00,249963,718804,718939,1,,671,,CORRECT_TOTAL_718804_718939
2970298,1,2026-05-20 02:32:00,249963,,718939,0,,0,,CORRECT_TOTAL_0_718939
2967053,1,2026-05-20 02:33:00,249964,718805,718940,1,,672,,CORRECT_TOTAL_718805_718940
2970300,1,2026-05-20 02:34:00,249964,,718940,0,,0,,CORRECT_TOTAL_0_718940
2967054,1,2026-05-20 02:35:00,249965,718806,718941,1,,673,,CORRECT_TOTAL_718806_718941
2970301,1,2026-05-20 02:36:00,249965,,718941,0,,0,,CORRECT_TOTAL_0_718941
2967060,1,2026-05-20 02:37:00,249966,718807,718942,1,,674,,CORRECT_TOTAL_718807_718942
2970302,1,2026-05-20 02:38:00,249966,,718942,0,,0,,CORRECT_TOTAL_0_718942
2967061,1,2026-05-20 02:39:00,249967,718809,718943,2,,676,,CORRECT_TOTAL_718809_718943
2970303,1,2026-05-20 02:40:00,249968,,718944,0,,0,,CORRECT_TOTAL_0_718944
2967063,1,2026-05-20 02:41:00,249968,718810,718944,1,,677,,CORRECT_TOTAL_718810_718944
2970304,1,2026-05-20 02:42:00,249969,,718945,0,,0,,CORRECT_TOTAL_0_718945
2967071,1,2026-05-20 02:43:00,249969,718811,718945,1,,678,,CORRECT_TOTAL_718811_718945
2970305,1,2026-05-20 02:44:00,249970,,718946,0,,0,,CORRECT_TOTAL_0_718946
2967072,1,2026-05-20 02:45:00,249970,718812,718946,1,,679,,CORRECT_TOTAL_718812_718946
2970306,1,2026-05-20 02:46:00,249970,,718946,0,,0,,CORRECT_TOTAL_0_718946
2967078,1,2026-05-20 02:47:00,249971,718813,718947,1,,680,,CORRECT_TOTAL_718813_718947
2970307,1,2026-05-20 02:48:00,249972,,718948,0,,0,,CORRECT_TOTAL_0_718948
2967079,1,2026-05-20 02:49:00,249972,718815,718948,2,,682,,CORRECT_TOTAL_718815_718948
2970308,1,2026-05-20 02:50:00,249973,,718949,0,,0,,CORRECT_TOTAL_0_718949
2967084,1,2026-05-20 02:51:00,249973,718816,718949,1,,683,,CORRECT_TOTAL_718816_718949
2970309,1,2026-05-20 02:52:00,249974,,718950,0,,0,,CORRECT_TOTAL_0_718950
2967089,1,2026-05-20 02:53:00,249975,718817,718951,1,,684,,CORRECT_TOTAL_718817_718951
2970310,1,2026-05-20 02:54:00,249975,,718951,0,,0,,CORRECT_TOTAL_0_718951
2967090,1,2026-05-20 02:55:00,249976,718818,718952,1,,685,,CORRECT_TOTAL_718818_718952
2970311,1,2026-05-20 02:56:00,249976,,718952,0,,0,,CORRECT_TOTAL_0_718952
2967096,1,2026-05-20 02:57:00,249977,718819,718953,1,,686,,CORRECT_TOTAL_718819_718953
2970312,1,2026-05-20 02:58:00,249977,,718953,0,,0,,CORRECT_TOTAL_0_718953
2967097,1,2026-05-20 02:59:00,249977,718820,718953,1,,687,,CORRECT_TOTAL_718820_718953
2970313,1,2026-05-20 03:00:00,249978,,718954,0,,0,,CORRECT_TOTAL_0_718954
2967102,1,2026-05-20 03:01:00,249979,718822,718955,2,,689,,CORRECT_TOTAL_718822_718955
2970314,1,2026-05-20 03:02:00,249979,,718955,0,,0,,CORRECT_TOTAL_0_718955
2967151,1,2026-05-20 03:03:00,249980,718823,718956,1,,690,,CORRECT_TOTAL_718823_718956
2970315,1,2026-05-20 03:04:00,249980,,718956,0,,0,,CORRECT_TOTAL_0_718956
2967181,1,2026-05-20 03:05:00,249981,718824,718957,1,,691,,CORRECT_TOTAL_718824_718957
2970316,1,2026-05-20 03:06:00,249982,,718958,0,,0,,CORRECT_TOTAL_0_718958
2967245,1,2026-05-20 03:07:00,249982,718825,718958,1,,692,,CORRECT_TOTAL_718825_718958
2970317,1,2026-05-20 03:08:00,249983,,718959,0,,0,,CORRECT_TOTAL_0_718959
2967246,1,2026-05-20 03:09:00,249983,718826,718959,1,,693,,CORRECT_TOTAL_718826_718959
2970318,1,2026-05-20 03:10:00,249983,,718959,0,,0,,CORRECT_TOTAL_0_718959
2967250,1,2026-05-20 03:11:00,249984,718828,718960,2,,695,,CORRECT_TOTAL_718828_718960
2970319,1,2026-05-20 03:12:00,249984,,718960,0,,0,,CORRECT_TOTAL_0_718960
2967256,1,2026-05-20 03:13:00,249985,718828,718961,0,,695,,CORRECT_TOTAL_718828_718961
2970320,1,2026-05-20 03:14:00,249986,,718962,0,,0,,CORRECT_TOTAL_0_718962
2967257,1,2026-05-20 03:15:00,249986,718830,718962,2,,697,,CORRECT_TOTAL_718830_718962
2970321,1,2026-05-20 03:16:00,249987,,718963,0,,0,,CORRECT_TOTAL_0_718963
2967263,1,2026-05-20 03:17:00,249987,718831,718963,1,,698,,CORRECT_TOTAL_718831_718963
2970322,1,2026-05-20 03:18:00,249988,,718964,0,,0,,CORRECT_TOTAL_0_718964
2967264,1,2026-05-20 03:19:00,249989,718832,718965,1,,699,,CORRECT_TOTAL_718832_718965
2970323,1,2026-05-20 03:20:00,249989,,718965,0,,0,,CORRECT_TOTAL_0_718965
2967269,1,2026-05-20 03:21:00,249989,718834,718965,2,,701,,CORRECT_TOTAL_718834_718965
2970324,1,2026-05-20 03:22:00,249990,,718966,0,,0,,CORRECT_TOTAL_0_718966
2967274,1,2026-05-20 03:23:00,249990,718835,718966,1,,702,,CORRECT_TOTAL_718835_718966
2970325,1,2026-05-20 03:24:00,249991,,718967,0,,0,,CORRECT_TOTAL_0_718967
2967275,1,2026-05-20 03:25:00,249991,718836,718967,1,,703,,CORRECT_TOTAL_718836_718967
2970326,1,2026-05-20 03:26:00,249992,,718968,0,,0,,CORRECT_TOTAL_0_718968
2967281,1,2026-05-20 03:27:00,249993,718837,718969,1,,704,,CORRECT_TOTAL_718837_718969
2970327,1,2026-05-20 03:28:00,249993,,718969,0,,0,,CORRECT_TOTAL_0_718969
2967282,1,2026-05-20 03:29:00,249994,718839,718970,2,,706,,CORRECT_TOTAL_718839_718970
2970328,1,2026-05-20 03:30:00,249994,,718970,0,,0,,CORRECT_TOTAL_0_718970
2967287,1,2026-05-20 03:31:00,249995,718840,718971,1,,707,,CORRECT_TOTAL_718840_718971
2970329,1,2026-05-20 03:32:00,249995,,718971,0,,0,,CORRECT_TOTAL_0_718971
2967292,1,2026-05-20 03:33:00,249996,718841,718972,1,,708,,CORRECT_TOTAL_718841_718972
2970330,1,2026-05-20 03:34:00,249996,,718972,0,,0,,CORRECT_TOTAL_0_718972
2967293,1,2026-05-20 03:35:00,249997,718842,718973,1,,709,,CORRECT_TOTAL_718842_718973
2970331,1,2026-05-20 03:36:00,249997,,718973,0,,0,,CORRECT_TOTAL_0_718973
2967299,1,2026-05-20 03:37:00,249998,718843,718974,1,,710,,CORRECT_TOTAL_718843_718974
2970332,1,2026-05-20 03:38:00,249998,,718974,0,,0,,CORRECT_TOTAL_0_718974
2967300,1,2026-05-20 03:39:00,249999,718845,718975,2,,712,,CORRECT_TOTAL_718845_718975
2970333,1,2026-05-20 03:40:00,250000,,718976,0,,0,,CORRECT_TOTAL_0_718976
2967306,1,2026-05-20 03:41:00,250000,718845,718976,0,,712,,CORRECT_TOTAL_718845_718976
2970334,1,2026-05-20 03:42:00,250001,,718977,0,,0,,CORRECT_TOTAL_0_718977
2967310,1,2026-05-20 03:43:00,250001,718845,718977,0,,712,,CORRECT_TOTAL_718845_718977
2970335,1,2026-05-20 03:44:00,250002,,718978,0,,0,,CORRECT_TOTAL_0_718978
2967311,1,2026-05-20 03:45:00,250002,718845,718978,0,,712,,CORRECT_TOTAL_718845_718978
2970336,1,2026-05-20 03:46:00,250003,,718979,0,,0,,CORRECT_TOTAL_0_718979
2967317,1,2026-05-20 03:47:00,250003,718846,718979,1,,713,,CORRECT_TOTAL_718846_718979
2970337,1,2026-05-20 03:48:00,250004,,718980,0,,0,,CORRECT_TOTAL_0_718980
2967318,1,2026-05-20 03:49:00,250004,718846,718980,0,,713,,CORRECT_TOTAL_718846_718980
2970338,1,2026-05-20 03:50:00,250005,,718981,0,,0,,CORRECT_TOTAL_0_718981
2967320,1,2026-05-20 03:51:00,250005,718846,718981,0,,713,,CORRECT_TOTAL_718846_718981
2970339,1,2026-05-20 03:52:00,250006,,718982,0,,0,,CORRECT_TOTAL_0_718982
2967328,1,2026-05-20 03:53:00,250007,718847,718983,1,,714,,CORRECT_TOTAL_718847_718983
2970340,1,2026-05-20 03:54:00,250007,,718983,0,,0,,CORRECT_TOTAL_0_718983
2967329,1,2026-05-20 03:55:00,250008,718847,718984,0,,714,,CORRECT_TOTAL_718847_718984
2970341,1,2026-05-20 03:56:00,250008,,718984,0,,0,,CORRECT_TOTAL_0_718984
2967335,1,2026-05-20 03:57:00,250009,718848,718985,1,,715,,CORRECT_TOTAL_718848_718985
2970342,1,2026-05-20 03:58:00,250009,,718985,0,,0,,CORRECT_TOTAL_0_718985
2967336,1,2026-05-20 03:59:00,250009,718849,718985,1,,716,,CORRECT_TOTAL_718849_718985
2970343,1,2026-05-20 04:00:00,250010,,718986,0,,0,,CORRECT_TOTAL_0_718986
2967341,1,2026-05-20 04:01:00,249874,718850,968860,1,,0,,CORRECT_TOTAL_718850_968860
2970344,1,2026-05-20 04:02:00,250011,,968997,0,,0,,CORRECT_TOTAL_0_968997
2967390,1,2026-05-20 04:03:00,249875,718851,1218872,1,,1,,CORRECT_TOTAL_718851_1218872
2970345,1,2026-05-20 04:04:00,250012,,1219009,0,,0,,CORRECT_TOTAL_0_1219009
2967418,1,2026-05-20 04:05:00,249877,718853,1468886,2,,3,,CORRECT_TOTAL_718853_1468886
2970346,1,2026-05-20 04:06:00,250014,,1469023,0,,0,,CORRECT_TOTAL_0_1469023
2967484,1,2026-05-20 04:07:00,249878,718854,1718901,1,,4,,CORRECT_TOTAL_718854_1718901
2970347,1,2026-05-20 04:08:00,250015,,1719038,0,,0,,CORRECT_TOTAL_0_1719038
2967485,1,2026-05-20 04:09:00,249879,718855,1968917,1,,5,,CORRECT_TOTAL_718855_1968917
2970348,1,2026-05-20 04:10:00,250015,,1969053,0,,0,,CORRECT_TOTAL_0_1969053
2967490,1,2026-05-20 04:11:00,249880,718856,2218933,1,,6,,CORRECT_TOTAL_718856_2218933
2970349,1,2026-05-20 04:12:00,250016,,2219069,0,,0,,CORRECT_TOTAL_0_2219069
2967495,1,2026-05-20 04:13:00,249881,718857,2468950,1,,7,,CORRECT_TOTAL_718857_2468950
2970350,1,2026-05-20 04:14:00,250018,,2469087,0,,0,,CORRECT_TOTAL_0_2469087
2967496,1,2026-05-20 04:15:00,249883,718859,2718970,2,,9,,CORRECT_TOTAL_718859_2718970
2970351,1,2026-05-20 04:16:00,250019,,2719106,0,,0,,CORRECT_TOTAL_0_2719106
2967502,1,2026-05-20 04:17:00,249884,718860,2968990,1,,10,,CORRECT_TOTAL_718860_2968990
2970352,1,2026-05-20 04:18:00,250020,,2969126,0,,0,,CORRECT_TOTAL_0_2969126
2967503,1,2026-05-20 04:19:00,249885,718861,3219011,1,,11,,CORRECT_TOTAL_718861_3219011
2970353,1,2026-05-20 04:20:00,250021,,3219147,0,,0,,CORRECT_TOTAL_0_3219147
2967508,1,2026-05-20 04:21:00,249886,718862,3469033,1,,12,,CORRECT_TOTAL_718862_3469033
2970354,1,2026-05-20 04:22:00,250022,,3469169,0,,0,,CORRECT_TOTAL_0_3469169
2967513,1,2026-05-20 04:23:00,249887,718863,3719056,1,,13,,CORRECT_TOTAL_718863_3719056
2970355,1,2026-05-20 04:24:00,250023,,3719192,0,,0,,CORRECT_TOTAL_0_3719192
2967514,1,2026-05-20 04:25:00,249889,718865,3969081,2,,15,,CORRECT_TOTAL_718865_3969081
2970356,1,2026-05-20 04:26:00,250024,,3969216,0,,0,,CORRECT_TOTAL_0_3969216
2967520,1,2026-05-20 04:27:00,249890,718866,4219106,1,,16,,CORRECT_TOTAL_718866_4219106
2970357,1,2026-05-20 04:28:00,250025,,4219241,0,,0,,CORRECT_TOTAL_0_4219241
2967521,1,2026-05-20 04:29:00,249891,718867,4469132,1,,17,,CORRECT_TOTAL_718867_4469132
2970358,1,2026-05-20 04:30:00,250026,,4469267,0,,0,,CORRECT_TOTAL_0_4469267
2967526,1,2026-05-20 04:31:00,249892,718868,4719159,1,,18,,CORRECT_TOTAL_718868_4719159
2970359,1,2026-05-20 04:32:00,250027,,4719294,0,,0,,CORRECT_TOTAL_0_4719294
2967531,1,2026-05-20 04:33:00,249893,718869,4969187,1,,19,,CORRECT_TOTAL_718869_4969187
2970360,1,2026-05-20 04:34:00,250028,,4969322,0,,0,,CORRECT_TOTAL_0_4969322
2967532,1,2026-05-20 04:35:00,249895,718871,5219217,2,,21,,CORRECT_TOTAL_718871_5219217
2970361,1,2026-05-20 04:36:00,250029,,5219351,0,,0,,CORRECT_TOTAL_0_5219351
2967538,1,2026-05-20 04:37:00,249896,718872,5469247,1,,22,,CORRECT_TOTAL_718872_5469247
2970362,1,2026-05-20 04:38:00,250030,,5469381,0,,0,,CORRECT_TOTAL_0_5469381
2967539,1,2026-05-20 04:39:00,249897,718873,5719278,1,,23,,CORRECT_TOTAL_718873_5719278
2970363,1,2026-05-20 04:40:00,250032,,5719413,0,,0,,CORRECT_TOTAL_0_5719413
2967544,1,2026-05-20 04:41:00,249898,718874,5969311,1,,24,,CORRECT_TOTAL_718874_5969311
2970364,1,2026-05-20 04:42:00,250033,,5969446,0,,0,,CORRECT_TOTAL_0_5969446
2967549,1,2026-05-20 04:43:00,249899,718875,6219345,1,,25,,CORRECT_TOTAL_718875_6219345
2970365,1,2026-05-20 04:44:00,250033,,6219479,0,,0,,CORRECT_TOTAL_0_6219479
2967550,1,2026-05-20 04:45:00,249901,718877,6469380,2,,27,,CORRECT_TOTAL_718877_6469380
2970366,1,2026-05-20 04:46:00,250034,,6469513,0,,0,,CORRECT_TOTAL_0_6469513
2967556,1,2026-05-20 04:47:00,249902,718878,6719415,1,,28,,CORRECT_TOTAL_718878_6719415
2970367,1,2026-05-20 04:48:00,250035,,6719548,0,,0,,CORRECT_TOTAL_0_6719548
2967557,1,2026-05-20 04:49:00,249903,718879,6969451,1,,29,,CORRECT_TOTAL_718879_6969451
2970368,1,2026-05-20 04:50:00,250037,,6969585,0,,0,,CORRECT_TOTAL_0_6969585
2967562,1,2026-05-20 04:51:00,249904,718880,7219489,1,,30,,CORRECT_TOTAL_718880_7219489
2970369,1,2026-05-20 04:52:00,250038,,7219623,0,,0,,CORRECT_TOTAL_0_7219623
2967567,1,2026-05-20 04:53:00,249905,718881,7469528,1,,31,,CORRECT_TOTAL_718881_7469528
2970370,1,2026-05-20 04:54:00,250039,,7469662,0,,0,,CORRECT_TOTAL_0_7469662
2967568,1,2026-05-20 04:55:00,249907,718883,7719569,2,,33,,CORRECT_TOTAL_718883_7719569
2970371,1,2026-05-20 04:56:00,250040,,7719702,0,,0,,CORRECT_TOTAL_0_7719702
2967574,1,2026-05-20 04:57:00,249908,718884,7969610,1,,34,,CORRECT_TOTAL_718884_7969610
2970372,1,2026-05-20 04:58:00,250041,,7969743,0,,0,,CORRECT_TOTAL_0_7969743
2967575,1,2026-05-20 04:59:00,249909,718885,8219652,1,,35,,CORRECT_TOTAL_718885_8219652
2970373,1,2026-05-20 05:00:00,250042,,8219785,0,,0,,CORRECT_TOTAL_0_8219785
2967580,1,2026-05-20 05:01:00,249910,718886,8469695,1,,36,,CORRECT_TOTAL_718886_8469695
2970374,1,2026-05-20 05:02:00,250043,,8469828,0,,0,,CORRECT_TOTAL_0_8469828
2967594,1,2026-05-20 05:03:00,249911,718887,8719739,1,,37,,CORRECT_TOTAL_718887_8719739
2970375,1,2026-05-20 05:04:00,250044,,8719872,0,,0,,CORRECT_TOTAL_0_8719872
2967655,1,2026-05-20 05:05:00,249913,718889,8969785,2,,39,,CORRECT_TOTAL_718889_8969785
2970376,1,2026-05-20 05:06:00,250045,,8969917,0,,0,,CORRECT_TOTAL_0_8969917
2967723,1,2026-05-20 05:07:00,249914,718890,9219831,1,,40,,CORRECT_TOTAL_718890_9219831
2970377,1,2026-05-20 05:08:00,250046,,9219963,0,,0,,CORRECT_TOTAL_0_9219963
2967724,1,2026-05-20 05:09:00,249915,718891,9469878,1,,41,,CORRECT_TOTAL_718891_9469878
2970378,1,2026-05-20 05:10:00,250047,,9470010,0,,0,,CORRECT_TOTAL_0_9470010
2967728,1,2026-05-20 05:11:00,249916,718892,9719926,1,,42,,CORRECT_TOTAL_718892_9719926
2970379,1,2026-05-20 05:12:00,250048,,9720058,0,,0,,CORRECT_TOTAL_0_9720058
2967734,1,2026-05-20 05:13:00,249917,718893,9969975,1,,43,,CORRECT_TOTAL_718893_9969975
2970380,1,2026-05-20 05:14:00,250049,,9970107,0,,0,,CORRECT_TOTAL_0_9970107
2967735,1,2026-05-20 05:15:00,249919,718895,10220026,2,,45,,CORRECT_TOTAL_718895_10220026
2970381,1,2026-05-20 05:16:00,250051,,10220158,0,,0,,CORRECT_TOTAL_0_10220158
2967741,1,2026-05-20 05:17:00,249920,718896,10470078,1,,46,,CORRECT_TOTAL_718896_10470078
2970382,1,2026-05-20 05:18:00,250051,,10470209,0,,0,,CORRECT_TOTAL_0_10470209
2967742,1,2026-05-20 05:19:00,249921,718897,10720130,1,,47,,CORRECT_TOTAL_718897_10720130
2970383,1,2026-05-20 05:20:00,250052,,10720261,0,,0,,CORRECT_TOTAL_0_10720261
2967746,1,2026-05-20 05:21:00,249922,718898,10970183,1,,48,,CORRECT_TOTAL_718898_10970183
2970384,1,2026-05-20 05:22:00,250053,,10970314,0,,0,,CORRECT_TOTAL_0_10970314
2967752,1,2026-05-20 05:23:00,249923,718899,11220237,1,,49,,CORRECT_TOTAL_718899_11220237
2970385,1,2026-05-20 05:24:00,250055,,11220369,0,,0,,CORRECT_TOTAL_0_11220369
2967753,1,2026-05-20 05:25:00,249925,718901,11470294,2,,51,,CORRECT_TOTAL_718901_11470294
2970386,1,2026-05-20 05:26:00,250056,,11470425,0,,0,,CORRECT_TOTAL_0_11470425
2967759,1,2026-05-20 05:27:00,249926,718902,11720351,1,,52,,CORRECT_TOTAL_718902_11720351
2970387,1,2026-05-20 05:28:00,250057,,11720482,0,,0,,CORRECT_TOTAL_0_11720482
2967760,1,2026-05-20 05:29:00,249927,718903,11970409,1,,53,,CORRECT_TOTAL_718903_11970409
2970388,1,2026-05-20 05:30:00,250057,,11970539,0,,0,,CORRECT_TOTAL_0_11970539
2967765,1,2026-05-20 05:31:00,249928,718904,12220467,1,,54,,CORRECT_TOTAL_718904_12220467
2970389,1,2026-05-20 05:32:00,250059,,12220598,0,,0,,CORRECT_TOTAL_0_12220598
2967770,1,2026-05-20 05:33:00,249929,718905,12470527,1,,55,,CORRECT_TOTAL_718905_12470527
2970390,1,2026-05-20 05:34:00,250060,,12470658,0,,0,,CORRECT_TOTAL_0_12470658
2967771,1,2026-05-20 05:35:00,249931,718907,12720589,2,,57,,CORRECT_TOTAL_718907_12720589
2970391,1,2026-05-20 05:36:00,250061,,12720719,0,,0,,CORRECT_TOTAL_0_12720719
2967777,1,2026-05-20 05:37:00,249932,718908,12970651,1,,58,,CORRECT_TOTAL_718908_12970651
2970392,1,2026-05-20 05:38:00,250062,,12970781,0,,0,,CORRECT_TOTAL_0_12970781
2967778,1,2026-05-20 05:39:00,249933,718909,13220714,1,,59,,CORRECT_TOTAL_718909_13220714
2970393,1,2026-05-20 05:40:00,250063,,13220844,0,,0,,CORRECT_TOTAL_0_13220844
2967783,1,2026-05-20 05:41:00,249934,718910,13470778,1,,60,,CORRECT_TOTAL_718910_13470778
2970394,1,2026-05-20 05:42:00,250064,,13470908,0,,0,,CORRECT_TOTAL_0_13470908
2967788,1,2026-05-20 05:43:00,249935,718911,13720843,1,,61,,CORRECT_TOTAL_718911_13720843
2970395,1,2026-05-20 05:44:00,250065,,13720973,0,,0,,CORRECT_TOTAL_0_13720973
2967789,1,2026-05-20 05:45:00,249937,718913,13970910,2,,63,,CORRECT_TOTAL_718913_13970910
2970396,1,2026-05-20 05:46:00,250066,,13971039,0,,0,,CORRECT_TOTAL_0_13971039
2967795,1,2026-05-20 05:47:00,249938,718914,14220977,1,,64,,CORRECT_TOTAL_718914_14220977
2970397,1,2026-05-20 05:48:00,250067,,14221106,0,,0,,CORRECT_TOTAL_0_14221106
2967796,1,2026-05-20 05:49:00,249939,718915,14471045,1,,65,,CORRECT_TOTAL_718915_14471045
2970398,1,2026-05-20 05:50:00,250068,,14471174,0,,0,,CORRECT_TOTAL_0_14471174
2967801,1,2026-05-20 05:51:00,249940,718916,14721114,1,,66,,CORRECT_TOTAL_718916_14721114
2970399,1,2026-05-20 05:52:00,250069,,14721243,0,,0,,CORRECT_TOTAL_0_14721243
2967806,1,2026-05-20 05:53:00,249941,718917,14971184,1,,67,,CORRECT_TOTAL_718917_14971184
2970400,1,2026-05-20 05:54:00,250070,,14971313,0,,0,,CORRECT_TOTAL_0_14971313
2967807,1,2026-05-20 05:55:00,249943,718919,15221256,2,,69,,CORRECT_TOTAL_718919_15221256
2970401,1,2026-05-20 05:56:00,250071,,15221384,0,,0,,CORRECT_TOTAL_0_15221384
2967813,1,2026-05-20 05:57:00,249944,718920,15471328,1,,70,,CORRECT_TOTAL_718920_15471328
2970402,1,2026-05-20 05:58:00,250072,,15471456,0,,0,,CORRECT_TOTAL_0_15471456
2967814,1,2026-05-20 05:59:00,249945,718921,15721401,1,,71,,CORRECT_TOTAL_718921_15721401
2970403,1,2026-05-20 06:00:00,250074,,15721530,0,,0,,CORRECT_TOTAL_0_15721530
2967819,1,2026-05-20 06:01:00,249946,718922,15971476,1,,72,,CORRECT_TOTAL_718922_15971476
2970404,1,2026-05-20 06:02:00,250075,,15971605,0,,0,,CORRECT_TOTAL_0_15971605
2967868,1,2026-05-20 06:03:00,249947,718923,16221552,1,,73,,CORRECT_TOTAL_718923_16221552
2970405,1,2026-05-20 06:04:00,250075,,16221680,0,,0,,CORRECT_TOTAL_0_16221680
2967901,1,2026-05-20 06:05:00,249949,718925,16471629,2,,75,,CORRECT_TOTAL_718925_16471629
2970406,1,2026-05-20 06:06:00,250076,,16471756,0,,0,,CORRECT_TOTAL_0_16471756
2967962,1,2026-05-20 06:07:00,249949,718925,16721705,0,,75,,CORRECT_TOTAL_718925_16721705
2970407,1,2026-05-20 06:08:00,250078,,16721834,0,,0,,CORRECT_TOTAL_0_16721834
2967963,1,2026-05-20 06:09:00,249950,718926,16971784,1,,76,,CORRECT_TOTAL_718926_16971784
2970408,1,2026-05-20 06:10:00,250079,,16971913,0,,0,,CORRECT_TOTAL_0_16971913
2967968,1,2026-05-20 06:11:00,249951,718927,17221864,1,,77,,CORRECT_TOTAL_718927_17221864
2970409,1,2026-05-20 06:12:00,250080,,17221993,0,,0,,CORRECT_TOTAL_0_17221993
2967973,1,2026-05-20 06:13:00,249953,718929,17471946,2,,79,,CORRECT_TOTAL_718929_17471946
2970410,1,2026-05-20 06:14:00,250081,,17472074,0,,0,,CORRECT_TOTAL_0_17472074
2967974,1,2026-05-20 06:15:00,249954,718930,17722028,1,,80,,CORRECT_TOTAL_718930_17722028
2970411,1,2026-05-20 06:16:00,250082,,17722156,0,,0,,CORRECT_TOTAL_0_17722156
2967980,1,2026-05-20 06:17:00,249955,718931,17972111,1,,81,,CORRECT_TOTAL_718931_17972111
2970412,1,2026-05-20 06:18:00,250083,,17972239,0,,0,,CORRECT_TOTAL_0_17972239
2967981,1,2026-05-20 06:19:00,249956,718932,18222195,1,,82,,CORRECT_TOTAL_718932_18222195
2970413,1,2026-05-20 06:20:00,250084,,18222323,0,,0,,CORRECT_TOTAL_0_18222323
2967986,1,2026-05-20 06:21:00,249957,718933,18472280,1,,83,,CORRECT_TOTAL_718933_18472280
2970414,1,2026-05-20 06:22:00,250085,,18472408,0,,0,,CORRECT_TOTAL_0_18472408
2967991,1,2026-05-20 06:23:00,249958,718934,18722366,1,,84,,CORRECT_TOTAL_718934_18722366
2970415,1,2026-05-20 06:24:00,250087,,18722495,0,,0,,CORRECT_TOTAL_0_18722495
2967992,1,2026-05-20 06:25:00,249959,718935,18972454,1,,85,,CORRECT_TOTAL_718935_18972454
2970416,1,2026-05-20 06:26:00,250088,,18972583,0,,0,,CORRECT_TOTAL_0_18972583
2967998,1,2026-05-20 06:27:00,249960,718936,19222543,1,,86,,CORRECT_TOTAL_718936_19222543
2970417,1,2026-05-20 06:28:00,250089,,19222672,0,,0,,CORRECT_TOTAL_0_19222672
2967999,1,2026-05-20 06:29:00,249961,718937,19472633,1,,87,,CORRECT_TOTAL_718937_19472633
2970418,1,2026-05-20 06:30:00,250090,,19472762,0,,0,,CORRECT_TOTAL_0_19472762
2968004,1,2026-05-20 06:31:00,249963,718939,19722725,2,,89,,CORRECT_TOTAL_718939_19722725
2970419,1,2026-05-20 06:32:00,250091,,19722853,0,,0,,CORRECT_TOTAL_0_19722853
2968009,1,2026-05-20 06:33:00,249963,718939,19972816,0,,89,,CORRECT_TOTAL_718939_19972816
2970420,1,2026-05-20 06:34:00,250092,,19972945,0,,0,,CORRECT_TOTAL_0_19972945
2968010,1,2026-05-20 06:35:00,249964,718940,20222909,1,,90,,CORRECT_TOTAL_718940_20222909
2970421,1,2026-05-20 06:36:00,250093,,20223038,0,,0,,CORRECT_TOTAL_0_20223038
2968016,1,2026-05-20 06:37:00,249965,718941,20473003,1,,91,,CORRECT_TOTAL_718941_20473003
2970422,1,2026-05-20 06:38:00,250094,,20473132,0,,0,,CORRECT_TOTAL_0_20473132
2968017,1,2026-05-20 06:39:00,249966,718942,20723098,1,,92,,CORRECT_TOTAL_718942_20723098
2970423,1,2026-05-20 06:40:00,250095,,20723227,0,,0,,CORRECT_TOTAL_0_20723227
2968022,1,2026-05-20 06:41:00,249968,718944,20973195,2,,94,,CORRECT_TOTAL_718944_20973195
2970424,1,2026-05-20 06:42:00,250097,,20973324,0,,0,,CORRECT_TOTAL_0_20973324
2968027,1,2026-05-20 06:43:00,249969,718945,21223293,1,,95,,CORRECT_TOTAL_718945_21223293
2970425,1,2026-05-20 06:44:00,250098,,21223422,0,,0,,CORRECT_TOTAL_0_21223422
2968028,1,2026-05-20 06:45:00,249970,718946,21473392,1,,96,,CORRECT_TOTAL_718946_21473392
2970426,1,2026-05-20 06:46:00,250098,,21473520,0,,0,,CORRECT_TOTAL_0_21473520
2968034,1,2026-05-20 06:47:00,249970,718946,21723490,0,,96,,CORRECT_TOTAL_718946_21723490
2970427,1,2026-05-20 06:48:00,250099,,21723619,0,,0,,CORRECT_TOTAL_0_21723619
2968035,1,2026-05-20 06:49:00,249972,718948,21973591,2,,98,,CORRECT_TOTAL_718948_21973591
2970428,1,2026-05-20 06:50:00,250101,,21973720,0,,0,,CORRECT_TOTAL_0_21973720
2968040,1,2026-05-20 06:51:00,249973,718949,22223693,1,,99,,CORRECT_TOTAL_718949_22223693
2970429,1,2026-05-20 06:52:00,250102,,22223822,0,,0,,CORRECT_TOTAL_0_22223822
2968045,1,2026-05-20 06:53:00,249974,718950,22473796,1,,100,,CORRECT_TOTAL_718950_22473796
2970430,1,2026-05-20 06:54:00,250103,,22473925,0,,0,,CORRECT_TOTAL_0_22473925
2968046,1,2026-05-20 06:55:00,249975,718951,22723900,1,,101,,CORRECT_TOTAL_718951_22723900
2970431,1,2026-05-20 06:56:00,250104,,22724029,0,,0,,CORRECT_TOTAL_0_22724029
2968052,1,2026-05-20 06:57:00,249976,718952,22974005,1,,102,,CORRECT_TOTAL_718952_22974005
2970432,1,2026-05-20 06:58:00,250105,,22974134,0,,0,,CORRECT_TOTAL_0_22974134
2968053,1,2026-05-20 06:59:00,249977,718953,23224111,1,,103,,CORRECT_TOTAL_718953_23224111
2970433,1,2026-05-20 07:00:00,250106,,23224240,0,,0,,CORRECT_TOTAL_0_23224240
2968058,1,2026-05-20 07:01:00,249978,718954,23474218,1,,104,,CORRECT_TOTAL_718954_23474218
2970434,1,2026-05-20 07:02:00,250107,,23474347,0,,0,,CORRECT_TOTAL_0_23474347
2968096,1,2026-05-20 07:03:00,249979,718955,23724326,1,,105,,CORRECT_TOTAL_718955_23724326
2970435,1,2026-05-20 07:04:00,250108,,23724455,0,,0,,CORRECT_TOTAL_0_23724455
2968146,1,2026-05-20 07:05:00,249980,718956,23974435,1,,106,,CORRECT_TOTAL_718956_23974435
2970436,1,2026-05-20 07:06:00,250109,,23974564,0,,0,,CORRECT_TOTAL_0_23974564
2968201,1,2026-05-20 07:07:00,249982,718958,24224546,2,,108,,CORRECT_TOTAL_718958_24224546
2970437,1,2026-05-20 07:08:00,250111,,24224675,0,,0,,CORRECT_TOTAL_0_24224675
2968202,1,2026-05-20 07:09:00,249983,718959,24474658,1,,109,,CORRECT_TOTAL_718959_24474658
2970438,1,2026-05-20 07:10:00,250112,,24474787,0,,0,,CORRECT_TOTAL_0_24474787
2968207,1,2026-05-20 07:11:00,249983,718959,24724770,0,,109,,CORRECT_TOTAL_718959_24724770
2970439,1,2026-05-20 07:12:00,250113,,24724900,0,,0,,CORRECT_TOTAL_0_24724900
2968212,1,2026-05-20 07:13:00,249984,718960,24974884,1,,110,,CORRECT_TOTAL_718960_24974884
2970440,1,2026-05-20 07:14:00,250114,,24975014,0,,0,,CORRECT_TOTAL_0_24975014
2968213,1,2026-05-20 07:15:00,249986,718962,25225000,2,,112,,CORRECT_TOTAL_718962_25225000
2970441,1,2026-05-20 07:16:00,250115,,25225129,0,,0,,CORRECT_TOTAL_0_25225129
2968219,1,2026-05-20 07:17:00,249987,718963,25475116,1,,113,,CORRECT_TOTAL_718963_25475116
2970442,1,2026-05-20 07:18:00,250116,,25475245,0,,0,,CORRECT_TOTAL_0_25475245
2968220,1,2026-05-20 07:19:00,249988,718964,25725233,1,,114,,CORRECT_TOTAL_718964_25725233
2970443,1,2026-05-20 07:20:00,250117,,25725362,0,,0,,CORRECT_TOTAL_0_25725362
2968225,1,2026-05-20 07:21:00,249989,718965,25975351,1,,115,,CORRECT_TOTAL_718965_25975351
2970444,1,2026-05-20 07:22:00,250118,,25975480,0,,0,,CORRECT_TOTAL_0_25975480
2968230,1,2026-05-20 07:23:00,249990,718966,26225470,1,,116,,CORRECT_TOTAL_718966_26225470
2970445,1,2026-05-20 07:24:00,250119,,26225599,0,,0,,CORRECT_TOTAL_0_26225599
2968231,1,2026-05-20 07:25:00,249991,718967,26475590,1,,117,,CORRECT_TOTAL_718967_26475590
2970446,1,2026-05-20 07:26:00,250121,,26475720,0,,0,,CORRECT_TOTAL_0_26475720
2968237,1,2026-05-20 07:27:00,249992,718968,26725712,1,,118,,CORRECT_TOTAL_718968_26725712
2970447,1,2026-05-20 07:28:00,250122,,26725842,0,,0,,CORRECT_TOTAL_0_26725842
2968238,1,2026-05-20 07:29:00,249993,718969,26975835,1,,119,,CORRECT_TOTAL_718969_26975835
2970448,1,2026-05-20 07:30:00,250123,,26975965,0,,0,,CORRECT_TOTAL_0_26975965
2968241,1,2026-05-20 07:31:00,249994,718970,27225959,1,,120,,CORRECT_TOTAL_718970_27225959
2970449,1,2026-05-20 07:32:00,250124,,27226089,0,,0,,CORRECT_TOTAL_0_27226089
2968248,1,2026-05-20 07:33:00,249995,718971,27476084,1,,121,,CORRECT_TOTAL_718971_27476084
2970450,1,2026-05-20 07:34:00,250125,,27476214,0,,0,,CORRECT_TOTAL_0_27476214
2968249,1,2026-05-20 07:35:00,249996,718972,27726210,1,,122,,CORRECT_TOTAL_718972_27726210
2970451,1,2026-05-20 07:36:00,250126,,27726340,0,,0,,CORRECT_TOTAL_0_27726340
2968255,1,2026-05-20 07:37:00,249997,718973,27976337,1,,123,,CORRECT_TOTAL_718973_27976337
2970452,1,2026-05-20 07:38:00,250127,,27976467,0,,0,,CORRECT_TOTAL_0_27976467
2968256,1,2026-05-20 07:39:00,249998,718974,28226465,1,,124,,CORRECT_TOTAL_718974_28226465
2970453,1,2026-05-20 07:40:00,250128,,28226595,0,,0,,CORRECT_TOTAL_0_28226595
2968261,1,2026-05-20 07:41:00,250000,718976,28476595,2,,126,,CORRECT_TOTAL_718976_28476595
2970454,1,2026-05-20 07:42:00,250130,,28476725,0,,0,,CORRECT_TOTAL_0_28476725
2968266,1,2026-05-20 07:43:00,250001,718977,28726726,1,,127,,CORRECT_TOTAL_718977_28726726
2970455,1,2026-05-20 07:44:00,250130,,28726855,0,,0,,CORRECT_TOTAL_0_28726855
2968267,1,2026-05-20 07:45:00,250002,718978,28976857,1,,128,,CORRECT_TOTAL_718978_28976857
2970456,1,2026-05-20 07:46:00,250131,,28976986,0,,0,,CORRECT_TOTAL_0_28976986
2968273,1,2026-05-20 07:47:00,250003,718979,29226989,1,,129,,CORRECT_TOTAL_718979_29226989
2970457,1,2026-05-20 07:48:00,250132,,29227118,0,,0,,CORRECT_TOTAL_0_29227118
2968274,1,2026-05-20 07:49:00,250004,718980,29477122,1,,130,,CORRECT_TOTAL_718980_29477122
2970458,1,2026-05-20 07:50:00,250134,,29477252,0,,0,,CORRECT_TOTAL_0_29477252
2968279,1,2026-05-20 07:51:00,250005,718981,29727257,1,,131,,CORRECT_TOTAL_718981_29727257
2970459,1,2026-05-20 07:52:00,250135,,29727387,0,,0,,CORRECT_TOTAL_0_29727387
2968284,1,2026-05-20 07:53:00,250006,718982,29977393,1,,132,,CORRECT_TOTAL_718982_29977393
2970460,1,2026-05-20 07:54:00,250136,,29977523,0,,0,,CORRECT_TOTAL_0_29977523
2968285,1,2026-05-20 07:55:00,250007,718983,30227530,1,,133,,CORRECT_TOTAL_718983_30227530
2970461,1,2026-05-20 07:56:00,250137,,30227660,0,,0,,CORRECT_TOTAL_0_30227660
2968291,1,2026-05-20 07:57:00,250008,718984,30477668,1,,134,,CORRECT_TOTAL_718984_30477668
2970462,1,2026-05-20 07:58:00,250138,,30477798,0,,0,,CORRECT_TOTAL_0_30477798
2968292,1,2026-05-20 07:59:00,250009,718985,30727807,1,,135,,CORRECT_TOTAL_718985_30727807
2970463,1,2026-05-20 08:00:00,250139,,30727937,0,,0,,CORRECT_TOTAL_0_30727937
2968297,1,2026-05-20 08:01:00,250010,718986,30977947,1,,136,,CORRECT_TOTAL_718986_30977947
2970464,1,2026-05-20 08:02:00,250140,,30978077,0,,0,,CORRECT_TOTAL_0_30978077
2968314,1,2026-05-20 08:03:00,250011,718987,31228088,1,,137,,CORRECT_TOTAL_718987_31228088
2970465,1,2026-05-20 08:04:00,250141,,31228218,0,,0,,CORRECT_TOTAL_0_31228218
2968342,1,2026-05-20 08:05:00,250012,718988,31478230,1,,138,,CORRECT_TOTAL_718988_31478230
2970466,1,2026-05-20 08:06:00,250142,,31478360,0,,0,,CORRECT_TOTAL_0_31478360
2968414,1,2026-05-20 08:07:00,250014,718990,31728374,2,,140,,CORRECT_TOTAL_718990_31728374
2970467,1,2026-05-20 08:08:00,250144,,31728504,0,,0,,CORRECT_TOTAL_0_31728504
2968418,1,2026-05-20 08:09:00,250015,718991,31978519,1,,141,,CORRECT_TOTAL_718991_31978519
2970468,1,2026-05-20 08:10:00,250145,,31978649,0,,0,,CORRECT_TOTAL_0_31978649
2968424,1,2026-05-20 08:11:00,250015,718991,32228664,0,,141,,CORRECT_TOTAL_718991_32228664
2970469,1,2026-05-20 08:12:00,250146,,32228795,0,,0,,CORRECT_TOTAL_0_32228795
2968434,1,2026-05-20 08:13:00,250016,718992,32478811,1,,142,,CORRECT_TOTAL_718992_32478811
2970470,1,2026-05-20 08:14:00,250147,,32478942,0,,0,,CORRECT_TOTAL_0_32478942
2968452,1,2026-05-20 08:15:00,250018,718994,32728960,2,,144,,CORRECT_TOTAL_718994_32728960
2970471,1,2026-05-20 08:16:00,250148,,32729090,0,,0,,CORRECT_TOTAL_0_32729090
2968458,1,2026-05-20 08:17:00,250019,718995,32979109,1,,145,,CORRECT_TOTAL_718995_32979109
2970472,1,2026-05-20 08:18:00,250149,,32979239,0,,0,,CORRECT_TOTAL_0_32979239
2968459,1,2026-05-20 08:19:00,250020,718996,33229259,1,,146,,CORRECT_TOTAL_718996_33229259
2970473,1,2026-05-20 08:20:00,250150,,33229389,0,,0,,CORRECT_TOTAL_0_33229389
2968464,1,2026-05-20 08:21:00,250021,718997,33479410,1,,147,,CORRECT_TOTAL_718997_33479410
2970474,1,2026-05-20 08:22:00,250151,,33479540,0,,0,,CORRECT_TOTAL_0_33479540
2968469,1,2026-05-20 08:23:00,250022,718998,33729562,1,,148,,CORRECT_TOTAL_718998_33729562
2970475,1,2026-05-20 08:24:00,250153,,33729693,0,,0,,CORRECT_TOTAL_0_33729693
2968470,1,2026-05-20 08:25:00,250023,718999,33979716,1,,149,,CORRECT_TOTAL_718999_33979716
2970476,1,2026-05-20 08:26:00,250154,,33979847,0,,0,,CORRECT_TOTAL_0_33979847
2968476,1,2026-05-20 08:27:00,250024,719000,34229871,1,,150,,CORRECT_TOTAL_719000_34229871
2970477,1,2026-05-20 08:28:00,250155,,34230002,0,,0,,CORRECT_TOTAL_0_34230002
2968477,1,2026-05-20 08:29:00,250025,719001,34480027,1,,151,,CORRECT_TOTAL_719001_34480027
2970478,1,2026-05-20 08:30:00,250156,,34480158,0,,0,,CORRECT_TOTAL_0_34480158
2968482,1,2026-05-20 08:31:00,250026,719002,34730184,1,,152,,CORRECT_TOTAL_719002_34730184
2970479,1,2026-05-20 08:32:00,250157,,34730315,0,,0,,CORRECT_TOTAL_0_34730315
2968487,1,2026-05-20 08:33:00,250027,719003,34980342,1,,153,,CORRECT_TOTAL_719003_34980342
2970480,1,2026-05-20 08:34:00,250158,,34980473,0,,0,,CORRECT_TOTAL_0_34980473
2968488,1,2026-05-20 08:35:00,250028,719004,35230501,1,,154,,CORRECT_TOTAL_719004_35230501
2970481,1,2026-05-20 08:36:00,250159,,35230632,0,,0,,CORRECT_TOTAL_0_35230632
2968494,1,2026-05-20 08:37:00,250029,719005,35480661,1,,155,,CORRECT_TOTAL_719005_35480661
2970482,1,2026-05-20 08:38:00,250160,,35480792,0,,0,,CORRECT_TOTAL_0_35480792
2968495,1,2026-05-20 08:39:00,250030,719006,35730822,1,,156,,CORRECT_TOTAL_719006_35730822
2970483,1,2026-05-20 08:40:00,250161,,35730953,0,,0,,CORRECT_TOTAL_0_35730953
2968500,1,2026-05-20 08:41:00,250032,719008,35980985,2,,158,,CORRECT_TOTAL_719008_35980985
2970484,1,2026-05-20 08:42:00,250163,,35981116,0,,0,,CORRECT_TOTAL_0_35981116
2968505,1,2026-05-20 08:43:00,250033,719009,36231149,1,,159,,CORRECT_TOTAL_719009_36231149
2970485,1,2026-05-20 08:44:00,250163,,36231279,0,,0,,CORRECT_TOTAL_0_36231279
2968506,1,2026-05-20 08:45:00,250033,719009,36481312,0,,159,,CORRECT_TOTAL_719009_36481312
2970486,1,2026-05-20 08:46:00,250164,,36481443,0,,0,,CORRECT_TOTAL_0_36481443
2968512,1,2026-05-20 08:47:00,250034,719010,36731477,1,,160,,CORRECT_TOTAL_719010_36731477
2970487,1,2026-05-20 08:48:00,250166,,36731609,0,,0,,CORRECT_TOTAL_0_36731609
2968513,1,2026-05-20 08:49:00,250035,719011,36981644,1,,161,,CORRECT_TOTAL_719011_36981644
2970488,1,2026-05-20 08:50:00,250167,,36981776,0,,0,,CORRECT_TOTAL_0_36981776
2968518,1,2026-05-20 08:51:00,250037,719013,37231813,2,,163,,CORRECT_TOTAL_719013_37231813
2970489,1,2026-05-20 08:52:00,250168,,37231944,0,,0,,CORRECT_TOTAL_0_37231944
2968523,1,2026-05-20 08:53:00,250038,719014,37481982,1,,164,,CORRECT_TOTAL_719014_37481982
2970490,1,2026-05-20 08:54:00,250169,,37482113,0,,0,,CORRECT_TOTAL_0_37482113
2968524,1,2026-05-20 08:55:00,250039,719015,37732152,1,,165,,CORRECT_TOTAL_719015_37732152
2970491,1,2026-05-20 08:56:00,250170,,37732283,0,,0,,CORRECT_TOTAL_0_37732283
2968530,1,2026-05-20 08:57:00,250040,719016,37982323,1,,166,,CORRECT_TOTAL_719016_37982323
2970492,1,2026-05-20 08:58:00,250171,,37982454,0,,0,,CORRECT_TOTAL_0_37982454
2968531,1,2026-05-20 08:59:00,250041,719017,38232495,1,,167,,CORRECT_TOTAL_719017_38232495
2970493,1,2026-05-20 09:00:00,250172,,38232626,0,,0,,CORRECT_TOTAL_0_38232626
2968536,1,2026-05-20 09:01:00,250042,719018,38482668,1,,168,,CORRECT_TOTAL_719018_38482668
2970494,1,2026-05-20 09:02:00,250173,,38482799,0,,0,,CORRECT_TOTAL_0_38482799
2968585,1,2026-05-20 09:03:00,250043,719019,38732842,1,,169,,CORRECT_TOTAL_719019_38732842
2970495,1,2026-05-20 09:04:00,250174,,38732973,0,,0,,CORRECT_TOTAL_0_38732973
2968615,1,2026-05-20 09:05:00,250044,719020,38983017,1,,170,,CORRECT_TOTAL_719020_38983017
2970496,1,2026-05-20 09:06:00,250176,,38983149,0,,0,,CORRECT_TOTAL_0_38983149
2968679,1,2026-05-20 09:07:00,250045,719021,39233194,1,,171,,CORRECT_TOTAL_719021_39233194
2970497,1,2026-05-20 09:08:00,250177,,39233326,0,,0,,CORRECT_TOTAL_0_39233326
2968680,1,2026-05-20 09:09:00,250046,719022,39483372,1,,172,,CORRECT_TOTAL_719022_39483372
2970498,1,2026-05-20 09:10:00,250178,,39483504,0,,0,,CORRECT_TOTAL_0_39483504
2968685,1,2026-05-20 09:11:00,250047,719023,39733551,1,,173,,CORRECT_TOTAL_719023_39733551
2970499,1,2026-05-20 09:12:00,250179,,39733683,0,,0,,CORRECT_TOTAL_0_39733683
2968690,1,2026-05-20 09:13:00,250048,719024,39983731,1,,174,,CORRECT_TOTAL_719024_39983731
2970500,1,2026-05-20 09:14:00,250180,,39983863,0,,0,,CORRECT_TOTAL_0_39983863
2968691,1,2026-05-20 09:15:00,250049,719025,40233912,1,,175,,CORRECT_TOTAL_719025_40233912
2970501,1,2026-05-20 09:16:00,250181,,40234044,0,,0,,CORRECT_TOTAL_0_40234044
2968697,1,2026-05-20 09:17:00,250051,719027,40484095,2,,177,,CORRECT_TOTAL_719027_40484095
2970502,1,2026-05-20 09:18:00,250182,,40484226,0,,0,,CORRECT_TOTAL_0_40484226
2968698,1,2026-05-20 09:19:00,250051,719027,40734277,0,,177,,CORRECT_TOTAL_719027_40734277
2970503,1,2026-05-20 09:20:00,250183,,40734409,0,,0,,CORRECT_TOTAL_0_40734409
2968702,1,2026-05-20 09:21:00,250052,719028,40984461,1,,178,,CORRECT_TOTAL_719028_40984461
2970504,1,2026-05-20 09:22:00,250184,,40984593,0,,0,,CORRECT_TOTAL_0_40984593
2968708,1,2026-05-20 09:23:00,250053,719029,41234646,1,,179,,CORRECT_TOTAL_719029_41234646
2970505,1,2026-05-20 09:24:00,250186,,41234779,0,,0,,CORRECT_TOTAL_0_41234779
2968709,1,2026-05-20 09:25:00,250055,719031,41484834,2,,181,,CORRECT_TOTAL_719031_41484834
2970506,1,2026-05-20 09:26:00,250187,,41484966,0,,0,,CORRECT_TOTAL_0_41484966
2968715,1,2026-05-20 09:27:00,250056,719032,41735022,1,,182,,CORRECT_TOTAL_719032_41735022
2970507,1,2026-05-20 09:28:00,250188,,41735154,0,,0,,CORRECT_TOTAL_0_41735154
2968716,1,2026-05-20 09:29:00,250057,719033,41985211,1,,183,,CORRECT_TOTAL_719033_41985211
2970508,1,2026-05-20 09:30:00,250189,,41985343,0,,0,,CORRECT_TOTAL_0_41985343
2968721,1,2026-05-20 09:31:00,250057,719033,42235400,0,,183,,CORRECT_TOTAL_719033_42235400
2970509,1,2026-05-20 09:32:00,250190,,42235533,0,,0,,CORRECT_TOTAL_0_42235533
2968726,1,2026-05-20 09:33:00,250059,719035,42485592,2,,185,,CORRECT_TOTAL_719035_42485592
2970510,1,2026-05-20 09:34:00,250191,,42485724,0,,0,,CORRECT_TOTAL_0_42485724
2968727,1,2026-05-20 09:35:00,250060,719036,42735784,1,,186,,CORRECT_TOTAL_719036_42735784
2970511,1,2026-05-20 09:36:00,250192,,42735916,0,,0,,CORRECT_TOTAL_0_42735916
2968733,1,2026-05-20 09:37:00,250061,719037,42985977,1,,187,,CORRECT_TOTAL_719037_42985977
2970512,1,2026-05-20 09:38:00,250193,,42986109,0,,0,,CORRECT_TOTAL_0_42986109
2968734,1,2026-05-20 09:39:00,250062,719038,43236171,1,,188,,CORRECT_TOTAL_719038_43236171
2970513,1,2026-05-20 09:40:00,250195,,43236304,0,,0,,CORRECT_TOTAL_0_43236304
2968739,1,2026-05-20 09:41:00,250063,719039,43486367,1,,189,,CORRECT_TOTAL_719039_43486367
2970514,1,2026-05-20 09:42:00,250196,,43486500,0,,0,,CORRECT_TOTAL_0_43486500
2968744,1,2026-05-20 09:43:00,250064,719040,43736564,1,,190,,CORRECT_TOTAL_719040_43736564
2970515,1,2026-05-20 09:44:00,250197,,43736697,0,,0,,CORRECT_TOTAL_0_43736697
2968745,1,2026-05-20 09:45:00,250065,719041,43986762,1,,191,,CORRECT_TOTAL_719041_43986762
2970516,1,2026-05-20 09:46:00,250198,,43986895,0,,0,,CORRECT_TOTAL_0_43986895
2968751,1,2026-05-20 09:47:00,250066,719042,44236961,1,,192,,CORRECT_TOTAL_719042_44236961
2970517,1,2026-05-20 09:48:00,250199,,44237094,0,,0,,CORRECT_TOTAL_0_44237094
2968752,1,2026-05-20 09:49:00,250067,719043,44487161,1,,193,,CORRECT_TOTAL_719043_44487161
2970518,1,2026-05-20 09:50:00,250200,,44487294,0,,0,,CORRECT_TOTAL_0_44487294
2968757,1,2026-05-20 09:51:00,250068,719044,44737362,1,,194,,CORRECT_TOTAL_719044_44737362
2970519,1,2026-05-20 09:52:00,250201,,44737495,0,,0,,CORRECT_TOTAL_0_44737495
2968762,1,2026-05-20 09:53:00,250069,719045,44987564,1,,195,,CORRECT_TOTAL_719045_44987564
2970520,1,2026-05-20 09:54:00,250202,,44987697,0,,0,,CORRECT_TOTAL_0_44987697
2968763,1,2026-05-20 09:55:00,250070,719046,45237767,1,,196,,CORRECT_TOTAL_719046_45237767
2970521,1,2026-05-20 09:56:00,250203,,45237900,0,,0,,CORRECT_TOTAL_0_45237900
2968769,1,2026-05-20 09:57:00,250071,719047,45487971,1,,197,,CORRECT_TOTAL_719047_45487971
2970522,1,2026-05-20 09:58:00,250205,,45488105,0,,0,,CORRECT_TOTAL_0_45488105
2968770,1,2026-05-20 09:59:00,250072,719048,45738177,1,,198,,CORRECT_TOTAL_719048_45738177
2970523,1,2026-05-20 10:00:00,250206,,45738311,0,,0,,CORRECT_TOTAL_0_45738311
2968775,1,2026-05-20 10:01:00,250074,719050,45988385,2,,200,,CORRECT_TOTAL_719050_45988385
2970524,1,2026-05-20 10:02:00,250207,,45988518,0,,0,,CORRECT_TOTAL_0_45988518
2968822,1,2026-05-20 10:03:00,250075,719051,46238593,1,,201,,CORRECT_TOTAL_719051_46238593
2970525,1,2026-05-20 10:04:00,250207,,46238725,0,,0,,CORRECT_TOTAL_0_46238725
2968849,1,2026-05-20 10:05:00,250075,719051,46488800,0,,201,,CORRECT_TOTAL_719051_46488800
2970526,1,2026-05-20 10:06:00,250209,,46488934,0,,0,,CORRECT_TOTAL_0_46488934
2968918,1,2026-05-20 10:07:00,250076,719052,46739010,1,,202,,CORRECT_TOTAL_719052_46739010
2970527,1,2026-05-20 10:08:00,250210,,46739144,0,,0,,CORRECT_TOTAL_0_46739144
2968919,1,2026-05-20 10:09:00,250078,719054,46989222,2,,204,,CORRECT_TOTAL_719054_46989222
2970528,1,2026-05-20 10:10:00,250211,,46989355,0,,0,,CORRECT_TOTAL_0_46989355
2968924,1,2026-05-20 10:11:00,250079,719055,47239434,1,,205,,CORRECT_TOTAL_719055_47239434
2970529,1,2026-05-20 10:12:00,250212,,47239567,0,,0,,CORRECT_TOTAL_0_47239567
2968929,1,2026-05-20 10:13:00,250080,719056,47489647,1,,206,,CORRECT_TOTAL_719056_47489647
2970530,1,2026-05-20 10:14:00,250213,,47489780,0,,0,,CORRECT_TOTAL_0_47489780
2968930,1,2026-05-20 10:15:00,250081,719057,47739861,1,,207,,CORRECT_TOTAL_719057_47739861
2970531,1,2026-05-20 10:16:00,250214,,47739994,0,,0,,CORRECT_TOTAL_0_47739994
2968936,1,2026-05-20 10:17:00,250082,719058,47990076,1,,208,,CORRECT_TOTAL_719058_47990076
2970532,1,2026-05-20 10:18:00,250215,,47990209,0,,0,,CORRECT_TOTAL_0_47990209
2968937,1,2026-05-20 10:19:00,250083,719059,48240292,1,,209,,CORRECT_TOTAL_719059_48240292
2970533,1,2026-05-20 10:20:00,250216,,48240425,0,,0,,CORRECT_TOTAL_0_48240425
2968942,1,2026-05-20 10:21:00,250084,719060,48490509,1,,210,,CORRECT_TOTAL_719060_48490509
2970534,1,2026-05-20 10:22:00,250217,,48490642,0,,0,,CORRECT_TOTAL_0_48490642
2968947,1,2026-05-20 10:23:00,250085,719061,48740727,1,,211,,CORRECT_TOTAL_719061_48740727
2970535,1,2026-05-20 10:24:00,250218,,48740860,0,,0,,CORRECT_TOTAL_0_48740860
2968948,1,2026-05-20 10:25:00,250087,719063,48990947,2,,213,,CORRECT_TOTAL_719063_48990947
2970536,1,2026-05-20 10:26:00,250219,,48991079,0,,0,,CORRECT_TOTAL_0_48991079
2968954,1,2026-05-20 10:27:00,250088,719064,49241167,1,,214,,CORRECT_TOTAL_719064_49241167
2970537,1,2026-05-20 10:28:00,250220,,49241299,0,,0,,CORRECT_TOTAL_0_49241299
2968955,1,2026-05-20 10:29:00,250089,719065,49491388,1,,215,,CORRECT_TOTAL_719065_49491388
2970538,1,2026-05-20 10:30:00,250221,,49491520,0,,0,,CORRECT_TOTAL_0_49491520
2968960,1,2026-05-20 10:31:00,250090,719066,49741610,1,,216,,CORRECT_TOTAL_719066_49741610
2970539,1,2026-05-20 10:32:00,250223,,49741743,0,,0,,CORRECT_TOTAL_0_49741743
2968965,1,2026-05-20 10:33:00,250091,719067,49991834,1,,217,,CORRECT_TOTAL_719067_49991834
2970540,1,2026-05-20 10:34:00,250224,,49991967,0,,0,,CORRECT_TOTAL_0_49991967
2968966,1,2026-05-20 10:35:00,250092,719068,50242059,1,,218,,CORRECT_TOTAL_719068_50242059
2970541,1,2026-05-20 10:36:00,250225,,50242192,0,,0,,CORRECT_TOTAL_0_50242192
2968972,1,2026-05-20 10:37:00,250093,719069,50492285,1,,219,,CORRECT_TOTAL_719069_50492285
2970542,1,2026-05-20 10:38:00,250226,,50492418,0,,0,,CORRECT_TOTAL_0_50492418
2968973,1,2026-05-20 10:39:00,250094,719070,50742512,1,,220,,CORRECT_TOTAL_719070_50742512
2970543,1,2026-05-20 10:40:00,250227,,50742645,0,,0,,CORRECT_TOTAL_0_50742645
2968978,1,2026-05-20 10:41:00,250095,719071,50992740,1,,221,,CORRECT_TOTAL_719071_50992740
2970544,1,2026-05-20 10:42:00,250228,,50992873,0,,0,,CORRECT_TOTAL_0_50992873
2968983,1,2026-05-20 10:43:00,250097,719073,51242970,2,,223,,CORRECT_TOTAL_719073_51242970
2970545,1,2026-05-20 10:44:00,250229,,51243102,0,,0,,CORRECT_TOTAL_0_51243102
2968984,1,2026-05-20 10:45:00,250098,719074,51493200,1,,224,,CORRECT_TOTAL_719074_51493200
2970546,1,2026-05-20 10:46:00,250230,,51493332,0,,0,,CORRECT_TOTAL_0_51493332
2968990,1,2026-05-20 10:47:00,250098,719074,51743430,0,,224,,CORRECT_TOTAL_719074_51743430
2970547,1,2026-05-20 10:48:00,250231,,51743563,0,,0,,CORRECT_TOTAL_0_51743563
2968991,1,2026-05-20 10:49:00,250099,719075,51993662,1,,225,,CORRECT_TOTAL_719075_51993662
2970548,1,2026-05-20 10:50:00,250232,,51993795,0,,0,,CORRECT_TOTAL_0_51993795
2968996,1,2026-05-20 10:51:00,250101,719077,52243896,2,,227,,CORRECT_TOTAL_719077_52243896
2970549,1,2026-05-20 10:52:00,250233,,52244028,0,,0,,CORRECT_TOTAL_0_52244028
2969001,1,2026-05-20 10:53:00,250102,719078,52494130,1,,228,,CORRECT_TOTAL_719078_52494130
2970550,1,2026-05-20 10:54:00,250234,,52494262,0,,0,,CORRECT_TOTAL_0_52494262
2969002,1,2026-05-20 10:55:00,250103,719079,52744365,1,,229,,CORRECT_TOTAL_719079_52744365
2970551,1,2026-05-20 10:56:00,250235,,52744497,0,,0,,CORRECT_TOTAL_0_52744497
2969008,1,2026-05-20 10:57:00,250104,719080,52994601,1,,230,,CORRECT_TOTAL_719080_52994601
2970552,1,2026-05-20 10:58:00,250237,,52994734,0,,0,,CORRECT_TOTAL_0_52994734
2969009,1,2026-05-20 10:59:00,250105,719081,53244839,1,,231,,CORRECT_TOTAL_719081_53244839
2970553,1,2026-05-20 11:00:00,250238,,53244972,0,,0,,CORRECT_TOTAL_0_53244972
2969014,1,2026-05-20 11:01:00,250106,719082,53495078,1,,232,,CORRECT_TOTAL_719082_53495078
2970554,1,2026-05-20 11:02:00,250239,,53495211,0,,0,,CORRECT_TOTAL_0_53495211
2969063,1,2026-05-20 11:03:00,250107,719083,53745318,1,,233,,CORRECT_TOTAL_719083_53745318
2970555,1,2026-05-20 11:04:00,250240,,53745451,0,,0,,CORRECT_TOTAL_0_53745451
2969080,1,2026-05-20 11:05:00,250108,719084,53995559,1,,234,,CORRECT_TOTAL_719084_53995559
2970556,1,2026-05-20 11:06:00,250241,,53995692,0,,0,,CORRECT_TOTAL_0_53995692
2969157,1,2026-05-20 11:07:00,250109,719085,54245801,1,,235,,CORRECT_TOTAL_719085_54245801
2970557,1,2026-05-20 11:08:00,250242,,54245934,0,,0,,CORRECT_TOTAL_0_54245934
2969158,1,2026-05-20 11:09:00,250111,719087,54496045,2,,237,,CORRECT_TOTAL_719087_54496045
2970558,1,2026-05-20 11:10:00,250243,,54496177,0,,0,,CORRECT_TOTAL_0_54496177
2969163,1,2026-05-20 11:11:00,250112,719088,54746289,1,,238,,CORRECT_TOTAL_719088_54746289
2970559,1,2026-05-20 11:12:00,250244,,54746421,0,,0,,CORRECT_TOTAL_0_54746421
2969168,1,2026-05-20 11:13:00,250113,719089,54996534,1,,239,,CORRECT_TOTAL_719089_54996534
2970560,1,2026-05-20 11:14:00,250245,,54996666,0,,0,,CORRECT_TOTAL_0_54996666
2969169,1,2026-05-20 11:15:00,250114,719090,55246780,1,,240,,CORRECT_TOTAL_719090_55246780
2970561,1,2026-05-20 11:16:00,250247,,55246913,0,,0,,CORRECT_TOTAL_0_55246913
2969175,1,2026-05-20 11:17:00,250115,719091,55497028,1,,241,,CORRECT_TOTAL_719091_55497028
2970562,1,2026-05-20 11:18:00,250248,,55497161,0,,0,,CORRECT_TOTAL_0_55497161
2969176,1,2026-05-20 11:19:00,250116,719092,55747277,1,,242,,CORRECT_TOTAL_719092_55747277
2970563,1,2026-05-20 11:20:00,250249,,55747410,0,,0,,CORRECT_TOTAL_0_55747410
2969181,1,2026-05-20 11:21:00,250117,719093,55997527,1,,243,,CORRECT_TOTAL_719093_55997527
2970564,1,2026-05-20 11:22:00,250250,,55997660,0,,0,,CORRECT_TOTAL_0_55997660
2969186,1,2026-05-20 11:23:00,250118,719094,56247778,1,,244,,CORRECT_TOTAL_719094_56247778
2970565,1,2026-05-20 11:24:00,250251,,56247911,0,,0,,CORRECT_TOTAL_0_56247911
2969187,1,2026-05-20 11:25:00,250119,719095,56498030,1,,245,,CORRECT_TOTAL_719095_56498030
2970566,1,2026-05-20 11:26:00,250252,,56498163,0,,0,,CORRECT_TOTAL_0_56498163
2969193,1,2026-05-20 11:27:00,250121,719097,56748284,2,,247,,CORRECT_TOTAL_719097_56748284
2970567,1,2026-05-20 11:28:00,250253,,56748416,0,,0,,CORRECT_TOTAL_0_56748416
2969194,1,2026-05-20 11:29:00,250122,719098,56998538,1,,248,,CORRECT_TOTAL_719098_56998538
2970568,1,2026-05-20 11:30:00,250254,,56998670,0,,0,,CORRECT_TOTAL_0_56998670
2969198,1,2026-05-20 11:31:00,250123,719099,57248793,1,,249,,CORRECT_TOTAL_719099_57248793
2970569,1,2026-05-20 11:32:00,250255,,57248925,0,,0,,CORRECT_TOTAL_0_57248925
2969204,1,2026-05-20 11:33:00,250124,719100,57499049,1,,250,,CORRECT_TOTAL_719100_57499049
2970570,1,2026-05-20 11:34:00,250257,,57499182,0,,0,,CORRECT_TOTAL_0_57499182
2969205,1,2026-05-20 11:35:00,250125,719101,57749307,1,,251,,CORRECT_TOTAL_719101_57749307
2970571,1,2026-05-20 11:36:00,250258,,57749440,0,,0,,CORRECT_TOTAL_0_57749440
2969211,1,2026-05-20 11:37:00,250126,719102,57999566,1,,252,,CORRECT_TOTAL_719102_57999566
2970572,1,2026-05-20 11:38:00,250258,,57999698,0,,0,,CORRECT_TOTAL_0_57999698
2969212,1,2026-05-20 11:39:00,250127,719103,58249825,1,,253,,CORRECT_TOTAL_719103_58249825
2970573,1,2026-05-20 11:40:00,250260,,58249958,0,,0,,CORRECT_TOTAL_0_58249958
2969217,1,2026-05-20 11:41:00,250128,719104,58500086,1,,254,,CORRECT_TOTAL_719104_58500086
2970574,1,2026-05-20 11:42:00,250261,,58500219,0,,0,,CORRECT_TOTAL_0_58500219
2969222,1,2026-05-20 11:43:00,250130,719106,58750349,2,,256,,CORRECT_TOTAL_719106_58750349
2970575,1,2026-05-20 11:44:00,250262,,58750481,0,,0,,CORRECT_TOTAL_0_58750481
2969223,1,2026-05-20 11:45:00,250130,719106,59000611,0,,256,,CORRECT_TOTAL_719106_59000611
2970576,1,2026-05-20 11:46:00,250263,,59000744,0,,0,,CORRECT_TOTAL_0_59000744
2969229,1,2026-05-20 11:47:00,250131,719107,59250875,1,,257,,CORRECT_TOTAL_719107_59250875
2970577,1,2026-05-20 11:48:00,250264,,59251008,0,,0,,CORRECT_TOTAL_0_59251008
2969230,1,2026-05-20 11:49:00,250132,719108,59501140,1,,258,,CORRECT_TOTAL_719108_59501140
2970578,1,2026-05-20 11:50:00,250266,,59501274,0,,0,,CORRECT_TOTAL_0_59501274
2969235,1,2026-05-20 11:51:00,250134,719110,59751408,2,,260,,CORRECT_TOTAL_719110_59751408
2970579,1,2026-05-20 11:52:00,250266,,59751540,0,,0,,CORRECT_TOTAL_0_59751540
2969240,1,2026-05-20 11:53:00,250135,719111,60001675,1,,261,,CORRECT_TOTAL_719111_60001675
2970580,1,2026-05-20 11:54:00,250267,,60001807,0,,0,,CORRECT_TOTAL_0_60001807
2969241,1,2026-05-20 11:55:00,250136,719112,60251943,1,,262,,CORRECT_TOTAL_719112_60251943
2970581,1,2026-05-20 11:56:00,250268,,60252075,0,,0,,CORRECT_TOTAL_0_60252075
2969247,1,2026-05-20 11:57:00,250137,719113,60502212,1,,263,,CORRECT_TOTAL_719113_60502212
2970582,1,2026-05-20 11:58:00,250270,,60502345,0,,0,,CORRECT_TOTAL_0_60502345
2969248,1,2026-05-20 11:59:00,250138,719114,60752483,1,,264,,CORRECT_TOTAL_719114_60752483
2970583,1,2026-05-20 12:00:00,250271,,60752616,0,,0,,CORRECT_TOTAL_0_60752616
2969253,1,2026-05-20 12:01:00,250139,719115,61002755,1,,265,,CORRECT_TOTAL_719115_61002755
2970584,1,2026-05-20 12:02:00,250272,,61002888,0,,0,,CORRECT_TOTAL_0_61002888
2969259,1,2026-05-20 12:03:00,250140,719116,61253028,1,,266,,CORRECT_TOTAL_719116_61253028
2970585,1,2026-05-20 12:04:00,250273,,61253161,0,,0,,CORRECT_TOTAL_0_61253161
2969327,1,2026-05-20 12:05:00,250141,719117,61503302,1,,267,,CORRECT_TOTAL_719117_61503302
2970586,1,2026-05-20 12:06:00,250274,,61503435,0,,0,,CORRECT_TOTAL_0_61503435
2969396,1,2026-05-20 12:07:00,250142,719118,61753577,1,,268,,CORRECT_TOTAL_719118_61753577
2970587,1,2026-05-20 12:08:00,250275,,61753710,0,,0,,CORRECT_TOTAL_0_61753710
2969397,1,2026-05-20 12:09:00,250144,719120,62003854,2,,270,,CORRECT_TOTAL_719120_62003854
2970588,1,2026-05-20 12:10:00,250276,,62003986,0,,0,,CORRECT_TOTAL_0_62003986
2969402,1,2026-05-20 12:11:00,250145,719121,62254131,1,,271,,CORRECT_TOTAL_719121_62254131
2970589,1,2026-05-20 12:12:00,250277,,62254263,0,,0,,CORRECT_TOTAL_0_62254263
2969407,1,2026-05-20 12:13:00,250146,719122,62504409,1,,272,,CORRECT_TOTAL_719122_62504409
2970590,1,2026-05-20 12:14:00,250279,,62504542,0,,0,,CORRECT_TOTAL_0_62504542
2969408,1,2026-05-20 12:15:00,250147,719123,62754689,1,,273,,CORRECT_TOTAL_719123_62754689
2970591,1,2026-05-20 12:16:00,250280,,62754822,0,,0,,CORRECT_TOTAL_0_62754822
2969414,1,2026-05-20 12:17:00,250148,719124,63004970,1,,274,,CORRECT_TOTAL_719124_63004970
2970592,1,2026-05-20 12:18:00,250281,,63005103,0,,0,,CORRECT_TOTAL_0_63005103
2969415,1,2026-05-20 12:19:00,250149,719125,63255252,1,,275,,CORRECT_TOTAL_719125_63255252
2970593,1,2026-05-20 12:20:00,250282,,63255385,0,,0,,CORRECT_TOTAL_0_63255385
2969420,1,2026-05-20 12:21:00,250150,719126,63505535,1,,276,,CORRECT_TOTAL_719126_63505535
2970594,1,2026-05-20 12:22:00,250283,,63505668,0,,0,,CORRECT_TOTAL_0_63505668
2969425,1,2026-05-20 12:23:00,250151,719127,63755819,1,,277,,CORRECT_TOTAL_719127_63755819
2970595,1,2026-05-20 12:24:00,250284,,63755952,0,,0,,CORRECT_TOTAL_0_63755952
2969426,1,2026-05-20 12:25:00,250153,719129,64006105,2,,279,,CORRECT_TOTAL_719129_64006105
2970596,1,2026-05-20 12:26:00,250285,,64006237,0,,0,,CORRECT_TOTAL_0_64006237
2969432,1,2026-05-20 12:27:00,250154,719130,64256391,1,,280,,CORRECT_TOTAL_719130_64256391
2970597,1,2026-05-20 12:28:00,250286,,64256523,0,,0,,CORRECT_TOTAL_0_64256523
2969433,1,2026-05-20 12:29:00,250155,719131,64506678,1,,281,,CORRECT_TOTAL_719131_64506678
2970598,1,2026-05-20 12:30:00,250287,,64506810,0,,0,,CORRECT_TOTAL_0_64506810
2969437,1,2026-05-20 12:31:00,250156,719132,64756966,1,,282,,CORRECT_TOTAL_719132_64756966
2970599,1,2026-05-20 12:32:00,250289,,64757099,0,,0,,CORRECT_TOTAL_0_64757099
2969443,1,2026-05-20 12:33:00,250157,719133,65007256,1,,283,,CORRECT_TOTAL_719133_65007256
2970600,1,2026-05-20 12:34:00,250290,,65007389,0,,0,,CORRECT_TOTAL_0_65007389
2969444,1,2026-05-20 12:35:00,250158,719134,65257547,1,,284,,CORRECT_TOTAL_719134_65257547
2970601,1,2026-05-20 12:36:00,250291,,65257680,0,,0,,CORRECT_TOTAL_0_65257680
2969450,1,2026-05-20 12:37:00,250159,719135,65507839,1,,285,,CORRECT_TOTAL_719135_65507839
2970602,1,2026-05-20 12:38:00,250292,,65507972,0,,0,,CORRECT_TOTAL_0_65507972
2969451,1,2026-05-20 12:39:00,250160,719136,65758132,1,,286,,CORRECT_TOTAL_719136_65758132
2970603,1,2026-05-20 12:40:00,250293,,65758265,0,,0,,CORRECT_TOTAL_0_65758265
2969454,1,2026-05-20 12:41:00,250161,719137,66008426,1,,287,,CORRECT_TOTAL_719137_66008426
2970604,1,2026-05-20 12:42:00,250294,,66008559,0,,0,,CORRECT_TOTAL_0_66008559
2969461,1,2026-05-20 12:43:00,250163,719139,66258722,2,,289,,CORRECT_TOTAL_719139_66258722
2970605,1,2026-05-20 12:44:00,250295,,66258854,0,,0,,CORRECT_TOTAL_0_66258854
2969462,1,2026-05-20 12:45:00,250163,719139,66509017,0,,289,,CORRECT_TOTAL_719139_66509017
2970606,1,2026-05-20 12:46:00,250296,,66509150,0,,0,,CORRECT_TOTAL_0_66509150
2969468,1,2026-05-20 12:47:00,250164,719140,66759314,1,,290,,CORRECT_TOTAL_719140_66759314
2970607,1,2026-05-20 12:48:00,250297,,66759447,0,,0,,CORRECT_TOTAL_0_66759447
2969469,1,2026-05-20 12:49:00,250166,719142,67009613,2,,292,,CORRECT_TOTAL_719142_67009613
2970608,1,2026-05-20 12:50:00,250299,,67009746,0,,0,,CORRECT_TOTAL_0_67009746
2969474,1,2026-05-20 12:51:00,250167,719143,67259913,1,,293,,CORRECT_TOTAL_719143_67259913
2970609,1,2026-05-20 12:52:00,250300,,67260046,0,,0,,CORRECT_TOTAL_0_67260046
2969479,1,2026-05-20 12:53:00,250168,719144,67510214,1,,294,,CORRECT_TOTAL_719144_67510214
2970610,1,2026-05-20 12:54:00,250301,,67510347,0,,0,,CORRECT_TOTAL_0_67510347
2969480,1,2026-05-20 12:55:00,250169,719145,67760516,1,,295,,CORRECT_TOTAL_719145_67760516
2970611,1,2026-05-20 12:56:00,250302,,67760649,0,,0,,CORRECT_TOTAL_0_67760649
2969486,1,2026-05-20 12:57:00,250170,719146,68010819,1,,296,,CORRECT_TOTAL_719146_68010819
2970612,1,2026-05-20 12:58:00,250303,,68010952,0,,0,,CORRECT_TOTAL_0_68010952
2969487,1,2026-05-20 12:59:00,250171,719147,68261123,1,,297,,CORRECT_TOTAL_719147_68261123
2970613,1,2026-05-20 13:00:00,250304,,68261256,0,,0,,CORRECT_TOTAL_0_68261256
2969492,1,2026-05-20 13:01:00,250172,719148,68511428,1,,298,,CORRECT_TOTAL_719148_68511428
2970614,1,2026-05-20 13:02:00,250305,,68511561,0,,0,,CORRECT_TOTAL_0_68511561
2969520,1,2026-05-20 13:03:00,250173,719149,68761734,1,,299,,CORRECT_TOTAL_719149_68761734
2970615,1,2026-05-20 13:04:00,250306,,68761867,0,,0,,CORRECT_TOTAL_0_68761867
2969572,1,2026-05-20 13:05:00,250174,719150,69012041,1,,300,,CORRECT_TOTAL_719150_69012041
2970616,1,2026-05-20 13:06:00,250308,,69012175,0,,0,,CORRECT_TOTAL_0_69012175
2969635,1,2026-05-20 13:07:00,250176,719152,69262351,2,,302,,CORRECT_TOTAL_719152_69262351
2970617,1,2026-05-20 13:08:00,250309,,69262484,0,,0,,CORRECT_TOTAL_0_69262484
2969636,1,2026-05-20 13:09:00,250177,719153,69512661,1,,303,,CORRECT_TOTAL_719153_69512661
2970618,1,2026-05-20 13:10:00,250310,,69512794,0,,0,,CORRECT_TOTAL_0_69512794
2969641,1,2026-05-20 13:11:00,250178,719154,69762972,1,,304,,CORRECT_TOTAL_719154_69762972
2970619,1,2026-05-20 13:12:00,250311,,69763105,0,,0,,CORRECT_TOTAL_0_69763105
2969646,1,2026-05-20 13:13:00,250179,719155,70013284,1,,305,,CORRECT_TOTAL_719155_70013284
2970620,1,2026-05-20 13:14:00,250312,,70013417,0,,0,,CORRECT_TOTAL_0_70013417
2969647,1,2026-05-20 13:15:00,250180,719156,70263597,1,,306,,CORRECT_TOTAL_719156_70263597
2970621,1,2026-05-20 13:16:00,250313,,70263730,0,,0,,CORRECT_TOTAL_0_70263730
2969653,1,2026-05-20 13:17:00,250181,719157,70513911,1,,307,,CORRECT_TOTAL_719157_70513911
2970622,1,2026-05-20 13:18:00,250314,,70514044,0,,0,,CORRECT_TOTAL_0_70514044
2969654,1,2026-05-20 13:19:00,250182,719158,70764226,1,,308,,CORRECT_TOTAL_719158_70764226
2970623,1,2026-05-20 13:20:00,250315,,70764359,0,,0,,CORRECT_TOTAL_0_70764359
2969659,1,2026-05-20 13:21:00,250183,719159,71014542,1,,309,,CORRECT_TOTAL_719159_71014542
2970624,1,2026-05-20 13:22:00,250316,,71014675,0,,0,,CORRECT_TOTAL_0_71014675
2969664,1,2026-05-20 13:23:00,250184,719160,71264859,1,,310,,CORRECT_TOTAL_719160_71264859
2970625,1,2026-05-20 13:24:00,250318,,71264993,0,,0,,CORRECT_TOTAL_0_71264993
2969665,1,2026-05-20 13:25:00,250186,719162,71515179,2,,312,,CORRECT_TOTAL_719162_71515179
2970626,1,2026-05-20 13:26:00,250319,,71515312,0,,0,,CORRECT_TOTAL_0_71515312
2969671,1,2026-05-20 13:27:00,250187,719163,71765499,1,,313,,CORRECT_TOTAL_719163_71765499
2970627,1,2026-05-20 13:28:00,250320,,71765632,0,,0,,CORRECT_TOTAL_0_71765632
2969672,1,2026-05-20 13:29:00,250188,719164,72015820,1,,314,,CORRECT_TOTAL_719164_72015820
2970628,1,2026-05-20 13:30:00,250321,,72015953,0,,0,,CORRECT_TOTAL_0_72015953
2969677,1,2026-05-20 13:31:00,250189,719165,72266142,1,,315,,CORRECT_TOTAL_719165_72266142
2970629,1,2026-05-20 13:32:00,250322,,72266275,0,,0,,CORRECT_TOTAL_0_72266275
2969682,1,2026-05-20 13:33:00,250190,719166,72516465,1,,316,,CORRECT_TOTAL_719166_72516465
2970630,1,2026-05-20 13:34:00,250323,,72516598,0,,0,,CORRECT_TOTAL_0_72516598
2969683,1,2026-05-20 13:35:00,250191,719167,72766789,1,,317,,CORRECT_TOTAL_719167_72766789
2970631,1,2026-05-20 13:36:00,250324,,72766922,0,,0,,CORRECT_TOTAL_0_72766922
2969689,1,2026-05-20 13:37:00,250192,719168,73017114,1,,318,,CORRECT_TOTAL_719168_73017114
2970632,1,2026-05-20 13:38:00,250325,,73017247,0,,0,,CORRECT_TOTAL_0_73017247
2969690,1,2026-05-20 13:39:00,250193,719169,73267440,1,,319,,CORRECT_TOTAL_719169_73267440
2970633,1,2026-05-20 13:40:00,250327,,73267574,0,,0,,CORRECT_TOTAL_0_73267574
2969695,1,2026-05-20 13:41:00,250195,719171,73517769,2,,321,,CORRECT_TOTAL_719171_73517769
2970634,1,2026-05-20 13:42:00,250328,,73517902,0,,0,,CORRECT_TOTAL_0_73517902
2969700,1,2026-05-20 13:43:00,250196,719172,73768098,1,,322,,CORRECT_TOTAL_719172_73768098
2970635,1,2026-05-20 13:44:00,250329,,73768231,0,,0,,CORRECT_TOTAL_0_73768231
2969701,1,2026-05-20 13:45:00,250197,719173,74018428,1,,323,,CORRECT_TOTAL_719173_74018428
2970636,1,2026-05-20 13:46:00,250330,,74018561,0,,0,,CORRECT_TOTAL_0_74018561
2969707,1,2026-05-20 13:47:00,250198,719174,74268759,1,,324,,CORRECT_TOTAL_719174_74268759
2970637,1,2026-05-20 13:48:00,250331,,74268892,0,,0,,CORRECT_TOTAL_0_74268892
2969708,1,2026-05-20 13:49:00,250199,719175,74519091,1,,325,,CORRECT_TOTAL_719175_74519091
2970638,1,2026-05-20 13:50:00,250332,,74519224,0,,0,,CORRECT_TOTAL_0_74519224
2969713,1,2026-05-20 13:51:00,250200,719176,74769424,1,,326,,CORRECT_TOTAL_719176_74769424
2970639,1,2026-05-20 13:52:00,250333,,74769557,0,,0,,CORRECT_TOTAL_0_74769557
2969718,1,2026-05-20 13:53:00,250201,719177,75019758,1,,327,,CORRECT_TOTAL_719177_75019758
2970640,1,2026-05-20 13:54:00,250334,,75019891,0,,0,,CORRECT_TOTAL_0_75019891
2969719,1,2026-05-20 13:55:00,250202,719178,75270093,1,,328,,CORRECT_TOTAL_719178_75270093
2970641,1,2026-05-20 13:56:00,250335,,75270226,0,,0,,CORRECT_TOTAL_0_75270226
2969725,1,2026-05-20 13:57:00,250203,719179,75520429,1,,329,,CORRECT_TOTAL_719179_75520429
2970642,1,2026-05-20 13:58:00,250337,,75520563,0,,0,,CORRECT_TOTAL_0_75520563
2969726,1,2026-05-20 13:59:00,250205,719181,75770768,2,,331,,CORRECT_TOTAL_719181_75770768
2970643,1,2026-05-20 14:00:00,250338,,75770901,0,,0,,CORRECT_TOTAL_0_75770901
2969731,1,2026-05-20 14:01:00,250206,719182,76021107,1,,332,,CORRECT_TOTAL_719182_76021107
2970644,1,2026-05-20 14:02:00,250339,,76021240,0,,0,,CORRECT_TOTAL_0_76021240
2969780,1,2026-05-20 14:03:00,250207,719183,76271447,1,,333,,CORRECT_TOTAL_719183_76271447
2970645,1,2026-05-20 14:04:00,250340,,76271580,0,,0,,CORRECT_TOTAL_0_76271580
2969805,1,2026-05-20 14:05:00,250207,719183,76521787,0,,333,,CORRECT_TOTAL_719183_76521787
2970646,1,2026-05-20 14:06:00,250341,,76521921,0,,0,,CORRECT_TOTAL_0_76521921
2969874,1,2026-05-20 14:07:00,250209,719185,76772130,2,,335,,CORRECT_TOTAL_719185_76772130
2970647,1,2026-05-20 14:08:00,250342,,76772263,0,,0,,CORRECT_TOTAL_0_76772263
2969875,1,2026-05-20 14:09:00,250210,719186,77022473,1,,336,,CORRECT_TOTAL_719186_77022473
2970648,1,2026-05-20 14:10:00,250343,,77022606,0,,0,,CORRECT_TOTAL_0_77022606
2969880,1,2026-05-20 14:11:00,250211,719187,77272817,1,,337,,CORRECT_TOTAL_719187_77272817
2970649,1,2026-05-20 14:12:00,250344,,77272950,0,,0,,CORRECT_TOTAL_0_77272950
2969885,1,2026-05-20 14:13:00,250212,719188,77523162,1,,338,,CORRECT_TOTAL_719188_77523162
2970650,1,2026-05-20 14:14:00,250346,,77523296,0,,0,,CORRECT_TOTAL_0_77523296
2969886,1,2026-05-20 14:15:00,250213,719189,77773509,1,,339,,CORRECT_TOTAL_719189_77773509
2970651,1,2026-05-20 14:16:00,250347,,77773643,0,,0,,CORRECT_TOTAL_0_77773643
2969892,1,2026-05-20 14:17:00,250214,719190,78023857,1,,340,,CORRECT_TOTAL_719190_78023857
2970652,1,2026-05-20 14:18:00,250348,,78023991,0,,0,,CORRECT_TOTAL_0_78023991
2969893,1,2026-05-20 14:19:00,250215,719191,78274206,1,,341,,CORRECT_TOTAL_719191_78274206
2970653,1,2026-05-20 14:20:00,250348,,78274339,0,,0,,CORRECT_TOTAL_0_78274339
2969897,1,2026-05-20 14:21:00,250216,719192,78524555,1,,342,,CORRECT_TOTAL_719192_78524555
2970654,1,2026-05-20 14:22:00,250350,,78524689,0,,0,,CORRECT_TOTAL_0_78524689
2969903,1,2026-05-20 14:23:00,250217,719193,78774906,1,,343,,CORRECT_TOTAL_719193_78774906
2970655,1,2026-05-20 14:24:00,250351,,78775040,0,,0,,CORRECT_TOTAL_0_78775040
2969904,1,2026-05-20 14:25:00,250218,719194,79025258,1,,344,,CORRECT_TOTAL_719194_79025258
2970656,1,2026-05-20 14:26:00,250352,,79025392,0,,0,,CORRECT_TOTAL_0_79025392
2969910,1,2026-05-20 14:27:00,250219,719195,79275611,1,,345,,CORRECT_TOTAL_719195_79275611
2970657,1,2026-05-20 14:28:00,250353,,79275745,0,,0,,CORRECT_TOTAL_0_79275745
2969911,1,2026-05-20 14:29:00,250220,719196,79525965,1,,346,,CORRECT_TOTAL_719196_79525965
2970658,1,2026-05-20 14:30:00,250354,,79526099,0,,0,,CORRECT_TOTAL_0_79526099
2969913,1,2026-05-20 14:31:00,250221,719197,79776320,1,,347,,CORRECT_TOTAL_719197_79776320
2970659,1,2026-05-20 14:32:00,250356,,79776455,0,,0,,CORRECT_TOTAL_0_79776455
2969921,1,2026-05-20 14:33:00,250223,719199,80026678,2,,349,,CORRECT_TOTAL_719199_80026678
2970660,1,2026-05-20 14:34:00,250357,,80026812,0,,0,,CORRECT_TOTAL_0_80026812
2969922,1,2026-05-20 14:35:00,250224,719200,80277036,1,,350,,CORRECT_TOTAL_719200_80277036
2970661,1,2026-05-20 14:36:00,250357,,80277169,0,,0,,CORRECT_TOTAL_0_80277169
2969928,1,2026-05-20 14:37:00,250225,719201,80527394,1,,351,,CORRECT_TOTAL_719201_80527394
2970662,1,2026-05-20 14:38:00,250359,,80527528,0,,0,,CORRECT_TOTAL_0_80527528
2969929,1,2026-05-20 14:39:00,250226,719202,80777754,1,,352,,CORRECT_TOTAL_719202_80777754
2970663,1,2026-05-20 14:40:00,250360,,80777888,0,,0,,CORRECT_TOTAL_0_80777888
2969933,1,2026-05-20 14:41:00,250227,719203,81028115,1,,353,,CORRECT_TOTAL_719203_81028115
2970664,1,2026-05-20 14:42:00,250361,,81028249,0,,0,,CORRECT_TOTAL_0_81028249
2969939,1,2026-05-20 14:43:00,250228,719204,81278477,1,,354,,CORRECT_TOTAL_719204_81278477
2970665,1,2026-05-20 14:44:00,250362,,81278611,0,,0,,CORRECT_TOTAL_0_81278611
2969940,1,2026-05-20 14:45:00,250229,719205,81528840,1,,355,,CORRECT_TOTAL_719205_81528840
2970666,1,2026-05-20 14:46:00,250363,,81528974,0,,0,,CORRECT_TOTAL_0_81528974
2969946,1,2026-05-20 14:47:00,250230,719206,81779204,1,,356,,CORRECT_TOTAL_719206_81779204
2970667,1,2026-05-20 14:48:00,250365,,81779339,0,,0,,CORRECT_TOTAL_0_81779339
2969947,1,2026-05-20 14:49:00,250231,719207,82029570,1,,357,,CORRECT_TOTAL_719207_82029570
2970668,1,2026-05-20 14:50:00,250366,,82029705,0,,0,,CORRECT_TOTAL_0_82029705
2969948,1,2026-05-20 14:51:00,250232,719208,82279937,1,,358,,CORRECT_TOTAL_719208_82279937
2970669,1,2026-05-20 14:52:00,250366,,82280071,0,,0,,CORRECT_TOTAL_0_82280071
2969957,1,2026-05-20 14:53:00,250233,719209,82530304,1,,359,,CORRECT_TOTAL_719209_82530304
2970670,1,2026-05-20 14:54:00,250367,,82530438,0,,0,,CORRECT_TOTAL_0_82530438
2969958,1,2026-05-20 14:55:00,250234,719210,82780672,1,,360,,CORRECT_TOTAL_719210_82780672
2970671,1,2026-05-20 14:56:00,250369,,82780807,0,,0,,CORRECT_TOTAL_0_82780807
2969964,1,2026-05-20 14:57:00,250235,719211,83031042,1,,361,,CORRECT_TOTAL_719211_83031042
2970672,1,2026-05-20 14:58:00,250370,,83031177,0,,0,,CORRECT_TOTAL_0_83031177
2969965,1,2026-05-20 14:59:00,250237,719213,83281414,2,,363,,CORRECT_TOTAL_719213_83281414
2970673,1,2026-05-20 15:00:00,250371,,83281548,0,,0,,CORRECT_TOTAL_0_83281548
2969971,1,2026-05-20 15:01:00,250238,719214,83531786,1,,364,,CORRECT_TOTAL_719214_83531786
2970674,1,2026-05-20 15:02:00,250372,,83531920,0,,0,,CORRECT_TOTAL_0_83531920
2969976,1,2026-05-20 15:03:00,250239,719215,83782159,1,,365,,CORRECT_TOTAL_719215_83782159
2970675,1,2026-05-20 15:04:00,250373,,83782293,0,,0,,CORRECT_TOTAL_0_83782293
2970002,1,2026-05-20 15:05:00,250240,719216,84032533,1,,366,,CORRECT_TOTAL_719216_84032533
2970676,1,2026-05-20 15:06:00,250375,,84032668,0,,0,,CORRECT_TOTAL_0_84032668
2970113,1,2026-05-20 15:07:00,250241,719217,84282909,1,,367,,CORRECT_TOTAL_719217_84282909
2970677,1,2026-05-20 15:08:00,250376,,84283044,0,,0,,CORRECT_TOTAL_0_84283044
2970114,1,2026-05-20 15:09:00,250242,719218,84533286,1,,368,,CORRECT_TOTAL_719218_84533286
2970678,1,2026-05-20 15:10:00,250376,,84533420,0,,0,,CORRECT_TOTAL_0_84533420
2970118,1,2026-05-20 15:11:00,250243,719219,84783663,1,,369,,CORRECT_TOTAL_719219_84783663
2970679,1,2026-05-20 15:12:00,250377,,84783797,0,,0,,CORRECT_TOTAL_0_84783797
2970124,1,2026-05-20 15:13:00,250244,719220,85034041,1,,370,,CORRECT_TOTAL_719220_85034041
2970680,1,2026-05-20 15:14:00,250379,,85034176,0,,0,,CORRECT_TOTAL_0_85034176
2970681,1,2026-05-20 15:16:00,250380,,85034177,0,,0,,CORRECT_TOTAL_0_85034177
2970682,1,2026-05-20 15:18:00,250381,,85034178,0,,0,,CORRECT_TOTAL_0_85034178
2970683,1,2026-05-20 15:20:00,250382,,85034179,0,,0,,CORRECT_TOTAL_0_85034179
2970684,1,2026-05-20 15:22:00,250384,,85034181,0,,0,,CORRECT_TOTAL_0_85034181
2970685,1,2026-05-20 15:24:00,250385,,85034182,0,,0,,CORRECT_TOTAL_0_85034182
2970686,1,2026-05-20 15:26:00,250385,,85034182,0,,0,,CORRECT_TOTAL_0_85034182
2970687,1,2026-05-20 15:28:00,250386,,85034183,0,,0,,CORRECT_TOTAL_0_85034183
2970688,1,2026-05-20 15:30:00,250388,,85034185,0,,0,,CORRECT_TOTAL_0_85034185
2970689,1,2026-05-20 15:32:00,250389,,85034186,0,,0,,CORRECT_TOTAL_0_85034186
2970690,1,2026-05-20 15:34:00,250390,,85034187,0,,0,,CORRECT_TOTAL_0_85034187
2970691,1,2026-05-20 15:36:00,250391,,85034188,0,,0,,CORRECT_TOTAL_0_85034188
2970692,1,2026-05-20 15:38:00,250392,,85034189,0,,0,,CORRECT_TOTAL_0_85034189
2970693,1,2026-05-20 15:40:00,250394,,85034191,0,,0,,CORRECT_TOTAL_0_85034191
2970694,1,2026-05-20 15:42:00,250395,,85034192,0,,0,,CORRECT_TOTAL_0_85034192
2970695,1,2026-05-20 15:44:00,250395,,85034192,0,,0,,CORRECT_TOTAL_0_85034192
2970696,1,2026-05-20 15:46:00,250396,,85034193,0,,0,,CORRECT_TOTAL_0_85034193
2970697,1,2026-05-20 15:48:00,250398,,85034195,0,,0,,CORRECT_TOTAL_0_85034195
2970698,1,2026-05-20 15:50:00,250399,,85034196,0,,0,,CORRECT_TOTAL_0_85034196
2970699,1,2026-05-20 15:52:00,250400,,85034197,0,,0,,CORRECT_TOTAL_0_85034197
2970700,1,2026-05-20 15:54:00,250401,,85034198,0,,0,,CORRECT_TOTAL_0_85034198
2970701,1,2026-05-20 15:56:00,250403,,85034200,0,,0,,CORRECT_TOTAL_0_85034200
2970702,1,2026-05-20 15:58:00,250404,,85034201,0,,0,,CORRECT_TOTAL_0_85034201
2970703,1,2026-05-20 16:00:00,250405,,85034202,0,,0,,CORRECT_TOTAL_0_85034202
2970704,1,2026-05-20 16:02:00,250405,,85034202,0,,0,,CORRECT_TOTAL_0_85034202
2970705,1,2026-05-20 16:04:00,250407,,85034204,0,,0,,CORRECT_TOTAL_0_85034204
2970706,1,2026-05-20 16:06:00,250408,,85034205,0,,0,,CORRECT_TOTAL_0_85034205
2970707,1,2026-05-20 16:08:00,250409,,85034206,0,,0,,CORRECT_TOTAL_0_85034206
2970708,1,2026-05-20 16:10:00,250410,,85034207,0,,0,,CORRECT_TOTAL_0_85034207
2970709,1,2026-05-20 16:12:00,250411,,85034208,0,,0,,CORRECT_TOTAL_0_85034208
2970710,1,2026-05-20 16:14:00,250413,,85034210,0,,0,,CORRECT_TOTAL_0_85034210
2970711,1,2026-05-20 16:16:00,250414,,85034211,0,,0,,CORRECT_TOTAL_0_85034211
2970712,1,2026-05-20 16:18:00,250415,,85034212,0,,0,,CORRECT_TOTAL_0_85034212
2970713,1,2026-05-20 16:20:00,250416,,85034213,0,,0,,CORRECT_TOTAL_0_85034213
2970714,1,2026-05-20 16:22:00,250417,,85034214,0,,0,,CORRECT_TOTAL_0_85034214
2970715,1,2026-05-20 16:24:00,250418,,85034215,0,,0,,CORRECT_TOTAL_0_85034215
2970716,1,2026-05-20 16:26:00,250419,,85034216,0,,0,,CORRECT_TOTAL_0_85034216
2970717,1,2026-05-20 16:28:00,250420,,85034217,0,,0,,CORRECT_TOTAL_0_85034217
2970718,1,2026-05-20 16:30:00,250421,,85034218,0,,0,,CORRECT_TOTAL_0_85034218
2970719,1,2026-05-20 16:32:00,250423,,85034220,0,,0,,CORRECT_TOTAL_0_85034220
2970720,1,2026-05-20 16:34:00,250424,,85034221,0,,0,,CORRECT_TOTAL_0_85034221
2970721,1,2026-05-20 16:36:00,250425,,85034222,0,,0,,CORRECT_TOTAL_0_85034222
2970722,1,2026-05-20 16:38:00,250426,,85034223,0,,0,,CORRECT_TOTAL_0_85034223
2970723,1,2026-05-20 16:40:00,250427,,85034224,0,,0,,CORRECT_TOTAL_0_85034224
2970724,1,2026-05-20 16:42:00,250428,,85034225,0,,0,,CORRECT_TOTAL_0_85034225
2970725,1,2026-05-20 16:44:00,250429,,85034226,0,,0,,CORRECT_TOTAL_0_85034226
2970726,1,2026-05-20 16:46:00,250430,,85034227,0,,0,,CORRECT_TOTAL_0_85034227
2970727,1,2026-05-20 16:48:00,250432,,85034229,0,,0,,CORRECT_TOTAL_0_85034229
2970728,1,2026-05-20 16:50:00,250433,,85034230,0,,0,,CORRECT_TOTAL_0_85034230
2970729,1,2026-05-20 16:52:00,250434,,85034231,0,,0,,CORRECT_TOTAL_0_85034231
2970730,1,2026-05-20 16:54:00,250435,,85034232,0,,0,,CORRECT_TOTAL_0_85034232
2970731,1,2026-05-20 16:56:00,250436,,85034233,0,,0,,CORRECT_TOTAL_0_85034233
2970732,1,2026-05-20 16:58:00,250437,,85034234,0,,0,,CORRECT_TOTAL_0_85034234
2970733,1,2026-05-20 17:00:00,250438,,85034235,0,,0,,CORRECT_TOTAL_0_85034235
2970734,1,2026-05-20 17:02:00,250439,,85034236,0,,0,,CORRECT_TOTAL_0_85034236
2970735,1,2026-05-20 17:04:00,250440,,85034237,0,,0,,CORRECT_TOTAL_0_85034237
2970736,1,2026-05-20 17:06:00,250442,,85034239,0,,0,,CORRECT_TOTAL_0_85034239
2970737,1,2026-05-20 17:08:00,250443,,85034240,0,,0,,CORRECT_TOTAL_0_85034240
2970738,1,2026-05-20 17:10:00,250444,,85034241,0,,0,,CORRECT_TOTAL_0_85034241
2970739,1,2026-05-20 17:12:00,250445,,85034242,0,,0,,CORRECT_TOTAL_0_85034242
2970740,1,2026-05-20 17:14:00,250446,,85034243,0,,0,,CORRECT_TOTAL_0_85034243
2970741,1,2026-05-20 17:16:00,250447,,85034244,0,,0,,CORRECT_TOTAL_0_85034244
2970742,1,2026-05-20 17:18:00,250448,,85034245,0,,0,,CORRECT_TOTAL_0_85034245
2970743,1,2026-05-20 17:20:00,250449,,85034246,0,,0,,CORRECT_TOTAL_0_85034246
2970744,1,2026-05-20 17:22:00,250451,,85034248,0,,0,,CORRECT_TOTAL_0_85034248
2970745,1,2026-05-20 17:24:00,250452,,85034249,0,,0,,CORRECT_TOTAL_0_85034249
2970746,1,2026-05-20 17:26:00,250453,,85034250,0,,0,,CORRECT_TOTAL_0_85034250
2970747,1,2026-05-20 17:28:00,250454,,85034251,0,,0,,CORRECT_TOTAL_0_85034251
2970748,1,2026-05-20 17:30:00,250455,,85034252,0,,0,,CORRECT_TOTAL_0_85034252
2970749,1,2026-05-20 17:32:00,250457,,85034254,0,,0,,CORRECT_TOTAL_0_85034254
2970750,1,2026-05-20 17:34:00,250457,,85034254,0,,0,,CORRECT_TOTAL_0_85034254
2970751,1,2026-05-20 17:36:00,250458,,85034255,0,,0,,CORRECT_TOTAL_0_85034255
2970752,1,2026-05-20 17:38:00,250460,,85034257,0,,0,,CORRECT_TOTAL_0_85034257
2970753,1,2026-05-20 17:40:00,250461,,85034258,0,,0,,CORRECT_TOTAL_0_85034258
2970754,1,2026-05-20 17:42:00,250462,,85034259,0,,0,,CORRECT_TOTAL_0_85034259
2970755,1,2026-05-20 17:44:00,250463,,85034260,0,,0,,CORRECT_TOTAL_0_85034260
2970756,1,2026-05-20 17:46:00,250464,,85034261,0,,0,,CORRECT_TOTAL_0_85034261
2970757,1,2026-05-20 17:48:00,250466,,85034263,0,,0,,CORRECT_TOTAL_0_85034263
2970758,1,2026-05-20 17:50:00,250467,,85034264,0,,0,,CORRECT_TOTAL_0_85034264
2970759,1,2026-05-20 17:52:00,250468,,85034265,0,,0,,CORRECT_TOTAL_0_85034265
2970760,1,2026-05-20 17:54:00,250469,,85034266,0,,0,,CORRECT_TOTAL_0_85034266
2970761,1,2026-05-20 17:56:00,250470,,85034267,0,,0,,CORRECT_TOTAL_0_85034267
2970762,1,2026-05-20 17:58:00,250471,,85034268,0,,0,,CORRECT_TOTAL_0_85034268
2970763,1,2026-05-20 18:00:00,250472,,85034269,0,,0,,CORRECT_TOTAL_0_85034269
2970764,1,2026-05-20 18:02:00,250473,,85034270,0,,0,,CORRECT_TOTAL_0_85034270
2970765,1,2026-05-20 18:04:00,250474,,85034271,0,,0,,CORRECT_TOTAL_0_85034271
2970766,1,2026-05-20 18:06:00,250476,,85034273,0,,0,,CORRECT_TOTAL_0_85034273
2970767,1,2026-05-20 18:08:00,250477,,85034274,0,,0,,CORRECT_TOTAL_0_85034274
2970768,1,2026-05-20 18:10:00,250478,,85034275,0,,0,,CORRECT_TOTAL_0_85034275
2970769,1,2026-05-20 18:12:00,250479,,85034276,0,,0,,CORRECT_TOTAL_0_85034276
2970770,1,2026-05-20 18:14:00,250480,,85034277,0,,0,,CORRECT_TOTAL_0_85034277
2970771,1,2026-05-20 18:16:00,250481,,85034278,0,,0,,CORRECT_TOTAL_0_85034278
2970772,1,2026-05-20 18:18:00,250482,,85034279,0,,0,,CORRECT_TOTAL_0_85034279
2970773,1,2026-05-20 18:20:00,250483,,85034280,0,,0,,CORRECT_TOTAL_0_85034280
2970774,1,2026-05-20 18:22:00,250485,,85034282,0,,0,,CORRECT_TOTAL_0_85034282
2970775,1,2026-05-20 18:24:00,250486,,85034283,0,,0,,CORRECT_TOTAL_0_85034283
2970776,1,2026-05-20 18:26:00,250487,,85034284,0,,0,,CORRECT_TOTAL_0_85034284
2970777,1,2026-05-20 18:28:00,250488,,85034285,0,,0,,CORRECT_TOTAL_0_85034285
2970778,1,2026-05-20 18:30:00,250489,,85034286,0,,0,,CORRECT_TOTAL_0_85034286
2970779,1,2026-05-20 18:32:00,250491,,85034288,0,,0,,CORRECT_TOTAL_0_85034288
2970780,1,2026-05-20 18:34:00,250492,,85034289,0,,0,,CORRECT_TOTAL_0_85034289
2970781,1,2026-05-20 18:36:00,250493,,85034290,0,,0,,CORRECT_TOTAL_0_85034290
2970782,1,2026-05-20 18:38:00,250494,,85034291,0,,0,,CORRECT_TOTAL_0_85034291
2970783,1,2026-05-20 18:40:00,250495,,85034292,0,,0,,CORRECT_TOTAL_0_85034292
2970784,1,2026-05-20 18:42:00,250496,,85034293,0,,0,,CORRECT_TOTAL_0_85034293
2970785,1,2026-05-20 18:44:00,250497,,85034294,0,,0,,CORRECT_TOTAL_0_85034294
2970786,1,2026-05-20 18:46:00,250498,,85034295,0,,0,,CORRECT_TOTAL_0_85034295
2970787,1,2026-05-20 18:48:00,250500,,85034297,0,,0,,CORRECT_TOTAL_0_85034297
2970788,1,2026-05-20 18:50:00,250501,,85034298,0,,0,,CORRECT_TOTAL_0_85034298
2970789,1,2026-05-20 18:52:00,250502,,85034299,0,,0,,CORRECT_TOTAL_0_85034299
2970790,1,2026-05-20 18:54:00,250503,,85034300,0,,0,,CORRECT_TOTAL_0_85034300
2970791,1,2026-05-20 18:56:00,250504,,85034301,0,,0,,CORRECT_TOTAL_0_85034301
2970792,1,2026-05-20 18:58:00,250505,,85034302,0,,0,,CORRECT_TOTAL_0_85034302
2970793,1,2026-05-20 19:00:00,250506,,85034303,0,,0,,CORRECT_TOTAL_0_85034303
2970794,1,2026-05-20 19:02:00,250507,,85034304,0,,0,,CORRECT_TOTAL_0_85034304
2970795,1,2026-05-20 19:04:00,250508,,85034305,0,,0,,CORRECT_TOTAL_0_85034305
2970796,1,2026-05-20 19:06:00,250510,,85034307,0,,0,,CORRECT_TOTAL_0_85034307
2970797,1,2026-05-20 19:08:00,250511,,85034308,0,,0,,CORRECT_TOTAL_0_85034308
2970798,1,2026-05-20 19:10:00,250512,,85034309,0,,0,,CORRECT_TOTAL_0_85034309
2970799,1,2026-05-20 19:12:00,250513,,85034310,0,,0,,CORRECT_TOTAL_0_85034310
2970800,1,2026-05-20 19:14:00,250514,,85034311,0,,0,,CORRECT_TOTAL_0_85034311
2970801,1,2026-05-20 19:15:00,250515,,85034312,0,,0,,CORRECT_TOTAL_0_85034312
2970802,1,2026-05-20 19:16:00,250516,,85034313,0,,0,,CORRECT_TOTAL_0_85034313
2970803,1,2026-05-20 19:17:00,250516,,85034313,0,,0,,CORRECT_TOTAL_0_85034313
2970804,1,2026-05-20 19:18:00,250517,,85034314,0,,0,,CORRECT_TOTAL_0_85034314
2970805,1,2026-05-20 19:19:00,250517,,85034314,0,,0,,CORRECT_TOTAL_0_85034314
2970806,1,2026-05-20 19:20:00,250518,,85034315,0,,0,,CORRECT_TOTAL_0_85034315
2970807,1,2026-05-20 19:21:00,250519,,85034316,0,,0,,CORRECT_TOTAL_0_85034316
2970808,1,2026-05-20 19:22:00,250519,,85034316,0,,0,,CORRECT_TOTAL_0_85034316
2970809,1,2026-05-20 19:23:00,250519,,85034316,0,,0,,CORRECT_TOTAL_0_85034316
2970810,1,2026-05-20 19:24:00,250520,,85034317,0,,0,,CORRECT_TOTAL_0_85034317
2970811,1,2026-05-20 19:25:00,250520,,85034317,0,,0,,CORRECT_TOTAL_0_85034317
2970812,1,2026-05-20 19:26:00,250521,,85034318,0,,0,,CORRECT_TOTAL_0_85034318
2970813,1,2026-05-20 19:27:00,250522,,85034319,0,,0,,CORRECT_TOTAL_0_85034319
2970814,1,2026-05-20 19:28:00,250522,,85034319,0,,0,,CORRECT_TOTAL_0_85034319
2970815,1,2026-05-20 19:29:00,250523,,85034320,0,,0,,CORRECT_TOTAL_0_85034320
2970816,1,2026-05-20 19:30:00,250523,,85034320,0,,0,,CORRECT_TOTAL_0_85034320
2970817,1,2026-05-20 19:31:00,250524,,85034321,0,,0,,CORRECT_TOTAL_0_85034321
2970818,1,2026-05-20 19:32:00,250525,,85034322,0,,0,,CORRECT_TOTAL_0_85034322
2970819,1,2026-05-20 19:33:00,250525,,85034322,0,,0,,CORRECT_TOTAL_0_85034322
2970820,1,2026-05-20 19:34:00,250526,,85034323,0,,0,,CORRECT_TOTAL_0_85034323
2970821,1,2026-05-20 19:35:00,250526,,85034323,0,,0,,CORRECT_TOTAL_0_85034323
2970822,1,2026-05-20 19:36:00,250527,,85034324,0,,0,,CORRECT_TOTAL_0_85034324
2970823,1,2026-05-20 19:37:00,250528,,85034325,0,,0,,CORRECT_TOTAL_0_85034325
2970824,1,2026-05-20 19:38:00,250528,,85034325,0,,0,,CORRECT_TOTAL_0_85034325
2970825,1,2026-05-20 19:39:00,250529,,85034326,0,,0,,CORRECT_TOTAL_0_85034326
2970826,1,2026-05-20 19:40:00,250529,,85034326,0,,0,,CORRECT_TOTAL_0_85034326
2970827,1,2026-05-20 19:41:00,250530,,85034327,0,,0,,CORRECT_TOTAL_0_85034327
2970828,1,2026-05-20 19:42:00,250531,,85034328,0,,0,,CORRECT_TOTAL_0_85034328
2970829,1,2026-05-20 19:43:00,250531,,85034328,0,,0,,CORRECT_TOTAL_0_85034328
2970830,1,2026-05-20 19:44:00,250532,,85034329,0,,0,,CORRECT_TOTAL_0_85034329
2970831,1,2026-05-20 19:45:00,250532,,85034329,0,,0,,CORRECT_TOTAL_0_85034329
2970832,1,2026-05-20 19:46:00,250533,,85034330,0,,0,,CORRECT_TOTAL_0_85034330
2970833,1,2026-05-20 19:47:00,250533,,85034330,0,,0,,CORRECT_TOTAL_0_85034330
2970834,1,2026-05-20 19:48:00,250534,,85034331,0,,0,,CORRECT_TOTAL_0_85034331
2970835,1,2026-05-20 19:49:00,250534,,85034331,0,,0,,CORRECT_TOTAL_0_85034331
2970836,1,2026-05-20 19:50:00,250535,,85034332,0,,0,,CORRECT_TOTAL_0_85034332
2970837,1,2026-05-20 19:51:00,250535,,85034332,0,,0,,CORRECT_TOTAL_0_85034332
2970838,1,2026-05-20 19:52:00,250536,,85034333,0,,0,,CORRECT_TOTAL_0_85034333
2970839,1,2026-05-20 19:53:00,250537,,85034334,0,,0,,CORRECT_TOTAL_0_85034334
2970840,1,2026-05-20 19:54:00,250537,,85034334,0,,0,,CORRECT_TOTAL_0_85034334
2970841,1,2026-05-20 19:55:00,250538,,85034335,0,,0,,CORRECT_TOTAL_0_85034335
2970842,1,2026-05-20 19:56:00,250538,,85034335,0,,0,,CORRECT_TOTAL_0_85034335
2970843,1,2026-05-20 19:57:00,250539,,85034336,0,,0,,CORRECT_TOTAL_0_85034336
2970844,1,2026-05-20 19:58:00,250540,,85034337,0,,0,,CORRECT_TOTAL_0_85034337
2970845,1,2026-05-20 19:59:00,250540,,85034337,0,,0,,CORRECT_TOTAL_0_85034337
2970846,1,2026-05-20 20:01:00,250541,,85034338,0,,0,,CORRECT_TOTAL_0_85034338
2970847,1,2026-05-20 20:02:00,250542,,85034339,0,,0,,CORRECT_TOTAL_0_85034339
2970848,1,2026-05-20 20:03:00,250543,,85034340,0,,0,,CORRECT_TOTAL_0_85034340
2970849,1,2026-05-20 20:04:00,250543,,85034340,0,,0,,CORRECT_TOTAL_0_85034340
2970850,1,2026-05-20 20:05:00,250544,,85034341,0,,0,,CORRECT_TOTAL_0_85034341
2970851,1,2026-05-20 20:06:00,250544,,85034341,0,,0,,CORRECT_TOTAL_0_85034341
2970852,1,2026-05-20 20:07:00,250545,,85034342,0,,0,,CORRECT_TOTAL_0_85034342
2970853,1,2026-05-20 20:08:00,250546,,85034343,0,,0,,CORRECT_TOTAL_0_85034343
2970854,1,2026-05-20 20:09:00,250546,,85034343,0,,0,,CORRECT_TOTAL_0_85034343
2970855,1,2026-05-20 20:10:00,250546,,85034343,0,,0,,CORRECT_TOTAL_0_85034343
2970856,1,2026-05-20 20:11:00,250547,,85034344,0,,0,,CORRECT_TOTAL_0_85034344
2970857,1,2026-05-20 20:12:00,250547,,85034344,0,,0,,CORRECT_TOTAL_0_85034344
2970858,1,2026-05-20 20:13:00,250548,,85034345,0,,0,,CORRECT_TOTAL_0_85034345
2970859,1,2026-05-20 20:14:00,250549,,85034346,0,,0,,CORRECT_TOTAL_0_85034346
2970860,1,2026-05-20 20:15:00,250549,,85034346,0,,0,,CORRECT_TOTAL_0_85034346
2970861,1,2026-05-20 20:16:00,250550,,85034347,0,,0,,CORRECT_TOTAL_0_85034347
2970862,1,2026-05-20 20:17:00,250550,,85034347,0,,0,,CORRECT_TOTAL_0_85034347
2970863,1,2026-05-20 20:18:00,250551,,85034348,0,,0,,CORRECT_TOTAL_0_85034348
2970864,1,2026-05-20 20:19:00,250551,,85034348,0,,0,,CORRECT_TOTAL_0_85034348
2970865,1,2026-05-20 20:20:00,250552,,85034349,0,,0,,CORRECT_TOTAL_0_85034349
2970866,1,2026-05-20 20:21:00,250553,,85034350,0,,0,,CORRECT_TOTAL_0_85034350
2970867,1,2026-05-20 20:22:00,250553,,85034350,0,,0,,CORRECT_TOTAL_0_85034350
2970868,1,2026-05-20 20:23:00,250554,,85034351,0,,0,,CORRECT_TOTAL_0_85034351
2970869,1,2026-05-20 20:24:00,250554,,85034351,0,,0,,CORRECT_TOTAL_0_85034351
2970870,1,2026-05-20 20:25:00,250555,,85034352,0,,0,,CORRECT_TOTAL_0_85034352
2970871,1,2026-05-20 20:26:00,250556,,85034353,0,,0,,CORRECT_TOTAL_0_85034353
2970872,1,2026-05-20 20:27:00,250556,,85034353,0,,0,,CORRECT_TOTAL_0_85034353
2970873,1,2026-05-20 20:28:00,250557,,85034354,0,,0,,CORRECT_TOTAL_0_85034354
2970874,1,2026-05-20 20:29:00,250558,,85034355,0,,0,,CORRECT_TOTAL_0_85034355
2970875,1,2026-05-20 20:30:00,250558,,85034355,0,,0,,CORRECT_TOTAL_0_85034355
2970876,1,2026-05-20 20:31:00,250559,,85034356,0,,0,,CORRECT_TOTAL_0_85034356
2970877,1,2026-05-20 20:32:00,250559,,85034356,0,,0,,CORRECT_TOTAL_0_85034356
2970878,1,2026-05-20 20:33:00,250560,,85034357,0,,0,,CORRECT_TOTAL_0_85034357
2970879,1,2026-05-20 20:34:00,250561,,85034358,0,,0,,CORRECT_TOTAL_0_85034358
2970880,1,2026-05-20 20:35:00,250561,,85034358,0,,0,,CORRECT_TOTAL_0_85034358
2970881,1,2026-05-20 20:36:00,250561,,85034358,0,,0,,CORRECT_TOTAL_0_85034358
2970882,1,2026-05-20 20:37:00,250562,,85034359,0,,0,,CORRECT_TOTAL_0_85034359
2970883,1,2026-05-20 20:38:00,250562,,85034359,0,,0,,CORRECT_TOTAL_0_85034359
2970884,1,2026-05-20 20:39:00,250563,,85034360,0,,0,,CORRECT_TOTAL_0_85034360
2970885,1,2026-05-20 20:40:00,250563,,85034360,0,,0,,CORRECT_TOTAL_0_85034360
2970886,1,2026-05-20 20:41:00,250564,,85034361,0,,0,,CORRECT_TOTAL_0_85034361
2970887,1,2026-05-20 20:42:00,250565,,85034362,0,,0,,CORRECT_TOTAL_0_85034362
2970888,1,2026-05-20 20:43:00,250565,,85034362,0,,0,,CORRECT_TOTAL_0_85034362
2970889,1,2026-05-20 20:44:00,250566,,85034363,0,,0,,CORRECT_TOTAL_0_85034363
2970890,1,2026-05-20 20:45:00,250566,,85034363,0,,0,,CORRECT_TOTAL_0_85034363
2970891,1,2026-05-20 20:46:00,250567,,85034364,0,,0,,CORRECT_TOTAL_0_85034364
2970892,1,2026-05-20 20:47:00,250568,,85034365,0,,0,,CORRECT_TOTAL_0_85034365
2970893,1,2026-05-20 20:48:00,250568,,85034365,0,,0,,CORRECT_TOTAL_0_85034365
2970894,1,2026-05-20 20:49:00,250569,,85034366,0,,0,,CORRECT_TOTAL_0_85034366
2970895,1,2026-05-20 20:50:00,250569,,85034366,0,,0,,CORRECT_TOTAL_0_85034366
2970896,1,2026-05-20 20:51:00,250570,,85034367,0,,0,,CORRECT_TOTAL_0_85034367
2970897,1,2026-05-20 20:52:00,250571,,85034368,0,,0,,CORRECT_TOTAL_0_85034368
2970898,1,2026-05-20 20:53:00,250571,,85034368,0,,0,,CORRECT_TOTAL_0_85034368
2970899,1,2026-05-20 20:54:00,250572,,85034369,0,,0,,CORRECT_TOTAL_0_85034369
2970900,1,2026-05-20 20:55:00,250573,,85034370,0,,0,,CORRECT_TOTAL_0_85034370
2970901,1,2026-05-20 20:56:00,250573,,85034370,0,,0,,CORRECT_TOTAL_0_85034370
2970902,1,2026-05-20 20:57:00,250574,,85034371,0,,0,,CORRECT_TOTAL_0_85034371
2970903,1,2026-05-20 20:58:00,250574,,85034371,0,,0,,CORRECT_TOTAL_0_85034371
2970904,1,2026-05-20 20:59:00,250575,,85034372,0,,0,,CORRECT_TOTAL_0_85034372
2970905,1,2026-05-20 21:00:00,250576,,85034373,0,,0,,CORRECT_TOTAL_0_85034373
2970906,1,2026-05-20 21:01:00,250576,,85034373,0,,0,,CORRECT_TOTAL_0_85034373
2970907,1,2026-05-20 21:02:00,250577,,85034374,0,,0,,CORRECT_TOTAL_0_85034374
2970908,1,2026-05-20 21:03:00,250577,,85034374,0,,0,,CORRECT_TOTAL_0_85034374
2970909,1,2026-05-20 21:04:00,250577,,85034374,0,,0,,CORRECT_TOTAL_0_85034374
2970910,1,2026-05-20 21:05:00,250578,,85034375,0,,0,,CORRECT_TOTAL_0_85034375
2970911,1,2026-05-20 21:06:00,250578,,85034375,0,,0,,CORRECT_TOTAL_0_85034375
2970912,1,2026-05-20 21:07:00,250579,,85034376,0,,0,,CORRECT_TOTAL_0_85034376
2970913,1,2026-05-20 21:08:00,250580,,85034377,0,,0,,CORRECT_TOTAL_0_85034377
2970914,1,2026-05-20 21:09:00,250580,,85034377,0,,0,,CORRECT_TOTAL_0_85034377
2970915,1,2026-05-20 21:10:00,250581,,85034378,0,,0,,CORRECT_TOTAL_0_85034378
2970916,1,2026-05-20 21:11:00,250581,,85034378,0,,0,,CORRECT_TOTAL_0_85034378
2970917,1,2026-05-20 21:12:00,250582,,85034379,0,,0,,CORRECT_TOTAL_0_85034379
2970918,1,2026-05-20 21:13:00,250583,,85034380,0,,0,,CORRECT_TOTAL_0_85034380
2970919,1,2026-05-20 21:14:00,250583,,85034380,0,,0,,CORRECT_TOTAL_0_85034380
2970920,1,2026-05-20 21:15:00,250584,,85034381,0,,0,,CORRECT_TOTAL_0_85034381
2970921,1,2026-05-20 21:16:00,250584,,85034381,0,,0,,CORRECT_TOTAL_0_85034381
2970922,1,2026-05-20 21:17:00,250585,,85034382,0,,0,,CORRECT_TOTAL_0_85034382
2970923,1,2026-05-20 21:18:00,250586,,85034383,0,,0,,CORRECT_TOTAL_0_85034383
2970924,1,2026-05-20 21:19:00,250586,,85034383,0,,0,,CORRECT_TOTAL_0_85034383
2970925,1,2026-05-20 21:20:00,250587,,85034384,0,,0,,CORRECT_TOTAL_0_85034384
2970926,1,2026-05-20 21:21:00,250588,,85034385,0,,0,,CORRECT_TOTAL_0_85034385
2970927,1,2026-05-20 21:22:00,250588,,85034385,0,,0,,CORRECT_TOTAL_0_85034385
2970928,1,2026-05-20 21:23:00,250589,,85034386,0,,0,,CORRECT_TOTAL_0_85034386
2970929,1,2026-05-20 21:24:00,250589,,85034386,0,,0,,CORRECT_TOTAL_0_85034386
2970930,1,2026-05-20 21:25:00,250590,,85034387,0,,0,,CORRECT_TOTAL_0_85034387
2970931,1,2026-05-20 21:26:00,250591,,85034388,0,,0,,CORRECT_TOTAL_0_85034388
2970932,1,2026-05-20 21:27:00,250591,,85034388,0,,0,,CORRECT_TOTAL_0_85034388
2970933,1,2026-05-20 21:28:00,250592,,85034389,0,,0,,CORRECT_TOTAL_0_85034389
2970934,1,2026-05-20 21:29:00,250592,,85034389,0,,0,,CORRECT_TOTAL_0_85034389
2970935,1,2026-05-20 21:30:00,250593,,85034390,0,,0,,CORRECT_TOTAL_0_85034390
2970936,1,2026-05-20 21:31:00,250593,,85034390,0,,0,,CORRECT_TOTAL_0_85034390
2970937,1,2026-05-20 21:32:00,250593,,85034390,0,,0,,CORRECT_TOTAL_0_85034390
2970938,1,2026-05-20 21:33:00,250594,,85034391,0,,0,,CORRECT_TOTAL_0_85034391
2970939,1,2026-05-20 21:34:00,250595,,85034392,0,,0,,CORRECT_TOTAL_0_85034392
2970940,1,2026-05-20 21:35:00,250595,,85034392,0,,0,,CORRECT_TOTAL_0_85034392
2970941,1,2026-05-20 21:36:00,250596,,85034393,0,,0,,CORRECT_TOTAL_0_85034393
2970942,1,2026-05-20 21:37:00,250596,,85034393,0,,0,,CORRECT_TOTAL_0_85034393
2970943,1,2026-05-20 21:38:00,250597,,85034394,0,,0,,CORRECT_TOTAL_0_85034394
2970944,1,2026-05-20 21:39:00,250598,,85034395,0,,0,,CORRECT_TOTAL_0_85034395
2970945,1,2026-05-20 21:40:00,250598,,85034395,0,,0,,CORRECT_TOTAL_0_85034395
2970946,1,2026-05-20 21:41:00,250599,,85034396,0,,0,,CORRECT_TOTAL_0_85034396
2970947,1,2026-05-20 21:42:00,250599,,85034396,0,,0,,CORRECT_TOTAL_0_85034396
2970948,1,2026-05-20 21:43:00,250600,,85034397,0,,0,,CORRECT_TOTAL_0_85034397
2970949,1,2026-05-20 21:44:00,250601,,85034398,0,,0,,CORRECT_TOTAL_0_85034398
2970950,1,2026-05-20 21:45:00,250601,,85034398,0,,0,,CORRECT_TOTAL_0_85034398
2970951,1,2026-05-20 21:46:00,250602,,85034399,0,,0,,CORRECT_TOTAL_0_85034399
2970952,1,2026-05-20 21:47:00,250602,,85034399,0,,0,,CORRECT_TOTAL_0_85034399
2970953,1,2026-05-20 21:48:00,250603,,85034400,0,,0,,CORRECT_TOTAL_0_85034400
2970954,1,2026-05-20 21:49:00,250603,,85034400,0,,0,,CORRECT_TOTAL_0_85034400
2970955,1,2026-05-20 21:50:00,250603,,85034400,0,,0,,CORRECT_TOTAL_0_85034400
2970956,1,2026-05-20 21:51:00,250604,,85034401,0,,0,,CORRECT_TOTAL_0_85034401
2970957,1,2026-05-20 21:52:00,250605,,85034402,0,,0,,CORRECT_TOTAL_0_85034402
2970958,1,2026-05-20 21:53:00,250605,,85034402,0,,0,,CORRECT_TOTAL_0_85034402
2970959,1,2026-05-20 21:54:00,250606,,85034403,0,,0,,CORRECT_TOTAL_0_85034403
2970960,1,2026-05-20 21:55:00,250606,,85034403,0,,0,,CORRECT_TOTAL_0_85034403
2970961,1,2026-05-20 21:56:00,250607,,85034404,0,,0,,CORRECT_TOTAL_0_85034404
2970962,1,2026-05-20 21:57:00,250608,,85034405,0,,0,,CORRECT_TOTAL_0_85034405
2970963,1,2026-05-20 21:58:00,250608,,85034405,0,,0,,CORRECT_TOTAL_0_85034405
2970964,1,2026-05-20 21:59:00,250609,,85034406,0,,0,,CORRECT_TOTAL_0_85034406
2970965,1,2026-05-20 22:00:00,250610,,85034407,0,,0,,CORRECT_TOTAL_0_85034407
2970966,1,2026-05-20 22:01:00,250610,,85034407,0,,0,,CORRECT_TOTAL_0_85034407
2970968,1,2026-05-20 22:02:00,250611,,85034408,0,,0,,CORRECT_TOTAL_0_85034408
2970969,1,2026-05-20 22:03:00,250611,,85034408,0,,0,,CORRECT_TOTAL_0_85034408
2970970,1,2026-05-20 22:04:00,250611,,85034408,0,,0,,CORRECT_TOTAL_0_85034408
2970971,1,2026-05-20 22:05:00,250612,,85034409,0,,0,,CORRECT_TOTAL_0_85034409
2970972,1,2026-05-20 22:06:00,250612,,85034409,0,,0,,CORRECT_TOTAL_0_85034409
2970973,1,2026-05-20 22:07:00,250613,,85034410,0,,0,,CORRECT_TOTAL_0_85034410
2970974,1,2026-05-20 22:08:00,250614,,85034411,0,,0,,CORRECT_TOTAL_0_85034411
2970975,1,2026-05-20 22:09:00,250614,,85034411,0,,0,,CORRECT_TOTAL_0_85034411
2970976,1,2026-05-20 22:10:00,250615,,85034412,0,,0,,CORRECT_TOTAL_0_85034412
2970977,1,2026-05-20 22:11:00,250615,,85034412,0,,0,,CORRECT_TOTAL_0_85034412
2970978,1,2026-05-20 22:12:00,250616,,85034413,0,,0,,CORRECT_TOTAL_0_85034413
2970979,1,2026-05-20 22:13:00,250617,,85034414,0,,0,,CORRECT_TOTAL_0_85034414
2970980,1,2026-05-20 22:14:00,250617,,85034414,0,,0,,CORRECT_TOTAL_0_85034414
2970981,1,2026-05-20 22:15:00,250618,,85034415,0,,0,,CORRECT_TOTAL_0_85034415
2970982,1,2026-05-20 22:16:00,250618,,85034415,0,,0,,CORRECT_TOTAL_0_85034415
2970983,1,2026-05-20 22:17:00,250619,,85034416,0,,0,,CORRECT_TOTAL_0_85034416
2970984,1,2026-05-20 22:18:00,250619,,85034416,0,,0,,CORRECT_TOTAL_0_85034416
2970985,1,2026-05-20 22:19:00,250619,,85034416,0,,0,,CORRECT_TOTAL_0_85034416
2970986,1,2026-05-20 22:20:00,250620,,85034417,0,,0,,CORRECT_TOTAL_0_85034417
2970987,1,2026-05-20 22:21:00,250621,,85034418,0,,0,,CORRECT_TOTAL_0_85034418
2970988,1,2026-05-20 22:22:00,250621,,85034418,0,,0,,CORRECT_TOTAL_0_85034418
2970989,1,2026-05-20 22:23:00,250622,,85034419,0,,0,,CORRECT_TOTAL_0_85034419
2970990,1,2026-05-20 22:24:00,250622,,85034419,0,,0,,CORRECT_TOTAL_0_85034419
2970991,1,2026-05-20 22:25:00,250623,,85034420,0,,0,,CORRECT_TOTAL_0_85034420
2970992,1,2026-05-20 22:26:00,250624,,85034421,0,,0,,CORRECT_TOTAL_0_85034421
2970993,1,2026-05-20 22:27:00,250624,,85034421,0,,0,,CORRECT_TOTAL_0_85034421
2970994,1,2026-05-20 22:28:00,250625,,85034422,0,,0,,CORRECT_TOTAL_0_85034422
2970995,1,2026-05-20 22:29:00,250625,,85034422,0,,0,,CORRECT_TOTAL_0_85034422
2970996,1,2026-05-20 22:30:00,250626,,85034423,0,,0,,CORRECT_TOTAL_0_85034423
2970997,1,2026-05-20 22:31:00,250627,,85034424,0,,0,,CORRECT_TOTAL_0_85034424
2970998,1,2026-05-20 22:32:00,250627,,85034424,0,,0,,CORRECT_TOTAL_0_85034424
2970999,1,2026-05-20 22:33:00,250628,,85034425,0,,0,,CORRECT_TOTAL_0_85034425
2971000,1,2026-05-20 22:34:00,250628,,85034425,0,,0,,CORRECT_TOTAL_0_85034425
2971001,1,2026-05-20 22:35:00,250628,,85034425,0,,0,,CORRECT_TOTAL_0_85034425
2971002,1,2026-05-20 22:36:00,250629,,85034426,0,,0,,CORRECT_TOTAL_0_85034426
2971003,1,2026-05-20 22:37:00,250630,,85034427,0,,0,,CORRECT_TOTAL_0_85034427
2971004,1,2026-05-20 22:38:00,250630,,85034427,0,,0,,CORRECT_TOTAL_0_85034427
2971005,1,2026-05-20 22:39:00,250631,,85034428,0,,0,,CORRECT_TOTAL_0_85034428
2971006,1,2026-05-20 22:40:00,250631,,85034428,0,,0,,CORRECT_TOTAL_0_85034428
2971007,1,2026-05-20 22:41:00,250632,,85034429,0,,0,,CORRECT_TOTAL_0_85034429
2971008,1,2026-05-20 22:42:00,250633,,85034430,0,,0,,CORRECT_TOTAL_0_85034430
2971009,1,2026-05-20 22:43:00,250633,,85034430,0,,0,,CORRECT_TOTAL_0_85034430
2971010,1,2026-05-20 22:44:00,250634,,85034431,0,,0,,CORRECT_TOTAL_0_85034431
2971011,1,2026-05-20 22:45:00,250634,,85034431,0,,0,,CORRECT_TOTAL_0_85034431
2971012,1,2026-05-20 22:46:00,250635,,85034432,0,,0,,CORRECT_TOTAL_0_85034432
2971013,1,2026-05-20 22:47:00,250636,,85034433,0,,0,,CORRECT_TOTAL_0_85034433
2971014,1,2026-05-20 22:48:00,250636,,85034433,0,,0,,CORRECT_TOTAL_0_85034433
2971015,1,2026-05-20 22:49:00,250637,,85034434,0,,0,,CORRECT_TOTAL_0_85034434
2971016,1,2026-05-20 22:50:00,250637,,85034434,0,,0,,CORRECT_TOTAL_0_85034434
2971017,1,2026-05-20 22:51:00,250638,,85034435,0,,0,,CORRECT_TOTAL_0_85034435
2971018,1,2026-05-20 22:52:00,250639,,85034436,0,,0,,CORRECT_TOTAL_0_85034436
2971019,1,2026-05-20 22:53:00,250639,,85034436,0,,0,,CORRECT_TOTAL_0_85034436
2971020,1,2026-05-20 22:54:00,250640,,85034437,0,,0,,CORRECT_TOTAL_0_85034437
2971021,1,2026-05-20 22:55:00,250640,,85034437,0,,0,,CORRECT_TOTAL_0_85034437
2971022,1,2026-05-20 22:56:00,250641,,85034438,0,,0,,CORRECT_TOTAL_0_85034438
2971023,1,2026-05-20 22:57:00,250642,,85034439,0,,0,,CORRECT_TOTAL_0_85034439
2971024,1,2026-05-20 22:58:00,250642,,85034439,0,,0,,CORRECT_TOTAL_0_85034439
2971025,1,2026-05-20 22:59:00,250642,,85034439,0,,0,,CORRECT_TOTAL_0_85034439
2971026,1,2026-05-20 23:00:00,250643,,85034440,0,,0,,CORRECT_TOTAL_0_85034440
2971027,1,2026-05-20 23:01:00,250643,,85034440,0,,0,,CORRECT_TOTAL_0_85034440
2971028,1,2026-05-20 23:02:00,250644,,85034441,0,,0,,CORRECT_TOTAL_0_85034441
2971029,1,2026-05-20 23:03:00,250645,,85034442,0,,0,,CORRECT_TOTAL_0_85034442
2971030,1,2026-05-20 23:04:00,250645,,85034442,0,,0,,CORRECT_TOTAL_0_85034442
2971031,1,2026-05-20 23:05:00,250646,,85034443,0,,0,,CORRECT_TOTAL_0_85034443
2971032,1,2026-05-20 23:06:00,250646,,85034443,0,,0,,CORRECT_TOTAL_0_85034443
2971033,1,2026-05-20 23:07:00,250647,,85034444,0,,0,,CORRECT_TOTAL_0_85034444
2971034,1,2026-05-20 23:08:00,250648,,85034445,0,,0,,CORRECT_TOTAL_0_85034445
2971035,1,2026-05-20 23:09:00,250648,,85034445,0,,0,,CORRECT_TOTAL_0_85034445
2971036,1,2026-05-20 23:10:00,250649,,85034446,0,,0,,CORRECT_TOTAL_0_85034446
2971037,1,2026-05-20 23:11:00,250649,,85034446,0,,0,,CORRECT_TOTAL_0_85034446
2971038,1,2026-05-20 23:12:00,250650,,85034447,0,,0,,CORRECT_TOTAL_0_85034447
2971039,1,2026-05-20 23:13:00,250651,,85034448,0,,0,,CORRECT_TOTAL_0_85034448
2971040,1,2026-05-20 23:14:00,250651,,85034448,0,,0,,CORRECT_TOTAL_0_85034448
2971041,1,2026-05-20 23:15:00,250652,,85034449,0,,0,,CORRECT_TOTAL_0_85034449
2971042,1,2026-05-20 23:16:00,250652,,85034449,0,,0,,CORRECT_TOTAL_0_85034449
2971043,1,2026-05-20 23:17:00,250653,,85034450,0,,0,,CORRECT_TOTAL_0_85034450
2971044,1,2026-05-20 23:18:00,250654,,85034451,0,,0,,CORRECT_TOTAL_0_85034451
2971045,1,2026-05-20 23:19:00,250654,,85034451,0,,0,,CORRECT_TOTAL_0_85034451
2971046,1,2026-05-20 23:20:00,250654,,85034451,0,,0,,CORRECT_TOTAL_0_85034451
2971047,1,2026-05-20 23:21:00,250655,,85034452,0,,0,,CORRECT_TOTAL_0_85034452
2971048,1,2026-05-20 23:22:00,250655,,85034452,0,,0,,CORRECT_TOTAL_0_85034452
2971049,1,2026-05-20 23:23:00,250656,,85034453,0,,0,,CORRECT_TOTAL_0_85034453
2971050,1,2026-05-20 23:24:00,250656,,85034453,0,,0,,CORRECT_TOTAL_0_85034453
2971051,1,2026-05-20 23:25:00,250657,,85034454,0,,0,,CORRECT_TOTAL_0_85034454
2971052,1,2026-05-20 23:26:00,250658,,85034455,0,,0,,CORRECT_TOTAL_0_85034455
2971053,1,2026-05-20 23:27:00,250658,,85034455,0,,0,,CORRECT_TOTAL_0_85034455
2971054,1,2026-05-20 23:28:00,250659,,85034456,0,,0,,CORRECT_TOTAL_0_85034456
2971055,1,2026-05-20 23:29:00,250659,,85034456,0,,0,,CORRECT_TOTAL_0_85034456
2971056,1,2026-05-20 23:30:00,250660,,85034457,0,,0,,CORRECT_TOTAL_0_85034457
2971057,1,2026-05-20 23:31:00,250661,,85034458,0,,0,,CORRECT_TOTAL_0_85034458
2971058,1,2026-05-20 23:32:00,250661,,85034458,0,,0,,CORRECT_TOTAL_0_85034458
2971059,1,2026-05-20 23:33:00,250662,,85034459,0,,0,,CORRECT_TOTAL_0_85034459
2971060,1,2026-05-20 23:34:00,250662,,85034459,0,,0,,CORRECT_TOTAL_0_85034459
2971061,1,2026-05-20 23:35:00,250663,,85034460,0,,0,,CORRECT_TOTAL_0_85034460
2971062,1,2026-05-20 23:36:00,250664,,85034461,0,,0,,CORRECT_TOTAL_0_85034461
2971063,1,2026-05-20 23:37:00,250664,,85034461,0,,0,,CORRECT_TOTAL_0_85034461
2971064,1,2026-05-20 23:38:00,250665,,85034462,0,,0,,CORRECT_TOTAL_0_85034462
2971065,1,2026-05-20 23:39:00,250665,,85034462,0,,0,,CORRECT_TOTAL_0_85034462
2971066,1,2026-05-20 23:40:00,250666,,85034463,0,,0,,CORRECT_TOTAL_0_85034463
2971067,1,2026-05-20 23:41:00,250666,,85034463,0,,0,,CORRECT_TOTAL_0_85034463
2971068,1,2026-05-20 23:42:00,250667,,85034464,0,,0,,CORRECT_TOTAL_0_85034464
2971069,1,2026-05-20 23:43:00,250667,,85034464,0,,0,,CORRECT_TOTAL_0_85034464
2971070,1,2026-05-20 23:44:00,250668,,85034465,0,,0,,CORRECT_TOTAL_0_85034465
2971071,1,2026-05-20 23:45:00,250668,,85034465,0,,0,,CORRECT_TOTAL_0_85034465
2971072,1,2026-05-20 23:46:00,250669,,85034466,0,,0,,CORRECT_TOTAL_0_85034466
2971073,1,2026-05-20 23:47:00,250670,,85034467,0,,0,,CORRECT_TOTAL_0_85034467
2971074,1,2026-05-20 23:48:00,250670,,85034467,0,,0,,CORRECT_TOTAL_0_85034467
2971075,1,2026-05-20 23:49:00,250671,,85034468,0,,0,,CORRECT_TOTAL_0_85034468
2971076,1,2026-05-20 23:50:00,250671,,85034468,0,,0,,CORRECT_TOTAL_0_85034468
2971077,1,2026-05-20 23:51:00,250672,,85034469,0,,0,,CORRECT_TOTAL_0_85034469
2971078,1,2026-05-20 23:52:00,250673,,85034470,0,,0,,CORRECT_TOTAL_0_85034470
2971079,1,2026-05-20 23:53:00,250673,,85034470,0,,0,,CORRECT_TOTAL_0_85034470
2971080,1,2026-05-20 23:54:00,250674,,85034471,0,,0,,CORRECT_TOTAL_0_85034471
2971081,1,2026-05-20 23:55:00,250674,,85034471,0,,0,,CORRECT_TOTAL_0_85034471
2971082,1,2026-05-20 23:56:00,250675,,85034472,0,,0,,CORRECT_TOTAL_0_85034472
2971083,1,2026-05-20 23:57:00,250675,,85034472,0,,0,,CORRECT_TOTAL_0_85034472
2971084,1,2026-05-20 23:58:00,250676,,85034473,0,,0,,CORRECT_TOTAL_0_85034473
2971085,1,2026-05-20 23:59:00,250676,,85034473,0,,0,,CORRECT_TOTAL_0_85034473
2971086,1,2026-05-21 00:00:00,250677,,85034474,0,,0,,CORRECT_TOTAL_0_85034474
2971087,1,2026-05-21 00:01:00,250677,,85034474,0,,0,,CORRECT_TOTAL_0_85034474
2971088,1,2026-05-21 00:02:00,250678,,85034475,0,,0,,CORRECT_TOTAL_0_85034475
2971089,1,2026-05-21 00:03:00,250678,,85034475,0,,0,,CORRECT_TOTAL_0_85034475
2971090,1,2026-05-21 00:04:00,250679,,85034476,0,,0,,CORRECT_TOTAL_0_85034476
2971091,1,2026-05-21 00:05:00,250680,,85034477,0,,0,,CORRECT_TOTAL_0_85034477
2971092,1,2026-05-21 00:06:00,250680,,85034477,0,,0,,CORRECT_TOTAL_0_85034477
2971093,1,2026-05-21 00:07:00,250681,,85034478,0,,0,,CORRECT_TOTAL_0_85034478
2971094,1,2026-05-21 00:08:00,250681,,85034478,0,,0,,CORRECT_TOTAL_0_85034478
2971095,1,2026-05-21 00:09:00,250682,,85034479,0,,0,,CORRECT_TOTAL_0_85034479
2971096,1,2026-05-21 00:10:00,250683,,85034480,0,,0,,CORRECT_TOTAL_0_85034480
2971097,1,2026-05-21 00:11:00,250683,,85034480,0,,0,,CORRECT_TOTAL_0_85034480
2971098,1,2026-05-21 00:12:00,250684,,85034481,0,,0,,CORRECT_TOTAL_0_85034481
2971099,1,2026-05-21 00:13:00,250684,,85034481,0,,0,,CORRECT_TOTAL_0_85034481
2971100,1,2026-05-21 00:14:00,250685,,85034482,0,,0,,CORRECT_TOTAL_0_85034482
2971101,1,2026-05-21 00:15:00,250685,,85034482,0,,0,,CORRECT_TOTAL_0_85034482
2971102,1,2026-05-21 00:16:00,250685,,85034482,0,,0,,CORRECT_TOTAL_0_85034482
2971103,1,2026-05-21 00:17:00,250686,,85034483,0,,0,,CORRECT_TOTAL_0_85034483
2971104,1,2026-05-21 00:18:00,250687,,85034484,0,,0,,CORRECT_TOTAL_0_85034484
2971105,1,2026-05-21 00:19:00,250687,,85034484,0,,0,,CORRECT_TOTAL_0_85034484
2971106,1,2026-05-21 00:20:00,250688,,85034485,0,,0,,CORRECT_TOTAL_0_85034485
2971107,1,2026-05-21 00:21:00,250688,,85034485,0,,0,,CORRECT_TOTAL_0_85034485
2971108,1,2026-05-21 00:22:00,250689,,85034486,0,,0,,CORRECT_TOTAL_0_85034486
2971109,1,2026-05-21 00:23:00,250690,,85034487,0,,0,,CORRECT_TOTAL_0_85034487
2971110,1,2026-05-21 00:24:00,250690,,85034487,0,,0,,CORRECT_TOTAL_0_85034487
2971111,1,2026-05-21 00:25:00,250690,,85034487,0,,0,,CORRECT_TOTAL_0_85034487
2971112,1,2026-05-21 00:26:00,250691,,85034488,0,,0,,CORRECT_TOTAL_0_85034488
2971113,1,2026-05-21 00:27:00,250691,,85034488,0,,0,,CORRECT_TOTAL_0_85034488
2971114,1,2026-05-21 00:28:00,250692,,85034489,0,,0,,CORRECT_TOTAL_0_85034489
2971115,1,2026-05-21 00:29:00,250692,,85034489,0,,0,,CORRECT_TOTAL_0_85034489
2971116,1,2026-05-21 00:30:00,250693,,85034490,0,,0,,CORRECT_TOTAL_0_85034490
2971117,1,2026-05-21 00:31:00,250694,,85034491,0,,0,,CORRECT_TOTAL_0_85034491
2971118,1,2026-05-21 00:32:00,250694,,85034491,0,,0,,CORRECT_TOTAL_0_85034491
2971119,1,2026-05-21 00:33:00,250695,,85034492,0,,0,,CORRECT_TOTAL_0_85034492
2971120,1,2026-05-21 00:34:00,250695,,85034492,0,,0,,CORRECT_TOTAL_0_85034492
2971121,1,2026-05-21 00:35:00,250696,,85034493,0,,0,,CORRECT_TOTAL_0_85034493
2971122,1,2026-05-21 00:36:00,250696,,85034493,0,,0,,CORRECT_TOTAL_0_85034493
2971123,1,2026-05-21 00:37:00,250696,,85034493,0,,0,,CORRECT_TOTAL_0_85034493
2971124,1,2026-05-21 00:38:00,250697,,85034494,0,,0,,CORRECT_TOTAL_0_85034494
2971125,1,2026-05-21 00:39:00,250697,,85034494,0,,0,,CORRECT_TOTAL_0_85034494
2971126,1,2026-05-21 00:40:00,250698,,85034495,0,,0,,CORRECT_TOTAL_0_85034495
2971127,1,2026-05-21 00:41:00,250699,,85034496,0,,0,,CORRECT_TOTAL_0_85034496
2971128,1,2026-05-21 00:42:00,250699,,85034496,0,,0,,CORRECT_TOTAL_0_85034496
2971129,1,2026-05-21 00:43:00,250700,,85034497,0,,0,,CORRECT_TOTAL_0_85034497
2971130,1,2026-05-21 00:44:00,250700,,85034497,0,,0,,CORRECT_TOTAL_0_85034497
2971131,1,2026-05-21 00:45:00,250701,,85034498,0,,0,,CORRECT_TOTAL_0_85034498
2971132,1,2026-05-21 00:46:00,250701,,85034498,0,,0,,CORRECT_TOTAL_0_85034498
2971133,1,2026-05-21 00:47:00,250702,,85034499,0,,0,,CORRECT_TOTAL_0_85034499
2971134,1,2026-05-21 00:48:00,250702,,85034499,0,,0,,CORRECT_TOTAL_0_85034499
2971135,1,2026-05-21 00:49:00,250703,,85034500,0,,0,,CORRECT_TOTAL_0_85034500
2971136,1,2026-05-21 00:50:00,250703,,85034500,0,,0,,CORRECT_TOTAL_0_85034500
2971137,1,2026-05-21 00:51:00,250704,,85034501,0,,0,,CORRECT_TOTAL_0_85034501
2971138,1,2026-05-21 00:52:00,250704,,85034501,0,,0,,CORRECT_TOTAL_0_85034501
2971139,1,2026-05-21 00:53:00,250705,,85034502,0,,0,,CORRECT_TOTAL_0_85034502
2971140,1,2026-05-21 00:54:00,250706,,85034503,0,,0,,CORRECT_TOTAL_0_85034503
2971141,1,2026-05-21 00:55:00,250706,,85034503,0,,0,,CORRECT_TOTAL_0_85034503
2971142,1,2026-05-21 00:56:00,250707,,85034504,0,,0,,CORRECT_TOTAL_0_85034504
2971143,1,2026-05-21 00:57:00,250707,,85034504,0,,0,,CORRECT_TOTAL_0_85034504
2971144,1,2026-05-21 00:58:00,250707,,85034504,0,,0,,CORRECT_TOTAL_0_85034504
2971145,1,2026-05-21 00:59:00,250708,,85034505,0,,0,,CORRECT_TOTAL_0_85034505
2971146,1,2026-05-21 01:00:00,250708,,85034505,0,,0,,CORRECT_TOTAL_0_85034505
2971147,1,2026-05-21 01:01:00,250709,,85034506,0,,0,,CORRECT_TOTAL_0_85034506
2971148,1,2026-05-21 01:02:00,250710,,85034507,0,,0,,CORRECT_TOTAL_0_85034507
2971149,1,2026-05-21 01:03:00,250710,,85034507,0,,0,,CORRECT_TOTAL_0_85034507
2971150,1,2026-05-21 01:04:00,250711,,85034508,0,,0,,CORRECT_TOTAL_0_85034508
2971151,1,2026-05-21 01:05:00,250711,,85034508,0,,0,,CORRECT_TOTAL_0_85034508
2971152,1,2026-05-21 01:06:00,250712,,85034509,0,,0,,CORRECT_TOTAL_0_85034509
2971153,1,2026-05-21 01:07:00,250712,,85034509,0,,0,,CORRECT_TOTAL_0_85034509
2971154,1,2026-05-21 01:08:00,250713,,85034510,0,,0,,CORRECT_TOTAL_0_85034510
2971155,1,2026-05-21 01:09:00,250713,,85034510,0,,0,,CORRECT_TOTAL_0_85034510
2971156,1,2026-05-21 01:10:00,250713,,85034510,0,,0,,CORRECT_TOTAL_0_85034510
2971157,1,2026-05-21 01:11:00,250714,,85034511,0,,0,,CORRECT_TOTAL_0_85034511
2971158,1,2026-05-21 01:12:00,250715,,85034512,0,,0,,CORRECT_TOTAL_0_85034512
2971159,1,2026-05-21 01:13:00,250715,,85034512,0,,0,,CORRECT_TOTAL_0_85034512
2971160,1,2026-05-21 01:14:00,250716,,85034513,0,,0,,CORRECT_TOTAL_0_85034513
2971161,1,2026-05-21 01:15:00,250716,,85034513,0,,0,,CORRECT_TOTAL_0_85034513
2971162,1,2026-05-21 01:16:00,250717,,85034514,0,,0,,CORRECT_TOTAL_0_85034514
2971163,1,2026-05-21 01:17:00,250717,,85034514,0,,0,,CORRECT_TOTAL_0_85034514
2971164,1,2026-05-21 01:18:00,250718,,85034515,0,,0,,CORRECT_TOTAL_0_85034515
2971165,1,2026-05-21 01:19:00,250718,,85034515,0,,0,,CORRECT_TOTAL_0_85034515
2971166,1,2026-05-21 01:20:00,250719,,85034516,0,,0,,CORRECT_TOTAL_0_85034516
2971167,1,2026-05-21 01:21:00,250719,,85034516,0,,0,,CORRECT_TOTAL_0_85034516
2971168,1,2026-05-21 01:22:00,250720,,85034517,0,,0,,CORRECT_TOTAL_0_85034517
2971169,1,2026-05-21 01:23:00,250720,,85034517,0,,0,,CORRECT_TOTAL_0_85034517
2971170,1,2026-05-21 01:24:00,250721,,85034518,0,,0,,CORRECT_TOTAL_0_85034518
2971171,1,2026-05-21 01:25:00,250722,,85034519,0,,0,,CORRECT_TOTAL_0_85034519
2971172,1,2026-05-21 01:26:00,250722,,85034519,0,,0,,CORRECT_TOTAL_0_85034519
2971173,1,2026-05-21 01:27:00,250723,,85034520,0,,0,,CORRECT_TOTAL_0_85034520
2971174,1,2026-05-21 01:28:00,250723,,85034520,0,,0,,CORRECT_TOTAL_0_85034520
2971175,1,2026-05-21 01:29:00,250723,,85034520,0,,0,,CORRECT_TOTAL_0_85034520
2971176,1,2026-05-21 01:30:00,250724,,85034521,0,,0,,CORRECT_TOTAL_0_85034521
2971177,1,2026-05-21 01:31:00,250724,,85034521,0,,0,,CORRECT_TOTAL_0_85034521
2971179,1,2026-05-21 01:32:00,250725,,85034522,0,,0,,CORRECT_TOTAL_0_85034522
2971180,1,2026-05-21 01:33:00,250725,,85034522,0,,0,,CORRECT_TOTAL_0_85034522
2971181,1,2026-05-21 01:34:00,250726,,85034523,0,,0,,CORRECT_TOTAL_0_85034523
2971182,1,2026-05-21 01:35:00,250727,,85034524,0,,0,,CORRECT_TOTAL_0_85034524
2971183,1,2026-05-21 01:36:00,250727,,85034524,0,,0,,CORRECT_TOTAL_0_85034524
2971184,1,2026-05-21 01:37:00,250728,,85034525,0,,0,,CORRECT_TOTAL_0_85034525
2971185,1,2026-05-21 01:38:00,250728,,85034525,0,,0,,CORRECT_TOTAL_0_85034525
2971186,1,2026-05-21 01:39:00,250728,,85034525,0,,0,,CORRECT_TOTAL_0_85034525
2971187,1,2026-05-21 01:40:00,250729,,85034526,0,,0,,CORRECT_TOTAL_0_85034526
2971188,1,2026-05-21 01:41:00,250729,,85034526,0,,0,,CORRECT_TOTAL_0_85034526
2971189,1,2026-05-21 01:42:00,250730,,85034527,0,,0,,CORRECT_TOTAL_0_85034527
2971190,1,2026-05-21 01:43:00,250730,,85034527,0,,0,,CORRECT_TOTAL_0_85034527
2971191,1,2026-05-21 01:44:00,250731,,85034528,0,,0,,CORRECT_TOTAL_0_85034528
2971192,1,2026-05-21 01:45:00,250732,,85034529,0,,0,,CORRECT_TOTAL_0_85034529
2971193,1,2026-05-21 01:46:00,250732,,85034529,0,,0,,CORRECT_TOTAL_0_85034529
2971194,1,2026-05-21 01:47:00,250733,,85034530,0,,0,,CORRECT_TOTAL_0_85034530
2971195,1,2026-05-21 01:48:00,250733,,85034530,0,,0,,CORRECT_TOTAL_0_85034530
2971196,1,2026-05-21 01:49:00,250734,,85034531,0,,0,,CORRECT_TOTAL_0_85034531
2971197,1,2026-05-21 01:50:00,250734,,85034531,0,,0,,CORRECT_TOTAL_0_85034531
2971198,1,2026-05-21 01:51:00,250734,,85034531,0,,0,,CORRECT_TOTAL_0_85034531
2971199,1,2026-05-21 01:52:00,250735,,85034532,0,,0,,CORRECT_TOTAL_0_85034532
2971200,1,2026-05-21 01:53:00,250735,,85034532,0,,0,,CORRECT_TOTAL_0_85034532
2971201,1,2026-05-21 01:54:00,250736,,85034533,0,,0,,CORRECT_TOTAL_0_85034533
2971202,1,2026-05-21 01:55:00,250737,,85034534,0,,0,,CORRECT_TOTAL_0_85034534
2971203,1,2026-05-21 01:56:00,250737,,85034534,0,,0,,CORRECT_TOTAL_0_85034534
2971204,1,2026-05-21 01:57:00,250738,,85034535,0,,0,,CORRECT_TOTAL_0_85034535
2971205,1,2026-05-21 01:58:00,250738,,85034535,0,,0,,CORRECT_TOTAL_0_85034535
2971206,1,2026-05-21 01:59:00,250739,,85034536,0,,0,,CORRECT_TOTAL_0_85034536
2971207,1,2026-05-21 02:00:00,250739,,85034536,0,,0,,CORRECT_TOTAL_0_85034536
2971208,1,2026-05-21 02:01:00,250739,,85034536,0,,0,,CORRECT_TOTAL_0_85034536
2971209,1,2026-05-21 02:02:00,250740,,85034537,0,,0,,CORRECT_TOTAL_0_85034537
2971210,1,2026-05-21 02:03:00,250740,,85034537,0,,0,,CORRECT_TOTAL_0_85034537
2971211,1,2026-05-21 02:04:00,250741,,85034538,0,,0,,CORRECT_TOTAL_0_85034538
2971212,1,2026-05-21 02:05:00,250741,,85034538,0,,0,,CORRECT_TOTAL_0_85034538
2971213,1,2026-05-21 02:06:00,250741,,85034538,0,,0,,CORRECT_TOTAL_0_85034538
2971214,1,2026-05-21 02:07:00,250742,,85034539,0,,0,,CORRECT_TOTAL_0_85034539
2971215,1,2026-05-21 02:08:00,250742,,85034539,0,,0,,CORRECT_TOTAL_0_85034539
2971216,1,2026-05-21 02:09:00,250742,,85034539,0,,0,,CORRECT_TOTAL_0_85034539
2971217,1,2026-05-21 02:10:00,250743,,85034540,0,,0,,CORRECT_TOTAL_0_85034540
2971218,1,2026-05-21 02:11:00,250743,,85034540,0,,0,,CORRECT_TOTAL_0_85034540
2971219,1,2026-05-21 02:12:00,250744,,85034541,0,,0,,CORRECT_TOTAL_0_85034541
2971220,1,2026-05-21 02:13:00,250744,,85034541,0,,0,,CORRECT_TOTAL_0_85034541
2971221,1,2026-05-21 02:14:00,250745,,85034542,0,,0,,CORRECT_TOTAL_0_85034542
2971222,1,2026-05-21 02:15:00,250745,,85034542,0,,0,,CORRECT_TOTAL_0_85034542
2971223,1,2026-05-21 02:16:00,250746,,85034543,0,,0,,CORRECT_TOTAL_0_85034543
2971224,1,2026-05-21 02:17:00,250746,,85034543,0,,0,,CORRECT_TOTAL_0_85034543
2971225,1,2026-05-21 02:18:00,250746,,85034543,0,,0,,CORRECT_TOTAL_0_85034543
2971226,1,2026-05-21 02:19:00,250747,,85034544,0,,0,,CORRECT_TOTAL_0_85034544
2971227,1,2026-05-21 02:20:00,250747,,85034544,0,,0,,CORRECT_TOTAL_0_85034544
2971228,1,2026-05-21 02:21:00,250747,,85034544,0,,0,,CORRECT_TOTAL_0_85034544
2971229,1,2026-05-21 02:22:00,250748,,85034545,0,,0,,CORRECT_TOTAL_0_85034545
2971230,1,2026-05-21 02:23:00,250748,,85034545,0,,0,,CORRECT_TOTAL_0_85034545
2971231,1,2026-05-21 02:24:00,250748,,85034545,0,,0,,CORRECT_TOTAL_0_85034545
2971232,1,2026-05-21 02:25:00,250749,,85034546,0,,0,,CORRECT_TOTAL_0_85034546
2971233,1,2026-05-21 02:26:00,250749,,85034546,0,,0,,CORRECT_TOTAL_0_85034546
2971234,1,2026-05-21 02:27:00,250750,,85034547,0,,0,,CORRECT_TOTAL_0_85034547
2971235,1,2026-05-21 02:28:00,250750,,85034547,0,,0,,CORRECT_TOTAL_0_85034547
2971236,1,2026-05-21 02:29:00,250751,,85034548,0,,0,,CORRECT_TOTAL_0_85034548
2971237,1,2026-05-21 02:30:00,250751,,85034548,0,,0,,CORRECT_TOTAL_0_85034548
2971238,1,2026-05-21 02:31:00,250752,,85034549,0,,0,,CORRECT_TOTAL_0_85034549
2971239,1,2026-05-21 02:32:00,250752,,85034549,0,,0,,CORRECT_TOTAL_0_85034549
2971240,1,2026-05-21 02:33:00,250752,,85034549,0,,0,,CORRECT_TOTAL_0_85034549
2971241,1,2026-05-21 02:34:00,250753,,85034550,0,,0,,CORRECT_TOTAL_0_85034550
2971242,1,2026-05-21 02:35:00,250753,,85034550,0,,0,,CORRECT_TOTAL_0_85034550
2971243,1,2026-05-21 02:36:00,250753,,85034550,0,,0,,CORRECT_TOTAL_0_85034550
2971244,1,2026-05-21 02:37:00,250754,,85034551,0,,0,,CORRECT_TOTAL_0_85034551
2971245,1,2026-05-21 02:38:00,250754,,85034551,0,,0,,CORRECT_TOTAL_0_85034551
2971246,1,2026-05-21 02:39:00,250755,,85034552,0,,0,,CORRECT_TOTAL_0_85034552
2971247,1,2026-05-21 02:40:00,250755,,85034552,0,,0,,CORRECT_TOTAL_0_85034552
2971248,1,2026-05-21 02:41:00,250755,,85034552,0,,0,,CORRECT_TOTAL_0_85034552
2971249,1,2026-05-21 02:42:00,250756,,85034553,0,,0,,CORRECT_TOTAL_0_85034553
2971250,1,2026-05-21 02:43:00,250756,,85034553,0,,0,,CORRECT_TOTAL_0_85034553
2971251,1,2026-05-21 02:44:00,250756,,85034553,0,,0,,CORRECT_TOTAL_0_85034553
2971252,1,2026-05-21 02:45:00,250757,,85034554,0,,0,,CORRECT_TOTAL_0_85034554
2971253,1,2026-05-21 02:46:00,250757,,85034554,0,,0,,CORRECT_TOTAL_0_85034554
2971254,1,2026-05-21 02:47:00,250758,,85034555,0,,0,,CORRECT_TOTAL_0_85034555
2971255,1,2026-05-21 02:48:00,250758,,85034555,0,,0,,CORRECT_TOTAL_0_85034555
2971256,1,2026-05-21 02:49:00,250759,,85034556,0,,0,,CORRECT_TOTAL_0_85034556
2971257,1,2026-05-21 02:50:00,250759,,85034556,0,,0,,CORRECT_TOTAL_0_85034556
2971258,1,2026-05-21 02:51:00,250760,,85034557,0,,0,,CORRECT_TOTAL_0_85034557
2971259,1,2026-05-21 02:52:00,250760,,85034557,0,,0,,CORRECT_TOTAL_0_85034557
2971260,1,2026-05-21 02:53:00,250760,,85034557,0,,0,,CORRECT_TOTAL_0_85034557
2971261,1,2026-05-21 02:54:00,250761,,85034558,0,,0,,CORRECT_TOTAL_0_85034558
2971262,1,2026-05-21 02:55:00,250761,,85034558,0,,0,,CORRECT_TOTAL_0_85034558
2971263,1,2026-05-21 02:56:00,250761,,85034558,0,,0,,CORRECT_TOTAL_0_85034558
2971264,1,2026-05-21 02:57:00,250762,,85034559,0,,0,,CORRECT_TOTAL_0_85034559
2971265,1,2026-05-21 02:58:00,250762,,85034559,0,,0,,CORRECT_TOTAL_0_85034559
2971266,1,2026-05-21 02:59:00,250762,,85034559,0,,0,,CORRECT_TOTAL_0_85034559
2971267,1,2026-05-21 03:00:00,250763,,85034560,0,,0,,CORRECT_TOTAL_0_85034560
2971268,1,2026-05-21 03:01:00,250763,,85034560,0,,0,,CORRECT_TOTAL_0_85034560
2971269,1,2026-05-21 03:02:00,250763,,85034560,0,,0,,CORRECT_TOTAL_0_85034560
2971270,1,2026-05-21 03:03:00,250764,,85034561,0,,0,,CORRECT_TOTAL_0_85034561
2971271,1,2026-05-21 03:04:00,250764,,85034561,0,,0,,CORRECT_TOTAL_0_85034561
2971272,1,2026-05-21 03:05:00,250765,,85034562,0,,0,,CORRECT_TOTAL_0_85034562
2971273,1,2026-05-21 03:06:00,250766,,85034563,0,,0,,CORRECT_TOTAL_0_85034563
2971274,1,2026-05-21 03:07:00,250766,,85034563,0,,0,,CORRECT_TOTAL_0_85034563
2971275,1,2026-05-21 03:08:00,250766,,85034563,0,,0,,CORRECT_TOTAL_0_85034563
2971276,1,2026-05-21 03:09:00,250767,,85034564,0,,0,,CORRECT_TOTAL_0_85034564
2971277,1,2026-05-21 03:10:00,250767,,85034564,0,,0,,CORRECT_TOTAL_0_85034564
2971278,1,2026-05-21 03:11:00,250767,,85034564,0,,0,,CORRECT_TOTAL_0_85034564
2971279,1,2026-05-21 03:12:00,250768,,85034565,0,,0,,CORRECT_TOTAL_0_85034565
2971280,1,2026-05-21 03:13:00,250768,,85034565,0,,0,,CORRECT_TOTAL_0_85034565
2971281,1,2026-05-21 03:14:00,250769,,85034566,0,,0,,CORRECT_TOTAL_0_85034566
2971282,1,2026-05-21 03:15:00,250769,,85034566,0,,0,,CORRECT_TOTAL_0_85034566
2971283,1,2026-05-21 03:16:00,250769,,85034566,0,,0,,CORRECT_TOTAL_0_85034566
2971284,1,2026-05-21 03:17:00,250770,,85034567,0,,0,,CORRECT_TOTAL_0_85034567
2971285,1,2026-05-21 03:18:00,250770,,85034567,0,,0,,CORRECT_TOTAL_0_85034567
2971286,1,2026-05-21 03:19:00,250770,,85034567,0,,0,,CORRECT_TOTAL_0_85034567
2971287,1,2026-05-21 03:20:00,250771,,85034568,0,,0,,CORRECT_TOTAL_0_85034568
2971288,1,2026-05-21 03:21:00,250771,,85034568,0,,0,,CORRECT_TOTAL_0_85034568
2971289,1,2026-05-21 03:22:00,250771,,85034568,0,,0,,CORRECT_TOTAL_0_85034568
2971290,1,2026-05-21 03:23:00,250772,,85034569,0,,0,,CORRECT_TOTAL_0_85034569
2971291,1,2026-05-21 03:24:00,250773,,85034570,0,,0,,CORRECT_TOTAL_0_85034570
2971292,1,2026-05-21 03:25:00,250773,,85034570,0,,0,,CORRECT_TOTAL_0_85034570
2971293,1,2026-05-21 03:26:00,250774,,85034571,0,,0,,CORRECT_TOTAL_0_85034571
2971294,1,2026-05-21 03:27:00,250774,,85034571,0,,0,,CORRECT_TOTAL_0_85034571
2971295,1,2026-05-21 03:28:00,250774,,85034571,0,,0,,CORRECT_TOTAL_0_85034571
2971296,1,2026-05-21 03:29:00,250775,,85034572,0,,0,,CORRECT_TOTAL_0_85034572
2971297,1,2026-05-21 03:30:00,250775,,85034572,0,,0,,CORRECT_TOTAL_0_85034572
2971298,1,2026-05-21 03:31:00,250775,,85034572,0,,0,,CORRECT_TOTAL_0_85034572
2971299,1,2026-05-21 03:32:00,250776,,85034573,0,,0,,CORRECT_TOTAL_0_85034573
2971300,1,2026-05-21 03:33:00,250776,,85034573,0,,0,,CORRECT_TOTAL_0_85034573
2971301,1,2026-05-21 03:34:00,250776,,85034573,0,,0,,CORRECT_TOTAL_0_85034573
2971302,1,2026-05-21 03:35:00,250777,,85034574,0,,0,,CORRECT_TOTAL_0_85034574
2971303,1,2026-05-21 03:36:00,250777,,85034574,0,,0,,CORRECT_TOTAL_0_85034574
2971304,1,2026-05-21 03:37:00,250778,,85034575,0,,0,,CORRECT_TOTAL_0_85034575
2971305,1,2026-05-21 03:38:00,250778,,85034575,0,,0,,CORRECT_TOTAL_0_85034575
2971306,1,2026-05-21 03:39:00,250778,,85034575,0,,0,,CORRECT_TOTAL_0_85034575
2971307,1,2026-05-21 03:40:00,250779,,85034576,0,,0,,CORRECT_TOTAL_0_85034576
2971308,1,2026-05-21 03:41:00,250779,,85034576,0,,0,,CORRECT_TOTAL_0_85034576
2971309,1,2026-05-21 03:42:00,250780,,85034577,0,,0,,CORRECT_TOTAL_0_85034577
2971310,1,2026-05-21 03:43:00,250780,,85034577,0,,0,,CORRECT_TOTAL_0_85034577
2971311,1,2026-05-21 03:44:00,250781,,85034578,0,,0,,CORRECT_TOTAL_0_85034578
2971312,1,2026-05-21 03:45:00,250781,,85034578,0,,0,,CORRECT_TOTAL_0_85034578
2971313,1,2026-05-21 03:46:00,250781,,85034578,0,,0,,CORRECT_TOTAL_0_85034578
2971314,1,2026-05-21 03:47:00,250782,,85034579,0,,0,,CORRECT_TOTAL_0_85034579
2971315,1,2026-05-21 03:48:00,250782,,85034579,0,,0,,CORRECT_TOTAL_0_85034579
2971316,1,2026-05-21 03:49:00,250782,,85034579,0,,0,,CORRECT_TOTAL_0_85034579
2971317,1,2026-05-21 03:50:00,250783,,85034580,0,,0,,CORRECT_TOTAL_0_85034580
2971318,1,2026-05-21 03:51:00,250783,,85034580,0,,0,,CORRECT_TOTAL_0_85034580
2971319,1,2026-05-21 03:52:00,250784,,85034581,0,,0,,CORRECT_TOTAL_0_85034581
2971320,1,2026-05-21 03:53:00,250784,,85034581,0,,0,,CORRECT_TOTAL_0_85034581
2971321,1,2026-05-21 03:54:00,250784,,85034581,0,,0,,CORRECT_TOTAL_0_85034581
2971322,1,2026-05-21 03:55:00,250785,,85034582,0,,0,,CORRECT_TOTAL_0_85034582
2971323,1,2026-05-21 03:56:00,250785,,85034582,0,,0,,CORRECT_TOTAL_0_85034582
2971324,1,2026-05-21 03:57:00,250785,,85034582,0,,0,,CORRECT_TOTAL_0_85034582
2971325,1,2026-05-21 03:58:00,250786,,85034583,0,,0,,CORRECT_TOTAL_0_85034583
2971326,1,2026-05-21 03:59:00,250786,,85034583,0,,0,,CORRECT_TOTAL_0_85034583
2971327,1,2026-05-21 04:00:00,250786,,85034583,0,,0,,CORRECT_TOTAL_0_85034583
2971328,1,2026-05-21 04:01:00,250787,,85034584,0,,0,,CORRECT_TOTAL_0_85034584
2971329,1,2026-05-21 04:02:00,250788,,85034585,0,,0,,CORRECT_TOTAL_0_85034585
2971330,1,2026-05-21 04:03:00,250788,,85034585,0,,0,,CORRECT_TOTAL_0_85034585
2971331,1,2026-05-21 04:04:00,250789,,85034586,0,,0,,CORRECT_TOTAL_0_85034586
2971332,1,2026-05-21 04:05:00,250789,,85034586,0,,0,,CORRECT_TOTAL_0_85034586
2971333,1,2026-05-21 04:06:00,250789,,85034586,0,,0,,CORRECT_TOTAL_0_85034586
2971334,1,2026-05-21 04:07:00,250790,,85034587,0,,0,,CORRECT_TOTAL_0_85034587
2971335,1,2026-05-21 04:08:00,250790,,85034587,0,,0,,CORRECT_TOTAL_0_85034587
2971336,1,2026-05-21 04:09:00,250790,,85034587,0,,0,,CORRECT_TOTAL_0_85034587
2971337,1,2026-05-21 04:10:00,250791,,85034588,0,,0,,CORRECT_TOTAL_0_85034588
2971338,1,2026-05-21 04:11:00,250791,,85034588,0,,0,,CORRECT_TOTAL_0_85034588
2971339,1,2026-05-21 04:12:00,250791,,85034588,0,,0,,CORRECT_TOTAL_0_85034588
2971340,1,2026-05-21 04:13:00,250792,,85034589,0,,0,,CORRECT_TOTAL_0_85034589
2971341,1,2026-05-21 04:14:00,250792,,85034589,0,,0,,CORRECT_TOTAL_0_85034589
2971342,1,2026-05-21 04:15:00,250793,,85034590,0,,0,,CORRECT_TOTAL_0_85034590
2971343,1,2026-05-21 04:16:00,250793,,85034590,0,,0,,CORRECT_TOTAL_0_85034590
2971344,1,2026-05-21 04:17:00,250793,,85034590,0,,0,,CORRECT_TOTAL_0_85034590
2971345,1,2026-05-21 04:18:00,250794,,85034591,0,,0,,CORRECT_TOTAL_0_85034591
2971346,1,2026-05-21 04:19:00,250794,,85034591,0,,0,,CORRECT_TOTAL_0_85034591
2971347,1,2026-05-21 04:20:00,250794,,85034591,0,,0,,CORRECT_TOTAL_0_85034591
2971348,1,2026-05-21 04:21:00,250795,,85034592,0,,0,,CORRECT_TOTAL_0_85034592
2971349,1,2026-05-21 04:22:00,250796,,85034593,0,,0,,CORRECT_TOTAL_0_85034593
2971350,1,2026-05-21 04:23:00,250796,,85034593,0,,0,,CORRECT_TOTAL_0_85034593
2971351,1,2026-05-21 04:24:00,250796,,85034593,0,,0,,CORRECT_TOTAL_0_85034593
2971352,1,2026-05-21 04:25:00,250797,,85034594,0,,0,,CORRECT_TOTAL_0_85034594
2971353,1,2026-05-21 04:26:00,250797,,85034594,0,,0,,CORRECT_TOTAL_0_85034594
2971354,1,2026-05-21 04:27:00,250798,,85034595,0,,0,,CORRECT_TOTAL_0_85034595
2971355,1,2026-05-21 04:28:00,250798,,85034595,0,,0,,CORRECT_TOTAL_0_85034595
2971356,1,2026-05-21 04:29:00,250798,,85034595,0,,0,,CORRECT_TOTAL_0_85034595
2971357,1,2026-05-21 04:30:00,250799,,85034596,0,,0,,CORRECT_TOTAL_0_85034596
2971358,1,2026-05-21 04:31:00,250799,,85034596,0,,0,,CORRECT_TOTAL_0_85034596
2971359,1,2026-05-21 04:32:00,250799,,85034596,0,,0,,CORRECT_TOTAL_0_85034596
2971360,1,2026-05-21 04:33:00,250800,,85034597,0,,0,,CORRECT_TOTAL_0_85034597
2971361,1,2026-05-21 04:34:00,250800,,85034597,0,,0,,CORRECT_TOTAL_0_85034597
2971362,1,2026-05-21 04:35:00,250800,,85034597,0,,0,,CORRECT_TOTAL_0_85034597
2971363,1,2026-05-21 04:36:00,250801,,85034598,0,,0,,CORRECT_TOTAL_0_85034598
2971364,1,2026-05-21 04:37:00,250801,,85034598,0,,0,,CORRECT_TOTAL_0_85034598
2971365,1,2026-05-21 04:38:00,250801,,85034598,0,,0,,CORRECT_TOTAL_0_85034598
2971366,1,2026-05-21 04:39:00,250802,,85034599,0,,0,,CORRECT_TOTAL_0_85034599
2971367,1,2026-05-21 04:40:00,250803,,85034600,0,,0,,CORRECT_TOTAL_0_85034600
2971368,1,2026-05-21 04:41:00,250803,,85034600,0,,0,,CORRECT_TOTAL_0_85034600
2971369,1,2026-05-21 04:42:00,250804,,85034601,0,,0,,CORRECT_TOTAL_0_85034601
2971370,1,2026-05-21 04:43:00,250804,,85034601,0,,0,,CORRECT_TOTAL_0_85034601
2971371,1,2026-05-21 04:44:00,250804,,85034601,0,,0,,CORRECT_TOTAL_0_85034601
2971372,1,2026-05-21 04:45:00,250805,,85034602,0,,0,,CORRECT_TOTAL_0_85034602
2971373,1,2026-05-21 04:46:00,250805,,85034602,0,,0,,CORRECT_TOTAL_0_85034602
2971374,1,2026-05-21 04:47:00,250805,,85034602,0,,0,,CORRECT_TOTAL_0_85034602
2971375,1,2026-05-21 04:48:00,250806,,85034603,0,,0,,CORRECT_TOTAL_0_85034603
2971376,1,2026-05-21 04:49:00,250806,,85034603,0,,0,,CORRECT_TOTAL_0_85034603
2971377,1,2026-05-21 04:50:00,250807,,85034604,0,,0,,CORRECT_TOTAL_0_85034604
2971378,1,2026-05-21 04:51:00,250807,,85034604,0,,0,,CORRECT_TOTAL_0_85034604
2971379,1,2026-05-21 04:52:00,250807,,85034604,0,,0,,CORRECT_TOTAL_0_85034604
2971380,1,2026-05-21 04:53:00,250808,,85034605,0,,0,,CORRECT_TOTAL_0_85034605
2971381,1,2026-05-21 04:54:00,250808,,85034605,0,,0,,CORRECT_TOTAL_0_85034605
2971382,1,2026-05-21 04:55:00,250808,,85034605,0,,0,,CORRECT_TOTAL_0_85034605
2971383,1,2026-05-21 04:56:00,250809,,85034606,0,,0,,CORRECT_TOTAL_0_85034606
2971384,1,2026-05-21 04:57:00,250809,,85034606,0,,0,,CORRECT_TOTAL_0_85034606
2971385,1,2026-05-21 04:58:00,250809,,85034606,0,,0,,CORRECT_TOTAL_0_85034606
2971386,1,2026-05-21 04:59:00,250810,,85034607,0,,0,,CORRECT_TOTAL_0_85034607
2971387,1,2026-05-21 05:00:00,250811,,85034608,0,,0,,CORRECT_TOTAL_0_85034608
2971388,1,2026-05-21 05:01:00,250811,,85034608,0,,0,,CORRECT_TOTAL_0_85034608
2971389,1,2026-05-21 05:02:00,250812,,85034609,0,,0,,CORRECT_TOTAL_0_85034609
2971390,1,2026-05-21 05:03:00,250812,,85034609,0,,0,,CORRECT_TOTAL_0_85034609
2971391,1,2026-05-21 05:04:00,250812,,85034609,0,,0,,CORRECT_TOTAL_0_85034609
2971392,1,2026-05-21 05:05:00,250813,,85034610,0,,0,,CORRECT_TOTAL_0_85034610
2971393,1,2026-05-21 05:06:00,250813,,85034610,0,,0,,CORRECT_TOTAL_0_85034610
2971394,1,2026-05-21 05:07:00,250814,,85034611,0,,0,,CORRECT_TOTAL_0_85034611
2971395,1,2026-05-21 05:08:00,250814,,85034611,0,,0,,CORRECT_TOTAL_0_85034611
2971396,1,2026-05-21 05:09:00,250815,,85034612,0,,0,,CORRECT_TOTAL_0_85034612
2971397,1,2026-05-21 05:10:00,250816,,85034613,0,,0,,CORRECT_TOTAL_0_85034613
2971398,1,2026-05-21 05:11:00,250816,,85034613,0,,0,,CORRECT_TOTAL_0_85034613
2971399,1,2026-05-21 05:12:00,250817,,85034614,0,,0,,CORRECT_TOTAL_0_85034614
2971400,1,2026-05-21 05:13:00,250817,,85034614,0,,0,,CORRECT_TOTAL_0_85034614
2971401,1,2026-05-21 05:14:00,250818,,85034615,0,,0,,CORRECT_TOTAL_0_85034615
2971402,1,2026-05-21 05:15:00,250819,,85034616,0,,0,,CORRECT_TOTAL_0_85034616
2971403,1,2026-05-21 05:16:00,250819,,85034616,0,,0,,CORRECT_TOTAL_0_85034616
2971404,1,2026-05-21 05:17:00,250820,,85034617,0,,0,,CORRECT_TOTAL_0_85034617
2971405,1,2026-05-21 05:18:00,250820,,85034617,0,,0,,CORRECT_TOTAL_0_85034617
2971406,1,2026-05-21 05:19:00,250820,,85034617,0,,0,,CORRECT_TOTAL_0_85034617
2971407,1,2026-05-21 05:20:00,250821,,85034618,0,,0,,CORRECT_TOTAL_0_85034618
2971408,1,2026-05-21 05:21:00,250822,,85034619,0,,0,,CORRECT_TOTAL_0_85034619
2971409,1,2026-05-21 05:22:00,250822,,85034619,0,,0,,CORRECT_TOTAL_0_85034619
2971410,1,2026-05-21 05:23:00,250823,,85034620,0,,0,,CORRECT_TOTAL_0_85034620
2971411,1,2026-05-21 05:24:00,250823,,85034620,0,,0,,CORRECT_TOTAL_0_85034620
2971412,1,2026-05-21 05:25:00,250824,,85034621,0,,0,,CORRECT_TOTAL_0_85034621
2971413,1,2026-05-21 05:26:00,250825,,85034622,0,,0,,CORRECT_TOTAL_0_85034622
2971414,1,2026-05-21 05:27:00,250825,,85034622,0,,0,,CORRECT_TOTAL_0_85034622
2971415,1,2026-05-21 05:28:00,250826,,85034623,0,,0,,CORRECT_TOTAL_0_85034623
2971416,1,2026-05-21 05:29:00,250826,,85034623,0,,0,,CORRECT_TOTAL_0_85034623
2971417,1,2026-05-21 05:30:00,250827,,85034624,0,,0,,CORRECT_TOTAL_0_85034624
2971418,1,2026-05-21 05:31:00,250827,,85034624,0,,0,,CORRECT_TOTAL_0_85034624
2971419,1,2026-05-21 05:32:00,250828,,85034625,0,,0,,CORRECT_TOTAL_0_85034625
2971420,1,2026-05-21 05:33:00,250828,,85034625,0,,0,,CORRECT_TOTAL_0_85034625
2971421,1,2026-05-21 05:34:00,250829,,85034626,0,,0,,CORRECT_TOTAL_0_85034626
2971422,1,2026-05-21 05:35:00,250829,,85034626,0,,0,,CORRECT_TOTAL_0_85034626
2971423,1,2026-05-21 05:36:00,250830,,85034627,0,,0,,CORRECT_TOTAL_0_85034627
2971424,1,2026-05-21 05:37:00,250830,,85034627,0,,0,,CORRECT_TOTAL_0_85034627
2971425,1,2026-05-21 05:38:00,250831,,85034628,0,,0,,CORRECT_TOTAL_0_85034628
2971426,1,2026-05-21 05:39:00,250832,,85034629,0,,0,,CORRECT_TOTAL_0_85034629
2971427,1,2026-05-21 05:40:00,250832,,85034629,0,,0,,CORRECT_TOTAL_0_85034629
2971428,1,2026-05-21 05:41:00,250833,,85034630,0,,0,,CORRECT_TOTAL_0_85034630
2971429,1,2026-05-21 05:42:00,250833,,85034630,0,,0,,CORRECT_TOTAL_0_85034630
2971430,1,2026-05-21 05:43:00,250834,,85034631,0,,0,,CORRECT_TOTAL_0_85034631
2971431,1,2026-05-21 05:44:00,250834,,85034631,0,,0,,CORRECT_TOTAL_0_85034631
2971432,1,2026-05-21 05:45:00,250835,,85034632,0,,0,,CORRECT_TOTAL_0_85034632
2971433,1,2026-05-21 05:46:00,250835,,85034632,0,,0,,CORRECT_TOTAL_0_85034632
2971434,1,2026-05-21 05:47:00,250836,,85034633,0,,0,,CORRECT_TOTAL_0_85034633
2971435,1,2026-05-21 05:48:00,250836,,85034633,0,,0,,CORRECT_TOTAL_0_85034633
2971436,1,2026-05-21 05:49:00,250837,,85034634,0,,0,,CORRECT_TOTAL_0_85034634
2971437,1,2026-05-21 05:50:00,250838,,85034635,0,,0,,CORRECT_TOTAL_0_85034635
2971438,1,2026-05-21 05:51:00,250838,,85034635,0,,0,,CORRECT_TOTAL_0_85034635
2971439,1,2026-05-21 05:52:00,250839,,85034636,0,,0,,CORRECT_TOTAL_0_85034636
2971440,1,2026-05-21 05:53:00,250839,,85034636,0,,0,,CORRECT_TOTAL_0_85034636
2971441,1,2026-05-21 05:54:00,250840,,85034637,0,,0,,CORRECT_TOTAL_0_85034637
2971442,1,2026-05-21 05:55:00,250841,,85034638,0,,0,,CORRECT_TOTAL_0_85034638
2971443,1,2026-05-21 05:56:00,250841,,85034638,0,,0,,CORRECT_TOTAL_0_85034638
2971444,1,2026-05-21 05:57:00,250842,,85034639,0,,0,,CORRECT_TOTAL_0_85034639
2971445,1,2026-05-21 05:58:00,250842,,85034639,0,,0,,CORRECT_TOTAL_0_85034639
2971446,1,2026-05-21 05:59:00,250842,,85034639,0,,0,,CORRECT_TOTAL_0_85034639
2971447,1,2026-05-21 06:00:00,250843,,85034640,0,,0,,CORRECT_TOTAL_0_85034640
2971448,1,2026-05-21 06:01:00,250843,,85034640,0,,0,,CORRECT_TOTAL_0_85034640
2971449,1,2026-05-21 06:02:00,250844,,85034641,0,,0,,CORRECT_TOTAL_0_85034641
2971450,1,2026-05-21 06:03:00,250845,,85034642,0,,0,,CORRECT_TOTAL_0_85034642
2971451,1,2026-05-21 06:04:00,250845,,85034642,0,,0,,CORRECT_TOTAL_0_85034642
2971452,1,2026-05-21 06:05:00,250846,,85034643,0,,0,,CORRECT_TOTAL_0_85034643
2971453,1,2026-05-21 06:06:00,250846,,85034643,0,,0,,CORRECT_TOTAL_0_85034643
2971454,1,2026-05-21 06:07:00,250847,,85034644,0,,0,,CORRECT_TOTAL_0_85034644
2971455,1,2026-05-21 06:08:00,250848,,85034645,0,,0,,CORRECT_TOTAL_0_85034645
2971456,1,2026-05-21 06:09:00,250848,,85034645,0,,0,,CORRECT_TOTAL_0_85034645
2971457,1,2026-05-21 06:10:00,250849,,85034646,0,,0,,CORRECT_TOTAL_0_85034646
2971458,1,2026-05-21 06:11:00,250849,,85034646,0,,0,,CORRECT_TOTAL_0_85034646
2971459,1,2026-05-21 06:12:00,250850,,85034647,0,,0,,CORRECT_TOTAL_0_85034647
2971460,1,2026-05-21 06:13:00,250850,,85034647,0,,0,,CORRECT_TOTAL_0_85034647
2971461,1,2026-05-21 06:14:00,250851,,85034648,0,,0,,CORRECT_TOTAL_0_85034648
2971462,1,2026-05-21 06:15:00,250851,,85034648,0,,0,,CORRECT_TOTAL_0_85034648
2971463,1,2026-05-21 06:16:00,250852,,85034649,0,,0,,CORRECT_TOTAL_0_85034649
2971464,1,2026-05-21 06:17:00,250852,,85034649,0,,0,,CORRECT_TOTAL_0_85034649
2971465,1,2026-05-21 06:18:00,250853,,85034650,0,,0,,CORRECT_TOTAL_0_85034650
2971466,1,2026-05-21 06:19:00,250853,,85034650,0,,0,,CORRECT_TOTAL_0_85034650
2971467,1,2026-05-21 06:20:00,250854,,85034651,0,,0,,CORRECT_TOTAL_0_85034651
2971468,1,2026-05-21 06:21:00,250855,,85034652,0,,0,,CORRECT_TOTAL_0_85034652
2971469,1,2026-05-21 06:22:00,250855,,85034652,0,,0,,CORRECT_TOTAL_0_85034652
2971470,1,2026-05-21 06:23:00,250856,,85034653,0,,0,,CORRECT_TOTAL_0_85034653
2971471,1,2026-05-21 06:24:00,250856,,85034653,0,,0,,CORRECT_TOTAL_0_85034653
2971472,1,2026-05-21 06:25:00,250857,,85034654,0,,0,,CORRECT_TOTAL_0_85034654
2971473,1,2026-05-21 06:26:00,250857,,85034654,0,,0,,CORRECT_TOTAL_0_85034654
2971474,1,2026-05-21 06:27:00,250858,,85034655,0,,0,,CORRECT_TOTAL_0_85034655
2971475,1,2026-05-21 06:28:00,250858,,85034655,0,,0,,CORRECT_TOTAL_0_85034655
2971476,1,2026-05-21 06:29:00,250859,,85034656,0,,0,,CORRECT_TOTAL_0_85034656
2971477,1,2026-05-21 06:30:00,250859,,85034656,0,,0,,CORRECT_TOTAL_0_85034656
2971478,1,2026-05-21 06:31:00,250860,,85034657,0,,0,,CORRECT_TOTAL_0_85034657
2971479,1,2026-05-21 06:32:00,250861,,85034658,0,,0,,CORRECT_TOTAL_0_85034658
2971480,1,2026-05-21 06:33:00,250861,,85034658,0,,0,,CORRECT_TOTAL_0_85034658
2971481,1,2026-05-21 06:34:00,250862,,85034659,0,,0,,CORRECT_TOTAL_0_85034659
2971482,1,2026-05-21 06:35:00,250862,,85034659,0,,0,,CORRECT_TOTAL_0_85034659
2971483,1,2026-05-21 06:36:00,250863,,85034660,0,,0,,CORRECT_TOTAL_0_85034660
2971484,1,2026-05-21 06:37:00,250864,,85034661,0,,0,,CORRECT_TOTAL_0_85034661
2971485,1,2026-05-21 06:38:00,250864,,85034661,0,,0,,CORRECT_TOTAL_0_85034661
2971486,1,2026-05-21 06:39:00,250865,,85034662,0,,0,,CORRECT_TOTAL_0_85034662
2971487,1,2026-05-21 06:40:00,250865,,85034662,0,,0,,CORRECT_TOTAL_0_85034662
2971488,1,2026-05-21 06:41:00,250865,,85034662,0,,0,,CORRECT_TOTAL_0_85034662
2971489,1,2026-05-21 06:42:00,250866,,85034663,0,,0,,CORRECT_TOTAL_0_85034663
2971490,1,2026-05-21 06:43:00,250866,,85034663,0,,0,,CORRECT_TOTAL_0_85034663
2971491,1,2026-05-21 06:44:00,250867,,85034664,0,,0,,CORRECT_TOTAL_0_85034664
2971492,1,2026-05-21 06:45:00,250868,,85034665,0,,0,,CORRECT_TOTAL_0_85034665
2971493,1,2026-05-21 06:46:00,250868,,85034665,0,,0,,CORRECT_TOTAL_0_85034665
2971494,1,2026-05-21 06:47:00,250869,,85034666,0,,0,,CORRECT_TOTAL_0_85034666
2971495,1,2026-05-21 06:48:00,250869,,85034666,0,,0,,CORRECT_TOTAL_0_85034666
2971496,1,2026-05-21 06:49:00,250870,,85034667,0,,0,,CORRECT_TOTAL_0_85034667
2971497,1,2026-05-21 06:50:00,250871,,85034668,0,,0,,CORRECT_TOTAL_0_85034668
2971498,1,2026-05-21 06:51:00,250871,,85034668,0,,0,,CORRECT_TOTAL_0_85034668
2971499,1,2026-05-21 06:52:00,250872,,85034669,0,,0,,CORRECT_TOTAL_0_85034669
2971500,1,2026-05-21 06:53:00,250872,,85034669,0,,0,,CORRECT_TOTAL_0_85034669
2971501,1,2026-05-21 06:54:00,250873,,85034670,0,,0,,CORRECT_TOTAL_0_85034670
2971502,1,2026-05-21 06:55:00,250873,,85034670,0,,0,,CORRECT_TOTAL_0_85034670
2971503,1,2026-05-21 06:56:00,250873,,85034670,0,,0,,CORRECT_TOTAL_0_85034670
2971504,1,2026-05-21 06:57:00,250874,,85034671,0,,0,,CORRECT_TOTAL_0_85034671
2971505,1,2026-05-21 06:58:00,250875,,85034672,0,,0,,CORRECT_TOTAL_0_85034672
2971506,1,2026-05-21 06:59:00,250875,,85034672,0,,0,,CORRECT_TOTAL_0_85034672
2971507,1,2026-05-21 07:00:00,250876,,85034673,0,,0,,CORRECT_TOTAL_0_85034673
2971508,1,2026-05-21 07:01:00,250876,,85034673,0,,0,,CORRECT_TOTAL_0_85034673
2971509,1,2026-05-21 07:02:00,250877,,85034674,0,,0,,CORRECT_TOTAL_0_85034674
2971510,1,2026-05-21 07:03:00,250878,,85034675,0,,0,,CORRECT_TOTAL_0_85034675
2971511,1,2026-05-21 07:04:00,250878,,85034675,0,,0,,CORRECT_TOTAL_0_85034675
2971512,1,2026-05-21 07:05:00,250879,,85034676,0,,0,,CORRECT_TOTAL_0_85034676
2971513,1,2026-05-21 07:06:00,250879,,85034676,0,,0,,CORRECT_TOTAL_0_85034676
2971514,1,2026-05-21 07:07:00,250880,,85034677,0,,0,,CORRECT_TOTAL_0_85034677
2971515,1,2026-05-21 07:08:00,250880,,85034677,0,,0,,CORRECT_TOTAL_0_85034677
2971516,1,2026-05-21 07:09:00,250881,,85034678,0,,0,,CORRECT_TOTAL_0_85034678
2971517,1,2026-05-21 07:10:00,250881,,85034678,0,,0,,CORRECT_TOTAL_0_85034678
2971518,1,2026-05-21 07:11:00,250882,,85034679,0,,0,,CORRECT_TOTAL_0_85034679
2971519,1,2026-05-21 07:12:00,250882,,85034679,0,,0,,CORRECT_TOTAL_0_85034679
2971520,1,2026-05-21 07:13:00,250883,,85034680,0,,0,,CORRECT_TOTAL_0_85034680
2971521,1,2026-05-21 07:14:00,250883,,85034680,0,,0,,CORRECT_TOTAL_0_85034680
2971522,1,2026-05-21 07:15:00,250884,,85034681,0,,0,,CORRECT_TOTAL_0_85034681
2971523,1,2026-05-21 07:16:00,250885,,85034682,0,,0,,CORRECT_TOTAL_0_85034682
2971524,1,2026-05-21 07:17:00,250885,,85034682,0,,0,,CORRECT_TOTAL_0_85034682
2971525,1,2026-05-21 07:18:00,250886,,85034683,0,,0,,CORRECT_TOTAL_0_85034683
2971526,1,2026-05-21 07:19:00,250887,,85034684,0,,0,,CORRECT_TOTAL_0_85034684
2971527,1,2026-05-21 07:20:00,250887,,85034684,0,,0,,CORRECT_TOTAL_0_85034684
2971528,1,2026-05-21 07:21:00,250888,,85034685,0,,0,,CORRECT_TOTAL_0_85034685
2971529,1,2026-05-21 07:22:00,250888,,85034685,0,,0,,CORRECT_TOTAL_0_85034685
2971530,1,2026-05-21 07:23:00,250888,,85034685,0,,0,,CORRECT_TOTAL_0_85034685
2971531,1,2026-05-21 07:24:00,250889,,85034686,0,,0,,CORRECT_TOTAL_0_85034686
2971532,1,2026-05-21 07:25:00,250889,,85034686,0,,0,,CORRECT_TOTAL_0_85034686
2971533,1,2026-05-21 07:26:00,250890,,85034687,0,,0,,CORRECT_TOTAL_0_85034687
2971534,1,2026-05-21 07:27:00,250890,,85034687,0,,0,,CORRECT_TOTAL_0_85034687
2971535,1,2026-05-21 07:28:00,250891,,85034688,0,,0,,CORRECT_TOTAL_0_85034688
2971536,1,2026-05-21 07:29:00,250892,,85034689,0,,0,,CORRECT_TOTAL_0_85034689
2971537,1,2026-05-21 07:30:00,250892,,85034689,0,,0,,CORRECT_TOTAL_0_85034689
2971538,1,2026-05-21 07:31:00,250893,,85034690,0,,0,,CORRECT_TOTAL_0_85034690
2971539,1,2026-05-21 07:32:00,250894,,85034691,0,,0,,CORRECT_TOTAL_0_85034691
2971540,1,2026-05-21 07:33:00,250894,,85034691,0,,0,,CORRECT_TOTAL_0_85034691
2971541,1,2026-05-21 07:34:00,250895,,85034692,0,,0,,CORRECT_TOTAL_0_85034692
2971542,1,2026-05-21 07:35:00,250895,,85034692,0,,0,,CORRECT_TOTAL_0_85034692
2971543,1,2026-05-21 07:36:00,250895,,85034692,0,,0,,CORRECT_TOTAL_0_85034692
2971544,1,2026-05-21 07:37:00,250896,,85034693,0,,0,,CORRECT_TOTAL_0_85034693
2971545,1,2026-05-21 07:38:00,250896,,85034693,0,,0,,CORRECT_TOTAL_0_85034693
2971546,1,2026-05-21 07:39:00,250897,,85034694,0,,0,,CORRECT_TOTAL_0_85034694
2971547,1,2026-05-21 07:40:00,250898,,85034695,0,,0,,CORRECT_TOTAL_0_85034695
2971548,1,2026-05-21 07:41:00,250898,,85034695,0,,0,,CORRECT_TOTAL_0_85034695
2971549,1,2026-05-21 07:42:00,250899,,85034696,0,,0,,CORRECT_TOTAL_0_85034696
2971550,1,2026-05-21 07:43:00,250899,,85034696,0,,0,,CORRECT_TOTAL_0_85034696
2971551,1,2026-05-21 07:44:00,250900,,85034697,0,,0,,CORRECT_TOTAL_0_85034697
2971552,1,2026-05-21 07:45:00,250901,,85034698,0,,0,,CORRECT_TOTAL_0_85034698
2971553,1,2026-05-21 07:46:00,250901,,85034698,0,,0,,CORRECT_TOTAL_0_85034698
2971554,1,2026-05-21 07:47:00,250902,,85034699,0,,0,,CORRECT_TOTAL_0_85034699
2971555,1,2026-05-21 07:48:00,250902,,85034699,0,,0,,CORRECT_TOTAL_0_85034699
2971556,1,2026-05-21 07:49:00,250903,,85034700,0,,0,,CORRECT_TOTAL_0_85034700
2971557,1,2026-05-21 07:50:00,250903,,85034700,0,,0,,CORRECT_TOTAL_0_85034700
2971558,1,2026-05-21 07:51:00,250903,,85034700,0,,0,,CORRECT_TOTAL_0_85034700
2971559,1,2026-05-21 07:52:00,250904,,85034701,0,,0,,CORRECT_TOTAL_0_85034701
2971560,1,2026-05-21 07:53:00,250905,,85034702,0,,0,,CORRECT_TOTAL_0_85034702
2971561,1,2026-05-21 07:54:00,250905,,85034702,0,,0,,CORRECT_TOTAL_0_85034702
2971562,1,2026-05-21 07:55:00,250906,,85034703,0,,0,,CORRECT_TOTAL_0_85034703
2971563,1,2026-05-21 07:56:00,250906,,85034703,0,,0,,CORRECT_TOTAL_0_85034703
2971564,1,2026-05-21 07:57:00,250907,,85034704,0,,0,,CORRECT_TOTAL_0_85034704
2971565,1,2026-05-21 07:58:00,250908,,85034705,0,,0,,CORRECT_TOTAL_0_85034705
2971566,1,2026-05-21 07:59:00,250908,,85034705,0,,0,,CORRECT_TOTAL_0_85034705
2971567,1,2026-05-21 08:00:00,250909,,85034706,0,,0,,CORRECT_TOTAL_0_85034706
2971568,1,2026-05-21 08:01:00,250909,,85034706,0,,0,,CORRECT_TOTAL_0_85034706
2971569,1,2026-05-21 08:02:00,250910,,85034707,0,,0,,CORRECT_TOTAL_0_85034707
2971570,1,2026-05-21 08:03:00,250911,,85034708,0,,0,,CORRECT_TOTAL_0_85034708
2971571,1,2026-05-21 08:04:00,250911,,85034708,0,,0,,CORRECT_TOTAL_0_85034708
2971572,1,2026-05-21 08:05:00,250911,,85034708,0,,0,,CORRECT_TOTAL_0_85034708
2971573,1,2026-05-21 08:06:00,250912,,85034709,0,,0,,CORRECT_TOTAL_0_85034709
2971574,1,2026-05-21 08:07:00,250912,,85034709,0,,0,,CORRECT_TOTAL_0_85034709
2971575,1,2026-05-21 08:08:00,250913,,85034710,0,,0,,CORRECT_TOTAL_0_85034710
2971576,1,2026-05-21 08:09:00,250914,,85034711,0,,0,,CORRECT_TOTAL_0_85034711
2971577,1,2026-05-21 08:10:00,250914,,85034711,0,,0,,CORRECT_TOTAL_0_85034711
2971578,1,2026-05-21 08:11:00,250915,,85034712,0,,0,,CORRECT_TOTAL_0_85034712
2971579,1,2026-05-21 08:12:00,250915,,85034712,0,,0,,CORRECT_TOTAL_0_85034712
2971580,1,2026-05-21 08:13:00,250916,,85034713,0,,0,,CORRECT_TOTAL_0_85034713
2971581,1,2026-05-21 08:14:00,250916,,85034713,0,,0,,CORRECT_TOTAL_0_85034713
2971582,1,2026-05-21 08:15:00,250917,,85034714,0,,0,,CORRECT_TOTAL_0_85034714
2971583,1,2026-05-21 08:16:00,250918,,85034715,0,,0,,CORRECT_TOTAL_0_85034715
2971584,1,2026-05-21 08:17:00,250918,,85034715,0,,0,,CORRECT_TOTAL_0_85034715
2971585,1,2026-05-21 08:18:00,250919,,85034716,0,,0,,CORRECT_TOTAL_0_85034716
2971586,1,2026-05-21 08:19:00,250919,,85034716,0,,0,,CORRECT_TOTAL_0_85034716
2971587,1,2026-05-21 08:20:00,250919,,85034716,0,,0,,CORRECT_TOTAL_0_85034716
2971588,1,2026-05-21 08:21:00,250920,,85034717,0,,0,,CORRECT_TOTAL_0_85034717
2971589,1,2026-05-21 08:22:00,250921,,85034718,0,,0,,CORRECT_TOTAL_0_85034718
2971590,1,2026-05-21 08:23:00,250921,,85034718,0,,0,,CORRECT_TOTAL_0_85034718
2971591,1,2026-05-21 08:24:00,250922,,85034719,0,,0,,CORRECT_TOTAL_0_85034719
2971592,1,2026-05-21 08:25:00,250922,,85034719,0,,0,,CORRECT_TOTAL_0_85034719
2971593,1,2026-05-21 08:26:00,250923,,85034720,0,,0,,CORRECT_TOTAL_0_85034720
2971594,1,2026-05-21 08:27:00,250924,,85034721,0,,0,,CORRECT_TOTAL_0_85034721
2971595,1,2026-05-21 08:28:00,250924,,85034721,0,,0,,CORRECT_TOTAL_0_85034721
2971596,1,2026-05-21 08:29:00,250925,,85034722,0,,0,,CORRECT_TOTAL_0_85034722
2971597,1,2026-05-21 08:30:00,250925,,85034722,0,,0,,CORRECT_TOTAL_0_85034722
2971598,1,2026-05-21 08:31:00,250926,,85034723,0,,0,,CORRECT_TOTAL_0_85034723
2971599,1,2026-05-21 08:32:00,250926,,85034723,0,,0,,CORRECT_TOTAL_0_85034723
2971600,1,2026-05-21 08:33:00,250927,,85034724,0,,0,,CORRECT_TOTAL_0_85034724
2971601,1,2026-05-21 08:34:00,250927,,85034724,0,,0,,CORRECT_TOTAL_0_85034724
2971602,1,2026-05-21 08:35:00,250928,,85034725,0,,0,,CORRECT_TOTAL_0_85034725
2971603,1,2026-05-21 08:36:00,250928,,85034725,0,,0,,CORRECT_TOTAL_0_85034725
2971604,1,2026-05-21 08:37:00,250929,,85034726,0,,0,,CORRECT_TOTAL_0_85034726
2971605,1,2026-05-21 08:38:00,250929,,85034726,0,,0,,CORRECT_TOTAL_0_85034726
2971606,1,2026-05-21 08:39:00,250930,,85034727,0,,0,,CORRECT_TOTAL_0_85034727
2971607,1,2026-05-21 08:40:00,250931,,85034728,0,,0,,CORRECT_TOTAL_0_85034728
2971608,1,2026-05-21 08:41:00,250931,,85034728,0,,0,,CORRECT_TOTAL_0_85034728
2971609,1,2026-05-21 08:42:00,250932,,85034729,0,,0,,CORRECT_TOTAL_0_85034729
2971610,1,2026-05-21 08:43:00,250932,,85034729,0,,0,,CORRECT_TOTAL_0_85034729
2971611,1,2026-05-21 08:44:00,250933,,85034730,0,,0,,CORRECT_TOTAL_0_85034730
2971612,1,2026-05-21 08:45:00,250934,,85034731,0,,0,,CORRECT_TOTAL_0_85034731
2971613,1,2026-05-21 08:46:00,250934,,85034731,0,,0,,CORRECT_TOTAL_0_85034731
2971614,1,2026-05-21 08:47:00,250935,,85034732,0,,0,,CORRECT_TOTAL_0_85034732
2971615,1,2026-05-21 08:48:00,250935,,85034732,0,,0,,CORRECT_TOTAL_0_85034732
2971616,1,2026-05-21 08:49:00,250936,,85034733,0,,0,,CORRECT_TOTAL_0_85034733
2971617,1,2026-05-21 08:50:00,250936,,85034733,0,,0,,CORRECT_TOTAL_0_85034733
2971618,1,2026-05-21 08:51:00,250937,,85034734,0,,0,,CORRECT_TOTAL_0_85034734
2971619,1,2026-05-21 08:52:00,250937,,85034734,0,,0,,CORRECT_TOTAL_0_85034734
2971620,1,2026-05-21 08:53:00,250938,,85034735,0,,0,,CORRECT_TOTAL_0_85034735
2971621,1,2026-05-21 08:54:00,250938,,85034735,0,,0,,CORRECT_TOTAL_0_85034735
2971622,1,2026-05-21 08:55:00,250939,,85034736,0,,0,,CORRECT_TOTAL_0_85034736
2971623,1,2026-05-21 08:56:00,250940,,85034737,0,,0,,CORRECT_TOTAL_0_85034737
2971624,1,2026-05-21 08:57:00,250940,,85034737,0,,0,,CORRECT_TOTAL_0_85034737
2971625,1,2026-05-21 08:58:00,250941,,85034738,0,,0,,CORRECT_TOTAL_0_85034738
2971626,1,2026-05-21 08:59:00,250941,,85034738,0,,0,,CORRECT_TOTAL_0_85034738
2971627,1,2026-05-21 09:00:00,250942,,85034739,0,,0,,CORRECT_TOTAL_0_85034739
2971628,1,2026-05-21 09:01:00,250943,,85034740,0,,0,,CORRECT_TOTAL_0_85034740
2971629,1,2026-05-21 09:02:00,250943,,85034740,0,,0,,CORRECT_TOTAL_0_85034740
2971630,1,2026-05-21 09:03:00,250944,,85034741,0,,0,,CORRECT_TOTAL_0_85034741
2971631,1,2026-05-21 09:04:00,250944,,85034741,0,,0,,CORRECT_TOTAL_0_85034741
2971632,1,2026-05-21 09:05:00,250944,,85034741,0,,0,,CORRECT_TOTAL_0_85034741
2971633,1,2026-05-21 09:06:00,250945,,85034742,0,,0,,CORRECT_TOTAL_0_85034742
2971634,1,2026-05-21 09:07:00,250945,,85034742,0,,0,,CORRECT_TOTAL_0_85034742
2971635,1,2026-05-21 09:08:00,250946,,85034743,0,,0,,CORRECT_TOTAL_0_85034743
2971636,1,2026-05-21 09:09:00,250947,,85034744,0,,0,,CORRECT_TOTAL_0_85034744
2971637,1,2026-05-21 09:10:00,250947,,85034744,0,,0,,CORRECT_TOTAL_0_85034744
2971638,1,2026-05-21 09:11:00,250948,,85034745,0,,0,,CORRECT_TOTAL_0_85034745
2971639,1,2026-05-21 09:12:00,250948,,85034745,0,,0,,CORRECT_TOTAL_0_85034745
2971640,1,2026-05-21 09:13:00,250949,,85034746,0,,0,,CORRECT_TOTAL_0_85034746
2971641,1,2026-05-21 09:14:00,250950,,85034747,0,,0,,CORRECT_TOTAL_0_85034747
2971642,1,2026-05-21 09:15:00,250950,,85034747,0,,0,,CORRECT_TOTAL_0_85034747
2971643,1,2026-05-21 09:16:00,250951,,85034748,0,,0,,CORRECT_TOTAL_0_85034748
2971645,1,2026-05-21 09:17:00,250951,,85034748,0,,0,,CORRECT_TOTAL_0_85034748
2971646,1,2026-05-21 09:18:00,250952,,85034749,0,,0,,CORRECT_TOTAL_0_85034749
2971647,1,2026-05-21 09:19:00,250952,,85034749,0,,0,,CORRECT_TOTAL_0_85034749
2971648,1,2026-05-21 09:20:00,250953,,85034750,0,,0,,CORRECT_TOTAL_0_85034750
2971649,1,2026-05-21 09:21:00,250953,,85034750,0,,0,,CORRECT_TOTAL_0_85034750
2971650,1,2026-05-21 09:22:00,250954,,85034751,0,,0,,CORRECT_TOTAL_0_85034751
2971651,1,2026-05-21 09:23:00,250954,,85034751,0,,0,,CORRECT_TOTAL_0_85034751
2971652,1,2026-05-21 09:24:00,250955,,85034752,0,,0,,CORRECT_TOTAL_0_85034752
2971653,1,2026-05-21 09:25:00,250956,,85034753,0,,0,,CORRECT_TOTAL_0_85034753
2971654,1,2026-05-21 09:26:00,250956,,85034753,0,,0,,CORRECT_TOTAL_0_85034753
2971655,1,2026-05-21 09:27:00,250957,,85034754,0,,0,,CORRECT_TOTAL_0_85034754
2971656,1,2026-05-21 09:28:00,250957,,85034754,0,,0,,CORRECT_TOTAL_0_85034754
2971657,1,2026-05-21 09:29:00,250958,,85034755,0,,0,,CORRECT_TOTAL_0_85034755
2971658,1,2026-05-21 09:30:00,250959,,85034756,0,,0,,CORRECT_TOTAL_0_85034756
2971659,1,2026-05-21 09:31:00,250959,,85034756,0,,0,,CORRECT_TOTAL_0_85034756
2971660,1,2026-05-21 09:32:00,250960,,85034757,0,,0,,CORRECT_TOTAL_0_85034757
2971661,1,2026-05-21 09:33:00,250960,,85034757,0,,0,,CORRECT_TOTAL_0_85034757
2971662,1,2026-05-21 09:34:00,250961,,85034758,0,,0,,CORRECT_TOTAL_0_85034758
2971663,1,2026-05-21 09:35:00,250962,,85034759,0,,0,,CORRECT_TOTAL_0_85034759
2971664,1,2026-05-21 09:36:00,250962,,85034759,0,,0,,CORRECT_TOTAL_0_85034759
2971665,1,2026-05-21 09:37:00,250962,,85034759,0,,0,,CORRECT_TOTAL_0_85034759
2971666,1,2026-05-21 09:38:00,250963,,85034760,0,,0,,CORRECT_TOTAL_0_85034760
2971667,1,2026-05-21 09:39:00,250963,,85034760,0,,0,,CORRECT_TOTAL_0_85034760
2971668,1,2026-05-21 09:40:00,250964,,85034761,0,,0,,CORRECT_TOTAL_0_85034761
2971669,1,2026-05-21 09:41:00,250964,,85034761,0,,0,,CORRECT_TOTAL_0_85034761
2971670,1,2026-05-21 09:42:00,250965,,85034762,0,,0,,CORRECT_TOTAL_0_85034762
2971671,1,2026-05-21 09:43:00,250966,,85034763,0,,0,,CORRECT_TOTAL_0_85034763
2971672,1,2026-05-21 09:44:00,250966,,85034763,0,,0,,CORRECT_TOTAL_0_85034763
2971673,1,2026-05-21 09:45:00,250967,,85034764,0,,0,,CORRECT_TOTAL_0_85034764
2971674,1,2026-05-21 09:46:00,250967,,85034764,0,,0,,CORRECT_TOTAL_0_85034764
2971675,1,2026-05-21 09:47:00,250968,,85034765,0,,0,,CORRECT_TOTAL_0_85034765
2971676,1,2026-05-21 09:48:00,250969,,85034766,0,,0,,CORRECT_TOTAL_0_85034766
2971677,1,2026-05-21 09:49:00,250969,,85034766,0,,0,,CORRECT_TOTAL_0_85034766
2971678,1,2026-05-21 09:50:00,250970,,85034767,0,,0,,CORRECT_TOTAL_0_85034767
2971679,1,2026-05-21 09:51:00,250970,,85034767,0,,0,,CORRECT_TOTAL_0_85034767
2971680,1,2026-05-21 09:52:00,250971,,85034768,0,,0,,CORRECT_TOTAL_0_85034768
2971681,1,2026-05-21 09:53:00,250972,,85034769,0,,0,,CORRECT_TOTAL_0_85034769
2971682,1,2026-05-21 09:54:00,250972,,85034769,0,,0,,CORRECT_TOTAL_0_85034769
2971683,1,2026-05-21 09:55:00,250973,,85034770,0,,0,,CORRECT_TOTAL_0_85034770
2971684,1,2026-05-21 09:56:00,250973,,85034770,0,,0,,CORRECT_TOTAL_0_85034770
2971685,1,2026-05-21 09:57:00,250973,,85034770,0,,0,,CORRECT_TOTAL_0_85034770
2971686,1,2026-05-21 09:58:00,250974,,85034771,0,,0,,CORRECT_TOTAL_0_85034771
2971687,1,2026-05-21 09:59:00,250975,,85034772,0,,0,,CORRECT_TOTAL_0_85034772
2971688,1,2026-05-21 10:00:00,250975,,85034772,0,,0,,CORRECT_TOTAL_0_85034772
2971689,1,2026-05-21 10:01:00,250976,,85034773,0,,0,,CORRECT_TOTAL_0_85034773
2971690,1,2026-05-21 10:02:00,250976,,85034773,0,,0,,CORRECT_TOTAL_0_85034773
2971691,1,2026-05-21 10:03:00,250977,,85034774,0,,0,,CORRECT_TOTAL_0_85034774
2971692,1,2026-05-21 10:04:00,250978,,85034775,0,,0,,CORRECT_TOTAL_0_85034775
2971693,1,2026-05-21 10:05:00,250978,,85034775,0,,0,,CORRECT_TOTAL_0_85034775
2971694,1,2026-05-21 10:06:00,250979,,85034776,0,,0,,CORRECT_TOTAL_0_85034776
2971695,1,2026-05-21 10:07:00,250979,,85034776,0,,0,,CORRECT_TOTAL_0_85034776
2971696,1,2026-05-21 10:08:00,250980,,85034777,0,,0,,CORRECT_TOTAL_0_85034777
2971697,1,2026-05-21 10:09:00,250981,,85034778,0,,0,,CORRECT_TOTAL_0_85034778
2971698,1,2026-05-21 10:10:00,250981,,85034778,0,,0,,CORRECT_TOTAL_0_85034778
2971699,1,2026-05-21 10:11:00,250982,,85034779,0,,0,,CORRECT_TOTAL_0_85034779
2971700,1,2026-05-21 10:12:00,250982,,85034779,0,,0,,CORRECT_TOTAL_0_85034779
2971701,1,2026-05-21 10:13:00,250983,,85034780,0,,0,,CORRECT_TOTAL_0_85034780
2971702,1,2026-05-21 10:14:00,250984,,85034781,0,,0,,CORRECT_TOTAL_0_85034781
2971703,1,2026-05-21 10:15:00,250984,,85034781,0,,0,,CORRECT_TOTAL_0_85034781
2971704,1,2026-05-21 10:16:00,250985,,85034782,0,,0,,CORRECT_TOTAL_0_85034782
2971705,1,2026-05-21 10:17:00,250985,,85034782,0,,0,,CORRECT_TOTAL_0_85034782
2971706,1,2026-05-21 10:18:00,250986,,85034783,0,,0,,CORRECT_TOTAL_0_85034783
2971707,1,2026-05-21 10:19:00,250987,,85034784,0,,0,,CORRECT_TOTAL_0_85034784
2971708,1,2026-05-21 10:20:00,250987,,85034784,0,,0,,CORRECT_TOTAL_0_85034784
2971709,1,2026-05-21 10:21:00,250988,,85034785,0,,0,,CORRECT_TOTAL_0_85034785
2971710,1,2026-05-21 10:22:00,250988,,85034785,0,,0,,CORRECT_TOTAL_0_85034785
2971711,1,2026-05-21 10:23:00,250989,,85034786,0,,0,,CORRECT_TOTAL_0_85034786
2971712,1,2026-05-21 10:24:00,250990,,85034787,0,,0,,CORRECT_TOTAL_0_85034787
2971713,1,2026-05-21 10:25:00,250990,,85034787,0,,0,,CORRECT_TOTAL_0_85034787
2971714,1,2026-05-21 10:26:00,250991,,85034788,0,,0,,CORRECT_TOTAL_0_85034788
2971715,1,2026-05-21 10:27:00,250991,,85034788,0,,0,,CORRECT_TOTAL_0_85034788
2971716,1,2026-05-21 10:28:00,250992,,85034789,0,,0,,CORRECT_TOTAL_0_85034789
2971717,1,2026-05-21 10:29:00,250992,,85034789,0,,0,,CORRECT_TOTAL_0_85034789
2971718,1,2026-05-21 10:30:00,250993,,85034790,0,,0,,CORRECT_TOTAL_0_85034790
2971719,1,2026-05-21 10:31:00,250993,,85034790,0,,0,,CORRECT_TOTAL_0_85034790
2971720,1,2026-05-21 10:32:00,250994,,85034791,0,,0,,CORRECT_TOTAL_0_85034791
2971721,1,2026-05-21 10:33:00,250994,,85034791,0,,0,,CORRECT_TOTAL_0_85034791
2971722,1,2026-05-21 10:34:00,250995,,85034792,0,,0,,CORRECT_TOTAL_0_85034792
2971723,1,2026-05-21 10:35:00,250996,,85034793,0,,0,,CORRECT_TOTAL_0_85034793
2971724,1,2026-05-21 10:36:00,250996,,85034793,0,,0,,CORRECT_TOTAL_0_85034793
2971725,1,2026-05-21 10:37:00,250997,,85034794,0,,0,,CORRECT_TOTAL_0_85034794
2971726,1,2026-05-21 10:38:00,250997,,85034794,0,,0,,CORRECT_TOTAL_0_85034794
2971727,1,2026-05-21 10:39:00,250998,,85034795,0,,0,,CORRECT_TOTAL_0_85034795
2971728,1,2026-05-21 10:40:00,250999,,85034796,0,,0,,CORRECT_TOTAL_0_85034796
2971729,1,2026-05-21 10:41:00,250999,,85034796,0,,0,,CORRECT_TOTAL_0_85034796
2971730,1,2026-05-21 10:42:00,251000,,85034797,0,,0,,CORRECT_TOTAL_0_85034797
2971731,1,2026-05-21 10:43:00,251000,,85034797,0,,0,,CORRECT_TOTAL_0_85034797
2971732,1,2026-05-21 10:44:00,251001,,85034798,0,,0,,CORRECT_TOTAL_0_85034798
2971733,1,2026-05-21 10:45:00,251002,,85034799,0,,0,,CORRECT_TOTAL_0_85034799
2971734,1,2026-05-21 10:46:00,251002,,85034799,0,,0,,CORRECT_TOTAL_0_85034799
2971735,1,2026-05-21 10:47:00,251003,,85034800,0,,0,,CORRECT_TOTAL_0_85034800
2971736,1,2026-05-21 10:48:00,251003,,85034800,0,,0,,CORRECT_TOTAL_0_85034800
2971737,1,2026-05-21 10:49:00,251004,,85034801,0,,0,,CORRECT_TOTAL_0_85034801
2971738,1,2026-05-21 10:50:00,251005,,85034802,0,,0,,CORRECT_TOTAL_0_85034802
2971739,1,2026-05-21 10:51:00,251005,,85034802,0,,0,,CORRECT_TOTAL_0_85034802
2971740,1,2026-05-21 10:52:00,251006,,85034803,0,,0,,CORRECT_TOTAL_0_85034803
2971741,1,2026-05-21 10:53:00,251006,,85034803,0,,0,,CORRECT_TOTAL_0_85034803
2971742,1,2026-05-21 10:54:00,251007,,85034804,0,,0,,CORRECT_TOTAL_0_85034804
2971743,1,2026-05-21 10:55:00,251008,,85034805,0,,0,,CORRECT_TOTAL_0_85034805
2971744,1,2026-05-21 10:56:00,251008,,85034805,0,,0,,CORRECT_TOTAL_0_85034805
2971745,1,2026-05-21 10:57:00,251009,,85034806,0,,0,,CORRECT_TOTAL_0_85034806
2971746,1,2026-05-21 10:58:00,251009,,85034806,0,,0,,CORRECT_TOTAL_0_85034806
2971747,1,2026-05-21 10:59:00,251010,,85034807,0,,0,,CORRECT_TOTAL_0_85034807
2971748,1,2026-05-21 11:00:00,251011,,85034808,0,,0,,CORRECT_TOTAL_0_85034808
2971749,1,2026-05-21 11:01:00,251011,,85034808,0,,0,,CORRECT_TOTAL_0_85034808
2971750,1,2026-05-21 11:02:00,251012,,85034809,0,,0,,CORRECT_TOTAL_0_85034809
2971751,1,2026-05-21 11:03:00,251012,,85034809,0,,0,,CORRECT_TOTAL_0_85034809
2971752,1,2026-05-21 11:04:00,251013,,85034810,0,,0,,CORRECT_TOTAL_0_85034810
2971753,1,2026-05-21 11:05:00,251014,,85034811,0,,0,,CORRECT_TOTAL_0_85034811
2971754,1,2026-05-21 11:06:00,251014,,85034811,0,,0,,CORRECT_TOTAL_0_85034811
2971755,1,2026-05-21 11:07:00,251015,,85034812,0,,0,,CORRECT_TOTAL_0_85034812
2971756,1,2026-05-21 11:08:00,251015,,85034812,0,,0,,CORRECT_TOTAL_0_85034812
2971757,1,2026-05-21 11:09:00,251016,,85034813,0,,0,,CORRECT_TOTAL_0_85034813
2971758,1,2026-05-21 11:10:00,251017,,85034814,0,,0,,CORRECT_TOTAL_0_85034814
2971759,1,2026-05-21 11:11:00,251017,,85034814,0,,0,,CORRECT_TOTAL_0_85034814
2971760,1,2026-05-21 11:12:00,251018,,85034815,0,,0,,CORRECT_TOTAL_0_85034815
2971761,1,2026-05-21 11:13:00,251018,,85034815,0,,0,,CORRECT_TOTAL_0_85034815
2971762,1,2026-05-21 11:14:00,251019,,85034816,0,,0,,CORRECT_TOTAL_0_85034816
2971763,1,2026-05-21 11:15:00,251020,,85034817,0,,0,,CORRECT_TOTAL_0_85034817
2971764,1,2026-05-21 11:16:00,251020,,85034817,0,,0,,CORRECT_TOTAL_0_85034817
2971765,1,2026-05-21 11:17:00,251021,,85034818,0,,0,,CORRECT_TOTAL_0_85034818
2971766,1,2026-05-21 11:18:00,251021,,85034818,0,,0,,CORRECT_TOTAL_0_85034818
2971767,1,2026-05-21 11:19:00,251022,,85034819,0,,0,,CORRECT_TOTAL_0_85034819
2971768,1,2026-05-21 11:20:00,251023,,85034820,0,,0,,CORRECT_TOTAL_0_85034820
2971769,1,2026-05-21 11:21:00,251023,,85034820,0,,0,,CORRECT_TOTAL_0_85034820
2971770,1,2026-05-21 11:22:00,251024,,85034821,0,,0,,CORRECT_TOTAL_0_85034821
2971771,1,2026-05-21 11:23:00,251024,,85034821,0,,0,,CORRECT_TOTAL_0_85034821
2971772,1,2026-05-21 11:24:00,251025,,85034822,0,,0,,CORRECT_TOTAL_0_85034822
2971773,1,2026-05-21 11:25:00,251026,,85034823,0,,0,,CORRECT_TOTAL_0_85034823
2971774,1,2026-05-21 11:26:00,251026,,85034823,0,,0,,CORRECT_TOTAL_0_85034823
2971775,1,2026-05-21 11:27:00,251027,,85034824,0,,0,,CORRECT_TOTAL_0_85034824
2971776,1,2026-05-21 11:28:00,251027,,85034824,0,,0,,CORRECT_TOTAL_0_85034824
2971777,1,2026-05-21 11:29:00,251028,,85034825,0,,0,,CORRECT_TOTAL_0_85034825
2971778,1,2026-05-21 11:30:00,251029,,85034826,0,,0,,CORRECT_TOTAL_0_85034826
2971779,1,2026-05-21 11:31:00,251029,,85034826,0,,0,,CORRECT_TOTAL_0_85034826
2971780,1,2026-05-21 11:32:00,251030,,85034827,0,,0,,CORRECT_TOTAL_0_85034827
2971781,1,2026-05-21 11:33:00,251030,,85034827,0,,0,,CORRECT_TOTAL_0_85034827
2971782,1,2026-05-21 11:34:00,251031,,85034828,0,,0,,CORRECT_TOTAL_0_85034828
2971783,1,2026-05-21 11:35:00,251032,,85034829,0,,0,,CORRECT_TOTAL_0_85034829
2971784,1,2026-05-21 11:36:00,251032,,85034829,0,,0,,CORRECT_TOTAL_0_85034829
2971785,1,2026-05-21 11:37:00,251033,,85034830,0,,0,,CORRECT_TOTAL_0_85034830
2971786,1,2026-05-21 11:38:00,251033,,85034830,0,,0,,CORRECT_TOTAL_0_85034830
2971787,1,2026-05-21 11:39:00,251034,,85034831,0,,0,,CORRECT_TOTAL_0_85034831
2971788,1,2026-05-21 11:40:00,251035,,85034832,0,,0,,CORRECT_TOTAL_0_85034832
2971789,1,2026-05-21 11:41:00,251035,,85034832,0,,0,,CORRECT_TOTAL_0_85034832
2971790,1,2026-05-21 11:42:00,251036,,85034833,0,,0,,CORRECT_TOTAL_0_85034833
2971791,1,2026-05-21 11:43:00,251036,,85034833,0,,0,,CORRECT_TOTAL_0_85034833
2971792,1,2026-05-21 11:44:00,251037,,85034834,0,,0,,CORRECT_TOTAL_0_85034834
2971793,1,2026-05-21 11:45:00,251038,,85034835,0,,0,,CORRECT_TOTAL_0_85034835
2971794,1,2026-05-21 11:46:00,251038,,85034835,0,,0,,CORRECT_TOTAL_0_85034835
2971795,1,2026-05-21 11:47:00,251039,,85034836,0,,0,,CORRECT_TOTAL_0_85034836
2971796,1,2026-05-21 11:48:00,251039,,85034836,0,,0,,CORRECT_TOTAL_0_85034836
2971797,1,2026-05-21 11:49:00,251040,,85034837,0,,0,,CORRECT_TOTAL_0_85034837
2971798,1,2026-05-21 11:50:00,251040,,85034837,0,,0,,CORRECT_TOTAL_0_85034837
2971799,1,2026-05-21 11:51:00,251041,,85034838,0,,0,,CORRECT_TOTAL_0_85034838
2971800,1,2026-05-21 11:52:00,251041,,85034838,0,,0,,CORRECT_TOTAL_0_85034838
2971801,1,2026-05-21 11:53:00,251042,,85034839,0,,0,,CORRECT_TOTAL_0_85034839
2971802,1,2026-05-21 11:54:00,251042,,85034839,0,,0,,CORRECT_TOTAL_0_85034839
2971803,1,2026-05-21 11:55:00,251043,,85034840,0,,0,,CORRECT_TOTAL_0_85034840
2971804,1,2026-05-21 11:56:00,251044,,85034841,0,,0,,CORRECT_TOTAL_0_85034841
2971805,1,2026-05-21 11:57:00,251044,,85034841,0,,0,,CORRECT_TOTAL_0_85034841
2971806,1,2026-05-21 11:58:00,251045,,85034842,0,,0,,CORRECT_TOTAL_0_85034842
2971807,1,2026-05-21 11:59:00,251045,,85034842,0,,0,,CORRECT_TOTAL_0_85034842
2971808,1,2026-05-21 12:00:00,251046,,85034843,0,,0,,CORRECT_TOTAL_0_85034843
2971809,1,2026-05-21 12:01:00,251047,,85034844,0,,0,,CORRECT_TOTAL_0_85034844
2971810,1,2026-05-21 12:02:00,251047,,85034844,0,,0,,CORRECT_TOTAL_0_85034844
2971811,1,2026-05-21 12:03:00,251048,,85034845,0,,0,,CORRECT_TOTAL_0_85034845
2971812,1,2026-05-21 12:04:00,251048,,85034845,0,,0,,CORRECT_TOTAL_0_85034845
2971813,1,2026-05-21 12:05:00,251049,,85034846,0,,0,,CORRECT_TOTAL_0_85034846
2971814,1,2026-05-21 12:06:00,251050,,85034847,0,,0,,CORRECT_TOTAL_0_85034847
2971815,1,2026-05-21 12:07:00,251050,,85034847,0,,0,,CORRECT_TOTAL_0_85034847
2971816,1,2026-05-21 12:08:00,251051,,85034848,0,,0,,CORRECT_TOTAL_0_85034848
2971817,1,2026-05-21 12:09:00,251051,,85034848,0,,0,,CORRECT_TOTAL_0_85034848
2971818,1,2026-05-21 12:10:00,251052,,85034849,0,,0,,CORRECT_TOTAL_0_85034849
2971819,1,2026-05-21 12:11:00,251053,,85034850,0,,0,,CORRECT_TOTAL_0_85034850
2971820,1,2026-05-21 12:12:00,251053,,85034850,0,,0,,CORRECT_TOTAL_0_85034850
2971821,1,2026-05-21 12:13:00,251054,,85034851,0,,0,,CORRECT_TOTAL_0_85034851
2971822,1,2026-05-21 12:14:00,251054,,85034851,0,,0,,CORRECT_TOTAL_0_85034851
2971823,1,2026-05-21 12:15:00,251055,,85034852,0,,0,,CORRECT_TOTAL_0_85034852
2971824,1,2026-05-21 12:16:00,251056,,85034853,0,,0,,CORRECT_TOTAL_0_85034853
2971826,1,2026-05-21 12:17:00,251056,,85034853,0,,0,,CORRECT_TOTAL_0_85034853
2971827,1,2026-05-21 12:18:00,251057,,85034854,0,,0,,CORRECT_TOTAL_0_85034854
2971828,1,2026-05-21 12:19:00,251057,,85034854,0,,0,,CORRECT_TOTAL_0_85034854
2971829,1,2026-05-21 12:20:00,251058,,85034855,0,,0,,CORRECT_TOTAL_0_85034855
2971830,1,2026-05-21 12:21:00,251059,,85034856,0,,0,,CORRECT_TOTAL_0_85034856
2971831,1,2026-05-21 12:22:00,251059,,85034856,0,,0,,CORRECT_TOTAL_0_85034856
2971832,1,2026-05-21 12:23:00,251060,,85034857,0,,0,,CORRECT_TOTAL_0_85034857
2971833,1,2026-05-21 12:24:00,251060,,85034857,0,,0,,CORRECT_TOTAL_0_85034857
2971834,1,2026-05-21 12:25:00,251061,,85034858,0,,0,,CORRECT_TOTAL_0_85034858
2971835,1,2026-05-21 12:26:00,251061,,85034858,0,,0,,CORRECT_TOTAL_0_85034858
2971836,1,2026-05-21 12:27:00,251062,,85034859,0,,0,,CORRECT_TOTAL_0_85034859
2971837,1,2026-05-21 12:28:00,251063,,85034860,0,,0,,CORRECT_TOTAL_0_85034860
2971838,1,2026-05-21 12:29:00,251063,,85034860,0,,0,,CORRECT_TOTAL_0_85034860
2971839,1,2026-05-21 12:30:00,251064,,85034861,0,,0,,CORRECT_TOTAL_0_85034861
2971840,1,2026-05-21 12:31:00,251065,,85034862,0,,0,,CORRECT_TOTAL_0_85034862
2971841,1,2026-05-21 12:32:00,251065,,85034862,0,,0,,CORRECT_TOTAL_0_85034862
2971842,1,2026-05-21 12:33:00,251066,,85034863,0,,0,,CORRECT_TOTAL_0_85034863
2971843,1,2026-05-21 12:34:00,251066,,85034863,0,,0,,CORRECT_TOTAL_0_85034863
2971844,1,2026-05-21 12:35:00,251067,,85034864,0,,0,,CORRECT_TOTAL_0_85034864
2971845,1,2026-05-21 12:36:00,251068,,85034865,0,,0,,CORRECT_TOTAL_0_85034865
2971846,1,2026-05-21 12:37:00,251068,,85034865,0,,0,,CORRECT_TOTAL_0_85034865
2971847,1,2026-05-21 12:38:00,251069,,85034866,0,,0,,CORRECT_TOTAL_0_85034866
2971848,1,2026-05-21 12:39:00,251069,,85034866,0,,0,,CORRECT_TOTAL_0_85034866
2971849,1,2026-05-21 12:40:00,251070,,85034867,0,,0,,CORRECT_TOTAL_0_85034867
2971850,1,2026-05-21 12:41:00,251071,,85034868,0,,0,,CORRECT_TOTAL_0_85034868
2971851,1,2026-05-21 12:42:00,251071,,85034868,0,,0,,CORRECT_TOTAL_0_85034868
2971852,1,2026-05-21 12:43:00,251072,,85034869,0,,0,,CORRECT_TOTAL_0_85034869
2971853,1,2026-05-21 12:44:00,251072,,85034869,0,,0,,CORRECT_TOTAL_0_85034869
2971854,1,2026-05-21 12:45:00,251073,,85034870,0,,0,,CORRECT_TOTAL_0_85034870
2971855,1,2026-05-21 12:46:00,251074,,85034871,0,,0,,CORRECT_TOTAL_0_85034871
2971856,1,2026-05-21 12:47:00,251074,,85034871,0,,0,,CORRECT_TOTAL_0_85034871
2971857,1,2026-05-21 12:48:00,251075,,85034872,0,,0,,CORRECT_TOTAL_0_85034872
2971858,1,2026-05-21 12:49:00,251075,,85034872,0,,0,,CORRECT_TOTAL_0_85034872
2971859,1,2026-05-21 12:50:00,251076,,85034873,0,,0,,CORRECT_TOTAL_0_85034873
2971860,1,2026-05-21 12:51:00,251077,,85034874,0,,0,,CORRECT_TOTAL_0_85034874
2971861,1,2026-05-21 12:52:00,251077,,85034874,0,,0,,CORRECT_TOTAL_0_85034874
2971862,1,2026-05-21 12:53:00,251078,,85034875,0,,0,,CORRECT_TOTAL_0_85034875
2971863,1,2026-05-21 12:54:00,251078,,85034875,0,,0,,CORRECT_TOTAL_0_85034875
2971864,1,2026-05-21 12:55:00,251079,,85034876,0,,0,,CORRECT_TOTAL_0_85034876
2971865,1,2026-05-21 12:56:00,251080,,85034877,0,,0,,CORRECT_TOTAL_0_85034877
2971866,1,2026-05-21 12:57:00,251080,,85034877,0,,0,,CORRECT_TOTAL_0_85034877
2971867,1,2026-05-21 12:58:00,251081,,85034878,0,,0,,CORRECT_TOTAL_0_85034878
2971868,1,2026-05-21 12:59:00,251081,,85034878,0,,0,,CORRECT_TOTAL_0_85034878
2971869,1,2026-05-21 13:00:00,251082,,85034879,0,,0,,CORRECT_TOTAL_0_85034879
2971870,1,2026-05-21 13:01:00,251083,,85034880,0,,0,,CORRECT_TOTAL_0_85034880
2971871,1,2026-05-21 13:02:00,251083,,85034880,0,,0,,CORRECT_TOTAL_0_85034880
2971872,1,2026-05-21 13:03:00,251084,,85034881,0,,0,,CORRECT_TOTAL_0_85034881
2971873,1,2026-05-21 13:04:00,251084,,85034881,0,,0,,CORRECT_TOTAL_0_85034881
2971874,1,2026-05-21 13:05:00,251085,,85034882,0,,0,,CORRECT_TOTAL_0_85034882
2971875,1,2026-05-21 13:06:00,251086,,85034883,0,,0,,CORRECT_TOTAL_0_85034883
2971876,1,2026-05-21 13:07:00,251086,,85034883,0,,0,,CORRECT_TOTAL_0_85034883
2971877,1,2026-05-21 13:08:00,251087,,85034884,0,,0,,CORRECT_TOTAL_0_85034884
2971878,1,2026-05-21 13:09:00,251087,,85034884,0,,0,,CORRECT_TOTAL_0_85034884
2971879,1,2026-05-21 13:10:00,251088,,85034885,0,,0,,CORRECT_TOTAL_0_85034885
2971880,1,2026-05-21 13:11:00,251089,,85034886,0,,0,,CORRECT_TOTAL_0_85034886
2971881,1,2026-05-21 13:12:00,251089,,85034886,0,,0,,CORRECT_TOTAL_0_85034886
2971882,1,2026-05-21 13:13:00,251090,,85034887,0,,0,,CORRECT_TOTAL_0_85034887
2971883,1,2026-05-21 13:14:00,251090,,85034887,0,,0,,CORRECT_TOTAL_0_85034887
2971884,1,2026-05-21 13:15:00,251091,,85034888,0,,0,,CORRECT_TOTAL_0_85034888
2971885,1,2026-05-21 13:16:00,251091,,85034888,0,,0,,CORRECT_TOTAL_0_85034888
2971886,1,2026-05-21 13:17:00,251092,,85034889,0,,0,,CORRECT_TOTAL_0_85034889
2971887,1,2026-05-21 13:18:00,251093,,85034890,0,,0,,CORRECT_TOTAL_0_85034890
2971888,1,2026-05-21 13:19:00,251093,,85034890,0,,0,,CORRECT_TOTAL_0_85034890
2971889,1,2026-05-21 13:20:00,251094,,85034891,0,,0,,CORRECT_TOTAL_0_85034891
2971890,1,2026-05-21 13:21:00,251094,,85034891,0,,0,,CORRECT_TOTAL_0_85034891
2971891,1,2026-05-21 13:22:00,251095,,85034892,0,,0,,CORRECT_TOTAL_0_85034892
2971892,1,2026-05-21 13:23:00,251096,,85034893,0,,0,,CORRECT_TOTAL_0_85034893
2971893,1,2026-05-21 13:24:00,251096,,85034893,0,,0,,CORRECT_TOTAL_0_85034893
2971894,1,2026-05-21 13:25:00,251097,,85034894,0,,0,,CORRECT_TOTAL_0_85034894
2971895,1,2026-05-21 13:26:00,251097,,85034894,0,,0,,CORRECT_TOTAL_0_85034894
2971896,1,2026-05-21 13:27:00,251098,,85034895,0,,0,,CORRECT_TOTAL_0_85034895
2971897,1,2026-05-21 13:28:00,251099,,85034896,0,,0,,CORRECT_TOTAL_0_85034896
2971898,1,2026-05-21 13:29:00,251099,,85034896,0,,0,,CORRECT_TOTAL_0_85034896
2971899,1,2026-05-21 13:30:00,251100,,85034897,0,,0,,CORRECT_TOTAL_0_85034897
2971900,1,2026-05-21 13:31:00,251100,,85034897,0,,0,,CORRECT_TOTAL_0_85034897
2971901,1,2026-05-21 13:32:00,251101,,85034898,0,,0,,CORRECT_TOTAL_0_85034898
2971902,1,2026-05-21 13:33:00,251102,,85034899,0,,0,,CORRECT_TOTAL_0_85034899
2971903,1,2026-05-21 13:34:00,251102,,85034899,0,,0,,CORRECT_TOTAL_0_85034899
2971904,1,2026-05-21 13:35:00,251103,,85034900,0,,0,,CORRECT_TOTAL_0_85034900
2971905,1,2026-05-21 13:36:00,251104,,85034901,0,,0,,CORRECT_TOTAL_0_85034901
2971906,1,2026-05-21 13:37:00,251104,,85034901,0,,0,,CORRECT_TOTAL_0_85034901
2971907,1,2026-05-21 13:38:00,251105,,85034902,0,,0,,CORRECT_TOTAL_0_85034902
2971908,1,2026-05-21 13:39:00,251105,,85034902,0,,0,,CORRECT_TOTAL_0_85034902
2971909,1,2026-05-21 13:40:00,251106,,85034903,0,,0,,CORRECT_TOTAL_0_85034903
2971910,1,2026-05-21 13:41:00,251107,,85034904,0,,0,,CORRECT_TOTAL_0_85034904
2971911,1,2026-05-21 13:42:00,251107,,85034904,0,,0,,CORRECT_TOTAL_0_85034904
2971912,1,2026-05-21 13:43:00,251108,,85034905,0,,0,,CORRECT_TOTAL_0_85034905
2971913,1,2026-05-21 13:44:00,251108,,85034905,0,,0,,CORRECT_TOTAL_0_85034905
2971914,1,2026-05-21 13:45:00,251109,,85034906,0,,0,,CORRECT_TOTAL_0_85034906
2971915,1,2026-05-21 13:46:00,251110,,85034907,0,,0,,CORRECT_TOTAL_0_85034907
2971916,1,2026-05-21 13:47:00,251110,,85034907,0,,0,,CORRECT_TOTAL_0_85034907
2971917,1,2026-05-21 13:48:00,251111,,85034908,0,,0,,CORRECT_TOTAL_0_85034908
2971918,1,2026-05-21 13:49:00,251111,,85034908,0,,0,,CORRECT_TOTAL_0_85034908
2971919,1,2026-05-21 13:50:00,251112,,85034909,0,,0,,CORRECT_TOTAL_0_85034909
2971920,1,2026-05-21 13:51:00,251113,,85034910,0,,0,,CORRECT_TOTAL_0_85034910
2971921,1,2026-05-21 13:52:00,251113,,85034910,0,,0,,CORRECT_TOTAL_0_85034910
2971922,1,2026-05-21 13:53:00,251114,,85034911,0,,0,,CORRECT_TOTAL_0_85034911
2971923,1,2026-05-21 13:54:00,251114,,85034911,0,,0,,CORRECT_TOTAL_0_85034911
2971924,1,2026-05-21 13:55:00,251115,,85034912,0,,0,,CORRECT_TOTAL_0_85034912
2971925,1,2026-05-21 13:56:00,251116,,85034913,0,,0,,CORRECT_TOTAL_0_85034913
2971926,1,2026-05-21 13:57:00,251116,,85034913,0,,0,,CORRECT_TOTAL_0_85034913
2971927,1,2026-05-21 13:58:00,251117,,85034914,0,,0,,CORRECT_TOTAL_0_85034914
2971928,1,2026-05-21 13:59:00,251117,,85034914,0,,0,,CORRECT_TOTAL_0_85034914
2971929,1,2026-05-21 14:00:00,251118,,85034915,0,,0,,CORRECT_TOTAL_0_85034915
2971930,1,2026-05-21 14:01:00,251119,,85034916,0,,0,,CORRECT_TOTAL_0_85034916
2971931,1,2026-05-21 14:02:00,251119,,85034916,0,,0,,CORRECT_TOTAL_0_85034916
2971932,1,2026-05-21 14:03:00,251120,,85034917,0,,0,,CORRECT_TOTAL_0_85034917
2971933,1,2026-05-21 14:04:00,251120,,85034917,0,,0,,CORRECT_TOTAL_0_85034917
2971934,1,2026-05-21 14:05:00,251121,,85034918,0,,0,,CORRECT_TOTAL_0_85034918
2971935,1,2026-05-21 14:06:00,251122,,85034919,0,,0,,CORRECT_TOTAL_0_85034919
2971936,1,2026-05-21 14:07:00,251122,,85034919,0,,0,,CORRECT_TOTAL_0_85034919
2971937,1,2026-05-21 14:08:00,251123,,85034920,0,,0,,CORRECT_TOTAL_0_85034920
2971938,1,2026-05-21 14:09:00,251123,,85034920,0,,0,,CORRECT_TOTAL_0_85034920
2971939,1,2026-05-21 14:10:00,251124,,85034921,0,,0,,CORRECT_TOTAL_0_85034921
2971940,1,2026-05-21 14:11:00,251125,,85034922,0,,0,,CORRECT_TOTAL_0_85034922
2971941,1,2026-05-21 14:12:00,251125,,85034922,0,,0,,CORRECT_TOTAL_0_85034922
2971942,1,2026-05-21 14:13:00,251126,,85034923,0,,0,,CORRECT_TOTAL_0_85034923
2971943,1,2026-05-21 14:14:00,251126,,85034923,0,,0,,CORRECT_TOTAL_0_85034923
2971944,1,2026-05-21 14:15:00,251127,,85034924,0,,0,,CORRECT_TOTAL_0_85034924
2971945,1,2026-05-21 14:16:00,251127,,85034924,0,,0,,CORRECT_TOTAL_0_85034924
2971946,1,2026-05-21 14:17:00,251128,,85034925,0,,0,,CORRECT_TOTAL_0_85034925
2971947,1,2026-05-21 14:18:00,251129,,85034926,0,,0,,CORRECT_TOTAL_0_85034926
2971948,1,2026-05-21 14:19:00,251129,,85034926,0,,0,,CORRECT_TOTAL_0_85034926
2971949,1,2026-05-21 14:20:00,251130,,85034927,0,,0,,CORRECT_TOTAL_0_85034927
2971950,1,2026-05-21 14:21:00,251130,,85034927,0,,0,,CORRECT_TOTAL_0_85034927
2971951,1,2026-05-21 14:22:00,251131,,85034928,0,,0,,CORRECT_TOTAL_0_85034928
2971952,1,2026-05-21 14:23:00,251132,,85034929,0,,0,,CORRECT_TOTAL_0_85034929
2971953,1,2026-05-21 14:24:00,251132,,85034929,0,,0,,CORRECT_TOTAL_0_85034929
2971954,1,2026-05-21 14:25:00,251133,,85034930,0,,0,,CORRECT_TOTAL_0_85034930
2971955,1,2026-05-21 14:26:00,251133,,85034930,0,,0,,CORRECT_TOTAL_0_85034930
2971956,1,2026-05-21 14:27:00,251134,,85034931,0,,0,,CORRECT_TOTAL_0_85034931
2971957,1,2026-05-21 14:28:00,251135,,85034932,0,,0,,CORRECT_TOTAL_0_85034932
2971958,1,2026-05-21 14:29:00,251135,,85034932,0,,0,,CORRECT_TOTAL_0_85034932
2971959,1,2026-05-21 14:30:00,251136,,85034933,0,,0,,CORRECT_TOTAL_0_85034933
2971960,1,2026-05-21 14:31:00,251136,,85034933,0,,0,,CORRECT_TOTAL_0_85034933
2971961,1,2026-05-21 14:32:00,251137,,85034934,0,,0,,CORRECT_TOTAL_0_85034934
2971962,1,2026-05-21 14:33:00,251138,,85034935,0,,0,,CORRECT_TOTAL_0_85034935
2971963,1,2026-05-21 14:34:00,251138,,85034935,0,,0,,CORRECT_TOTAL_0_85034935
2971964,1,2026-05-21 14:35:00,251139,,85034936,0,,0,,CORRECT_TOTAL_0_85034936
2971965,1,2026-05-21 14:36:00,251139,,85034936,0,,0,,CORRECT_TOTAL_0_85034936
2971966,1,2026-05-21 14:37:00,251140,,85034937,0,,0,,CORRECT_TOTAL_0_85034937
2971967,1,2026-05-21 14:38:00,251141,,85034938,0,,0,,CORRECT_TOTAL_0_85034938
2971968,1,2026-05-21 14:39:00,251141,,85034938,0,,0,,CORRECT_TOTAL_0_85034938
2971969,1,2026-05-21 14:40:00,251142,,85034939,0,,0,,CORRECT_TOTAL_0_85034939
2971970,1,2026-05-21 14:41:00,251143,,85034940,0,,0,,CORRECT_TOTAL_0_85034940
2971971,1,2026-05-21 14:42:00,251143,,85034940,0,,0,,CORRECT_TOTAL_0_85034940
2971972,1,2026-05-21 14:43:00,251144,,85034941,0,,0,,CORRECT_TOTAL_0_85034941
2971973,1,2026-05-21 14:44:00,251144,,85034941,0,,0,,CORRECT_TOTAL_0_85034941
2971974,1,2026-05-21 14:45:00,251145,,85034942,0,,0,,CORRECT_TOTAL_0_85034942
2971975,1,2026-05-21 14:46:00,251146,,85034943,0,,0,,CORRECT_TOTAL_0_85034943
2971976,1,2026-05-21 14:47:00,251146,,85034943,0,,0,,CORRECT_TOTAL_0_85034943
2971977,1,2026-05-21 14:48:00,251147,,85034944,0,,0,,CORRECT_TOTAL_0_85034944
2971978,1,2026-05-21 14:49:00,251147,,85034944,0,,0,,CORRECT_TOTAL_0_85034944
2971979,1,2026-05-21 14:50:00,251147,,85034944,0,,0,,CORRECT_TOTAL_0_85034944
2971980,1,2026-05-21 14:51:00,251148,,85034945,0,,0,,CORRECT_TOTAL_0_85034945
2971981,1,2026-05-21 14:52:00,251148,,85034945,0,,0,,CORRECT_TOTAL_0_85034945
2971982,1,2026-05-21 14:53:00,251149,,85034946,0,,0,,CORRECT_TOTAL_0_85034946
2971983,1,2026-05-21 14:54:00,251150,,85034947,0,,0,,CORRECT_TOTAL_0_85034947
2971984,1,2026-05-21 14:55:00,251150,,85034947,0,,0,,CORRECT_TOTAL_0_85034947
2971985,1,2026-05-21 14:56:00,251151,,85034948,0,,0,,CORRECT_TOTAL_0_85034948
2971986,1,2026-05-21 14:57:00,251151,,85034948,0,,0,,CORRECT_TOTAL_0_85034948
2971987,1,2026-05-21 14:58:00,251152,,85034949,0,,0,,CORRECT_TOTAL_0_85034949
2971988,1,2026-05-21 14:59:00,251153,,85034950,0,,0,,CORRECT_TOTAL_0_85034950
2971989,1,2026-05-21 15:00:00,251153,,85034950,0,,0,,CORRECT_TOTAL_0_85034950
2971990,1,2026-05-21 15:01:00,251154,,85034951,0,,0,,CORRECT_TOTAL_0_85034951
2971991,1,2026-05-21 15:02:00,251154,,85034951,0,,0,,CORRECT_TOTAL_0_85034951
2971992,1,2026-05-21 15:03:00,251154,,85034951,0,,0,,CORRECT_TOTAL_0_85034951
2971993,1,2026-05-21 15:04:00,251155,,85034952,0,,0,,CORRECT_TOTAL_0_85034952
2971994,1,2026-05-21 15:05:00,251155,,85034952,0,,0,,CORRECT_TOTAL_0_85034952
2971995,1,2026-05-21 15:06:00,251156,,85034953,0,,0,,CORRECT_TOTAL_0_85034953
2971996,1,2026-05-21 15:07:00,251157,,85034954,0,,0,,CORRECT_TOTAL_0_85034954
2971997,1,2026-05-21 15:08:00,251157,,85034954,0,,0,,CORRECT_TOTAL_0_85034954
2971998,1,2026-05-21 15:09:00,251158,,85034955,0,,0,,CORRECT_TOTAL_0_85034955
2971999,1,2026-05-21 15:10:00,251158,,85034955,0,,0,,CORRECT_TOTAL_0_85034955
2972000,1,2026-05-21 15:11:00,251159,,85034956,0,,0,,CORRECT_TOTAL_0_85034956
2972001,1,2026-05-21 15:12:00,251160,,85034957,0,,0,,CORRECT_TOTAL_0_85034957
2972002,1,2026-05-21 15:13:00,251160,,85034957,0,,0,,CORRECT_TOTAL_0_85034957
2972003,1,2026-05-21 15:14:00,251161,,85034958,0,,0,,CORRECT_TOTAL_0_85034958
2972004,1,2026-05-21 15:15:00,251161,,85034958,0,,0,,CORRECT_TOTAL_0_85034958
2972005,1,2026-05-21 15:16:00,251162,,85034959,0,,0,,CORRECT_TOTAL_0_85034959
2972006,1,2026-05-21 15:17:00,251162,,85034959,0,,0,,CORRECT_TOTAL_0_85034959
2972007,1,2026-05-21 15:18:00,251162,,85034959,0,,0,,CORRECT_TOTAL_0_85034959
2972008,1,2026-05-21 15:19:00,251163,,85034960,0,,0,,CORRECT_TOTAL_0_85034960
2972009,1,2026-05-21 15:20:00,251164,,85034961,0,,0,,CORRECT_TOTAL_0_85034961
2972010,1,2026-05-21 15:21:00,251164,,85034961,0,,0,,CORRECT_TOTAL_0_85034961
2972011,1,2026-05-21 15:22:00,251165,,85034962,0,,0,,CORRECT_TOTAL_0_85034962
2972012,1,2026-05-21 15:23:00,251165,,85034962,0,,0,,CORRECT_TOTAL_0_85034962
2972013,1,2026-05-21 15:24:00,251166,,85034963,0,,0,,CORRECT_TOTAL_0_85034963
2972014,1,2026-05-21 15:25:00,251167,,85034964,0,,0,,CORRECT_TOTAL_0_85034964
2972015,1,2026-05-21 15:26:00,251167,,85034964,0,,0,,CORRECT_TOTAL_0_85034964
2972016,1,2026-05-21 15:27:00,251168,,85034965,0,,0,,CORRECT_TOTAL_0_85034965
2972017,1,2026-05-21 15:28:00,251168,,85034965,0,,0,,CORRECT_TOTAL_0_85034965
2972018,1,2026-05-21 15:29:00,251169,,85034966,0,,0,,CORRECT_TOTAL_0_85034966
2972019,1,2026-05-21 15:30:00,251169,,85034966,0,,0,,CORRECT_TOTAL_0_85034966
2972020,1,2026-05-21 15:31:00,251170,,85034967,0,,0,,CORRECT_TOTAL_0_85034967
2972021,1,2026-05-21 15:32:00,251170,,85034967,0,,0,,CORRECT_TOTAL_0_85034967
2972022,1,2026-05-21 15:33:00,251171,,85034968,0,,0,,CORRECT_TOTAL_0_85034968
2972023,1,2026-05-21 15:34:00,251171,,85034968,0,,0,,CORRECT_TOTAL_0_85034968
2972024,1,2026-05-21 15:35:00,251172,,85034969,0,,0,,CORRECT_TOTAL_0_85034969
2972025,1,2026-05-21 15:36:00,251172,,85034969,0,,0,,CORRECT_TOTAL_0_85034969
2972026,1,2026-05-21 15:37:00,251173,,85034970,0,,0,,CORRECT_TOTAL_0_85034970
2972027,1,2026-05-21 15:38:00,251174,,85034971,0,,0,,CORRECT_TOTAL_0_85034971
2972028,1,2026-05-21 15:39:00,251174,,85034971,0,,0,,CORRECT_TOTAL_0_85034971
2972029,1,2026-05-21 15:40:00,251175,,85034972,0,,0,,CORRECT_TOTAL_0_85034972
2972030,1,2026-05-21 15:41:00,251175,,85034972,0,,0,,CORRECT_TOTAL_0_85034972
2972031,1,2026-05-21 15:42:00,251175,,85034972,0,,0,,CORRECT_TOTAL_0_85034972
2972032,1,2026-05-21 15:43:00,251176,,85034973,0,,0,,CORRECT_TOTAL_0_85034973
2972033,1,2026-05-21 15:44:00,251176,,85034973,0,,0,,CORRECT_TOTAL_0_85034973
2972034,1,2026-05-21 15:45:00,251177,,85034974,0,,0,,CORRECT_TOTAL_0_85034974
2972035,1,2026-05-21 15:46:00,251178,,85034975,0,,0,,CORRECT_TOTAL_0_85034975
2972036,1,2026-05-21 15:47:00,251178,,85034975,0,,0,,CORRECT_TOTAL_0_85034975
2972037,1,2026-05-21 15:48:00,251179,,85034976,0,,0,,CORRECT_TOTAL_0_85034976
2972038,1,2026-05-21 15:49:00,251179,,85034976,0,,0,,CORRECT_TOTAL_0_85034976
2972039,1,2026-05-21 15:50:00,251180,,85034977,0,,0,,CORRECT_TOTAL_0_85034977
2972040,1,2026-05-21 15:51:00,251181,,85034978,0,,0,,CORRECT_TOTAL_0_85034978
2972041,1,2026-05-21 15:52:00,251181,,85034978,0,,0,,CORRECT_TOTAL_0_85034978
2972042,1,2026-05-21 15:53:00,251181,,85034978,0,,0,,CORRECT_TOTAL_0_85034978
2972043,1,2026-05-21 15:54:00,251182,,85034979,0,,0,,CORRECT_TOTAL_0_85034979
2972044,1,2026-05-21 15:55:00,251182,,85034979,0,,0,,CORRECT_TOTAL_0_85034979
2972045,1,2026-05-21 15:56:00,251183,,85034980,0,,0,,CORRECT_TOTAL_0_85034980
2972046,1,2026-05-21 15:57:00,251183,,85034980,0,,0,,CORRECT_TOTAL_0_85034980
2972047,1,2026-05-21 15:58:00,251184,,85034981,0,,0,,CORRECT_TOTAL_0_85034981
2972048,1,2026-05-21 15:59:00,251185,,85034982,0,,0,,CORRECT_TOTAL_0_85034982
2972049,1,2026-05-21 16:00:00,251185,,85034982,0,,0,,CORRECT_TOTAL_0_85034982
2972050,1,2026-05-21 16:01:00,251186,,85034983,0,,0,,CORRECT_TOTAL_0_85034983
2972051,1,2026-05-21 16:02:00,251186,,85034983,0,,0,,CORRECT_TOTAL_0_85034983
2972052,1,2026-05-21 16:03:00,251187,,85034984,0,,0,,CORRECT_TOTAL_0_85034984
2972053,1,2026-05-21 16:04:00,251187,,85034984,0,,0,,CORRECT_TOTAL_0_85034984
2972054,1,2026-05-21 16:05:00,251188,,85034985,0,,0,,CORRECT_TOTAL_0_85034985
2972055,1,2026-05-21 16:06:00,251188,,85034985,0,,0,,CORRECT_TOTAL_0_85034985
2972056,1,2026-05-21 16:07:00,251188,,85034985,0,,0,,CORRECT_TOTAL_0_85034985
2972057,1,2026-05-21 16:08:00,251189,,85034986,0,,0,,CORRECT_TOTAL_0_85034986
2972058,1,2026-05-21 16:09:00,251190,,85034987,0,,0,,CORRECT_TOTAL_0_85034987
2972059,1,2026-05-21 16:10:00,251190,,85034987,0,,0,,CORRECT_TOTAL_0_85034987
2972060,1,2026-05-21 16:11:00,251191,,85034988,0,,0,,CORRECT_TOTAL_0_85034988
2972061,1,2026-05-21 16:12:00,251192,,85034989,0,,0,,CORRECT_TOTAL_0_85034989
2972062,1,2026-05-21 16:13:00,251192,,85034989,0,,0,,CORRECT_TOTAL_0_85034989
2972063,1,2026-05-21 16:14:00,251193,,85034990,0,,0,,CORRECT_TOTAL_0_85034990
2972064,1,2026-05-21 16:15:00,251193,,85034990,0,,0,,CORRECT_TOTAL_0_85034990
2972065,1,2026-05-21 16:16:00,251193,,85034990,0,,0,,CORRECT_TOTAL_0_85034990
2972066,1,2026-05-21 16:17:00,251194,,85034991,0,,0,,CORRECT_TOTAL_0_85034991
2972067,1,2026-05-21 16:18:00,251194,,85034991,0,,0,,CORRECT_TOTAL_0_85034991
2972068,1,2026-05-21 16:19:00,251195,,85034992,0,,0,,CORRECT_TOTAL_0_85034992
2972069,1,2026-05-21 16:20:00,251195,,85034992,0,,0,,CORRECT_TOTAL_0_85034992
2972070,1,2026-05-21 16:21:00,251196,,85034993,0,,0,,CORRECT_TOTAL_0_85034993
2972071,1,2026-05-21 16:22:00,251197,,85034994,0,,0,,CORRECT_TOTAL_0_85034994
2972072,1,2026-05-21 16:23:00,251197,,85034994,0,,0,,CORRECT_TOTAL_0_85034994
2972073,1,2026-05-21 16:24:00,251198,,85034995,0,,0,,CORRECT_TOTAL_0_85034995
2972074,1,2026-05-21 16:25:00,251199,,85034996,0,,0,,CORRECT_TOTAL_0_85034996
2972075,1,2026-05-21 16:26:00,251199,,85034996,0,,0,,CORRECT_TOTAL_0_85034996
2972076,1,2026-05-21 16:27:00,251199,,85034996,0,,0,,CORRECT_TOTAL_0_85034996
2972077,1,2026-05-21 16:28:00,251200,,85034997,0,,0,,CORRECT_TOTAL_0_85034997
2972078,1,2026-05-21 16:29:00,251200,,85034997,0,,0,,CORRECT_TOTAL_0_85034997
2972079,1,2026-05-21 16:30:00,251201,,85034998,0,,0,,CORRECT_TOTAL_0_85034998
2972080,1,2026-05-21 16:31:00,251201,,85034998,0,,0,,CORRECT_TOTAL_0_85034998
2972081,1,2026-05-21 16:32:00,251202,,85034999,0,,0,,CORRECT_TOTAL_0_85034999
2972082,1,2026-05-21 16:33:00,251202,,85034999,0,,0,,CORRECT_TOTAL_0_85034999
2972083,1,2026-05-21 16:34:00,251203,,85035000,0,,0,,CORRECT_TOTAL_0_85035000
2972084,1,2026-05-21 16:35:00,251204,,85035001,0,,0,,CORRECT_TOTAL_0_85035001
2972085,1,2026-05-21 16:36:00,251204,,85035001,0,,0,,CORRECT_TOTAL_0_85035001
2972086,1,2026-05-21 16:37:00,251205,,85035002,0,,0,,CORRECT_TOTAL_0_85035002
2972087,1,2026-05-21 16:38:00,251205,,85035002,0,,0,,CORRECT_TOTAL_0_85035002
2972088,1,2026-05-21 16:39:00,251206,,85035003,0,,0,,CORRECT_TOTAL_0_85035003
2972089,1,2026-05-21 16:40:00,251206,,85035003,0,,0,,CORRECT_TOTAL_0_85035003
2972090,1,2026-05-21 16:41:00,251206,,85035003,0,,0,,CORRECT_TOTAL_0_85035003
2972091,1,2026-05-21 16:42:00,251207,,85035004,0,,0,,CORRECT_TOTAL_0_85035004
2972092,1,2026-05-21 16:43:00,251208,,85035005,0,,0,,CORRECT_TOTAL_0_85035005
2972093,1,2026-05-21 16:44:00,251208,,85035005,0,,0,,CORRECT_TOTAL_0_85035005
2972094,1,2026-05-21 16:45:00,251209,,85035006,0,,0,,CORRECT_TOTAL_0_85035006
2972095,1,2026-05-21 16:46:00,251209,,85035006,0,,0,,CORRECT_TOTAL_0_85035006
2972096,1,2026-05-21 16:47:00,251210,,85035007,0,,0,,CORRECT_TOTAL_0_85035007
2972097,1,2026-05-21 16:48:00,251211,,85035008,0,,0,,CORRECT_TOTAL_0_85035008
2972098,1,2026-05-21 16:49:00,251211,,85035008,0,,0,,CORRECT_TOTAL_0_85035008
2972099,1,2026-05-21 16:50:00,251212,,85035009,0,,0,,CORRECT_TOTAL_0_85035009
2972100,1,2026-05-21 16:51:00,251212,,85035009,0,,0,,CORRECT_TOTAL_0_85035009
2972101,1,2026-05-21 16:52:00,251213,,85035010,0,,0,,CORRECT_TOTAL_0_85035010
2972102,1,2026-05-21 16:53:00,251213,,85035010,0,,0,,CORRECT_TOTAL_0_85035010
2972103,1,2026-05-21 16:54:00,251213,,85035010,0,,0,,CORRECT_TOTAL_0_85035010
2972104,1,2026-05-21 16:55:00,251214,,85035011,0,,0,,CORRECT_TOTAL_0_85035011
2972105,1,2026-05-21 16:56:00,251215,,85035012,0,,0,,CORRECT_TOTAL_0_85035012
2972106,1,2026-05-21 16:57:00,251215,,85035012,0,,0,,CORRECT_TOTAL_0_85035012
2972107,1,2026-05-21 16:58:00,251216,,85035013,0,,0,,CORRECT_TOTAL_0_85035013
2972108,1,2026-05-21 16:59:00,251216,,85035013,0,,0,,CORRECT_TOTAL_0_85035013
2972109,1,2026-05-21 17:00:00,251217,,85035014,0,,0,,CORRECT_TOTAL_0_85035014
2972110,1,2026-05-21 17:01:00,251218,,85035015,0,,0,,CORRECT_TOTAL_0_85035015
2972111,1,2026-05-21 17:02:00,251218,,85035015,0,,0,,CORRECT_TOTAL_0_85035015
2972112,1,2026-05-21 17:03:00,251219,,85035016,0,,0,,CORRECT_TOTAL_0_85035016
2972113,1,2026-05-21 17:04:00,251219,,85035016,0,,0,,CORRECT_TOTAL_0_85035016
2972114,1,2026-05-21 17:05:00,251219,,85035016,0,,0,,CORRECT_TOTAL_0_85035016
2972115,1,2026-05-21 17:06:00,251220,,85035017,0,,0,,CORRECT_TOTAL_0_85035017
2972116,1,2026-05-21 17:07:00,251220,,85035017,0,,0,,CORRECT_TOTAL_0_85035017
2972117,1,2026-05-21 17:08:00,251221,,85035018,0,,0,,CORRECT_TOTAL_0_85035018
2972118,1,2026-05-21 17:09:00,251222,,85035019,0,,0,,CORRECT_TOTAL_0_85035019
2972119,1,2026-05-21 17:10:00,251222,,85035019,0,,0,,CORRECT_TOTAL_0_85035019
2972120,1,2026-05-21 17:11:00,251223,,85035020,0,,0,,CORRECT_TOTAL_0_85035020
2972121,1,2026-05-21 17:12:00,251223,,85035020,0,,0,,CORRECT_TOTAL_0_85035020
2972122,1,2026-05-21 17:13:00,251224,,85035021,0,,0,,CORRECT_TOTAL_0_85035021
2972123,1,2026-05-21 17:14:00,251225,,85035022,0,,0,,CORRECT_TOTAL_0_85035022
2972124,1,2026-05-21 17:15:00,251225,,85035022,0,,0,,CORRECT_TOTAL_0_85035022
2972125,1,2026-05-21 17:16:00,251226,,85035023,0,,0,,CORRECT_TOTAL_0_85035023
2972126,1,2026-05-21 17:17:00,251226,,85035023,0,,0,,CORRECT_TOTAL_0_85035023
2972127,1,2026-05-21 17:18:00,251226,,85035023,0,,0,,CORRECT_TOTAL_0_85035023
2972128,1,2026-05-21 17:19:00,251227,,85035024,0,,0,,CORRECT_TOTAL_0_85035024
2972129,1,2026-05-21 17:20:00,251227,,85035024,0,,0,,CORRECT_TOTAL_0_85035024
2972130,1,2026-05-21 17:21:00,251228,,85035025,0,,0,,CORRECT_TOTAL_0_85035025
2972131,1,2026-05-21 17:22:00,251229,,85035026,0,,0,,CORRECT_TOTAL_0_85035026
2972132,1,2026-05-21 17:23:00,251229,,85035026,0,,0,,CORRECT_TOTAL_0_85035026
2972133,1,2026-05-21 17:24:00,251230,,85035027,0,,0,,CORRECT_TOTAL_0_85035027
2972134,1,2026-05-21 17:25:00,251230,,85035027,0,,0,,CORRECT_TOTAL_0_85035027
2972135,1,2026-05-21 17:26:00,251231,,85035028,0,,0,,CORRECT_TOTAL_0_85035028
2972136,1,2026-05-21 17:27:00,251232,,85035029,0,,0,,CORRECT_TOTAL_0_85035029
2972137,1,2026-05-21 17:28:00,251232,,85035029,0,,0,,CORRECT_TOTAL_0_85035029
2972138,1,2026-05-21 17:29:00,251233,,85035030,0,,0,,CORRECT_TOTAL_0_85035030
2972139,1,2026-05-21 17:30:00,251233,,85035030,0,,0,,CORRECT_TOTAL_0_85035030
2972140,1,2026-05-21 17:31:00,251233,,85035030,0,,0,,CORRECT_TOTAL_0_85035030
2972141,1,2026-05-21 17:32:00,251234,,85035031,0,,0,,CORRECT_TOTAL_0_85035031
2972142,1,2026-05-21 17:33:00,251234,,85035031,0,,0,,CORRECT_TOTAL_0_85035031
2972143,1,2026-05-21 17:34:00,251235,,85035032,0,,0,,CORRECT_TOTAL_0_85035032
2972144,1,2026-05-21 17:35:00,251236,,85035033,0,,0,,CORRECT_TOTAL_0_85035033
2972145,1,2026-05-21 17:36:00,251236,,85035033,0,,0,,CORRECT_TOTAL_0_85035033
2972146,1,2026-05-21 17:37:00,251237,,85035034,0,,0,,CORRECT_TOTAL_0_85035034
2972147,1,2026-05-21 17:38:00,251237,,85035034,0,,0,,CORRECT_TOTAL_0_85035034
2972148,1,2026-05-21 17:39:00,251238,,85035035,0,,0,,CORRECT_TOTAL_0_85035035
2972149,1,2026-05-21 17:40:00,251239,,85035036,0,,0,,CORRECT_TOTAL_0_85035036
2972150,1,2026-05-21 17:41:00,251239,,85035036,0,,0,,CORRECT_TOTAL_0_85035036
2972151,1,2026-05-21 17:42:00,251240,,85035037,0,,0,,CORRECT_TOTAL_0_85035037
2972152,1,2026-05-21 17:43:00,251240,,85035037,0,,0,,CORRECT_TOTAL_0_85035037
2972153,1,2026-05-21 17:44:00,251241,,85035038,0,,0,,CORRECT_TOTAL_0_85035038
2972154,1,2026-05-21 17:45:00,251241,,85035038,0,,0,,CORRECT_TOTAL_0_85035038
2972155,1,2026-05-21 17:46:00,251241,,85035038,0,,0,,CORRECT_TOTAL_0_85035038
2972156,1,2026-05-21 17:47:00,251242,,85035039,0,,0,,CORRECT_TOTAL_0_85035039
2972157,1,2026-05-21 17:48:00,251243,,85035040,0,,0,,CORRECT_TOTAL_0_85035040
2972158,1,2026-05-21 17:49:00,251243,,85035040,0,,0,,CORRECT_TOTAL_0_85035040
2972159,1,2026-05-21 17:50:00,251244,,85035041,0,,0,,CORRECT_TOTAL_0_85035041
2972160,1,2026-05-21 17:51:00,251244,,85035041,0,,0,,CORRECT_TOTAL_0_85035041
2972161,1,2026-05-21 17:52:00,251245,,85035042,0,,0,,CORRECT_TOTAL_0_85035042
2972162,1,2026-05-21 17:53:00,251246,,85035043,0,,0,,CORRECT_TOTAL_0_85035043
2972163,1,2026-05-21 17:54:00,251246,,85035043,0,,0,,CORRECT_TOTAL_0_85035043
2972164,1,2026-05-21 17:55:00,251247,,85035044,0,,0,,CORRECT_TOTAL_0_85035044
2972165,1,2026-05-21 17:56:00,251248,,85035045,0,,0,,CORRECT_TOTAL_0_85035045
2972166,1,2026-05-21 17:57:00,251248,,85035045,0,,0,,CORRECT_TOTAL_0_85035045
2972167,1,2026-05-21 17:58:00,251248,,85035045,0,,0,,CORRECT_TOTAL_0_85035045
2972168,1,2026-05-21 17:59:00,251249,,85035046,0,,0,,CORRECT_TOTAL_0_85035046
2972169,1,2026-05-21 18:00:00,251249,,85035046,0,,0,,CORRECT_TOTAL_0_85035046
2972170,1,2026-05-21 18:01:00,251250,,85035047,0,,0,,CORRECT_TOTAL_0_85035047
2972171,1,2026-05-21 18:02:00,251250,,85035047,0,,0,,CORRECT_TOTAL_0_85035047
2972172,1,2026-05-21 18:03:00,251251,,85035048,0,,0,,CORRECT_TOTAL_0_85035048
2972173,1,2026-05-21 18:04:00,251251,,85035048,0,,0,,CORRECT_TOTAL_0_85035048
2972174,1,2026-05-21 18:05:00,251252,,85035049,0,,0,,CORRECT_TOTAL_0_85035049
2972175,1,2026-05-21 18:06:00,251253,,85035050,0,,0,,CORRECT_TOTAL_0_85035050
2972176,1,2026-05-21 18:07:00,251253,,85035050,0,,0,,CORRECT_TOTAL_0_85035050
2972177,1,2026-05-21 18:08:00,251254,,85035051,0,,0,,CORRECT_TOTAL_0_85035051
2972178,1,2026-05-21 18:09:00,251255,,85035052,0,,0,,CORRECT_TOTAL_0_85035052
2972179,1,2026-05-21 18:10:00,251255,,85035052,0,,0,,CORRECT_TOTAL_0_85035052
2972180,1,2026-05-21 18:11:00,251256,,85035053,0,,0,,CORRECT_TOTAL_0_85035053
2972181,1,2026-05-21 18:12:00,251256,,85035053,0,,0,,CORRECT_TOTAL_0_85035053
2972182,1,2026-05-21 18:13:00,251257,,85035054,0,,0,,CORRECT_TOTAL_0_85035054
2972183,1,2026-05-21 18:14:00,251257,,85035054,0,,0,,CORRECT_TOTAL_0_85035054
2972184,1,2026-05-21 18:15:00,251257,,85035054,0,,0,,CORRECT_TOTAL_0_85035054
2972185,1,2026-05-21 18:16:00,251258,,85035055,0,,0,,CORRECT_TOTAL_0_85035055
2972186,1,2026-05-21 18:17:00,251259,,85035056,0,,0,,CORRECT_TOTAL_0_85035056
2972187,1,2026-05-21 18:18:00,251259,,85035056,0,,0,,CORRECT_TOTAL_0_85035056
2972188,1,2026-05-21 18:19:00,251260,,85035057,0,,0,,CORRECT_TOTAL_0_85035057
2972189,1,2026-05-21 18:20:00,251260,,85035057,0,,0,,CORRECT_TOTAL_0_85035057
2972190,1,2026-05-21 18:21:00,251261,,85035058,0,,0,,CORRECT_TOTAL_0_85035058
2972191,1,2026-05-21 18:22:00,251262,,85035059,0,,0,,CORRECT_TOTAL_0_85035059
2972192,1,2026-05-21 18:23:00,251262,,85035059,0,,0,,CORRECT_TOTAL_0_85035059
2972193,1,2026-05-21 18:24:00,251263,,85035060,0,,0,,CORRECT_TOTAL_0_85035060
2972194,1,2026-05-21 18:25:00,251263,,85035060,0,,0,,CORRECT_TOTAL_0_85035060
2972195,1,2026-05-21 18:26:00,251264,,85035061,0,,0,,CORRECT_TOTAL_0_85035061
2972196,1,2026-05-21 18:27:00,251265,,85035062,0,,0,,CORRECT_TOTAL_0_85035062
2972197,1,2026-05-21 18:28:00,251265,,85035062,0,,0,,CORRECT_TOTAL_0_85035062
2972198,1,2026-05-21 18:29:00,251266,,85035063,0,,0,,CORRECT_TOTAL_0_85035063
2972199,1,2026-05-21 18:30:00,251266,,85035063,0,,0,,CORRECT_TOTAL_0_85035063
2972200,1,2026-05-21 18:31:00,251266,,85035063,0,,0,,CORRECT_TOTAL_0_85035063
2972201,1,2026-05-21 18:32:00,251267,,85035064,0,,0,,CORRECT_TOTAL_0_85035064
2972202,1,2026-05-21 18:33:00,251267,,85035064,0,,0,,CORRECT_TOTAL_0_85035064
2972203,1,2026-05-21 18:34:00,251268,,85035065,0,,0,,CORRECT_TOTAL_0_85035065
2972204,1,2026-05-21 18:35:00,251269,,85035066,0,,0,,CORRECT_TOTAL_0_85035066
2972205,1,2026-05-21 18:36:00,251269,,85035066,0,,0,,CORRECT_TOTAL_0_85035066
2972206,1,2026-05-21 18:37:00,251270,,85035067,0,,0,,CORRECT_TOTAL_0_85035067
2972207,1,2026-05-21 18:38:00,251270,,85035067,0,,0,,CORRECT_TOTAL_0_85035067
2972208,1,2026-05-21 18:39:00,251271,,85035068,0,,0,,CORRECT_TOTAL_0_85035068
2972209,1,2026-05-21 18:40:00,251272,,85035069,0,,0,,CORRECT_TOTAL_0_85035069
2972210,1,2026-05-21 18:41:00,251272,,85035069,0,,0,,CORRECT_TOTAL_0_85035069
2972211,1,2026-05-21 18:42:00,251273,,85035070,0,,0,,CORRECT_TOTAL_0_85035070
2972212,1,2026-05-21 18:43:00,251273,,85035070,0,,0,,CORRECT_TOTAL_0_85035070
2972213,1,2026-05-21 18:44:00,251274,,85035071,0,,0,,CORRECT_TOTAL_0_85035071
2972214,1,2026-05-21 18:45:00,251275,,85035072,0,,0,,CORRECT_TOTAL_0_85035072
2972215,1,2026-05-21 18:46:00,251275,,85035072,0,,0,,CORRECT_TOTAL_0_85035072
2972216,1,2026-05-21 18:47:00,251275,,85035072,0,,0,,CORRECT_TOTAL_0_85035072
2972217,1,2026-05-21 18:48:00,251276,,85035073,0,,0,,CORRECT_TOTAL_0_85035073
2972218,1,2026-05-21 18:49:00,251276,,85035073,0,,0,,CORRECT_TOTAL_0_85035073
2972219,1,2026-05-21 18:50:00,251277,,85035074,0,,0,,CORRECT_TOTAL_0_85035074
2972220,1,2026-05-21 18:51:00,251278,,85035075,0,,0,,CORRECT_TOTAL_0_85035075
2972221,1,2026-05-21 18:52:00,251278,,85035075,0,,0,,CORRECT_TOTAL_0_85035075
2972222,1,2026-05-21 18:53:00,251279,,85035076,0,,0,,CORRECT_TOTAL_0_85035076
2972223,1,2026-05-21 18:54:00,251279,,85035076,0,,0,,CORRECT_TOTAL_0_85035076
2972224,1,2026-05-21 18:55:00,251280,,85035077,0,,0,,CORRECT_TOTAL_0_85035077
2972225,1,2026-05-21 18:56:00,251281,,85035078,0,,0,,CORRECT_TOTAL_0_85035078
2972226,1,2026-05-21 18:57:00,251281,,85035078,0,,0,,CORRECT_TOTAL_0_85035078
2972227,1,2026-05-21 18:58:00,251282,,85035079,0,,0,,CORRECT_TOTAL_0_85035079
2972228,1,2026-05-21 18:59:00,251282,,85035079,0,,0,,CORRECT_TOTAL_0_85035079
2972229,1,2026-05-21 19:00:00,251283,,85035080,0,,0,,CORRECT_TOTAL_0_85035080
2972230,1,2026-05-21 19:01:00,251284,,85035081,0,,0,,CORRECT_TOTAL_0_85035081
2972231,1,2026-05-21 19:02:00,251284,,85035081,0,,0,,CORRECT_TOTAL_0_85035081
2972232,1,2026-05-21 19:03:00,251284,,85035081,0,,0,,CORRECT_TOTAL_0_85035081
2972233,1,2026-05-21 19:04:00,251285,,85035082,0,,0,,CORRECT_TOTAL_0_85035082
2972234,1,2026-05-21 19:05:00,251285,,85035082,0,,0,,CORRECT_TOTAL_0_85035082
2972235,1,2026-05-21 19:06:00,251286,,85035083,0,,0,,CORRECT_TOTAL_0_85035083
2972236,1,2026-05-21 19:07:00,251286,,85035083,0,,0,,CORRECT_TOTAL_0_85035083
2972237,1,2026-05-21 19:08:00,251287,,85035084,0,,0,,CORRECT_TOTAL_0_85035084
2972238,1,2026-05-21 19:09:00,251288,,85035085,0,,0,,CORRECT_TOTAL_0_85035085
2972239,1,2026-05-21 19:10:00,251288,,85035085,0,,0,,CORRECT_TOTAL_0_85035085
2972240,1,2026-05-21 19:11:00,251289,,85035086,0,,0,,CORRECT_TOTAL_0_85035086
2972241,1,2026-05-21 19:12:00,251289,,85035086,0,,0,,CORRECT_TOTAL_0_85035086
2972242,1,2026-05-21 19:13:00,251290,,85035087,0,,0,,CORRECT_TOTAL_0_85035087
2972243,1,2026-05-21 19:14:00,251291,,85035088,0,,0,,CORRECT_TOTAL_0_85035088
2972244,1,2026-05-21 19:15:00,251291,,85035088,0,,0,,CORRECT_TOTAL_0_85035088
2972245,1,2026-05-21 19:16:00,251292,,85035089,0,,0,,CORRECT_TOTAL_0_85035089
2972247,1,2026-05-21 19:17:00,251292,,85035089,0,,0,,CORRECT_TOTAL_0_85035089
2972248,1,2026-05-21 19:18:00,251293,,85035090,0,,0,,CORRECT_TOTAL_0_85035090
2972249,1,2026-05-21 19:19:00,251294,,85035091,0,,0,,CORRECT_TOTAL_0_85035091
2972250,1,2026-05-21 19:20:00,251294,,85035091,0,,0,,CORRECT_TOTAL_0_85035091
2972251,1,2026-05-21 19:21:00,251295,,85035092,0,,0,,CORRECT_TOTAL_0_85035092
2972252,1,2026-05-21 19:22:00,251295,,85035092,0,,0,,CORRECT_TOTAL_0_85035092
2972253,1,2026-05-21 19:23:00,251295,,85035092,0,,0,,CORRECT_TOTAL_0_85035092
2972254,1,2026-05-21 19:24:00,251296,,85035093,0,,0,,CORRECT_TOTAL_0_85035093
2972255,1,2026-05-21 19:25:00,251297,,85035094,0,,0,,CORRECT_TOTAL_0_85035094
2972256,1,2026-05-21 19:26:00,251297,,85035094,0,,0,,CORRECT_TOTAL_0_85035094
2972257,1,2026-05-21 19:27:00,251298,,85035095,0,,0,,CORRECT_TOTAL_0_85035095
2972258,1,2026-05-21 19:28:00,251298,,85035095,0,,0,,CORRECT_TOTAL_0_85035095
2972259,1,2026-05-21 19:29:00,251299,,85035096,0,,0,,CORRECT_TOTAL_0_85035096
2972260,1,2026-05-21 19:30:00,251300,,85035097,0,,0,,CORRECT_TOTAL_0_85035097
2972261,1,2026-05-21 19:31:00,251300,,85035097,0,,0,,CORRECT_TOTAL_0_85035097
2972262,1,2026-05-21 19:32:00,251301,,85035098,0,,0,,CORRECT_TOTAL_0_85035098
2972263,1,2026-05-21 19:33:00,251301,,85035098,0,,0,,CORRECT_TOTAL_0_85035098
2972264,1,2026-05-21 19:34:00,251302,,85035099,0,,0,,CORRECT_TOTAL_0_85035099
2972265,1,2026-05-21 19:35:00,251303,,85035100,0,,0,,CORRECT_TOTAL_0_85035100
2972266,1,2026-05-21 19:36:00,251303,,85035100,0,,0,,CORRECT_TOTAL_0_85035100
2972267,1,2026-05-21 19:37:00,251304,,85035101,0,,0,,CORRECT_TOTAL_0_85035101
2972268,1,2026-05-21 19:38:00,251304,,85035101,0,,0,,CORRECT_TOTAL_0_85035101
2972269,1,2026-05-21 19:39:00,251305,,85035102,0,,0,,CORRECT_TOTAL_0_85035102
2972270,1,2026-05-21 19:40:00,251305,,85035102,0,,0,,CORRECT_TOTAL_0_85035102
2972271,1,2026-05-21 19:41:00,251306,,85035103,0,,0,,CORRECT_TOTAL_0_85035103
2972272,1,2026-05-21 19:42:00,251306,,85035103,0,,0,,CORRECT_TOTAL_0_85035103
2972273,1,2026-05-21 19:43:00,251307,,85035104,0,,0,,CORRECT_TOTAL_0_85035104
2972274,1,2026-05-21 19:44:00,251307,,85035104,0,,0,,CORRECT_TOTAL_0_85035104
2972275,1,2026-05-21 19:45:00,251308,,85035105,0,,0,,CORRECT_TOTAL_0_85035105
2972276,1,2026-05-21 19:46:00,251308,,85035105,0,,0,,CORRECT_TOTAL_0_85035105
2972277,1,2026-05-21 19:47:00,251309,,85035106,0,,0,,CORRECT_TOTAL_0_85035106
2972278,1,2026-05-21 19:48:00,251310,,85035107,0,,0,,CORRECT_TOTAL_0_85035107
2972279,1,2026-05-21 19:49:00,251310,,85035107,0,,0,,CORRECT_TOTAL_0_85035107
2972280,1,2026-05-21 19:50:00,251311,,85035108,0,,0,,CORRECT_TOTAL_0_85035108
2972281,1,2026-05-21 19:51:00,251311,,85035108,0,,0,,CORRECT_TOTAL_0_85035108
2972282,1,2026-05-21 19:52:00,251312,,85035109,0,,0,,CORRECT_TOTAL_0_85035109
2972283,1,2026-05-21 19:53:00,251313,,85035110,0,,0,,CORRECT_TOTAL_0_85035110
2972284,1,2026-05-21 19:54:00,251313,,85035110,0,,0,,CORRECT_TOTAL_0_85035110
2972285,1,2026-05-21 19:55:00,251314,,85035111,0,,0,,CORRECT_TOTAL_0_85035111
2972286,1,2026-05-21 19:56:00,251314,,85035111,0,,0,,CORRECT_TOTAL_0_85035111
2972287,1,2026-05-21 19:57:00,251315,,85035112,0,,0,,CORRECT_TOTAL_0_85035112
2972288,1,2026-05-21 19:58:00,251316,,85035113,0,,0,,CORRECT_TOTAL_0_85035113
2972289,1,2026-05-21 19:59:00,251316,,85035113,0,,0,,CORRECT_TOTAL_0_85035113
2972290,1,2026-05-21 20:01:00,251317,,85035114,0,,0,,CORRECT_TOTAL_0_85035114
2972291,1,2026-05-21 20:02:00,251317,,85035114,0,,0,,CORRECT_TOTAL_0_85035114
2972292,1,2026-05-21 20:03:00,251318,,85035115,0,,0,,CORRECT_TOTAL_0_85035115
2972293,1,2026-05-21 20:04:00,251319,,85035116,0,,0,,CORRECT_TOTAL_0_85035116
2972294,1,2026-05-21 20:05:00,251319,,85035116,0,,0,,CORRECT_TOTAL_0_85035116
2972295,1,2026-05-21 20:06:00,251320,,85035117,0,,0,,CORRECT_TOTAL_0_85035117
2972296,1,2026-05-21 20:07:00,251320,,85035117,0,,0,,CORRECT_TOTAL_0_85035117
2972297,1,2026-05-21 20:08:00,251321,,85035118,0,,0,,CORRECT_TOTAL_0_85035118
2972298,1,2026-05-21 20:09:00,251322,,85035119,0,,0,,CORRECT_TOTAL_0_85035119
2972299,1,2026-05-21 20:10:00,251322,,85035119,0,,0,,CORRECT_TOTAL_0_85035119
2972300,1,2026-05-21 20:11:00,251323,,85035120,0,,0,,CORRECT_TOTAL_0_85035120
2972301,1,2026-05-21 20:12:00,251323,,85035120,0,,0,,CORRECT_TOTAL_0_85035120
2972302,1,2026-05-21 20:13:00,251324,,85035121,0,,0,,CORRECT_TOTAL_0_85035121
2972303,1,2026-05-21 20:14:00,251325,,85035122,0,,0,,CORRECT_TOTAL_0_85035122
2972304,1,2026-05-21 20:15:00,251325,,85035122,0,,0,,CORRECT_TOTAL_0_85035122
2972305,1,2026-05-21 20:16:00,251326,,85035123,0,,0,,CORRECT_TOTAL_0_85035123
2972306,1,2026-05-21 20:17:00,251326,,85035123,0,,0,,CORRECT_TOTAL_0_85035123
2972307,1,2026-05-21 20:18:00,251327,,85035124,0,,0,,CORRECT_TOTAL_0_85035124
2972308,1,2026-05-21 20:19:00,251328,,85035125,0,,0,,CORRECT_TOTAL_0_85035125
2972309,1,2026-05-21 20:20:00,251328,,85035125,0,,0,,CORRECT_TOTAL_0_85035125
2972310,1,2026-05-21 20:21:00,251328,,85035125,0,,0,,CORRECT_TOTAL_0_85035125
2972311,1,2026-05-21 20:22:00,251329,,85035126,0,,0,,CORRECT_TOTAL_0_85035126
2972312,1,2026-05-21 20:23:00,251329,,85035126,0,,0,,CORRECT_TOTAL_0_85035126
2972313,1,2026-05-21 20:24:00,251330,,85035127,0,,0,,CORRECT_TOTAL_0_85035127
2972314,1,2026-05-21 20:25:00,251331,,85035128,0,,0,,CORRECT_TOTAL_0_85035128
2972315,1,2026-05-21 20:26:00,251331,,85035128,0,,0,,CORRECT_TOTAL_0_85035128
2972316,1,2026-05-21 20:27:00,251332,,85035129,0,,0,,CORRECT_TOTAL_0_85035129
2972317,1,2026-05-21 20:28:00,251332,,85035129,0,,0,,CORRECT_TOTAL_0_85035129
2972318,1,2026-05-21 20:29:00,251333,,85035130,0,,0,,CORRECT_TOTAL_0_85035130
2972319,1,2026-05-21 20:30:00,251334,,85035131,0,,0,,CORRECT_TOTAL_0_85035131
2972320,1,2026-05-21 20:31:00,251334,,85035131,0,,0,,CORRECT_TOTAL_0_85035131
2972321,1,2026-05-21 20:32:00,251335,,85035132,0,,0,,CORRECT_TOTAL_0_85035132
2972322,1,2026-05-21 20:33:00,251335,,85035132,0,,0,,CORRECT_TOTAL_0_85035132
2972323,1,2026-05-21 20:34:00,251336,,85035133,0,,0,,CORRECT_TOTAL_0_85035133
2972324,1,2026-05-21 20:35:00,251337,,85035134,0,,0,,CORRECT_TOTAL_0_85035134
2972325,1,2026-05-21 20:36:00,251337,,85035134,0,,0,,CORRECT_TOTAL_0_85035134
2972326,1,2026-05-21 20:37:00,251338,,85035135,0,,0,,CORRECT_TOTAL_0_85035135
2972327,1,2026-05-21 20:38:00,251338,,85035135,0,,0,,CORRECT_TOTAL_0_85035135
2972328,1,2026-05-21 20:39:00,251339,,85035136,0,,0,,CORRECT_TOTAL_0_85035136
2972329,1,2026-05-21 20:40:00,251339,,85035136,0,,0,,CORRECT_TOTAL_0_85035136
2972330,1,2026-05-21 20:41:00,251340,,85035137,0,,0,,CORRECT_TOTAL_0_85035137
2972331,1,2026-05-21 20:42:00,251340,,85035137,0,,0,,CORRECT_TOTAL_0_85035137
2972332,1,2026-05-21 20:43:00,251341,,85035138,0,,0,,CORRECT_TOTAL_0_85035138
2972333,1,2026-05-21 20:44:00,251341,,85035138,0,,0,,CORRECT_TOTAL_0_85035138
2972334,1,2026-05-21 20:45:00,251342,,85035139,0,,0,,CORRECT_TOTAL_0_85035139
2972335,1,2026-05-21 20:46:00,251343,,85035140,0,,0,,CORRECT_TOTAL_0_85035140
2972336,1,2026-05-21 20:47:00,251343,,85035140,0,,0,,CORRECT_TOTAL_0_85035140
2972337,1,2026-05-21 20:48:00,251344,,85035141,0,,0,,CORRECT_TOTAL_0_85035141
2972338,1,2026-05-21 20:49:00,251344,,85035141,0,,0,,CORRECT_TOTAL_0_85035141
2972339,1,2026-05-21 20:50:00,251345,,85035142,0,,0,,CORRECT_TOTAL_0_85035142
2972340,1,2026-05-21 20:51:00,251345,,85035142,0,,0,,CORRECT_TOTAL_0_85035142
2972341,1,2026-05-21 20:52:00,251346,,85035143,0,,0,,CORRECT_TOTAL_0_85035143
2972342,1,2026-05-21 20:53:00,251347,,85035144,0,,0,,CORRECT_TOTAL_0_85035144
2972343,1,2026-05-21 20:54:00,251347,,85035144,0,,0,,CORRECT_TOTAL_0_85035144
2972344,1,2026-05-21 20:55:00,251348,,85035145,0,,0,,CORRECT_TOTAL_0_85035145
2972345,1,2026-05-21 20:56:00,251348,,85035145,0,,0,,CORRECT_TOTAL_0_85035145
2972346,1,2026-05-21 20:57:00,251349,,85035146,0,,0,,CORRECT_TOTAL_0_85035146
2972347,1,2026-05-21 20:58:00,251350,,85035147,0,,0,,CORRECT_TOTAL_0_85035147
2972348,1,2026-05-21 20:59:00,251350,,85035147,0,,0,,CORRECT_TOTAL_0_85035147
2972349,1,2026-05-21 21:00:00,251351,,85035148,0,,0,,CORRECT_TOTAL_0_85035148
2972350,1,2026-05-21 21:01:00,251351,,85035148,0,,0,,CORRECT_TOTAL_0_85035148
2972351,1,2026-05-21 21:02:00,251352,,85035149,0,,0,,CORRECT_TOTAL_0_85035149
2972352,1,2026-05-21 21:03:00,251352,,85035149,0,,0,,CORRECT_TOTAL_0_85035149
2972353,1,2026-05-21 21:04:00,251353,,85035150,0,,0,,CORRECT_TOTAL_0_85035150
2972354,1,2026-05-21 21:05:00,251353,,85035150,0,,0,,CORRECT_TOTAL_0_85035150
2972355,1,2026-05-21 21:06:00,251354,,85035151,0,,0,,CORRECT_TOTAL_0_85035151
2972356,1,2026-05-21 21:07:00,251354,,85035151,0,,0,,CORRECT_TOTAL_0_85035151
2972357,1,2026-05-21 21:08:00,251355,,85035152,0,,0,,CORRECT_TOTAL_0_85035152
2972358,1,2026-05-21 21:09:00,251356,,85035153,0,,0,,CORRECT_TOTAL_0_85035153
2972359,1,2026-05-21 21:10:00,251356,,85035153,0,,0,,CORRECT_TOTAL_0_85035153
2972360,1,2026-05-21 21:11:00,251357,,85035154,0,,0,,CORRECT_TOTAL_0_85035154
2972361,1,2026-05-21 21:12:00,251357,,85035154,0,,0,,CORRECT_TOTAL_0_85035154
2972362,1,2026-05-21 21:13:00,251358,,85035155,0,,0,,CORRECT_TOTAL_0_85035155
2972363,1,2026-05-21 21:14:00,251359,,85035156,0,,0,,CORRECT_TOTAL_0_85035156
2972364,1,2026-05-21 21:15:00,251359,,85035156,0,,0,,CORRECT_TOTAL_0_85035156
2972365,1,2026-05-21 21:16:00,251360,,85035157,0,,0,,CORRECT_TOTAL_0_85035157
2972366,1,2026-05-21 21:17:00,251360,,85035157,0,,0,,CORRECT_TOTAL_0_85035157
2972367,1,2026-05-21 21:18:00,251361,,85035158,0,,0,,CORRECT_TOTAL_0_85035158
2972368,1,2026-05-21 21:19:00,251362,,85035159,0,,0,,CORRECT_TOTAL_0_85035159
2972369,1,2026-05-21 21:20:00,251362,,85035159,0,,0,,CORRECT_TOTAL_0_85035159
2972370,1,2026-05-21 21:21:00,251363,,85035160,0,,0,,CORRECT_TOTAL_0_85035160
2972371,1,2026-05-21 21:22:00,251363,,85035160,0,,0,,CORRECT_TOTAL_0_85035160
2972372,1,2026-05-21 21:23:00,251364,,85035161,0,,0,,CORRECT_TOTAL_0_85035161
2972373,1,2026-05-21 21:24:00,251365,,85035162,0,,0,,CORRECT_TOTAL_0_85035162
2972374,1,2026-05-21 21:25:00,251365,,85035162,0,,0,,CORRECT_TOTAL_0_85035162
2972375,1,2026-05-21 21:26:00,251366,,85035163,0,,0,,CORRECT_TOTAL_0_85035163
2972376,1,2026-05-21 21:27:00,251366,,85035163,0,,0,,CORRECT_TOTAL_0_85035163
2972377,1,2026-05-21 21:28:00,251367,,85035164,0,,0,,CORRECT_TOTAL_0_85035164
2972378,1,2026-05-21 21:29:00,251367,,85035164,0,,0,,CORRECT_TOTAL_0_85035164
2972379,1,2026-05-21 21:30:00,251368,,85035165,0,,0,,CORRECT_TOTAL_0_85035165
2972380,1,2026-05-21 21:31:00,251368,,85035165,0,,0,,CORRECT_TOTAL_0_85035165
2972381,1,2026-05-21 21:32:00,251369,,85035166,0,,0,,CORRECT_TOTAL_0_85035166
2972382,1,2026-05-21 21:33:00,251369,,85035166,0,,0,,CORRECT_TOTAL_0_85035166
2972383,1,2026-05-21 21:34:00,251370,,85035167,0,,0,,CORRECT_TOTAL_0_85035167
2972384,1,2026-05-21 21:35:00,251371,,85035168,0,,0,,CORRECT_TOTAL_0_85035168
2972385,1,2026-05-21 21:36:00,251371,,85035168,0,,0,,CORRECT_TOTAL_0_85035168
2972386,1,2026-05-21 21:37:00,251372,,85035169,0,,0,,CORRECT_TOTAL_0_85035169
2972387,1,2026-05-21 21:38:00,251372,,85035169,0,,0,,CORRECT_TOTAL_0_85035169
2972388,1,2026-05-21 21:39:00,251373,,85035170,0,,0,,CORRECT_TOTAL_0_85035170
2972389,1,2026-05-21 21:40:00,251374,,85035171,0,,0,,CORRECT_TOTAL_0_85035171
2972390,1,2026-05-21 21:41:00,251374,,85035171,0,,0,,CORRECT_TOTAL_0_85035171
2972391,1,2026-05-21 21:42:00,251375,,85035172,0,,0,,CORRECT_TOTAL_0_85035172
2972392,1,2026-05-21 21:43:00,251375,,85035172,0,,0,,CORRECT_TOTAL_0_85035172
2972393,1,2026-05-21 21:44:00,251376,,85035173,0,,0,,CORRECT_TOTAL_0_85035173
2972394,1,2026-05-21 21:45:00,251377,,85035174,0,,0,,CORRECT_TOTAL_0_85035174
2972395,1,2026-05-21 21:46:00,251377,,85035174,0,,0,,CORRECT_TOTAL_0_85035174
2972396,1,2026-05-21 21:47:00,251378,,85035175,0,,0,,CORRECT_TOTAL_0_85035175
2972397,1,2026-05-21 21:48:00,251378,,85035175,0,,0,,CORRECT_TOTAL_0_85035175
2972398,1,2026-05-21 21:49:00,251379,,85035176,0,,0,,CORRECT_TOTAL_0_85035176
2972399,1,2026-05-21 21:50:00,251380,,85035177,0,,0,,CORRECT_TOTAL_0_85035177
2972400,1,2026-05-21 21:51:00,251380,,85035177,0,,0,,CORRECT_TOTAL_0_85035177
2972401,1,2026-05-21 21:52:00,251381,,85035178,0,,0,,CORRECT_TOTAL_0_85035178
2972402,1,2026-05-21 21:53:00,251381,,85035178,0,,0,,CORRECT_TOTAL_0_85035178
2972403,1,2026-05-21 21:54:00,251382,,85035179,0,,0,,CORRECT_TOTAL_0_85035179
2972404,1,2026-05-21 21:55:00,251383,,85035180,0,,0,,CORRECT_TOTAL_0_85035180
2972405,1,2026-05-21 21:56:00,251383,,85035180,0,,0,,CORRECT_TOTAL_0_85035180
2972406,1,2026-05-21 21:57:00,251384,,85035181,0,,0,,CORRECT_TOTAL_0_85035181
2972407,1,2026-05-21 21:58:00,251384,,85035181,0,,0,,CORRECT_TOTAL_0_85035181
2972408,1,2026-05-21 21:59:00,251385,,85035182,0,,0,,CORRECT_TOTAL_0_85035182
2972409,1,2026-05-21 22:00:00,251385,,85035182,0,,0,,CORRECT_TOTAL_0_85035182
2972410,1,2026-05-21 22:01:00,251386,,85035183,0,,0,,CORRECT_TOTAL_0_85035183
2972411,1,2026-05-21 22:02:00,251386,,85035183,0,,0,,CORRECT_TOTAL_0_85035183
2972412,1,2026-05-21 22:03:00,251387,,85035184,0,,0,,CORRECT_TOTAL_0_85035184
2972413,1,2026-05-21 22:04:00,251387,,85035184,0,,0,,CORRECT_TOTAL_0_85035184
2972414,1,2026-05-21 22:05:00,251388,,85035185,0,,0,,CORRECT_TOTAL_0_85035185
2972415,1,2026-05-21 22:06:00,251389,,85035186,0,,0,,CORRECT_TOTAL_0_85035186
2972416,1,2026-05-21 22:07:00,251389,,85035186,0,,0,,CORRECT_TOTAL_0_85035186
2972417,1,2026-05-21 22:08:00,251390,,85035187,0,,0,,CORRECT_TOTAL_0_85035187
2972418,1,2026-05-21 22:09:00,251390,,85035187,0,,0,,CORRECT_TOTAL_0_85035187
2972419,1,2026-05-21 22:10:00,251391,,85035188,0,,0,,CORRECT_TOTAL_0_85035188
2972420,1,2026-05-21 22:11:00,251392,,85035189,0,,0,,CORRECT_TOTAL_0_85035189
2972421,1,2026-05-21 22:12:00,251392,,85035189,0,,0,,CORRECT_TOTAL_0_85035189
2972422,1,2026-05-21 22:13:00,251393,,85035190,0,,0,,CORRECT_TOTAL_0_85035190
2972423,1,2026-05-21 22:14:00,251393,,85035190,0,,0,,CORRECT_TOTAL_0_85035190
2972424,1,2026-05-21 22:15:00,251394,,85035191,0,,0,,CORRECT_TOTAL_0_85035191
2972425,1,2026-05-21 22:16:00,251395,,85035192,0,,0,,CORRECT_TOTAL_0_85035192
2972426,1,2026-05-21 22:17:00,251395,,85035192,0,,0,,CORRECT_TOTAL_0_85035192
2972427,1,2026-05-21 22:18:00,251396,,85035193,0,,0,,CORRECT_TOTAL_0_85035193
2972428,1,2026-05-21 22:19:00,251396,,85035193,0,,0,,CORRECT_TOTAL_0_85035193
2972429,1,2026-05-21 22:20:00,251397,,85035194,0,,0,,CORRECT_TOTAL_0_85035194
2972430,1,2026-05-21 22:21:00,251398,,85035195,0,,0,,CORRECT_TOTAL_0_85035195
2972431,1,2026-05-21 22:22:00,251398,,85035195,0,,0,,CORRECT_TOTAL_0_85035195
2972432,1,2026-05-21 22:23:00,251399,,85035196,0,,0,,CORRECT_TOTAL_0_85035196
2972433,1,2026-05-21 22:24:00,251399,,85035196,0,,0,,CORRECT_TOTAL_0_85035196
2972434,1,2026-05-21 22:25:00,251400,,85035197,0,,0,,CORRECT_TOTAL_0_85035197
2972435,1,2026-05-21 22:26:00,251401,,85035198,0,,0,,CORRECT_TOTAL_0_85035198
2972436,1,2026-05-21 22:27:00,251401,,85035198,0,,0,,CORRECT_TOTAL_0_85035198
2972437,1,2026-05-21 22:28:00,251402,,85035199,0,,0,,CORRECT_TOTAL_0_85035199
2972438,1,2026-05-21 22:29:00,251402,,85035199,0,,0,,CORRECT_TOTAL_0_85035199
2972439,1,2026-05-21 22:30:00,251402,,85035199,0,,0,,CORRECT_TOTAL_0_85035199
2972440,1,2026-05-21 22:31:00,251403,,85035200,0,,0,,CORRECT_TOTAL_0_85035200
2972441,1,2026-05-21 22:32:00,251403,,85035200,0,,0,,CORRECT_TOTAL_0_85035200
2972442,1,2026-05-21 22:33:00,251404,,85035201,0,,0,,CORRECT_TOTAL_0_85035201
2972443,1,2026-05-21 22:34:00,251405,,85035202,0,,0,,CORRECT_TOTAL_0_85035202
2972444,1,2026-05-21 22:35:00,251405,,85035202,0,,0,,CORRECT_TOTAL_0_85035202
2972445,1,2026-05-21 22:36:00,251406,,85035203,0,,0,,CORRECT_TOTAL_0_85035203
2972446,1,2026-05-21 22:37:00,251406,,85035203,0,,0,,CORRECT_TOTAL_0_85035203
2972447,1,2026-05-21 22:38:00,251407,,85035204,0,,0,,CORRECT_TOTAL_0_85035204
2972448,1,2026-05-21 22:39:00,251408,,85035205,0,,0,,CORRECT_TOTAL_0_85035205
2972449,1,2026-05-21 22:40:00,251408,,85035205,0,,0,,CORRECT_TOTAL_0_85035205
2972450,1,2026-05-21 22:41:00,251409,,85035206,0,,0,,CORRECT_TOTAL_0_85035206
2972451,1,2026-05-21 22:42:00,251410,,85035207,0,,0,,CORRECT_TOTAL_0_85035207
2972452,1,2026-05-21 22:43:00,251410,,85035207,0,,0,,CORRECT_TOTAL_0_85035207
2972453,1,2026-05-21 22:44:00,251411,,85035208,0,,0,,CORRECT_TOTAL_0_85035208
2972454,1,2026-05-21 22:45:00,251411,,85035208,0,,0,,CORRECT_TOTAL_0_85035208
2972455,1,2026-05-21 22:46:00,251412,,85035209,0,,0,,CORRECT_TOTAL_0_85035209
2972456,1,2026-05-21 22:47:00,251413,,85035210,0,,0,,CORRECT_TOTAL_0_85035210
2972457,1,2026-05-21 22:48:00,251413,,85035210,0,,0,,CORRECT_TOTAL_0_85035210
2972458,1,2026-05-21 22:49:00,251414,,85035211,0,,0,,CORRECT_TOTAL_0_85035211
2972459,1,2026-05-21 22:50:00,251414,,85035211,0,,0,,CORRECT_TOTAL_0_85035211
2972460,1,2026-05-21 22:51:00,251415,,85035212,0,,0,,CORRECT_TOTAL_0_85035212
2972461,1,2026-05-21 22:52:00,251416,,85035213,0,,0,,CORRECT_TOTAL_0_85035213
2972462,1,2026-05-21 22:53:00,251416,,85035213,0,,0,,CORRECT_TOTAL_0_85035213
2972463,1,2026-05-21 22:54:00,251417,,85035214,0,,0,,CORRECT_TOTAL_0_85035214
2972464,1,2026-05-21 22:55:00,251417,,85035214,0,,0,,CORRECT_TOTAL_0_85035214
2972465,1,2026-05-21 22:56:00,251418,,85035215,0,,0,,CORRECT_TOTAL_0_85035215
2972466,1,2026-05-21 22:57:00,251419,,85035216,0,,0,,CORRECT_TOTAL_0_85035216
2972467,1,2026-05-21 22:58:00,251419,,85035216,0,,0,,CORRECT_TOTAL_0_85035216
2972468,1,2026-05-21 22:59:00,251420,,85035217,0,,0,,CORRECT_TOTAL_0_85035217
2972469,1,2026-05-21 23:00:00,251420,,85035217,0,,0,,CORRECT_TOTAL_0_85035217
2972470,1,2026-05-21 23:01:00,251421,,85035218,0,,0,,CORRECT_TOTAL_0_85035218
2972471,1,2026-05-21 23:02:00,251422,,85035219,0,,0,,CORRECT_TOTAL_0_85035219
2972472,1,2026-05-21 23:03:00,251422,,85035219,0,,0,,CORRECT_TOTAL_0_85035219
2972473,1,2026-05-21 23:04:00,251423,,85035220,0,,0,,CORRECT_TOTAL_0_85035220
2972474,1,2026-05-21 23:05:00,251423,,85035220,0,,0,,CORRECT_TOTAL_0_85035220
2972475,1,2026-05-21 23:06:00,251424,,85035221,0,,0,,CORRECT_TOTAL_0_85035221
2972476,1,2026-05-21 23:07:00,251425,,85035222,0,,0,,CORRECT_TOTAL_0_85035222
2972477,1,2026-05-21 23:08:00,251425,,85035222,0,,0,,CORRECT_TOTAL_0_85035222
2972478,1,2026-05-21 23:09:00,251426,,85035223,0,,0,,CORRECT_TOTAL_0_85035223
2972479,1,2026-05-21 23:10:00,251426,,85035223,0,,0,,CORRECT_TOTAL_0_85035223
2972480,1,2026-05-21 23:11:00,251427,,85035224,0,,0,,CORRECT_TOTAL_0_85035224
2972481,1,2026-05-21 23:12:00,251427,,85035224,0,,0,,CORRECT_TOTAL_0_85035224
2972482,1,2026-05-21 23:13:00,251428,,85035225,0,,0,,CORRECT_TOTAL_0_85035225
2972483,1,2026-05-21 23:14:00,251428,,85035225,0,,0,,CORRECT_TOTAL_0_85035225
2972484,1,2026-05-21 23:15:00,251429,,85035226,0,,0,,CORRECT_TOTAL_0_85035226
2972485,1,2026-05-21 23:16:00,251429,,85035226,0,,0,,CORRECT_TOTAL_0_85035226
2972486,1,2026-05-21 23:17:00,251430,,85035227,0,,0,,CORRECT_TOTAL_0_85035227
2972487,1,2026-05-21 23:18:00,251431,,85035228,0,,0,,CORRECT_TOTAL_0_85035228
2972488,1,2026-05-21 23:19:00,251431,,85035228,0,,0,,CORRECT_TOTAL_0_85035228
2972489,1,2026-05-21 23:20:00,251432,,85035229,0,,0,,CORRECT_TOTAL_0_85035229
2972490,1,2026-05-21 23:21:00,251432,,85035229,0,,0,,CORRECT_TOTAL_0_85035229
2972491,1,2026-05-21 23:22:00,251433,,85035230,0,,0,,CORRECT_TOTAL_0_85035230
2972492,1,2026-05-21 23:23:00,251433,,85035230,0,,0,,CORRECT_TOTAL_0_85035230
2972493,1,2026-05-21 23:24:00,251434,,85035231,0,,0,,CORRECT_TOTAL_0_85035231
2972494,1,2026-05-21 23:25:00,251435,,85035232,0,,0,,CORRECT_TOTAL_0_85035232
2972495,1,2026-05-21 23:26:00,251435,,85035232,0,,0,,CORRECT_TOTAL_0_85035232
2972496,1,2026-05-21 23:27:00,251436,,85035233,0,,0,,CORRECT_TOTAL_0_85035233
2972497,1,2026-05-21 23:28:00,251436,,85035233,0,,0,,CORRECT_TOTAL_0_85035233
2972498,1,2026-05-21 23:29:00,251437,,85035234,0,,0,,CORRECT_TOTAL_0_85035234
2972499,1,2026-05-21 23:30:00,251438,,85035235,0,,0,,CORRECT_TOTAL_0_85035235
2972500,1,2026-05-21 23:31:00,251438,,85035235,0,,0,,CORRECT_TOTAL_0_85035235
2972501,1,2026-05-21 23:32:00,251439,,85035236,0,,0,,CORRECT_TOTAL_0_85035236
2972502,1,2026-05-21 23:33:00,251439,,85035236,0,,0,,CORRECT_TOTAL_0_85035236
2972503,1,2026-05-21 23:34:00,251440,,85035237,0,,0,,CORRECT_TOTAL_0_85035237
2972504,1,2026-05-21 23:35:00,251440,,85035237,0,,0,,CORRECT_TOTAL_0_85035237
2972505,1,2026-05-21 23:36:00,251441,,85035238,0,,0,,CORRECT_TOTAL_0_85035238
2972506,1,2026-05-21 23:37:00,251441,,85035238,0,,0,,CORRECT_TOTAL_0_85035238
2972507,1,2026-05-21 23:38:00,251442,,85035239,0,,0,,CORRECT_TOTAL_0_85035239
2972508,1,2026-05-21 23:39:00,251442,,85035239,0,,0,,CORRECT_TOTAL_0_85035239
2972509,1,2026-05-21 23:40:00,251443,,85035240,0,,0,,CORRECT_TOTAL_0_85035240
2972510,1,2026-05-21 23:41:00,251444,,85035241,0,,0,,CORRECT_TOTAL_0_85035241
2972511,1,2026-05-21 23:42:00,251444,,85035241,0,,0,,CORRECT_TOTAL_0_85035241
2972512,1,2026-05-21 23:43:00,251445,,85035242,0,,0,,CORRECT_TOTAL_0_85035242
2972513,1,2026-05-21 23:44:00,251445,,85035242,0,,0,,CORRECT_TOTAL_0_85035242
2972514,1,2026-05-21 23:45:00,251446,,85035243,0,,0,,CORRECT_TOTAL_0_85035243
2972515,1,2026-05-21 23:46:00,251447,,85035244,0,,0,,CORRECT_TOTAL_0_85035244
2972516,1,2026-05-21 23:47:00,251447,,85035244,0,,0,,CORRECT_TOTAL_0_85035244
2972517,1,2026-05-21 23:48:00,251448,,85035245,0,,0,,CORRECT_TOTAL_0_85035245
2972518,1,2026-05-21 23:49:00,251448,,85035245,0,,0,,CORRECT_TOTAL_0_85035245
2972519,1,2026-05-21 23:50:00,251449,,85035246,0,,0,,CORRECT_TOTAL_0_85035246
2972520,1,2026-05-21 23:51:00,251450,,85035247,0,,0,,CORRECT_TOTAL_0_85035247
2972521,1,2026-05-21 23:52:00,251450,,85035247,0,,0,,CORRECT_TOTAL_0_85035247
2972522,1,2026-05-21 23:53:00,251451,,85035248,0,,0,,CORRECT_TOTAL_0_85035248
2972523,1,2026-05-21 23:54:00,251451,,85035248,0,,0,,CORRECT_TOTAL_0_85035248
2972524,1,2026-05-21 23:55:00,251452,,85035249,0,,0,,CORRECT_TOTAL_0_85035249
2972525,1,2026-05-21 23:56:00,251453,,85035250,0,,0,,CORRECT_TOTAL_0_85035250
2972526,1,2026-05-21 23:57:00,251453,,85035250,0,,0,,CORRECT_TOTAL_0_85035250
2972527,1,2026-05-21 23:58:00,251454,,85035251,0,,0,,CORRECT_TOTAL_0_85035251
2972528,1,2026-05-21 23:59:00,251454,,85035251,0,,0,,CORRECT_TOTAL_0_85035251
2972529,1,2026-05-22 00:00:00,251455,,85035252,0,,0,,CORRECT_TOTAL_0_85035252
2972530,1,2026-05-22 00:01:00,251456,,85035253,0,,0,,CORRECT_TOTAL_0_85035253
2972531,1,2026-05-22 00:02:00,251456,,85035253,0,,0,,CORRECT_TOTAL_0_85035253
2972532,1,2026-05-22 00:03:00,251457,,85035254,0,,0,,CORRECT_TOTAL_0_85035254
2972533,1,2026-05-22 00:04:00,251457,,85035254,0,,0,,CORRECT_TOTAL_0_85035254
2972534,1,2026-05-22 00:05:00,251458,,85035255,0,,0,,CORRECT_TOTAL_0_85035255
2972535,1,2026-05-22 00:06:00,251459,,85035256,0,,0,,CORRECT_TOTAL_0_85035256
2972536,1,2026-05-22 00:07:00,251459,,85035256,0,,0,,CORRECT_TOTAL_0_85035256
2972537,1,2026-05-22 00:08:00,251460,,85035257,0,,0,,CORRECT_TOTAL_0_85035257
2972538,1,2026-05-22 00:09:00,251460,,85035257,0,,0,,CORRECT_TOTAL_0_85035257
2972539,1,2026-05-22 00:10:00,251461,,85035258,0,,0,,CORRECT_TOTAL_0_85035258
2972540,1,2026-05-22 00:11:00,251462,,85035259,0,,0,,CORRECT_TOTAL_0_85035259
2972541,1,2026-05-22 00:12:00,251462,,85035259,0,,0,,CORRECT_TOTAL_0_85035259
2972542,1,2026-05-22 00:13:00,251463,,85035260,0,,0,,CORRECT_TOTAL_0_85035260
2972543,1,2026-05-22 00:14:00,251463,,85035260,0,,0,,CORRECT_TOTAL_0_85035260
2972544,1,2026-05-22 00:15:00,251464,,85035261,0,,0,,CORRECT_TOTAL_0_85035261
2972545,1,2026-05-22 00:16:00,251464,,85035261,0,,0,,CORRECT_TOTAL_0_85035261
2972546,1,2026-05-22 00:17:00,251465,,85035262,0,,0,,CORRECT_TOTAL_0_85035262
2972547,1,2026-05-22 00:18:00,251466,,85035263,0,,0,,CORRECT_TOTAL_0_85035263
2972548,1,2026-05-22 00:19:00,251466,,85035263,0,,0,,CORRECT_TOTAL_0_85035263
2972549,1,2026-05-22 00:20:00,251467,,85035264,0,,0,,CORRECT_TOTAL_0_85035264
2972550,1,2026-05-22 00:21:00,251467,,85035264,0,,0,,CORRECT_TOTAL_0_85035264
2972551,1,2026-05-22 00:22:00,251468,,85035265,0,,0,,CORRECT_TOTAL_0_85035265
2972552,1,2026-05-22 00:23:00,251469,,85035266,0,,0,,CORRECT_TOTAL_0_85035266
2972553,1,2026-05-22 00:24:00,251469,,85035266,0,,0,,CORRECT_TOTAL_0_85035266
2972554,1,2026-05-22 00:25:00,251470,,85035267,0,,0,,CORRECT_TOTAL_0_85035267
2972555,1,2026-05-22 00:26:00,251471,,85035268,0,,0,,CORRECT_TOTAL_0_85035268
2972556,1,2026-05-22 00:27:00,251471,,85035268,0,,0,,CORRECT_TOTAL_0_85035268
2972557,1,2026-05-22 00:28:00,251472,,85035269,0,,0,,CORRECT_TOTAL_0_85035269
2972558,1,2026-05-22 00:29:00,251472,,85035269,0,,0,,CORRECT_TOTAL_0_85035269
2972559,1,2026-05-22 00:30:00,251473,,85035270,0,,0,,CORRECT_TOTAL_0_85035270
2972560,1,2026-05-22 00:31:00,251474,,85035271,0,,0,,CORRECT_TOTAL_0_85035271
2972561,1,2026-05-22 00:32:00,251474,,85035271,0,,0,,CORRECT_TOTAL_0_85035271
2972562,1,2026-05-22 00:33:00,251475,,85035272,0,,0,,CORRECT_TOTAL_0_85035272
2972563,1,2026-05-22 00:34:00,251475,,85035272,0,,0,,CORRECT_TOTAL_0_85035272
2972564,1,2026-05-22 00:35:00,251476,,85035273,0,,0,,CORRECT_TOTAL_0_85035273
2972565,1,2026-05-22 00:36:00,251477,,85035274,0,,0,,CORRECT_TOTAL_0_85035274
2972566,1,2026-05-22 00:37:00,251477,,85035274,0,,0,,CORRECT_TOTAL_0_85035274
2972567,1,2026-05-22 00:38:00,251478,,85035275,0,,0,,CORRECT_TOTAL_0_85035275
2972568,1,2026-05-22 00:39:00,251478,,85035275,0,,0,,CORRECT_TOTAL_0_85035275
2972570,1,2026-05-22 00:40:00,251479,,85035276,0,,0,,CORRECT_TOTAL_0_85035276
2972571,1,2026-05-22 00:41:00,251480,,85035277,0,,0,,CORRECT_TOTAL_0_85035277
2972572,1,2026-05-22 00:42:00,251480,,85035277,0,,0,,CORRECT_TOTAL_0_85035277
2972573,1,2026-05-22 00:43:00,251481,,85035278,0,,0,,CORRECT_TOTAL_0_85035278
2972574,1,2026-05-22 00:44:00,251481,,85035278,0,,0,,CORRECT_TOTAL_0_85035278
2972575,1,2026-05-22 00:45:00,251482,,85035279,0,,0,,CORRECT_TOTAL_0_85035279
2972576,1,2026-05-22 00:46:00,251483,,85035280,0,,0,,CORRECT_TOTAL_0_85035280
2972577,1,2026-05-22 00:47:00,251483,,85035280,0,,0,,CORRECT_TOTAL_0_85035280
2972578,1,2026-05-22 00:48:00,251484,,85035281,0,,0,,CORRECT_TOTAL_0_85035281
2972579,1,2026-05-22 00:49:00,251484,,85035281,0,,0,,CORRECT_TOTAL_0_85035281
2972580,1,2026-05-22 00:50:00,251485,,85035282,0,,0,,CORRECT_TOTAL_0_85035282
2972581,1,2026-05-22 00:51:00,251486,,85035283,0,,0,,CORRECT_TOTAL_0_85035283
2972582,1,2026-05-22 00:52:00,251486,,85035283,0,,0,,CORRECT_TOTAL_0_85035283
2972583,1,2026-05-22 00:53:00,251487,,85035284,0,,0,,CORRECT_TOTAL_0_85035284
2972584,1,2026-05-22 00:54:00,251487,,85035284,0,,0,,CORRECT_TOTAL_0_85035284
2972585,1,2026-05-22 00:55:00,251488,,85035285,0,,0,,CORRECT_TOTAL_0_85035285
2972586,1,2026-05-22 00:56:00,251489,,85035286,0,,0,,CORRECT_TOTAL_0_85035286
2972587,1,2026-05-22 00:57:00,251489,,85035286,0,,0,,CORRECT_TOTAL_0_85035286
2972588,1,2026-05-22 00:58:00,251490,,85035287,0,,0,,CORRECT_TOTAL_0_85035287
2972589,1,2026-05-22 00:59:00,251490,,85035287,0,,0,,CORRECT_TOTAL_0_85035287
2972590,1,2026-05-22 01:00:00,251491,,85035288,0,,0,,CORRECT_TOTAL_0_85035288
2972591,1,2026-05-22 01:01:00,251492,,85035289,0,,0,,CORRECT_TOTAL_0_85035289
2972592,1,2026-05-22 01:02:00,251492,,85035289,0,,0,,CORRECT_TOTAL_0_85035289
2972593,1,2026-05-22 01:03:00,251493,,85035290,0,,0,,CORRECT_TOTAL_0_85035290
2972594,1,2026-05-22 01:04:00,251493,,85035290,0,,0,,CORRECT_TOTAL_0_85035290
2972595,1,2026-05-22 01:05:00,251494,,85035291,0,,0,,CORRECT_TOTAL_0_85035291
2972596,1,2026-05-22 01:06:00,251495,,85035292,0,,0,,CORRECT_TOTAL_0_85035292
2972597,1,2026-05-22 01:07:00,251495,,85035292,0,,0,,CORRECT_TOTAL_0_85035292
2972598,1,2026-05-22 01:08:00,251496,,85035293,0,,0,,CORRECT_TOTAL_0_85035293
2972599,1,2026-05-22 01:09:00,251496,,85035293,0,,0,,CORRECT_TOTAL_0_85035293
2972600,1,2026-05-22 01:10:00,251497,,85035294,0,,0,,CORRECT_TOTAL_0_85035294
2972601,1,2026-05-22 01:11:00,251497,,85035294,0,,0,,CORRECT_TOTAL_0_85035294
2972602,1,2026-05-22 01:12:00,251498,,85035295,0,,0,,CORRECT_TOTAL_0_85035295
2972603,1,2026-05-22 01:13:00,251499,,85035296,0,,0,,CORRECT_TOTAL_0_85035296
2972604,1,2026-05-22 01:14:00,251499,,85035296,0,,0,,CORRECT_TOTAL_0_85035296
2972605,1,2026-05-22 01:15:00,251500,,85035297,0,,0,,CORRECT_TOTAL_0_85035297
2972606,1,2026-05-22 01:16:00,251500,,85035297,0,,0,,CORRECT_TOTAL_0_85035297
2972607,1,2026-05-22 01:17:00,251501,,85035298,0,,0,,CORRECT_TOTAL_0_85035298
2972608,1,2026-05-22 01:18:00,251502,,85035299,0,,0,,CORRECT_TOTAL_0_85035299
2972609,1,2026-05-22 01:19:00,251502,,85035299,0,,0,,CORRECT_TOTAL_0_85035299
2972610,1,2026-05-22 01:20:00,251502,,85035299,0,,0,,CORRECT_TOTAL_0_85035299
2972611,1,2026-05-22 01:21:00,251503,,85035300,0,,0,,CORRECT_TOTAL_0_85035300
2972612,1,2026-05-22 01:22:00,251503,,85035300,0,,0,,CORRECT_TOTAL_0_85035300
2972613,1,2026-05-22 01:23:00,251504,,85035301,0,,0,,CORRECT_TOTAL_0_85035301
2972614,1,2026-05-22 01:24:00,251505,,85035302,0,,0,,CORRECT_TOTAL_0_85035302
2972615,1,2026-05-22 01:25:00,251505,,85035302,0,,0,,CORRECT_TOTAL_0_85035302
2972616,1,2026-05-22 01:26:00,251506,,85035303,0,,0,,CORRECT_TOTAL_0_85035303
2972617,1,2026-05-22 01:27:00,251506,,85035303,0,,0,,CORRECT_TOTAL_0_85035303
2972618,1,2026-05-22 01:28:00,251507,,85035304,0,,0,,CORRECT_TOTAL_0_85035304
2972619,1,2026-05-22 01:29:00,251508,,85035305,0,,0,,CORRECT_TOTAL_0_85035305
2972620,1,2026-05-22 01:30:00,251508,,85035305,0,,0,,CORRECT_TOTAL_0_85035305
2972621,1,2026-05-22 01:31:00,251509,,85035306,0,,0,,CORRECT_TOTAL_0_85035306
2972622,1,2026-05-22 01:32:00,251509,,85035306,0,,0,,CORRECT_TOTAL_0_85035306
2972623,1,2026-05-22 01:33:00,251510,,85035307,0,,0,,CORRECT_TOTAL_0_85035307
2972624,1,2026-05-22 01:34:00,251511,,85035308,0,,0,,CORRECT_TOTAL_0_85035308
2972625,1,2026-05-22 01:35:00,251511,,85035308,0,,0,,CORRECT_TOTAL_0_85035308
2972626,1,2026-05-22 01:36:00,251512,,85035309,0,,0,,CORRECT_TOTAL_0_85035309
2972627,1,2026-05-22 01:37:00,251512,,85035309,0,,0,,CORRECT_TOTAL_0_85035309
2972628,1,2026-05-22 01:38:00,251513,,85035310,0,,0,,CORRECT_TOTAL_0_85035310
2972629,1,2026-05-22 01:39:00,251514,,85035311,0,,0,,CORRECT_TOTAL_0_85035311
2972630,1,2026-05-22 01:40:00,251514,,85035311,0,,0,,CORRECT_TOTAL_0_85035311
2972631,1,2026-05-22 01:41:00,251515,,85035312,0,,0,,CORRECT_TOTAL_0_85035312
2972632,1,2026-05-22 01:42:00,251515,,85035312,0,,0,,CORRECT_TOTAL_0_85035312
2972633,1,2026-05-22 01:43:00,251516,,85035313,0,,0,,CORRECT_TOTAL_0_85035313
2972634,1,2026-05-22 01:44:00,251517,,85035314,0,,0,,CORRECT_TOTAL_0_85035314
2972635,1,2026-05-22 01:45:00,251517,,85035314,0,,0,,CORRECT_TOTAL_0_85035314
2972636,1,2026-05-22 01:46:00,251517,,85035314,0,,0,,CORRECT_TOTAL_0_85035314
2972637,1,2026-05-22 01:47:00,251518,,85035315,0,,0,,CORRECT_TOTAL_0_85035315
2972638,1,2026-05-22 01:48:00,251518,,85035315,0,,0,,CORRECT_TOTAL_0_85035315
2972639,1,2026-05-22 01:49:00,251519,,85035316,0,,0,,CORRECT_TOTAL_0_85035316
2972640,1,2026-05-22 01:50:00,251520,,85035317,0,,0,,CORRECT_TOTAL_0_85035317
2972641,1,2026-05-22 01:51:00,251520,,85035317,0,,0,,CORRECT_TOTAL_0_85035317
2972642,1,2026-05-22 01:52:00,251521,,85035318,0,,0,,CORRECT_TOTAL_0_85035318
2972643,1,2026-05-22 01:53:00,251521,,85035318,0,,0,,CORRECT_TOTAL_0_85035318
2972644,1,2026-05-22 01:54:00,251522,,85035319,0,,0,,CORRECT_TOTAL_0_85035319
2972645,1,2026-05-22 01:55:00,251523,,85035320,0,,0,,CORRECT_TOTAL_0_85035320
2972646,1,2026-05-22 01:56:00,251523,,85035320,0,,0,,CORRECT_TOTAL_0_85035320
2972647,1,2026-05-22 01:57:00,251524,,85035321,0,,0,,CORRECT_TOTAL_0_85035321
2972648,1,2026-05-22 01:58:00,251524,,85035321,0,,0,,CORRECT_TOTAL_0_85035321
2972649,1,2026-05-22 01:59:00,251525,,85035322,0,,0,,CORRECT_TOTAL_0_85035322
2972650,1,2026-05-22 02:00:00,251526,,85035323,0,,0,,CORRECT_TOTAL_0_85035323
2972651,1,2026-05-22 02:01:00,251526,,85035323,0,,0,,CORRECT_TOTAL_0_85035323
2972652,1,2026-05-22 02:02:00,251527,,85035324,0,,0,,CORRECT_TOTAL_0_85035324
2972653,1,2026-05-22 02:03:00,251527,,85035324,0,,0,,CORRECT_TOTAL_0_85035324
2972654,1,2026-05-22 02:04:00,251528,,85035325,0,,0,,CORRECT_TOTAL_0_85035325
2972655,1,2026-05-22 02:05:00,251528,,85035325,0,,0,,CORRECT_TOTAL_0_85035325
2972656,1,2026-05-22 02:06:00,251529,,85035326,0,,0,,CORRECT_TOTAL_0_85035326
2972657,1,2026-05-22 02:07:00,251529,,85035326,0,,0,,CORRECT_TOTAL_0_85035326
2972658,1,2026-05-22 02:08:00,251530,,85035327,0,,0,,CORRECT_TOTAL_0_85035327
2972659,1,2026-05-22 02:09:00,251530,,85035327,0,,0,,CORRECT_TOTAL_0_85035327
2972660,1,2026-05-22 02:10:00,251531,,85035328,0,,0,,CORRECT_TOTAL_0_85035328
2972661,1,2026-05-22 02:11:00,251532,,85035329,0,,0,,CORRECT_TOTAL_0_85035329
2972662,1,2026-05-22 02:12:00,251532,,85035329,0,,0,,CORRECT_TOTAL_0_85035329
2972663,1,2026-05-22 02:13:00,251533,,85035330,0,,0,,CORRECT_TOTAL_0_85035330
2972664,1,2026-05-22 02:14:00,251533,,85035330,0,,0,,CORRECT_TOTAL_0_85035330
2972665,1,2026-05-22 02:15:00,251534,,85035331,0,,0,,CORRECT_TOTAL_0_85035331
2972666,1,2026-05-22 02:16:00,251535,,85035332,0,,0,,CORRECT_TOTAL_0_85035332
2972667,1,2026-05-22 02:17:00,251535,,85035332,0,,0,,CORRECT_TOTAL_0_85035332
2972668,1,2026-05-22 02:18:00,251536,,85035333,0,,0,,CORRECT_TOTAL_0_85035333
2972669,1,2026-05-22 02:19:00,251536,,85035333,0,,0,,CORRECT_TOTAL_0_85035333
2972670,1,2026-05-22 02:20:00,251537,,85035334,0,,0,,CORRECT_TOTAL_0_85035334
2972671,1,2026-05-22 02:21:00,251538,,85035335,0,,0,,CORRECT_TOTAL_0_85035335
2972672,1,2026-05-22 02:22:00,251538,,85035335,0,,0,,CORRECT_TOTAL_0_85035335
2972673,1,2026-05-22 02:23:00,251539,,85035336,0,,0,,CORRECT_TOTAL_0_85035336
2972674,1,2026-05-22 02:24:00,251539,,85035336,0,,0,,CORRECT_TOTAL_0_85035336
2972675,1,2026-05-22 02:25:00,251539,,85035336,0,,0,,CORRECT_TOTAL_0_85035336
2972676,1,2026-05-22 02:26:00,251540,,85035337,0,,0,,CORRECT_TOTAL_0_85035337
2972677,1,2026-05-22 02:27:00,251540,,85035337,0,,0,,CORRECT_TOTAL_0_85035337
2972678,1,2026-05-22 02:28:00,251541,,85035338,0,,0,,CORRECT_TOTAL_0_85035338
2972679,1,2026-05-22 02:29:00,251542,,85035339,0,,0,,CORRECT_TOTAL_0_85035339
2972680,1,2026-05-22 02:30:00,251542,,85035339,0,,0,,CORRECT_TOTAL_0_85035339
2972681,1,2026-05-22 02:31:00,251543,,85035340,0,,0,,CORRECT_TOTAL_0_85035340
2972682,1,2026-05-22 02:32:00,251543,,85035340,0,,0,,CORRECT_TOTAL_0_85035340
2972683,1,2026-05-22 02:33:00,251544,,85035341,0,,0,,CORRECT_TOTAL_0_85035341
2972684,1,2026-05-22 02:34:00,251545,,85035342,0,,0,,CORRECT_TOTAL_0_85035342
2972685,1,2026-05-22 02:35:00,251545,,85035342,0,,0,,CORRECT_TOTAL_0_85035342
2972686,1,2026-05-22 02:36:00,251546,,85035343,0,,0,,CORRECT_TOTAL_0_85035343
2972687,1,2026-05-22 02:37:00,251546,,85035343,0,,0,,CORRECT_TOTAL_0_85035343
2972688,1,2026-05-22 02:38:00,251547,,85035344,0,,0,,CORRECT_TOTAL_0_85035344
2972689,1,2026-05-22 02:39:00,251548,,85035345,0,,0,,CORRECT_TOTAL_0_85035345
2972690,1,2026-05-22 02:40:00,251548,,85035345,0,,0,,CORRECT_TOTAL_0_85035345
2972691,1,2026-05-22 02:41:00,251548,,85035345,0,,0,,CORRECT_TOTAL_0_85035345
2972692,1,2026-05-22 02:42:00,251549,,85035346,0,,0,,CORRECT_TOTAL_0_85035346
2972693,1,2026-05-22 02:43:00,251549,,85035346,0,,0,,CORRECT_TOTAL_0_85035346
2972694,1,2026-05-22 02:44:00,251550,,85035347,0,,0,,CORRECT_TOTAL_0_85035347
2972695,1,2026-05-22 02:45:00,251551,,85035348,0,,0,,CORRECT_TOTAL_0_85035348
2972696,1,2026-05-22 02:46:00,251551,,85035348,0,,0,,CORRECT_TOTAL_0_85035348
2972697,1,2026-05-22 02:47:00,251552,,85035349,0,,0,,CORRECT_TOTAL_0_85035349
2972698,1,2026-05-22 02:48:00,251552,,85035349,0,,0,,CORRECT_TOTAL_0_85035349
2972699,1,2026-05-22 02:49:00,251553,,85035350,0,,0,,CORRECT_TOTAL_0_85035350
2972700,1,2026-05-22 02:50:00,251554,,85035351,0,,0,,CORRECT_TOTAL_0_85035351
2972701,1,2026-05-22 02:51:00,251554,,85035351,0,,0,,CORRECT_TOTAL_0_85035351
2972702,1,2026-05-22 02:52:00,251555,,85035352,0,,0,,CORRECT_TOTAL_0_85035352
2972703,1,2026-05-22 02:53:00,251555,,85035352,0,,0,,CORRECT_TOTAL_0_85035352
2972704,1,2026-05-22 02:54:00,251556,,85035353,0,,0,,CORRECT_TOTAL_0_85035353
2972705,1,2026-05-22 02:55:00,251557,,85035354,0,,0,,CORRECT_TOTAL_0_85035354
2972706,1,2026-05-22 02:56:00,251557,,85035354,0,,0,,CORRECT_TOTAL_0_85035354
2972707,1,2026-05-22 02:57:00,251558,,85035355,0,,0,,CORRECT_TOTAL_0_85035355
2972708,1,2026-05-22 02:58:00,251558,,85035355,0,,0,,CORRECT_TOTAL_0_85035355
2972709,1,2026-05-22 02:59:00,251559,,85035356,0,,0,,CORRECT_TOTAL_0_85035356
2972710,1,2026-05-22 03:00:00,251560,,85035357,0,,0,,CORRECT_TOTAL_0_85035357
2972711,1,2026-05-22 03:01:00,251560,,85035357,0,,0,,CORRECT_TOTAL_0_85035357
2972712,1,2026-05-22 03:02:00,251561,,85035358,0,,0,,CORRECT_TOTAL_0_85035358
2972713,1,2026-05-22 03:03:00,251561,,85035358,0,,0,,CORRECT_TOTAL_0_85035358
2972714,1,2026-05-22 03:04:00,251562,,85035359,0,,0,,CORRECT_TOTAL_0_85035359
2972715,1,2026-05-22 03:05:00,251563,,85035360,0,,0,,CORRECT_TOTAL_0_85035360
2972716,1,2026-05-22 03:06:00,251563,,85035360,0,,0,,CORRECT_TOTAL_0_85035360
2972717,1,2026-05-22 03:07:00,251564,,85035361,0,,0,,CORRECT_TOTAL_0_85035361
2972718,1,2026-05-22 03:08:00,251564,,85035361,0,,0,,CORRECT_TOTAL_0_85035361
2972719,1,2026-05-22 03:09:00,251565,,85035362,0,,0,,CORRECT_TOTAL_0_85035362
2972720,1,2026-05-22 03:10:00,251566,,85035363,0,,0,,CORRECT_TOTAL_0_85035363
2972721,1,2026-05-22 03:11:00,251566,,85035363,0,,0,,CORRECT_TOTAL_0_85035363
2972722,1,2026-05-22 03:12:00,251567,,85035364,0,,0,,CORRECT_TOTAL_0_85035364
2972723,1,2026-05-22 03:13:00,251567,,85035364,0,,0,,CORRECT_TOTAL_0_85035364
2972724,1,2026-05-22 03:14:00,251568,,85035365,0,,0,,CORRECT_TOTAL_0_85035365
2972725,1,2026-05-22 03:15:00,251569,,85035366,0,,0,,CORRECT_TOTAL_0_85035366
2972726,1,2026-05-22 03:16:00,251569,,85035366,0,,0,,CORRECT_TOTAL_0_85035366
2972727,1,2026-05-22 03:17:00,251569,,85035366,0,,0,,CORRECT_TOTAL_0_85035366
2972728,1,2026-05-22 03:18:00,251570,,85035367,0,,0,,CORRECT_TOTAL_0_85035367
2972729,1,2026-05-22 03:19:00,251570,,85035367,0,,0,,CORRECT_TOTAL_0_85035367
2972730,1,2026-05-22 03:20:00,251571,,85035368,0,,0,,CORRECT_TOTAL_0_85035368
2972731,1,2026-05-22 03:21:00,251572,,85035369,0,,0,,CORRECT_TOTAL_0_85035369
2972732,1,2026-05-22 03:22:00,251572,,85035369,0,,0,,CORRECT_TOTAL_0_85035369
2972733,1,2026-05-22 03:23:00,251573,,85035370,0,,0,,CORRECT_TOTAL_0_85035370
2972734,1,2026-05-22 03:24:00,251573,,85035370,0,,0,,CORRECT_TOTAL_0_85035370
2972735,1,2026-05-22 03:29:00,251576,,85035373,0,,0,,CORRECT_TOTAL_0_85035373
2972736,1,2026-05-22 03:30:00,251577,,85035374,0,,0,,CORRECT_TOTAL_0_85035374
2972737,1,2026-05-22 03:31:00,251578,,85035375,0,,0,,CORRECT_TOTAL_0_85035375
2972738,1,2026-05-22 03:32:00,251578,,85035375,0,,0,,CORRECT_TOTAL_0_85035375
2972739,1,2026-05-22 03:33:00,251579,,85035376,0,,0,,CORRECT_TOTAL_0_85035376
2972740,1,2026-05-22 03:34:00,251579,,85035376,0,,0,,CORRECT_TOTAL_0_85035376
2972741,1,2026-05-22 03:35:00,251580,,85035377,0,,0,,CORRECT_TOTAL_0_85035377
2972742,1,2026-05-22 03:36:00,251581,,85035378,0,,0,,CORRECT_TOTAL_0_85035378
2972743,1,2026-05-22 03:37:00,251581,,85035378,0,,0,,CORRECT_TOTAL_0_85035378
2972744,1,2026-05-22 03:38:00,251582,,85035379,0,,0,,CORRECT_TOTAL_0_85035379
2972745,1,2026-05-22 03:39:00,251582,,85035379,0,,0,,CORRECT_TOTAL_0_85035379
2972746,1,2026-05-22 03:40:00,251583,,85035380,0,,0,,CORRECT_TOTAL_0_85035380
2972747,1,2026-05-22 03:41:00,251584,,85035381,0,,0,,CORRECT_TOTAL_0_85035381
2972748,1,2026-05-22 03:42:00,251584,,85035381,0,,0,,CORRECT_TOTAL_0_85035381
2972749,1,2026-05-22 03:43:00,251585,,85035382,0,,0,,CORRECT_TOTAL_0_85035382
2972750,1,2026-05-22 03:44:00,251585,,85035382,0,,0,,CORRECT_TOTAL_0_85035382
2972751,1,2026-05-22 03:45:00,251586,,85035383,0,,0,,CORRECT_TOTAL_0_85035383
2972752,1,2026-05-22 03:46:00,251587,,85035384,0,,0,,CORRECT_TOTAL_0_85035384
2972753,1,2026-05-22 03:47:00,251587,,85035384,0,,0,,CORRECT_TOTAL_0_85035384
2972754,1,2026-05-22 03:48:00,251588,,85035385,0,,0,,CORRECT_TOTAL_0_85035385
2972755,1,2026-05-22 03:49:00,251588,,85035385,0,,0,,CORRECT_TOTAL_0_85035385
2972756,1,2026-05-22 03:50:00,251588,,85035385,0,,0,,CORRECT_TOTAL_0_85035385
2972757,1,2026-05-22 03:51:00,251589,,85035386,0,,0,,CORRECT_TOTAL_0_85035386
2972758,1,2026-05-22 03:52:00,251590,,85035387,0,,0,,CORRECT_TOTAL_0_85035387
2972759,1,2026-05-22 03:53:00,251590,,85035387,0,,0,,CORRECT_TOTAL_0_85035387
2972760,1,2026-05-22 03:54:00,251591,,85035388,0,,0,,CORRECT_TOTAL_0_85035388
2972761,1,2026-05-22 03:55:00,251591,,85035388,0,,0,,CORRECT_TOTAL_0_85035388
2972762,1,2026-05-22 03:56:00,251592,,85035389,0,,0,,CORRECT_TOTAL_0_85035389
2972763,1,2026-05-22 03:57:00,251593,,85035390,0,,0,,CORRECT_TOTAL_0_85035390
2972764,1,2026-05-22 03:58:00,251593,,85035390,0,,0,,CORRECT_TOTAL_0_85035390
2972765,1,2026-05-22 03:59:00,251594,,85035391,0,,0,,CORRECT_TOTAL_0_85035391
2972766,1,2026-05-22 04:00:00,251594,,85035391,0,,0,,CORRECT_TOTAL_0_85035391
2972767,1,2026-05-22 04:01:00,251595,,85035392,0,,0,,CORRECT_TOTAL_0_85035392
2972768,1,2026-05-22 04:02:00,251595,,85035392,0,,0,,CORRECT_TOTAL_0_85035392
2972769,1,2026-05-22 04:03:00,251596,,85035393,0,,0,,CORRECT_TOTAL_0_85035393
2972770,1,2026-05-22 04:04:00,251597,,85035394,0,,0,,CORRECT_TOTAL_0_85035394
2972771,1,2026-05-22 04:05:00,251597,,85035394,0,,0,,CORRECT_TOTAL_0_85035394
2972772,1,2026-05-22 04:06:00,251598,,85035395,0,,0,,CORRECT_TOTAL_0_85035395
2972773,1,2026-05-22 04:07:00,251599,,85035396,0,,0,,CORRECT_TOTAL_0_85035396
2972774,1,2026-05-22 04:08:00,251599,,85035396,0,,0,,CORRECT_TOTAL_0_85035396
2972775,1,2026-05-22 04:09:00,251600,,85035397,0,,0,,CORRECT_TOTAL_0_85035397
2972776,1,2026-05-22 04:10:00,251600,,85035397,0,,0,,CORRECT_TOTAL_0_85035397
2972777,1,2026-05-22 04:11:00,251601,,85035398,0,,0,,CORRECT_TOTAL_0_85035398
2972778,1,2026-05-22 04:12:00,251602,,85035399,0,,0,,CORRECT_TOTAL_0_85035399
2972779,1,2026-05-22 04:13:00,251602,,85035399,0,,0,,CORRECT_TOTAL_0_85035399
2972780,1,2026-05-22 04:14:00,251602,,85035399,0,,0,,CORRECT_TOTAL_0_85035399
2972781,1,2026-05-22 04:15:00,251603,,85035400,0,,0,,CORRECT_TOTAL_0_85035400
2972782,1,2026-05-22 04:16:00,251603,,85035400,0,,0,,CORRECT_TOTAL_0_85035400
2972783,1,2026-05-22 04:17:00,251604,,85035401,0,,0,,CORRECT_TOTAL_0_85035401
2972784,1,2026-05-22 04:18:00,251604,,85035401,0,,0,,CORRECT_TOTAL_0_85035401
2972785,1,2026-05-22 04:19:00,251605,,85035402,0,,0,,CORRECT_TOTAL_0_85035402
2972786,1,2026-05-22 04:20:00,251606,,85035403,0,,0,,CORRECT_TOTAL_0_85035403
2972787,1,2026-05-22 04:21:00,251606,,85035403,0,,0,,CORRECT_TOTAL_0_85035403
2972788,1,2026-05-22 04:22:00,251607,,85035404,0,,0,,CORRECT_TOTAL_0_85035404
2972789,1,2026-05-22 04:23:00,251607,,85035404,0,,0,,CORRECT_TOTAL_0_85035404
2972790,1,2026-05-22 04:24:00,251608,,85035405,0,,0,,CORRECT_TOTAL_0_85035405
2972791,1,2026-05-22 04:25:00,251609,,85035406,0,,0,,CORRECT_TOTAL_0_85035406
2972792,1,2026-05-22 04:26:00,251609,,85035406,0,,0,,CORRECT_TOTAL_0_85035406
2972793,1,2026-05-22 04:27:00,251610,,85035407,0,,0,,CORRECT_TOTAL_0_85035407
2972794,1,2026-05-22 04:28:00,251610,,85035407,0,,0,,CORRECT_TOTAL_0_85035407
2972795,1,2026-05-22 04:29:00,251611,,85035408,0,,0,,CORRECT_TOTAL_0_85035408
2972796,1,2026-05-22 04:30:00,251612,,85035409,0,,0,,CORRECT_TOTAL_0_85035409
2972797,1,2026-05-22 04:31:00,251612,,85035409,0,,0,,CORRECT_TOTAL_0_85035409
2972798,1,2026-05-22 04:32:00,251613,,85035410,0,,0,,CORRECT_TOTAL_0_85035410
2972799,1,2026-05-22 04:33:00,251614,,85035411,0,,0,,CORRECT_TOTAL_0_85035411
2972800,1,2026-05-22 04:34:00,251614,,85035411,0,,0,,CORRECT_TOTAL_0_85035411
2972801,1,2026-05-22 04:35:00,251615,,85035412,0,,0,,CORRECT_TOTAL_0_85035412
2972802,1,2026-05-22 04:36:00,251615,,85035412,0,,0,,CORRECT_TOTAL_0_85035412
2972803,1,2026-05-22 04:37:00,251616,,85035413,0,,0,,CORRECT_TOTAL_0_85035413
2972804,1,2026-05-22 04:38:00,251616,,85035413,0,,0,,CORRECT_TOTAL_0_85035413
2972805,1,2026-05-22 04:39:00,251616,,85035413,0,,0,,CORRECT_TOTAL_0_85035413
2972806,1,2026-05-22 04:40:00,251617,,85035414,0,,0,,CORRECT_TOTAL_0_85035414
2972807,1,2026-05-22 04:41:00,251618,,85035415,0,,0,,CORRECT_TOTAL_0_85035415
2972808,1,2026-05-22 04:42:00,251618,,85035415,0,,0,,CORRECT_TOTAL_0_85035415
2972809,1,2026-05-22 04:43:00,251619,,85035416,0,,0,,CORRECT_TOTAL_0_85035416
2972810,1,2026-05-22 04:44:00,251619,,85035416,0,,0,,CORRECT_TOTAL_0_85035416
2972811,1,2026-05-22 04:45:00,251620,,85035417,0,,0,,CORRECT_TOTAL_0_85035417
2972812,1,2026-05-22 04:46:00,251621,,85035418,0,,0,,CORRECT_TOTAL_0_85035418
2972813,1,2026-05-22 04:47:00,251621,,85035418,0,,0,,CORRECT_TOTAL_0_85035418
2972814,1,2026-05-22 04:48:00,251622,,85035419,0,,0,,CORRECT_TOTAL_0_85035419
2972815,1,2026-05-22 04:49:00,251622,,85035419,0,,0,,CORRECT_TOTAL_0_85035419
2972816,1,2026-05-22 04:50:00,251623,,85035420,0,,0,,CORRECT_TOTAL_0_85035420
2972817,1,2026-05-22 04:51:00,251624,,85035421,0,,0,,CORRECT_TOTAL_0_85035421
2972818,1,2026-05-22 04:52:00,251624,,85035421,0,,0,,CORRECT_TOTAL_0_85035421
2972819,1,2026-05-22 04:53:00,251625,,85035422,0,,0,,CORRECT_TOTAL_0_85035422
2972820,1,2026-05-22 04:54:00,251625,,85035422,0,,0,,CORRECT_TOTAL_0_85035422
2972821,1,2026-05-22 04:55:00,251626,,85035423,0,,0,,CORRECT_TOTAL_0_85035423
2972822,1,2026-05-22 04:56:00,251626,,85035423,0,,0,,CORRECT_TOTAL_0_85035423
2972823,1,2026-05-22 04:57:00,251627,,85035424,0,,0,,CORRECT_TOTAL_0_85035424
2972824,1,2026-05-22 04:58:00,251627,,85035424,0,,0,,CORRECT_TOTAL_0_85035424
2972825,1,2026-05-22 04:59:00,251628,,85035425,0,,0,,CORRECT_TOTAL_0_85035425
2972826,1,2026-05-22 05:00:00,251628,,85035425,0,,0,,CORRECT_TOTAL_0_85035425
2972827,1,2026-05-22 05:01:00,251629,,85035426,0,,0,,CORRECT_TOTAL_0_85035426
2972828,1,2026-05-22 05:02:00,251629,,85035426,0,,0,,CORRECT_TOTAL_0_85035426
2972829,1,2026-05-22 05:03:00,251630,,85035427,0,,0,,CORRECT_TOTAL_0_85035427
2972830,1,2026-05-22 05:04:00,251631,,85035428,0,,0,,CORRECT_TOTAL_0_85035428
2972831,1,2026-05-22 05:05:00,251631,,85035428,0,,0,,CORRECT_TOTAL_0_85035428
2972832,1,2026-05-22 05:06:00,251632,,85035429,0,,0,,CORRECT_TOTAL_0_85035429
2972833,1,2026-05-22 05:07:00,251632,,85035429,0,,0,,CORRECT_TOTAL_0_85035429
2972834,1,2026-05-22 05:08:00,251633,,85035430,0,,0,,CORRECT_TOTAL_0_85035430
2972835,1,2026-05-22 05:09:00,251633,,85035430,0,,0,,CORRECT_TOTAL_0_85035430
2972836,1,2026-05-22 05:10:00,251634,,85035431,0,,0,,CORRECT_TOTAL_0_85035431
2972837,1,2026-05-22 05:11:00,251634,,85035431,0,,0,,CORRECT_TOTAL_0_85035431
2972838,1,2026-05-22 05:12:00,251635,,85035432,0,,0,,CORRECT_TOTAL_0_85035432
2972839,1,2026-05-22 05:13:00,251635,,85035432,0,,0,,CORRECT_TOTAL_0_85035432
2972840,1,2026-05-22 05:14:00,251636,,85035433,0,,0,,CORRECT_TOTAL_0_85035433
2972841,1,2026-05-22 05:15:00,251637,,85035434,0,,0,,CORRECT_TOTAL_0_85035434
2972842,1,2026-05-22 05:16:00,251637,,85035434,0,,0,,CORRECT_TOTAL_0_85035434
2972843,1,2026-05-22 05:17:00,251638,,85035435,0,,0,,CORRECT_TOTAL_0_85035435
2972844,1,2026-05-22 05:18:00,251638,,85035435,0,,0,,CORRECT_TOTAL_0_85035435
2972845,1,2026-05-22 05:19:00,251639,,85035436,0,,0,,CORRECT_TOTAL_0_85035436
2972846,1,2026-05-22 05:20:00,251640,,85035437,0,,0,,CORRECT_TOTAL_0_85035437
2972847,1,2026-05-22 05:21:00,251640,,85035437,0,,0,,CORRECT_TOTAL_0_85035437
2972848,1,2026-05-22 05:22:00,251640,,85035437,0,,0,,CORRECT_TOTAL_0_85035437
2972849,1,2026-05-22 05:23:00,251641,,85035438,0,,0,,CORRECT_TOTAL_0_85035438
2972850,1,2026-05-22 05:24:00,251641,,85035438,0,,0,,CORRECT_TOTAL_0_85035438
2972851,1,2026-05-22 05:25:00,251642,,85035439,0,,0,,CORRECT_TOTAL_0_85035439
2972852,1,2026-05-22 05:26:00,251642,,85035439,0,,0,,CORRECT_TOTAL_0_85035439
2972853,1,2026-05-22 05:27:00,251643,,85035440,0,,0,,CORRECT_TOTAL_0_85035440
2972854,1,2026-05-22 05:28:00,251644,,85035441,0,,0,,CORRECT_TOTAL_0_85035441
2972855,1,2026-05-22 05:29:00,251644,,85035441,0,,0,,CORRECT_TOTAL_0_85035441
2972856,1,2026-05-22 05:30:00,251645,,85035442,0,,0,,CORRECT_TOTAL_0_85035442
2972857,1,2026-05-22 05:31:00,251645,,85035442,0,,0,,CORRECT_TOTAL_0_85035442
2972858,1,2026-05-22 05:32:00,251646,,85035443,0,,0,,CORRECT_TOTAL_0_85035443
2972859,1,2026-05-22 05:33:00,251646,,85035443,0,,0,,CORRECT_TOTAL_0_85035443
2972860,1,2026-05-22 05:34:00,251647,,85035444,0,,0,,CORRECT_TOTAL_0_85035444
2972861,1,2026-05-22 05:35:00,251647,,85035444,0,,0,,CORRECT_TOTAL_0_85035444
2972862,1,2026-05-22 05:36:00,251648,,85035445,0,,0,,CORRECT_TOTAL_0_85035445
2972863,1,2026-05-22 05:37:00,251648,,85035445,0,,0,,CORRECT_TOTAL_0_85035445
2972864,1,2026-05-22 05:38:00,251649,,85035446,0,,0,,CORRECT_TOTAL_0_85035446
2972865,1,2026-05-22 05:39:00,251649,,85035446,0,,0,,CORRECT_TOTAL_0_85035446
2972866,1,2026-05-22 05:40:00,251650,,85035447,0,,0,,CORRECT_TOTAL_0_85035447
2972867,1,2026-05-22 05:41:00,251651,,85035448,0,,0,,CORRECT_TOTAL_0_85035448
2972868,1,2026-05-22 05:42:00,251651,,85035448,0,,0,,CORRECT_TOTAL_0_85035448
2972869,1,2026-05-22 05:43:00,251652,,85035449,0,,0,,CORRECT_TOTAL_0_85035449
2972870,1,2026-05-22 05:44:00,251652,,85035449,0,,0,,CORRECT_TOTAL_0_85035449
2972871,1,2026-05-22 05:45:00,251653,,85035450,0,,0,,CORRECT_TOTAL_0_85035450
2972872,1,2026-05-22 05:46:00,251653,,85035450,0,,0,,CORRECT_TOTAL_0_85035450
2972873,1,2026-05-22 05:47:00,251654,,85035451,0,,0,,CORRECT_TOTAL_0_85035451
2972874,1,2026-05-22 05:48:00,251654,,85035451,0,,0,,CORRECT_TOTAL_0_85035451
2972875,1,2026-05-22 05:49:00,251655,,85035452,0,,0,,CORRECT_TOTAL_0_85035452
2972876,1,2026-05-22 05:50:00,251655,,85035452,0,,0,,CORRECT_TOTAL_0_85035452
2972877,1,2026-05-22 05:51:00,251656,,85035453,0,,0,,CORRECT_TOTAL_0_85035453
2972878,1,2026-05-22 05:52:00,251656,,85035453,0,,0,,CORRECT_TOTAL_0_85035453
2972879,1,2026-05-22 05:53:00,251657,,85035454,0,,0,,CORRECT_TOTAL_0_85035454
2972880,1,2026-05-22 05:54:00,251658,,85035455,0,,0,,CORRECT_TOTAL_0_85035455
2972881,1,2026-05-22 05:55:00,251658,,85035455,0,,0,,CORRECT_TOTAL_0_85035455
2972882,1,2026-05-22 05:56:00,251659,,85035456,0,,0,,CORRECT_TOTAL_0_85035456
2972883,1,2026-05-22 05:57:00,251659,,85035456,0,,0,,CORRECT_TOTAL_0_85035456
2972884,1,2026-05-22 05:58:00,251660,,85035457,0,,0,,CORRECT_TOTAL_0_85035457
2972885,1,2026-05-22 05:59:00,251660,,85035457,0,,0,,CORRECT_TOTAL_0_85035457
2972886,1,2026-05-22 06:00:00,251661,,85035458,0,,0,,CORRECT_TOTAL_0_85035458
2972887,1,2026-05-22 06:01:00,251661,,85035458,0,,0,,CORRECT_TOTAL_0_85035458
2972888,1,2026-05-22 06:02:00,251662,,85035459,0,,0,,CORRECT_TOTAL_0_85035459
2972889,1,2026-05-22 06:03:00,251662,,85035459,0,,0,,CORRECT_TOTAL_0_85035459
2972890,1,2026-05-22 06:04:00,251663,,85035460,0,,0,,CORRECT_TOTAL_0_85035460
2972891,1,2026-05-22 06:05:00,251664,,85035461,0,,0,,CORRECT_TOTAL_0_85035461
2972892,1,2026-05-22 06:06:00,251664,,85035461,0,,0,,CORRECT_TOTAL_0_85035461
2972893,1,2026-05-22 06:07:00,251665,,85035462,0,,0,,CORRECT_TOTAL_0_85035462
2972894,1,2026-05-22 06:08:00,251665,,85035462,0,,0,,CORRECT_TOTAL_0_85035462
2972895,1,2026-05-22 06:09:00,251666,,85035463,0,,0,,CORRECT_TOTAL_0_85035463
2972896,1,2026-05-22 06:10:00,251667,,85035464,0,,0,,CORRECT_TOTAL_0_85035464
2972897,1,2026-05-22 06:11:00,251667,,85035464,0,,0,,CORRECT_TOTAL_0_85035464
2972898,1,2026-05-22 06:12:00,251668,,85035465,0,,0,,CORRECT_TOTAL_0_85035465
2972899,1,2026-05-22 06:13:00,251668,,85035465,0,,0,,CORRECT_TOTAL_0_85035465
2972900,1,2026-05-22 06:14:00,251669,,85035466,0,,0,,CORRECT_TOTAL_0_85035466
2972901,1,2026-05-22 06:15:00,251669,,85035466,0,,0,,CORRECT_TOTAL_0_85035466
2972902,1,2026-05-22 06:16:00,251670,,85035467,0,,0,,CORRECT_TOTAL_0_85035467
2972903,1,2026-05-22 06:17:00,251670,,85035467,0,,0,,CORRECT_TOTAL_0_85035467
2972904,1,2026-05-22 06:18:00,251671,,85035468,0,,0,,CORRECT_TOTAL_0_85035468
2972905,1,2026-05-22 06:19:00,251671,,85035468,0,,0,,CORRECT_TOTAL_0_85035468
2972906,1,2026-05-22 06:20:00,251672,,85035469,0,,0,,CORRECT_TOTAL_0_85035469
2972907,1,2026-05-22 06:21:00,251672,,85035469,0,,0,,CORRECT_TOTAL_0_85035469
2972908,1,2026-05-22 06:22:00,251673,,85035470,0,,0,,CORRECT_TOTAL_0_85035470
2972909,1,2026-05-22 06:23:00,251674,,85035471,0,,0,,CORRECT_TOTAL_0_85035471
2972910,1,2026-05-22 06:24:00,251674,,85035471,0,,0,,CORRECT_TOTAL_0_85035471
2972911,1,2026-05-22 06:25:00,251675,,85035472,0,,0,,CORRECT_TOTAL_0_85035472
2972912,1,2026-05-22 06:26:00,251675,,85035472,0,,0,,CORRECT_TOTAL_0_85035472
2972913,1,2026-05-22 06:27:00,251676,,85035473,0,,0,,CORRECT_TOTAL_0_85035473
2972914,1,2026-05-22 06:28:00,251677,,85035474,0,,0,,CORRECT_TOTAL_0_85035474
2972915,1,2026-05-22 06:29:00,251677,,85035474,0,,0,,CORRECT_TOTAL_0_85035474
2972916,1,2026-05-22 06:30:00,251677,,85035474,0,,0,,CORRECT_TOTAL_0_85035474
2972917,1,2026-05-22 06:31:00,251678,,85035475,0,,0,,CORRECT_TOTAL_0_85035475
2972918,1,2026-05-22 06:32:00,251678,,85035475,0,,0,,CORRECT_TOTAL_0_85035475
2972919,1,2026-05-22 06:33:00,251679,,85035476,0,,0,,CORRECT_TOTAL_0_85035476
2972920,1,2026-05-22 06:34:00,251680,,85035477,0,,0,,CORRECT_TOTAL_0_85035477
2972921,1,2026-05-22 06:35:00,251680,,85035477,0,,0,,CORRECT_TOTAL_0_85035477
2972922,1,2026-05-22 06:36:00,251681,,85035478,0,,0,,CORRECT_TOTAL_0_85035478
2972923,1,2026-05-22 06:37:00,251681,,85035478,0,,0,,CORRECT_TOTAL_0_85035478
2972924,1,2026-05-22 06:38:00,251682,,85035479,0,,0,,CORRECT_TOTAL_0_85035479
2972925,1,2026-05-22 06:39:00,251683,,85035480,0,,0,,CORRECT_TOTAL_0_85035480
2972926,1,2026-05-22 06:40:00,251683,,85035480,0,,0,,CORRECT_TOTAL_0_85035480
2972927,1,2026-05-22 06:41:00,251684,,85035481,0,,0,,CORRECT_TOTAL_0_85035481
2972928,1,2026-05-22 06:42:00,251684,,85035481,0,,0,,CORRECT_TOTAL_0_85035481
2972929,1,2026-05-22 06:43:00,251685,,85035482,0,,0,,CORRECT_TOTAL_0_85035482
2972930,1,2026-05-22 06:44:00,251685,,85035482,0,,0,,CORRECT_TOTAL_0_85035482
2972931,1,2026-05-22 06:45:00,251686,,85035483,0,,0,,CORRECT_TOTAL_0_85035483
2972932,1,2026-05-22 06:46:00,251686,,85035483,0,,0,,CORRECT_TOTAL_0_85035483
2972933,1,2026-05-22 06:47:00,251687,,85035484,0,,0,,CORRECT_TOTAL_0_85035484
2972934,1,2026-05-22 06:48:00,251687,,85035484,0,,0,,CORRECT_TOTAL_0_85035484
2972935,1,2026-05-22 06:49:00,251688,,85035485,0,,0,,CORRECT_TOTAL_0_85035485
2972936,1,2026-05-22 06:50:00,251689,,85035486,0,,0,,CORRECT_TOTAL_0_85035486
2972937,1,2026-05-22 06:51:00,251689,,85035486,0,,0,,CORRECT_TOTAL_0_85035486
2972938,1,2026-05-22 06:52:00,251690,,85035487,0,,0,,CORRECT_TOTAL_0_85035487
2972939,1,2026-05-22 06:53:00,251690,,85035487,0,,0,,CORRECT_TOTAL_0_85035487
2972940,1,2026-05-22 06:54:00,251691,,85035488,0,,0,,CORRECT_TOTAL_0_85035488
2972941,1,2026-05-22 06:55:00,251691,,85035488,0,,0,,CORRECT_TOTAL_0_85035488
2972942,1,2026-05-22 06:56:00,251692,,85035489,0,,0,,CORRECT_TOTAL_0_85035489
2972943,1,2026-05-22 06:57:00,251693,,85035490,0,,0,,CORRECT_TOTAL_0_85035490
2972944,1,2026-05-22 06:58:00,251693,,85035490,0,,0,,CORRECT_TOTAL_0_85035490
2972945,1,2026-05-22 06:59:00,251694,,85035491,0,,0,,CORRECT_TOTAL_0_85035491
2972946,1,2026-05-22 07:00:00,251694,,85035491,0,,0,,CORRECT_TOTAL_0_85035491
2972947,1,2026-05-22 07:01:00,251694,,85035491,0,,0,,CORRECT_TOTAL_0_85035491
2972948,1,2026-05-22 07:02:00,251695,,85035492,0,,0,,CORRECT_TOTAL_0_85035492
2972949,1,2026-05-22 07:03:00,251696,,85035493,0,,0,,CORRECT_TOTAL_0_85035493
2972950,1,2026-05-22 07:04:00,251696,,85035493,0,,0,,CORRECT_TOTAL_0_85035493
2972951,1,2026-05-22 07:05:00,251697,,85035494,0,,0,,CORRECT_TOTAL_0_85035494
2972952,1,2026-05-22 07:06:00,251697,,85035494,0,,0,,CORRECT_TOTAL_0_85035494
2972953,1,2026-05-22 07:07:00,251698,,85035495,0,,0,,CORRECT_TOTAL_0_85035495
2972954,1,2026-05-22 07:08:00,251699,,85035496,0,,0,,CORRECT_TOTAL_0_85035496
2972955,1,2026-05-22 07:09:00,251699,,85035496,0,,0,,CORRECT_TOTAL_0_85035496
2972956,1,2026-05-22 07:10:00,251700,,85035497,0,,0,,CORRECT_TOTAL_0_85035497
2972957,1,2026-05-22 07:11:00,251700,,85035497,0,,0,,CORRECT_TOTAL_0_85035497
2972958,1,2026-05-22 07:12:00,251701,,85035498,0,,0,,CORRECT_TOTAL_0_85035498
2972959,1,2026-05-22 07:13:00,251701,,85035498,0,,0,,CORRECT_TOTAL_0_85035498
2972960,1,2026-05-22 07:14:00,251702,,85035499,0,,0,,CORRECT_TOTAL_0_85035499
2972961,1,2026-05-22 07:15:00,251702,,85035499,0,,0,,CORRECT_TOTAL_0_85035499
2972962,1,2026-05-22 07:16:00,251703,,85035500,0,,0,,CORRECT_TOTAL_0_85035500
2972963,1,2026-05-22 07:17:00,251703,,85035500,0,,0,,CORRECT_TOTAL_0_85035500
2972964,1,2026-05-22 07:18:00,251704,,85035501,0,,0,,CORRECT_TOTAL_0_85035501
2972965,1,2026-05-22 07:19:00,251705,,85035502,0,,0,,CORRECT_TOTAL_0_85035502
2972966,1,2026-05-22 07:20:00,251705,,85035502,0,,0,,CORRECT_TOTAL_0_85035502
2972967,1,2026-05-22 07:21:00,251706,,85035503,0,,0,,CORRECT_TOTAL_0_85035503
2972968,1,2026-05-22 07:22:00,251706,,85035503,0,,0,,CORRECT_TOTAL_0_85035503
2972969,1,2026-05-22 07:23:00,251707,,85035504,0,,0,,CORRECT_TOTAL_0_85035504
2972970,1,2026-05-22 07:24:00,251708,,85035505,0,,0,,CORRECT_TOTAL_0_85035505
2972971,1,2026-05-22 07:25:00,251708,,85035505,0,,0,,CORRECT_TOTAL_0_85035505
2972972,1,2026-05-22 07:26:00,251709,,85035506,0,,0,,CORRECT_TOTAL_0_85035506
2972973,1,2026-05-22 07:27:00,251709,,85035506,0,,0,,CORRECT_TOTAL_0_85035506
2972974,1,2026-05-22 07:28:00,251710,,85035507,0,,0,,CORRECT_TOTAL_0_85035507
2972975,1,2026-05-22 07:29:00,251710,,85035507,0,,0,,CORRECT_TOTAL_0_85035507
2972976,1,2026-05-22 07:30:00,251710,,85035507,0,,0,,CORRECT_TOTAL_0_85035507
2972977,1,2026-05-22 07:31:00,251711,,85035508,0,,0,,CORRECT_TOTAL_0_85035508
2972978,1,2026-05-22 07:32:00,251712,,85035509,0,,0,,CORRECT_TOTAL_0_85035509
2972979,1,2026-05-22 07:33:00,251712,,85035509,0,,0,,CORRECT_TOTAL_0_85035509
2972980,1,2026-05-22 07:34:00,251713,,85035510,0,,0,,CORRECT_TOTAL_0_85035510
2972981,1,2026-05-22 07:35:00,251713,,85035510,0,,0,,CORRECT_TOTAL_0_85035510
2972982,1,2026-05-22 07:36:00,251714,,85035511,0,,0,,CORRECT_TOTAL_0_85035511
2972983,1,2026-05-22 07:37:00,251715,,85035512,0,,0,,CORRECT_TOTAL_0_85035512
2972984,1,2026-05-22 07:38:00,251715,,85035512,0,,0,,CORRECT_TOTAL_0_85035512
2972985,1,2026-05-22 07:39:00,251716,,85035513,0,,0,,CORRECT_TOTAL_0_85035513
2972986,1,2026-05-22 07:40:00,251716,,85035513,0,,0,,CORRECT_TOTAL_0_85035513
2972987,1,2026-05-22 07:41:00,251717,,85035514,0,,0,,CORRECT_TOTAL_0_85035514
2972988,1,2026-05-22 07:42:00,251717,,85035514,0,,0,,CORRECT_TOTAL_0_85035514
2972989,1,2026-05-22 07:43:00,251718,,85035515,0,,0,,CORRECT_TOTAL_0_85035515
2972990,1,2026-05-22 07:44:00,251718,,85035515,0,,0,,CORRECT_TOTAL_0_85035515
2972991,1,2026-05-22 07:45:00,251719,,85035516,0,,0,,CORRECT_TOTAL_0_85035516
2972992,1,2026-05-22 07:46:00,251719,,85035516,0,,0,,CORRECT_TOTAL_0_85035516
2972993,1,2026-05-22 07:47:00,251720,,85035517,0,,0,,CORRECT_TOTAL_0_85035517
2972994,1,2026-05-22 07:48:00,251721,,85035518,0,,0,,CORRECT_TOTAL_0_85035518
2972995,1,2026-05-22 07:49:00,251721,,85035518,0,,0,,CORRECT_TOTAL_0_85035518
2972996,1,2026-05-22 07:50:00,251722,,85035519,0,,0,,CORRECT_TOTAL_0_85035519
2972997,1,2026-05-22 07:51:00,251722,,85035519,0,,0,,CORRECT_TOTAL_0_85035519
2972998,1,2026-05-22 07:52:00,251723,,85035520,0,,0,,CORRECT_TOTAL_0_85035520
2972999,1,2026-05-22 07:53:00,251724,,85035521,0,,0,,CORRECT_TOTAL_0_85035521
2973000,1,2026-05-22 07:54:00,251724,,85035521,0,,0,,CORRECT_TOTAL_0_85035521
2973001,1,2026-05-22 07:55:00,251725,,85035522,0,,0,,CORRECT_TOTAL_0_85035522
2973002,1,2026-05-22 07:56:00,251725,,85035522,0,,0,,CORRECT_TOTAL_0_85035522
2973003,1,2026-05-22 07:57:00,251725,,85035522,0,,0,,CORRECT_TOTAL_0_85035522
2973004,1,2026-05-22 07:58:00,251726,,85035523,0,,0,,CORRECT_TOTAL_0_85035523
2973005,1,2026-05-22 07:59:00,251726,,85035523,0,,0,,CORRECT_TOTAL_0_85035523
2973006,1,2026-05-22 08:00:00,251727,,85035524,0,,0,,CORRECT_TOTAL_0_85035524
2973007,1,2026-05-22 08:01:00,251728,,85035525,0,,0,,CORRECT_TOTAL_0_85035525
2973008,1,2026-05-22 08:02:00,251728,,85035525,0,,0,,CORRECT_TOTAL_0_85035525
2973009,1,2026-05-22 08:03:00,251729,,85035526,0,,0,,CORRECT_TOTAL_0_85035526
2973010,1,2026-05-22 08:04:00,251729,,85035526,0,,0,,CORRECT_TOTAL_0_85035526
2973011,1,2026-05-22 08:05:00,251730,,85035527,0,,0,,CORRECT_TOTAL_0_85035527
2973012,1,2026-05-22 08:06:00,251731,,85035528,0,,0,,CORRECT_TOTAL_0_85035528
2973013,1,2026-05-22 08:07:00,251731,,85035528,0,,0,,CORRECT_TOTAL_0_85035528
2973014,1,2026-05-22 08:08:00,251732,,85035529,0,,0,,CORRECT_TOTAL_0_85035529
2973015,1,2026-05-22 08:09:00,251732,,85035529,0,,0,,CORRECT_TOTAL_0_85035529
2973016,1,2026-05-22 08:10:00,251733,,85035530,0,,0,,CORRECT_TOTAL_0_85035530
2973017,1,2026-05-22 08:11:00,251733,,85035530,0,,0,,CORRECT_TOTAL_0_85035530
2973018,1,2026-05-22 08:12:00,251733,,85035530,0,,0,,CORRECT_TOTAL_0_85035530
2973019,1,2026-05-22 08:13:00,251734,,85035531,0,,0,,CORRECT_TOTAL_0_85035531
2973020,1,2026-05-22 08:14:00,251735,,85035532,0,,0,,CORRECT_TOTAL_0_85035532
2973021,1,2026-05-22 08:15:00,251735,,85035532,0,,0,,CORRECT_TOTAL_0_85035532
2973022,1,2026-05-22 08:16:00,251736,,85035533,0,,0,,CORRECT_TOTAL_0_85035533
2973023,1,2026-05-22 08:17:00,251736,,85035533,0,,0,,CORRECT_TOTAL_0_85035533
2973024,1,2026-05-22 08:18:00,251737,,85035534,0,,0,,CORRECT_TOTAL_0_85035534
2973025,1,2026-05-22 08:19:00,251738,,85035535,0,,0,,CORRECT_TOTAL_0_85035535
2973026,1,2026-05-22 08:20:00,251738,,85035535,0,,0,,CORRECT_TOTAL_0_85035535
2973027,1,2026-05-22 08:21:00,251739,,85035536,0,,0,,CORRECT_TOTAL_0_85035536
2973028,1,2026-05-22 08:22:00,251739,,85035536,0,,0,,CORRECT_TOTAL_0_85035536
2973029,1,2026-05-22 08:23:00,251740,,85035537,0,,0,,CORRECT_TOTAL_0_85035537
2973030,1,2026-05-22 08:24:00,251740,,85035537,0,,0,,CORRECT_TOTAL_0_85035537
2973031,1,2026-05-22 08:25:00,251740,,85035537,0,,0,,CORRECT_TOTAL_0_85035537
2973032,1,2026-05-22 08:26:00,251741,,85035538,0,,0,,CORRECT_TOTAL_0_85035538
2973033,1,2026-05-22 08:27:00,251742,,85035539,0,,0,,CORRECT_TOTAL_0_85035539
2973034,1,2026-05-22 08:28:00,251742,,85035539,0,,0,,CORRECT_TOTAL_0_85035539
2973035,1,2026-05-22 08:29:00,251743,,85035540,0,,0,,CORRECT_TOTAL_0_85035540
2973036,1,2026-05-22 08:30:00,251743,,85035540,0,,0,,CORRECT_TOTAL_0_85035540
2973037,1,2026-05-22 08:31:00,251744,,85035541,0,,0,,CORRECT_TOTAL_0_85035541
2973038,1,2026-05-22 08:32:00,251745,,85035542,0,,0,,CORRECT_TOTAL_0_85035542
2973039,1,2026-05-22 08:33:00,251745,,85035542,0,,0,,CORRECT_TOTAL_0_85035542
2973040,1,2026-05-22 08:34:00,251745,,85035542,0,,0,,CORRECT_TOTAL_0_85035542
2973041,1,2026-05-22 08:35:00,251746,,85035543,0,,0,,CORRECT_TOTAL_0_85035543
2973042,1,2026-05-22 08:36:00,251746,,85035543,0,,0,,CORRECT_TOTAL_0_85035543
2973043,1,2026-05-22 08:37:00,251747,,85035544,0,,0,,CORRECT_TOTAL_0_85035544
2973044,1,2026-05-22 08:38:00,251747,,85035544,0,,0,,CORRECT_TOTAL_0_85035544
2973045,1,2026-05-22 08:39:00,251748,,85035545,0,,0,,CORRECT_TOTAL_0_85035545
2973046,1,2026-05-22 08:40:00,251749,,85035546,0,,0,,CORRECT_TOTAL_0_85035546
2973047,1,2026-05-22 08:41:00,251749,,85035546,0,,0,,CORRECT_TOTAL_0_85035546
2973048,1,2026-05-22 08:42:00,251750,,85035547,0,,0,,CORRECT_TOTAL_0_85035547
2973049,1,2026-05-22 08:43:00,251750,,85035547,0,,0,,CORRECT_TOTAL_0_85035547
2973050,1,2026-05-22 08:44:00,251751,,85035548,0,,0,,CORRECT_TOTAL_0_85035548
2973051,1,2026-05-22 08:45:00,251751,,85035548,0,,0,,CORRECT_TOTAL_0_85035548
2973052,1,2026-05-22 08:46:00,251752,,85035549,0,,0,,CORRECT_TOTAL_0_85035549
2973053,1,2026-05-22 08:47:00,251752,,85035549,0,,0,,CORRECT_TOTAL_0_85035549
2973054,1,2026-05-22 08:48:00,251753,,85035550,0,,0,,CORRECT_TOTAL_0_85035550
2973055,1,2026-05-22 08:49:00,251753,,85035550,0,,0,,CORRECT_TOTAL_0_85035550
2973056,1,2026-05-22 08:50:00,251754,,85035551,0,,0,,CORRECT_TOTAL_0_85035551
2973057,1,2026-05-22 08:51:00,251754,,85035551,0,,0,,CORRECT_TOTAL_0_85035551
2973058,1,2026-05-22 08:52:00,251755,,85035552,0,,0,,CORRECT_TOTAL_0_85035552
2973059,1,2026-05-22 08:53:00,251756,,85035553,0,,0,,CORRECT_TOTAL_0_85035553
2973060,1,2026-05-22 08:54:00,251756,,85035553,0,,0,,CORRECT_TOTAL_0_85035553
2973061,1,2026-05-22 08:55:00,251757,,85035554,0,,0,,CORRECT_TOTAL_0_85035554
2973062,1,2026-05-22 08:56:00,251757,,85035554,0,,0,,CORRECT_TOTAL_0_85035554
2973063,1,2026-05-22 08:57:00,251757,,85035554,0,,0,,CORRECT_TOTAL_0_85035554
2973064,1,2026-05-22 08:58:00,251758,,85035555,0,,0,,CORRECT_TOTAL_0_85035555
2973065,1,2026-05-22 08:59:00,251758,,85035555,0,,0,,CORRECT_TOTAL_0_85035555
2973066,1,2026-05-22 09:00:00,251759,,85035556,0,,0,,CORRECT_TOTAL_0_85035556
2973067,1,2026-05-22 09:01:00,251760,,85035557,0,,0,,CORRECT_TOTAL_0_85035557
2973068,1,2026-05-22 09:02:00,251760,,85035557,0,,0,,CORRECT_TOTAL_0_85035557
2973069,1,2026-05-22 09:03:00,251761,,85035558,0,,0,,CORRECT_TOTAL_0_85035558
2973070,1,2026-05-22 09:04:00,251761,,85035558,0,,0,,CORRECT_TOTAL_0_85035558
2973071,1,2026-05-22 09:05:00,251762,,85035559,0,,0,,CORRECT_TOTAL_0_85035559
2973072,1,2026-05-22 09:06:00,251762,,85035559,0,,0,,CORRECT_TOTAL_0_85035559
2973073,1,2026-05-22 09:07:00,251763,,85035560,0,,0,,CORRECT_TOTAL_0_85035560
2973074,1,2026-05-22 09:08:00,251763,,85035560,0,,0,,CORRECT_TOTAL_0_85035560
2973075,1,2026-05-22 09:09:00,251763,,85035560,0,,0,,CORRECT_TOTAL_0_85035560
2973076,1,2026-05-22 09:10:00,251764,,85035561,0,,0,,CORRECT_TOTAL_0_85035561
2973077,1,2026-05-22 09:11:00,251765,,85035562,0,,0,,CORRECT_TOTAL_0_85035562
2973078,1,2026-05-22 09:12:00,251765,,85035562,0,,0,,CORRECT_TOTAL_0_85035562
2973079,1,2026-05-22 09:13:00,251766,,85035563,0,,0,,CORRECT_TOTAL_0_85035563
2973080,1,2026-05-22 09:14:00,251766,,85035563,0,,0,,CORRECT_TOTAL_0_85035563
2973081,1,2026-05-22 09:15:00,251767,,85035564,0,,0,,CORRECT_TOTAL_0_85035564
2973082,1,2026-05-22 09:16:00,251768,,85035565,0,,0,,CORRECT_TOTAL_0_85035565
2973083,1,2026-05-22 09:17:00,251768,,85035565,0,,0,,CORRECT_TOTAL_0_85035565
2973084,1,2026-05-22 09:18:00,251769,,85035566,0,,0,,CORRECT_TOTAL_0_85035566
2973085,1,2026-05-22 09:19:00,251769,,85035566,0,,0,,CORRECT_TOTAL_0_85035566
2973086,1,2026-05-22 09:20:00,251769,,85035566,0,,0,,CORRECT_TOTAL_0_85035566
2973087,1,2026-05-22 09:21:00,251770,,85035567,0,,0,,CORRECT_TOTAL_0_85035567
2973088,1,2026-05-22 09:22:00,251770,,85035567,0,,0,,CORRECT_TOTAL_0_85035567
2973089,1,2026-05-22 09:23:00,251771,,85035568,0,,0,,CORRECT_TOTAL_0_85035568
2973090,1,2026-05-22 09:24:00,251772,,85035569,0,,0,,CORRECT_TOTAL_0_85035569
2973091,1,2026-05-22 09:25:00,251772,,85035569,0,,0,,CORRECT_TOTAL_0_85035569
2973092,1,2026-05-22 09:26:00,251773,,85035570,0,,0,,CORRECT_TOTAL_0_85035570
2973093,1,2026-05-22 09:27:00,251773,,85035570,0,,0,,CORRECT_TOTAL_0_85035570
2973094,1,2026-05-22 09:28:00,251774,,85035571,0,,0,,CORRECT_TOTAL_0_85035571
2973095,1,2026-05-22 09:29:00,251774,,85035571,0,,0,,CORRECT_TOTAL_0_85035571
2973096,1,2026-05-22 09:30:00,251775,,85035572,0,,0,,CORRECT_TOTAL_0_85035572
2973097,1,2026-05-22 09:31:00,251775,,85035572,0,,0,,CORRECT_TOTAL_0_85035572
2973098,1,2026-05-22 09:32:00,251776,,85035573,0,,0,,CORRECT_TOTAL_0_85035573
2973099,1,2026-05-22 09:33:00,251776,,85035573,0,,0,,CORRECT_TOTAL_0_85035573
2973100,1,2026-05-22 09:34:00,251777,,85035574,0,,0,,CORRECT_TOTAL_0_85035574
2973101,1,2026-05-22 09:35:00,251777,,85035574,0,,0,,CORRECT_TOTAL_0_85035574
2973102,1,2026-05-22 09:36:00,251778,,85035575,0,,0,,CORRECT_TOTAL_0_85035575
2973103,1,2026-05-22 09:37:00,251779,,85035576,0,,0,,CORRECT_TOTAL_0_85035576
2973104,1,2026-05-22 09:38:00,251779,,85035576,0,,0,,CORRECT_TOTAL_0_85035576
2973105,1,2026-05-22 09:39:00,251780,,85035577,0,,0,,CORRECT_TOTAL_0_85035577
2973106,1,2026-05-22 09:40:00,251780,,85035577,0,,0,,CORRECT_TOTAL_0_85035577
2973107,1,2026-05-22 09:41:00,251780,,85035577,0,,0,,CORRECT_TOTAL_0_85035577
2973108,1,2026-05-22 09:42:00,251781,,85035578,0,,0,,CORRECT_TOTAL_0_85035578
2973109,1,2026-05-22 09:43:00,251781,,85035578,0,,0,,CORRECT_TOTAL_0_85035578
2973110,1,2026-05-22 09:44:00,251782,,85035579,0,,0,,CORRECT_TOTAL_0_85035579
2973111,1,2026-05-22 09:45:00,251783,,85035580,0,,0,,CORRECT_TOTAL_0_85035580
2973112,1,2026-05-22 09:46:00,251783,,85035580,0,,0,,CORRECT_TOTAL_0_85035580
2973113,1,2026-05-22 09:47:00,251784,,85035581,0,,0,,CORRECT_TOTAL_0_85035581
2973114,1,2026-05-22 09:48:00,251784,,85035581,0,,0,,CORRECT_TOTAL_0_85035581
2973115,1,2026-05-22 09:49:00,251785,,85035582,0,,0,,CORRECT_TOTAL_0_85035582
2973116,1,2026-05-22 09:50:00,251786,,85035583,0,,0,,CORRECT_TOTAL_0_85035583
2973117,1,2026-05-22 09:51:00,251786,,85035583,0,,0,,CORRECT_TOTAL_0_85035583
2973118,1,2026-05-22 09:52:00,251786,,85035583,0,,0,,CORRECT_TOTAL_0_85035583
2973119,1,2026-05-22 09:53:00,251787,,85035584,0,,0,,CORRECT_TOTAL_0_85035584
2973120,1,2026-05-22 09:54:00,251787,,85035584,0,,0,,CORRECT_TOTAL_0_85035584
2973121,1,2026-05-22 09:55:00,251788,,85035585,0,,0,,CORRECT_TOTAL_0_85035585
2973122,1,2026-05-22 09:56:00,251788,,85035585,0,,0,,CORRECT_TOTAL_0_85035585
2973123,1,2026-05-22 09:57:00,251789,,85035586,0,,0,,CORRECT_TOTAL_0_85035586
2973124,1,2026-05-22 09:58:00,251790,,85035587,0,,0,,CORRECT_TOTAL_0_85035587
2973125,1,2026-05-22 09:59:00,251790,,85035587,0,,0,,CORRECT_TOTAL_0_85035587
2973126,1,2026-05-22 10:00:00,251791,,85035588,0,,0,,CORRECT_TOTAL_0_85035588
2973127,1,2026-05-22 10:01:00,251791,,85035588,0,,0,,CORRECT_TOTAL_0_85035588
2973128,1,2026-05-22 10:02:00,251792,,85035589,0,,0,,CORRECT_TOTAL_0_85035589
2973129,1,2026-05-22 10:03:00,251792,,85035589,0,,0,,CORRECT_TOTAL_0_85035589
2973130,1,2026-05-22 10:04:00,251792,,85035589,0,,0,,CORRECT_TOTAL_0_85035589
2973131,1,2026-05-22 10:05:00,251793,,85035590,0,,0,,CORRECT_TOTAL_0_85035590
2973132,1,2026-05-22 10:06:00,251794,,85035591,0,,0,,CORRECT_TOTAL_0_85035591
2973133,1,2026-05-22 10:07:00,251794,,85035591,0,,0,,CORRECT_TOTAL_0_85035591
2973134,1,2026-05-22 10:08:00,251795,,85035592,0,,0,,CORRECT_TOTAL_0_85035592
2973135,1,2026-05-22 10:09:00,251795,,85035592,0,,0,,CORRECT_TOTAL_0_85035592
2973136,1,2026-05-22 10:10:00,251796,,85035593,0,,0,,CORRECT_TOTAL_0_85035593
2973137,1,2026-05-22 10:11:00,251796,,85035593,0,,0,,CORRECT_TOTAL_0_85035593
2973138,1,2026-05-22 10:12:00,251797,,85035594,0,,0,,CORRECT_TOTAL_0_85035594
2973139,1,2026-05-22 10:13:00,251797,,85035594,0,,0,,CORRECT_TOTAL_0_85035594
2973140,1,2026-05-22 10:14:00,251798,,85035595,0,,0,,CORRECT_TOTAL_0_85035595
2973141,1,2026-05-22 10:15:00,251798,,85035595,0,,0,,CORRECT_TOTAL_0_85035595
2973142,1,2026-05-22 10:16:00,251799,,85035596,0,,0,,CORRECT_TOTAL_0_85035596
2973143,1,2026-05-22 10:17:00,251799,,85035596,0,,0,,CORRECT_TOTAL_0_85035596
2973144,1,2026-05-22 10:18:00,251800,,85035597,0,,0,,CORRECT_TOTAL_0_85035597
2973145,1,2026-05-22 10:19:00,251801,,85035598,0,,0,,CORRECT_TOTAL_0_85035598
2973146,1,2026-05-22 10:20:00,251801,,85035598,0,,0,,CORRECT_TOTAL_0_85035598
2973147,1,2026-05-22 10:21:00,251801,,85035598,0,,0,,CORRECT_TOTAL_0_85035598
2973148,1,2026-05-22 10:22:00,251802,,85035599,0,,0,,CORRECT_TOTAL_0_85035599
2973149,1,2026-05-22 10:23:00,251802,,85035599,0,,0,,CORRECT_TOTAL_0_85035599
2973150,1,2026-05-22 10:24:00,251803,,85035600,0,,0,,CORRECT_TOTAL_0_85035600
2973151,1,2026-05-22 10:25:00,251803,,85035600,0,,0,,CORRECT_TOTAL_0_85035600
2973152,1,2026-05-22 10:26:00,251804,,85035601,0,,0,,CORRECT_TOTAL_0_85035601
2973153,1,2026-05-22 10:27:00,251804,,85035601,0,,0,,CORRECT_TOTAL_0_85035601
2973154,1,2026-05-22 10:28:00,251805,,85035602,0,,0,,CORRECT_TOTAL_0_85035602
2973155,1,2026-05-22 10:29:00,251806,,85035603,0,,0,,CORRECT_TOTAL_0_85035603
2973156,1,2026-05-22 10:30:00,251806,,85035603,0,,0,,CORRECT_TOTAL_0_85035603
2973157,1,2026-05-22 10:31:00,251807,,85035604,0,,0,,CORRECT_TOTAL_0_85035604
2973158,1,2026-05-22 10:32:00,251807,,85035604,0,,0,,CORRECT_TOTAL_0_85035604
2973159,1,2026-05-22 10:33:00,251807,,85035604,0,,0,,CORRECT_TOTAL_0_85035604
2973160,1,2026-05-22 10:34:00,251808,,85035605,0,,0,,CORRECT_TOTAL_0_85035605
2973161,1,2026-05-22 10:35:00,251808,,85035605,0,,0,,CORRECT_TOTAL_0_85035605
2973162,1,2026-05-22 10:36:00,251809,,85035606,0,,0,,CORRECT_TOTAL_0_85035606
2973163,1,2026-05-22 10:37:00,251810,,85035607,0,,0,,CORRECT_TOTAL_0_85035607
2973164,1,2026-05-22 10:38:00,251810,,85035607,0,,0,,CORRECT_TOTAL_0_85035607
2973165,1,2026-05-22 10:39:00,251811,,85035608,0,,0,,CORRECT_TOTAL_0_85035608
2973166,1,2026-05-22 10:40:00,251811,,85035608,0,,0,,CORRECT_TOTAL_0_85035608
2973167,1,2026-05-22 10:41:00,251812,,85035609,0,,0,,CORRECT_TOTAL_0_85035609
2973168,1,2026-05-22 10:42:00,251812,,85035609,0,,0,,CORRECT_TOTAL_0_85035609
2973169,1,2026-05-22 10:43:00,251812,,85035609,0,,0,,CORRECT_TOTAL_0_85035609
2973170,1,2026-05-22 10:44:00,251813,,85035610,0,,0,,CORRECT_TOTAL_0_85035610
2973171,1,2026-05-22 10:45:00,251813,,85035610,0,,0,,CORRECT_TOTAL_0_85035610
2973172,1,2026-05-22 10:46:00,251814,,85035611,0,,0,,CORRECT_TOTAL_0_85035611
2973173,1,2026-05-22 10:47:00,251815,,85035612,0,,0,,CORRECT_TOTAL_0_85035612
2973174,1,2026-05-22 10:48:00,251815,,85035612,0,,0,,CORRECT_TOTAL_0_85035612
2973175,1,2026-05-22 10:49:00,251816,,85035613,0,,0,,CORRECT_TOTAL_0_85035613
2973176,1,2026-05-22 10:50:00,251816,,85035613,0,,0,,CORRECT_TOTAL_0_85035613
2973177,1,2026-05-22 10:51:00,251817,,85035614,0,,0,,CORRECT_TOTAL_0_85035614
2973178,1,2026-05-22 10:52:00,251817,,85035614,0,,0,,CORRECT_TOTAL_0_85035614
2973179,1,2026-05-22 10:53:00,251817,,85035614,0,,0,,CORRECT_TOTAL_0_85035614
2973180,1,2026-05-22 10:54:00,251818,,85035615,0,,0,,CORRECT_TOTAL_0_85035615
2973181,1,2026-05-22 10:55:00,251819,,85035616,0,,0,,CORRECT_TOTAL_0_85035616
2973182,1,2026-05-22 10:56:00,251819,,85035616,0,,0,,CORRECT_TOTAL_0_85035616
2973183,1,2026-05-22 10:57:00,251820,,85035617,0,,0,,CORRECT_TOTAL_0_85035617
2973184,1,2026-05-22 10:58:00,251820,,85035617,0,,0,,CORRECT_TOTAL_0_85035617
2973185,1,2026-05-22 10:59:00,251821,,85035618,0,,0,,CORRECT_TOTAL_0_85035618
2973186,1,2026-05-22 11:00:00,251821,,85035618,0,,0,,CORRECT_TOTAL_0_85035618
2973187,1,2026-05-22 11:01:00,251822,,85035619,0,,0,,CORRECT_TOTAL_0_85035619
2973188,1,2026-05-22 11:02:00,251822,,85035619,0,,0,,CORRECT_TOTAL_0_85035619
2973189,1,2026-05-22 11:03:00,251822,,85035619,0,,0,,CORRECT_TOTAL_0_85035619
2973190,1,2026-05-22 11:04:00,251823,,85035620,0,,0,,CORRECT_TOTAL_0_85035620
2973191,1,2026-05-22 11:05:00,251824,,85035621,0,,0,,CORRECT_TOTAL_0_85035621
2973192,1,2026-05-22 11:06:00,251824,,85035621,0,,0,,CORRECT_TOTAL_0_85035621
2973193,1,2026-05-22 11:07:00,251825,,85035622,0,,0,,CORRECT_TOTAL_0_85035622
2973194,1,2026-05-22 11:08:00,251825,,85035622,0,,0,,CORRECT_TOTAL_0_85035622
2973195,1,2026-05-22 11:09:00,251826,,85035623,0,,0,,CORRECT_TOTAL_0_85035623
2973196,1,2026-05-22 11:10:00,251826,,85035623,0,,0,,CORRECT_TOTAL_0_85035623
2973197,1,2026-05-22 11:11:00,251827,,85035624,0,,0,,CORRECT_TOTAL_0_85035624
2973198,1,2026-05-22 11:12:00,251827,,85035624,0,,0,,CORRECT_TOTAL_0_85035624
2973199,1,2026-05-22 11:13:00,251828,,85035625,0,,0,,CORRECT_TOTAL_0_85035625
2973200,1,2026-05-22 11:14:00,251828,,85035625,0,,0,,CORRECT_TOTAL_0_85035625
2973201,1,2026-05-22 11:15:00,251829,,85035626,0,,0,,CORRECT_TOTAL_0_85035626
2973202,1,2026-05-22 11:16:00,251829,,85035626,0,,0,,CORRECT_TOTAL_0_85035626
2973203,1,2026-05-22 11:17:00,251830,,85035627,0,,0,,CORRECT_TOTAL_0_85035627
2973204,1,2026-05-22 11:18:00,251830,,85035627,0,,0,,CORRECT_TOTAL_0_85035627
2973205,1,2026-05-22 11:19:00,251831,,85035628,0,,0,,CORRECT_TOTAL_0_85035628
2973206,1,2026-05-22 11:20:00,251831,,85035628,0,,0,,CORRECT_TOTAL_0_85035628
2973207,1,2026-05-22 11:21:00,251832,,85035629,0,,0,,CORRECT_TOTAL_0_85035629
2973208,1,2026-05-22 11:22:00,251832,,85035629,0,,0,,CORRECT_TOTAL_0_85035629
2973209,1,2026-05-22 11:23:00,251833,,85035630,0,,0,,CORRECT_TOTAL_0_85035630
2973210,1,2026-05-22 11:24:00,251833,,85035630,0,,0,,CORRECT_TOTAL_0_85035630
2973211,1,2026-05-22 11:25:00,251834,,85035631,0,,0,,CORRECT_TOTAL_0_85035631
2973212,1,2026-05-22 11:26:00,251834,,85035631,0,,0,,CORRECT_TOTAL_0_85035631
2973213,1,2026-05-22 11:27:00,251835,,85035632,0,,0,,CORRECT_TOTAL_0_85035632
2973214,1,2026-05-22 11:28:00,251836,,85035633,0,,0,,CORRECT_TOTAL_0_85035633
2973215,1,2026-05-22 11:29:00,251836,,85035633,0,,0,,CORRECT_TOTAL_0_85035633
2973216,1,2026-05-22 11:30:00,251836,,85035633,0,,0,,CORRECT_TOTAL_0_85035633
2973217,1,2026-05-22 11:31:00,251837,,85035634,0,,0,,CORRECT_TOTAL_0_85035634
2973218,1,2026-05-22 11:32:00,251837,,85035634,0,,0,,CORRECT_TOTAL_0_85035634
2973219,1,2026-05-22 11:33:00,251838,,85035635,0,,0,,CORRECT_TOTAL_0_85035635
2973220,1,2026-05-22 11:34:00,251838,,85035635,0,,0,,CORRECT_TOTAL_0_85035635
2973221,1,2026-05-22 11:35:00,251839,,85035636,0,,0,,CORRECT_TOTAL_0_85035636
2973222,1,2026-05-22 11:36:00,251839,,85035636,0,,0,,CORRECT_TOTAL_0_85035636
2973223,1,2026-05-22 11:37:00,251840,,85035637,0,,0,,CORRECT_TOTAL_0_85035637
2973224,1,2026-05-22 11:38:00,251841,,85035638,0,,0,,CORRECT_TOTAL_0_85035638
2973225,1,2026-05-22 11:39:00,251841,,85035638,0,,0,,CORRECT_TOTAL_0_85035638
2973226,1,2026-05-22 11:40:00,251841,,85035638,0,,0,,CORRECT_TOTAL_0_85035638
2973227,1,2026-05-22 11:41:00,251842,,85035639,0,,0,,CORRECT_TOTAL_0_85035639
2973228,1,2026-05-22 11:42:00,251842,,85035639,0,,0,,CORRECT_TOTAL_0_85035639
2973229,1,2026-05-22 11:43:00,251843,,85035640,0,,0,,CORRECT_TOTAL_0_85035640
2973230,1,2026-05-22 11:44:00,251843,,85035640,0,,0,,CORRECT_TOTAL_0_85035640
2973231,1,2026-05-22 11:45:00,251844,,85035641,0,,0,,CORRECT_TOTAL_0_85035641
2973232,1,2026-05-22 11:46:00,251844,,85035641,0,,0,,CORRECT_TOTAL_0_85035641
2973233,1,2026-05-22 11:47:00,251845,,85035642,0,,0,,CORRECT_TOTAL_0_85035642
2973234,1,2026-05-22 11:48:00,251846,,85035643,0,,0,,CORRECT_TOTAL_0_85035643
2973235,1,2026-05-22 11:49:00,251846,,85035643,0,,0,,CORRECT_TOTAL_0_85035643
2973236,1,2026-05-22 11:50:00,251846,,85035643,0,,0,,CORRECT_TOTAL_0_85035643
2973237,1,2026-05-22 11:51:00,251847,,85035644,0,,0,,CORRECT_TOTAL_0_85035644
2973238,1,2026-05-22 11:52:00,251847,,85035644,0,,0,,CORRECT_TOTAL_0_85035644
2973239,1,2026-05-22 11:53:00,251848,,85035645,0,,0,,CORRECT_TOTAL_0_85035645
2973240,1,2026-05-22 11:54:00,251848,,85035645,0,,0,,CORRECT_TOTAL_0_85035645
2973241,1,2026-05-22 11:55:00,251849,,85035646,0,,0,,CORRECT_TOTAL_0_85035646
2973242,1,2026-05-22 11:56:00,251849,,85035646,0,,0,,CORRECT_TOTAL_0_85035646
2973243,1,2026-05-22 11:57:00,251850,,85035647,0,,0,,CORRECT_TOTAL_0_85035647
2973244,1,2026-05-22 11:58:00,251851,,85035648,0,,0,,CORRECT_TOTAL_0_85035648
2973245,1,2026-05-22 11:59:00,251851,,85035648,0,,0,,CORRECT_TOTAL_0_85035648
2973246,1,2026-05-22 12:00:00,251852,,85035649,0,,0,,CORRECT_TOTAL_0_85035649
2973247,1,2026-05-22 12:01:00,251852,,85035649,0,,0,,CORRECT_TOTAL_0_85035649
2973248,1,2026-05-22 12:02:00,251852,,85035649,0,,0,,CORRECT_TOTAL_0_85035649
2973249,1,2026-05-22 12:03:00,251853,,85035650,0,,0,,CORRECT_TOTAL_0_85035650
2973250,1,2026-05-22 12:04:00,251853,,85035650,0,,0,,CORRECT_TOTAL_0_85035650
2970125,1,2026-05-22 15:43:00,251842,720818,85287492,1598,,0,,CORRECT_TOTAL_720818_85287492
2970126,1,2026-05-22 15:45:00,251843,720819,85287493,1,,1,,CORRECT_TOTAL_720819_85287493
2970132,1,2026-05-22 15:47:00,251844,720820,85287494,1,,2,,CORRECT_TOTAL_720820_85287494
2970133,1,2026-05-22 15:49:00,251846,720822,85287496,2,,4,,CORRECT_TOTAL_720822_85287496
2970137,1,2026-05-22 15:51:00,251846,720822,85287496,0,,4,,CORRECT_TOTAL_720822_85287496
2970143,1,2026-05-22 15:53:00,251847,720823,85287497,1,,5,,CORRECT_TOTAL_720823_85287497
2970144,1,2026-05-22 15:55:00,251848,720824,85287498,1,,6,,CORRECT_TOTAL_720824_85287498
2970150,1,2026-05-22 15:57:00,251849,720825,85287499,1,,7,,CORRECT_TOTAL_720825_85287499
2970151,1,2026-05-22 15:59:00,251851,720827,85287501,2,,9,,CORRECT_TOTAL_720827_85287501
